Model,MSO64
Channel,CH1,,Channel,CH2,,Channel,CH3
Label,,,Label,,,Label,
Waveform Type,ANALOG,,Waveform Type,ANALOG,,Waveform Type,ANALOG
Digital Type,None,,Digital Type,None,,Digital Type,None
Horizontal Units,s,,Horizontal Units,s,,Horizontal Units,s
Sample Interval,4.00000000e-11,,Sample Interval,4.00000000e-11,,Sample Interval,4.00000000e-11
Record Length,5000,,Record Length,5000,,Record Length,5000
Zero Index,2449.53125000,,Zero Index,2449.53125000,,Zero Index,2449.53125000
Vertical Units,V,,Vertical Units,V,,Vertical Units,V
,,,,,,,
ANALOG_Thumbnail,,,ANALOG_Thumbnail,,,ANALOG_Thumbnail,
yOffset,0.000000,,yOffset,0.000000,,yOffset,0.000000
yPosition,-2.780000,,yPosition,-2.140000,,yPosition,0.000000

Labels,,,
TIME,CH1,CH2,CH3
-9.79812500e-08,4.62500000e-05,3.04062500e-03,4.48750000e-03
-9.79412500e-08,4.12500000e-05,3.02812500e-03,4.51562500e-03
-9.79012500e-08,3.62500000e-05,3.01093750e-03,4.54375000e-03
-9.78612500e-08,3.18750000e-05,2.99218750e-03,4.56562500e-03
-9.78212500e-08,2.78125000e-05,2.97343750e-03,4.58437500e-03
-9.77812500e-08,2.50000000e-05,2.95468750e-03,4.60625000e-03
-9.77412500e-08,2.37500000e-05,2.93750000e-03,4.62500000e-03
-9.77012500e-08,2.37500000e-05,2.92031250e-03,4.64687500e-03
-9.76612500e-08,2.56250000e-05,2.90468750e-03,4.66875000e-03
-9.76212500e-08,2.90625000e-05,2.89218750e-03,4.69375000e-03
-9.75812500e-08,3.40625000e-05,2.88125000e-03,4.72187500e-03
-9.75412500e-08,4.06250000e-05,2.87343750e-03,4.75000000e-03
-9.75012500e-08,4.78125000e-05,2.86718750e-03,4.78125000e-03
-9.74612500e-08,5.59375000e-05,2.86250000e-03,4.81250000e-03
-9.74212500e-08,6.43750000e-05,2.85781250e-03,4.84062500e-03
-9.73812500e-08,7.21875000e-05,2.85468750e-03,4.86875000e-03
-9.73412500e-08,7.96875000e-05,2.85156250e-03,4.89062500e-03
-9.73012500e-08,8.59375000e-05,2.84843750e-03,4.90625000e-03
-9.72612500e-08,9.06250000e-05,2.84531250e-03,4.91562500e-03
-9.72212500e-08,9.31250000e-05,2.84062500e-03,4.91562500e-03
-9.71812500e-08,9.40625000e-05,2.83593750e-03,4.90625000e-03
-9.71412500e-08,9.25000000e-05,2.82968750e-03,4.88437500e-03
-9.71012500e-08,8.87500000e-05,2.82343750e-03,4.85312500e-03
-9.70612500e-08,8.31250000e-05,2.81562500e-03,4.80937500e-03
-9.70212500e-08,7.53125000e-05,2.80937500e-03,4.75625000e-03
-9.69812500e-08,6.65625000e-05,2.80312500e-03,4.69375000e-03
-9.69412500e-08,5.65625000e-05,2.79843750e-03,4.62187500e-03
-9.69012500e-08,4.59375000e-05,2.79375000e-03,4.54062500e-03
-9.68612500e-08,3.56250000e-05,2.79375000e-03,4.45937500e-03
-9.68212500e-08,2.59375000e-05,2.79531250e-03,4.37187500e-03
-9.67812500e-08,1.75000000e-05,2.79843750e-03,4.28750000e-03
-9.67412500e-08,1.09375000e-05,2.80625000e-03,4.20312500e-03
-9.67012500e-08,6.25000000e-06,2.81875000e-03,4.12500000e-03
-9.66612500e-08,4.37500000e-06,2.83281250e-03,4.05312500e-03
-9.66212500e-08,5.31250000e-06,2.85000000e-03,3.98750000e-03
-9.65812500e-08,8.75000000e-06,2.87031250e-03,3.93125000e-03
-9.65412500e-08,1.53125000e-05,2.89375000e-03,3.88750000e-03
-9.65012500e-08,2.40625000e-05,2.91718750e-03,3.85625000e-03
-9.64612500e-08,3.50000000e-05,2.94062500e-03,3.83437500e-03
-9.64212500e-08,4.75000000e-05,2.96562500e-03,3.82500000e-03
-9.63812500e-08,6.09375000e-05,2.98750000e-03,3.82500000e-03
-9.63412500e-08,7.46875000e-05,3.00937500e-03,3.83750000e-03
-9.63012500e-08,8.84375000e-05,3.02812500e-03,3.85937500e-03
-9.62612500e-08,1.00937500e-04,3.04218750e-03,3.88750000e-03
-9.62212500e-08,1.11562500e-04,3.05468750e-03,3.91875000e-03
-9.61812500e-08,1.20000000e-04,3.06250000e-03,3.95937500e-03
-9.61412500e-08,1.25625000e-04,3.06562500e-03,4.00000000e-03
-9.61012500e-08,1.28125000e-04,3.06562500e-03,4.04375000e-03
-9.60612500e-08,1.27500000e-04,3.06250000e-03,4.08437500e-03
-9.60212500e-08,1.23437500e-04,3.05468750e-03,4.12812500e-03
-9.59812500e-08,1.15937500e-04,3.04531250e-03,4.16562500e-03
-9.59412500e-08,1.05625000e-04,3.03437500e-03,4.20312500e-03
-9.59012500e-08,9.28125000e-05,3.02187500e-03,4.23750000e-03
-9.58612500e-08,7.81250000e-05,3.00937500e-03,4.26875000e-03
-9.58212500e-08,6.21875000e-05,2.99687500e-03,4.29687500e-03
-9.57812500e-08,4.56250000e-05,2.98593750e-03,4.32187500e-03
-9.57412500e-08,2.93750000e-05,2.97656250e-03,4.34375000e-03
-9.57012500e-08,1.43750000e-05,2.96875000e-03,4.36562500e-03
-9.56612500e-08,1.25000000e-06,2.96406250e-03,4.38437500e-03
-9.56212500e-08,-9.37500000e-06,2.96093750e-03,4.40625000e-03
-9.55812500e-08,-1.71875000e-05,2.95937500e-03,4.42500000e-03
-9.55412500e-08,-2.15625000e-05,2.96093750e-03,4.44375000e-03
-9.55012500e-08,-2.21875000e-05,2.96250000e-03,4.46562500e-03
-9.54612500e-08,-1.87500000e-05,2.96562500e-03,4.48750000e-03
-9.54212500e-08,-1.18750000e-05,2.97031250e-03,4.51250000e-03
-9.53812500e-08,-1.87500000e-06,2.97343750e-03,4.54062500e-03
-9.53412500e-08,1.12500000e-05,2.97500000e-03,4.56875000e-03
-9.53012500e-08,2.68750000e-05,2.97656250e-03,4.60000000e-03
-9.52612500e-08,4.43750000e-05,2.97500000e-03,4.63437500e-03
-9.52212500e-08,6.28125000e-05,2.97031250e-03,4.66875000e-03
-9.51812500e-08,8.15625000e-05,2.96250000e-03,4.70312500e-03
-9.51412500e-08,9.96875000e-05,2.95156250e-03,4.73750000e-03
-9.51012500e-08,1.16875000e-04,2.93750000e-03,4.77500000e-03
-9.50612500e-08,1.32187500e-04,2.92031250e-03,4.80625000e-03
-9.50212500e-08,1.45312500e-04,2.90156250e-03,4.83750000e-03
-9.49812500e-08,1.55312500e-04,2.87968750e-03,4.86875000e-03
-9.49412500e-08,1.62500000e-04,2.85781250e-03,4.89375000e-03
-9.49012500e-08,1.66562500e-04,2.83593750e-03,4.91250000e-03
-9.48612500e-08,1.67500000e-04,2.81406250e-03,4.92812500e-03
-9.48212500e-08,1.65625000e-04,2.79375000e-03,4.93750000e-03
-9.47812500e-08,1.60625000e-04,2.77500000e-03,4.93750000e-03
-9.47412500e-08,1.53750000e-04,2.76093750e-03,4.93437500e-03
-9.47012500e-08,1.44687500e-04,2.75156250e-03,4.91875000e-03
-9.46612500e-08,1.34687500e-04,2.74687500e-03,4.89687500e-03
-9.46212500e-08,1.23750000e-04,2.74687500e-03,4.86875000e-03
-9.45812500e-08,1.12500000e-04,2.75156250e-03,4.82812500e-03
-9.45412500e-08,1.01250000e-04,2.76406250e-03,4.78125000e-03
-9.45012500e-08,9.09375000e-05,2.77968750e-03,4.72812500e-03
-9.44612500e-08,8.15625000e-05,2.80156250e-03,4.66562500e-03
-9.44212500e-08,7.34375000e-05,2.82656250e-03,4.59687500e-03
-9.43812500e-08,6.65625000e-05,2.85625000e-03,4.52500000e-03
-9.43412500e-08,6.09375000e-05,2.88750000e-03,4.44687500e-03
-9.43012500e-08,5.65625000e-05,2.92031250e-03,4.36875000e-03
-9.42612500e-08,5.37500000e-05,2.95312500e-03,4.28750000e-03
-9.42212500e-08,5.15625000e-05,2.98593750e-03,4.20625000e-03
-9.41812500e-08,5.03125000e-05,3.01718750e-03,4.12812500e-03
-9.41412500e-08,4.90625000e-05,3.04375000e-03,4.05625000e-03
-9.41012500e-08,4.81250000e-05,3.06875000e-03,3.99062500e-03
-9.40612500e-08,4.68750000e-05,3.08750000e-03,3.93125000e-03
-9.40212500e-08,4.53125000e-05,3.10156250e-03,3.88125000e-03
-9.39812500e-08,4.31250000e-05,3.10937500e-03,3.84062500e-03
-9.39412500e-08,4.00000000e-05,3.11250000e-03,3.81250000e-03
-9.39012500e-08,3.59375000e-05,3.10937500e-03,3.79687500e-03
-9.38612500e-08,3.12500000e-05,3.10000000e-03,3.79375000e-03
-9.38212500e-08,2.59375000e-05,3.08593750e-03,3.80000000e-03
-9.37812500e-08,1.96875000e-05,3.06562500e-03,3.82187500e-03
-9.37412500e-08,1.34375000e-05,3.04375000e-03,3.85625000e-03
-9.37012500e-08,6.87500000e-06,3.01718750e-03,3.89687500e-03
-9.36612500e-08,6.25000000e-07,2.98750000e-03,3.95000000e-03
-9.36212500e-08,-5.62500000e-06,2.95781250e-03,4.00937500e-03
-9.35812500e-08,-1.09375000e-05,2.92812500e-03,4.07187500e-03
-9.35412500e-08,-1.56250000e-05,2.89687500e-03,4.14062500e-03
-9.35012500e-08,-1.93750000e-05,2.86875000e-03,4.20937500e-03
-9.34612500e-08,-2.18750000e-05,2.84218750e-03,4.28125000e-03
-9.34212500e-08,-2.37500000e-05,2.81718750e-03,4.34687500e-03
-9.33812500e-08,-2.43750000e-05,2.79687500e-03,4.40937500e-03
-9.33412500e-08,-2.43750000e-05,2.77812500e-03,4.46875000e-03
-9.33012500e-08,-2.40625000e-05,2.76406250e-03,4.51875000e-03
-9.32612500e-08,-2.31250000e-05,2.75312500e-03,4.56250000e-03
-9.32212500e-08,-2.25000000e-05,2.74687500e-03,4.59687500e-03
-9.31812500e-08,-2.18750000e-05,2.74218750e-03,4.62187500e-03
-9.31412500e-08,-2.18750000e-05,2.74218750e-03,4.64062500e-03
-9.31012500e-08,-2.31250000e-05,2.74375000e-03,4.64687500e-03
-9.30612500e-08,-2.50000000e-05,2.74687500e-03,4.64687500e-03
-9.30212500e-08,-2.84375000e-05,2.75312500e-03,4.64062500e-03
-9.29812500e-08,-3.31250000e-05,2.75937500e-03,4.62500000e-03
-9.29412500e-08,-3.93750000e-05,2.76562500e-03,4.60312500e-03
-9.29012500e-08,-4.65625000e-05,2.77343750e-03,4.57500000e-03
-9.28612500e-08,-5.53125000e-05,2.78125000e-03,4.54375000e-03
-9.28212500e-08,-6.46875000e-05,2.78750000e-03,4.50937500e-03
-9.27812500e-08,-7.50000000e-05,2.79531250e-03,4.46875000e-03
-9.27412500e-08,-8.53125000e-05,2.80000000e-03,4.42812500e-03
-9.27012500e-08,-9.56250000e-05,2.80625000e-03,4.38437500e-03
-9.26612500e-08,-1.05312500e-04,2.81093750e-03,4.33750000e-03
-9.26212500e-08,-1.14375000e-04,2.81406250e-03,4.29375000e-03
-9.25812500e-08,-1.22187500e-04,2.81875000e-03,4.24687500e-03
-9.25412500e-08,-1.28125000e-04,2.82187500e-03,4.20000000e-03
-9.25012500e-08,-1.32500000e-04,2.82500000e-03,4.15312500e-03
-9.24612500e-08,-1.34687500e-04,2.82968750e-03,4.10937500e-03
-9.24212500e-08,-1.35000000e-04,2.83281250e-03,4.06562500e-03
-9.23812500e-08,-1.33125000e-04,2.83750000e-03,4.02187500e-03
-9.23412500e-08,-1.29375000e-04,2.84218750e-03,3.98437500e-03
-9.23012500e-08,-1.23750000e-04,2.84843750e-03,3.95000000e-03
-9.22612500e-08,-1.16562500e-04,2.85312500e-03,3.91875000e-03
-9.22212500e-08,-1.08125000e-04,2.85937500e-03,3.89375000e-03
-9.21812500e-08,-9.87500000e-05,2.86406250e-03,3.87500000e-03
-9.21412500e-08,-8.87500000e-05,2.86875000e-03,3.86250000e-03
-9.21012500e-08,-7.87500000e-05,2.87343750e-03,3.85937500e-03
-9.20612500e-08,-6.90625000e-05,2.87656250e-03,3.86250000e-03
-9.20212500e-08,-6.00000000e-05,2.87812500e-03,3.87500000e-03
-9.19812500e-08,-5.15625000e-05,2.87812500e-03,3.89375000e-03
-9.19412500e-08,-4.43750000e-05,2.87656250e-03,3.92187500e-03
-9.19012500e-08,-3.84375000e-05,2.87187500e-03,3.95625000e-03
-9.18612500e-08,-3.37500000e-05,2.86562500e-03,4.00000000e-03
-9.18212500e-08,-3.06250000e-05,2.85625000e-03,4.04687500e-03
-9.17812500e-08,-2.84375000e-05,2.84687500e-03,4.09687500e-03
-9.17412500e-08,-2.78125000e-05,2.83437500e-03,4.15000000e-03
-9.17012500e-08,-2.78125000e-05,2.81875000e-03,4.20312500e-03
-9.16612500e-08,-2.84375000e-05,2.80468750e-03,4.25312500e-03
-9.16212500e-08,-2.96875000e-05,2.78750000e-03,4.30312500e-03
-9.15812500e-08,-3.09375000e-05,2.77031250e-03,4.34687500e-03
-9.15412500e-08,-3.18750000e-05,2.75468750e-03,4.38437500e-03
-9.15012500e-08,-3.25000000e-05,2.73906250e-03,4.41250000e-03
-9.14612500e-08,-3.25000000e-05,2.72500000e-03,4.43125000e-03
-9.14212500e-08,-3.18750000e-05,2.71250000e-03,4.44062500e-03
-9.13812500e-08,-3.00000000e-05,2.70156250e-03,4.44062500e-03
-9.13412500e-08,-2.71875000e-05,2.69531250e-03,4.43125000e-03
-9.13012500e-08,-2.34375000e-05,2.68906250e-03,4.41250000e-03
-9.12612500e-08,-1.87500000e-05,2.68750000e-03,4.38750000e-03
-9.12212500e-08,-1.31250000e-05,2.68906250e-03,4.35312500e-03
-9.11812500e-08,-7.50000000e-06,2.69375000e-03,4.31562500e-03
-9.11412500e-08,-1.25000000e-06,2.70000000e-03,4.27500000e-03
-9.11012500e-08,5.00000000e-06,2.70937500e-03,4.23437500e-03
-9.10612500e-08,1.06250000e-05,2.72187500e-03,4.19375000e-03
-9.10212500e-08,1.56250000e-05,2.73593750e-03,4.15625000e-03
-9.09812500e-08,2.00000000e-05,2.75000000e-03,4.12500000e-03
-9.09412500e-08,2.28125000e-05,2.76718750e-03,4.09687500e-03
-9.09012500e-08,2.46875000e-05,2.78281250e-03,4.07812500e-03
-9.08612500e-08,2.46875000e-05,2.80000000e-03,4.06562500e-03
-9.08212500e-08,2.31250000e-05,2.81562500e-03,4.06562500e-03
-9.07812500e-08,2.03125000e-05,2.83125000e-03,4.06875000e-03
-9.07412500e-08,1.59375000e-05,2.84687500e-03,4.08125000e-03
-9.07012500e-08,1.00000000e-05,2.86093750e-03,4.10000000e-03
-9.06612500e-08,3.43750000e-06,2.87343750e-03,4.12187500e-03
-9.06212500e-08,-4.37500000e-06,2.88437500e-03,4.14687500e-03
-9.05812500e-08,-1.21875000e-05,2.89531250e-03,4.17187500e-03
-9.05412500e-08,-2.03125000e-05,2.90468750e-03,4.19687500e-03
-9.05012500e-08,-2.78125000e-05,2.91250000e-03,4.21875000e-03
-9.04612500e-08,-3.46875000e-05,2.91875000e-03,4.23750000e-03
-9.04212500e-08,-4.03125000e-05,2.92500000e-03,4.24687500e-03
-9.03812500e-08,-4.43750000e-05,2.93125000e-03,4.25312500e-03
-9.03412500e-08,-4.65625000e-05,2.93593750e-03,4.24687500e-03
-9.03012500e-08,-4.68750000e-05,2.94062500e-03,4.23437500e-03
-9.02612500e-08,-4.46875000e-05,2.94375000e-03,4.21562500e-03
-9.02212500e-08,-4.06250000e-05,2.94687500e-03,4.18437500e-03
-9.01812500e-08,-3.40625000e-05,2.95000000e-03,4.15000000e-03
-9.01412500e-08,-2.56250000e-05,2.95312500e-03,4.10937500e-03
-9.01012500e-08,-1.53125000e-05,2.95468750e-03,4.06562500e-03
-9.00612500e-08,-3.43750000e-06,2.95625000e-03,4.01875000e-03
-9.00212500e-08,9.68750000e-06,2.95625000e-03,3.97500000e-03
-8.99812500e-08,2.34375000e-05,2.95625000e-03,3.93125000e-03
-8.99412500e-08,3.78125000e-05,2.95312500e-03,3.89375000e-03
-8.99012500e-08,5.18750000e-05,2.95000000e-03,3.86250000e-03
-8.98612500e-08,6.56250000e-05,2.94531250e-03,3.84062500e-03
-8.98212500e-08,7.81250000e-05,2.94062500e-03,3.82812500e-03
-8.97812500e-08,8.96875000e-05,2.93281250e-03,3.82812500e-03
-8.97412500e-08,9.93750000e-05,2.92343750e-03,3.83750000e-03
-8.97012500e-08,1.07812500e-04,2.91406250e-03,3.85937500e-03
-8.96612500e-08,1.14062500e-04,2.90156250e-03,3.89375000e-03
-8.96212500e-08,1.18437500e-04,2.88906250e-03,3.93750000e-03
-8.95812500e-08,1.20937500e-04,2.87656250e-03,3.99062500e-03
-8.95412500e-08,1.22187500e-04,2.86250000e-03,4.05000000e-03
-8.95012500e-08,1.21875000e-04,2.84843750e-03,4.11562500e-03
-8.94612500e-08,1.20625000e-04,2.83593750e-03,4.18750000e-03
-8.94212500e-08,1.19062500e-04,2.82187500e-03,4.25625000e-03
-8.93812500e-08,1.16875000e-04,2.80937500e-03,4.32812500e-03
-8.93412500e-08,1.15000000e-04,2.79843750e-03,4.39375000e-03
-8.93012500e-08,1.14062500e-04,2.78750000e-03,4.45312500e-03
-8.92612500e-08,1.13750000e-04,2.77812500e-03,4.50625000e-03
-8.92212500e-08,1.14687500e-04,2.77187500e-03,4.55000000e-03
-8.91812500e-08,1.17187500e-04,2.76718750e-03,4.58125000e-03
-8.91412500e-08,1.21250000e-04,2.76406250e-03,4.60312500e-03
-8.91012500e-08,1.26562500e-04,2.76406250e-03,4.60937500e-03
-8.90612500e-08,1.33437500e-04,2.76562500e-03,4.60312500e-03
-8.90212500e-08,1.41562500e-04,2.77031250e-03,4.58750000e-03
-8.89812500e-08,1.50625000e-04,2.77500000e-03,4.55937500e-03
-8.89412500e-08,1.60000000e-04,2.78281250e-03,4.51875000e-03
-8.89012500e-08,1.69375000e-04,2.79218750e-03,4.47187500e-03
-8.88612500e-08,1.78437500e-04,2.80312500e-03,4.41875000e-03
-8.88212500e-08,1.86250000e-04,2.81406250e-03,4.35937500e-03
-8.87812500e-08,1.92812500e-04,2.82656250e-03,4.29687500e-03
-8.87412500e-08,1.97500000e-04,2.83906250e-03,4.23437500e-03
-8.87012500e-08,1.99687500e-04,2.85000000e-03,4.17500000e-03
-8.86612500e-08,1.99375000e-04,2.86093750e-03,4.12187500e-03
-8.86212500e-08,1.96250000e-04,2.87031250e-03,4.07500000e-03
-8.85812500e-08,1.90625000e-04,2.87812500e-03,4.03437500e-03
-8.85412500e-08,1.82187500e-04,2.88437500e-03,4.00625000e-03
-8.85012500e-08,1.71562500e-04,2.88593750e-03,3.99062500e-03
-8.84612500e-08,1.58750000e-04,2.88750000e-03,3.98437500e-03
-8.84212500e-08,1.44062500e-04,2.88437500e-03,3.99375000e-03
-8.83812500e-08,1.28750000e-04,2.87812500e-03,4.01562500e-03
-8.83412500e-08,1.13125000e-04,2.86875000e-03,4.05000000e-03
-8.83012500e-08,9.75000000e-05,2.85781250e-03,4.09375000e-03
-8.82612500e-08,8.31250000e-05,2.84375000e-03,4.15000000e-03
-8.82212500e-08,7.00000000e-05,2.82656250e-03,4.21250000e-03
-8.81812500e-08,5.93750000e-05,2.80937500e-03,4.28125000e-03
-8.81412500e-08,5.09375000e-05,2.78906250e-03,4.35312500e-03
-8.81012500e-08,4.56250000e-05,2.76875000e-03,4.42500000e-03
-8.80612500e-08,4.34375000e-05,2.75000000e-03,4.49687500e-03
-8.80212500e-08,4.43750000e-05,2.73125000e-03,4.55937500e-03
-8.79812500e-08,4.81250000e-05,2.71406250e-03,4.61875000e-03
-8.79412500e-08,5.50000000e-05,2.69843750e-03,4.66562500e-03
-8.79012500e-08,6.40625000e-05,2.68593750e-03,4.70312500e-03
-8.78612500e-08,7.50000000e-05,2.67812500e-03,4.72812500e-03
-8.78212500e-08,8.71875000e-05,2.67343750e-03,4.73750000e-03
-8.77812500e-08,1.00000000e-04,2.67343750e-03,4.73437500e-03
-8.77412500e-08,1.12500000e-04,2.67656250e-03,4.71562500e-03
-8.77012500e-08,1.24375000e-04,2.68437500e-03,4.68437500e-03
-8.76612500e-08,1.35000000e-04,2.69687500e-03,4.64062500e-03
-8.76212500e-08,1.43125000e-04,2.71250000e-03,4.59062500e-03
-8.75812500e-08,1.49062500e-04,2.73125000e-03,4.52812500e-03
-8.75412500e-08,1.52187500e-04,2.75312500e-03,4.46250000e-03
-8.75012500e-08,1.52187500e-04,2.77656250e-03,4.39375000e-03
-8.74612500e-08,1.49375000e-04,2.80156250e-03,4.32812500e-03
-8.74212500e-08,1.43437500e-04,2.82656250e-03,4.26250000e-03
-8.73812500e-08,1.35000000e-04,2.85156250e-03,4.20625000e-03
-8.73412500e-08,1.24375000e-04,2.87500000e-03,4.15937500e-03
-8.73012500e-08,1.11875000e-04,2.89687500e-03,4.12187500e-03
-8.72612500e-08,9.84375000e-05,2.91562500e-03,4.09687500e-03
-8.72212500e-08,8.43750000e-05,2.93281250e-03,4.08750000e-03
-8.71812500e-08,7.03125000e-05,2.94531250e-03,4.09375000e-03
-8.71412500e-08,5.71875000e-05,2.95625000e-03,4.11562500e-03
-8.71012500e-08,4.50000000e-05,2.96250000e-03,4.15000000e-03
-8.70612500e-08,3.50000000e-05,2.96718750e-03,4.20000000e-03
-8.70212500e-08,2.71875000e-05,2.96875000e-03,4.26250000e-03
-8.69812500e-08,2.15625000e-05,2.96718750e-03,4.33437500e-03
-8.69412500e-08,1.87500000e-05,2.96406250e-03,4.41250000e-03
-8.69012500e-08,1.87500000e-05,2.95937500e-03,4.49687500e-03
-8.68612500e-08,2.09375000e-05,2.95468750e-03,4.58437500e-03
-8.68212500e-08,2.56250000e-05,2.95000000e-03,4.66875000e-03
-8.67812500e-08,3.25000000e-05,2.94531250e-03,4.75000000e-03
-8.67412500e-08,4.06250000e-05,2.94218750e-03,4.82500000e-03
-8.67012500e-08,5.00000000e-05,2.94062500e-03,4.89062500e-03
-8.66612500e-08,6.00000000e-05,2.94062500e-03,4.94687500e-03
-8.66212500e-08,7.03125000e-05,2.94062500e-03,4.98750000e-03
-8.65812500e-08,8.03125000e-05,2.94531250e-03,5.01250000e-03
-8.65412500e-08,8.96875000e-05,2.95000000e-03,5.02500000e-03
-8.65012500e-08,9.81250000e-05,2.95625000e-03,5.02187500e-03
-8.64612500e-08,1.05312500e-04,2.96406250e-03,5.00000000e-03
-8.64212500e-08,1.11250000e-04,2.97187500e-03,4.96562500e-03
-8.63812500e-08,1.15937500e-04,2.98125000e-03,4.91875000e-03
-8.63412500e-08,1.19375000e-04,2.98906250e-03,4.85625000e-03
-8.63012500e-08,1.21562500e-04,2.99843750e-03,4.78437500e-03
-8.62612500e-08,1.22812500e-04,3.00468750e-03,4.70312500e-03
-8.62212500e-08,1.23125000e-04,3.01093750e-03,4.61875000e-03
-8.61812500e-08,1.23125000e-04,3.01562500e-03,4.52500000e-03
-8.61412500e-08,1.23125000e-04,3.01875000e-03,4.43437500e-03
-8.61012500e-08,1.22812500e-04,3.01875000e-03,4.34062500e-03
-8.60612500e-08,1.23125000e-04,3.01875000e-03,4.25000000e-03
-8.60212500e-08,1.24062500e-04,3.01718750e-03,4.16562500e-03
-8.59812500e-08,1.25312500e-04,3.01562500e-03,4.08437500e-03
-8.59412500e-08,1.27187500e-04,3.01406250e-03,4.01250000e-03
-8.59012500e-08,1.29687500e-04,3.01093750e-03,3.95312500e-03
-8.58612500e-08,1.33125000e-04,3.01093750e-03,3.90000000e-03
-8.58212500e-08,1.36562500e-04,3.01093750e-03,3.85937500e-03
-8.57812500e-08,1.40312500e-04,3.01406250e-03,3.83125000e-03
-8.57412500e-08,1.44062500e-04,3.01875000e-03,3.81562500e-03
-8.57012500e-08,1.47812500e-04,3.02656250e-03,3.80937500e-03
-8.56612500e-08,1.50937500e-04,3.03906250e-03,3.81250000e-03
-8.56212500e-08,1.53437500e-04,3.05312500e-03,3.82812500e-03
-8.55812500e-08,1.54687500e-04,3.07187500e-03,3.85312500e-03
-8.55412500e-08,1.55312500e-04,3.09375000e-03,3.88437500e-03
-8.55012500e-08,1.55000000e-04,3.11718750e-03,3.91875000e-03
-8.54612500e-08,1.53437500e-04,3.14218750e-03,3.96250000e-03
-8.54212500e-08,1.50625000e-04,3.17031250e-03,4.00625000e-03
-8.53812500e-08,1.47187500e-04,3.19687500e-03,4.05000000e-03
-8.53412500e-08,1.42812500e-04,3.22343750e-03,4.09375000e-03
-8.53012500e-08,1.38125000e-04,3.24687500e-03,4.13437500e-03
-8.52612500e-08,1.33125000e-04,3.26875000e-03,4.17187500e-03
-8.52212500e-08,1.28125000e-04,3.28593750e-03,4.20312500e-03
-8.51812500e-08,1.23437500e-04,3.30000000e-03,4.22812500e-03
-8.51412500e-08,1.19062500e-04,3.30625000e-03,4.24687500e-03
-8.51012500e-08,1.15312500e-04,3.30781250e-03,4.25937500e-03
-8.50612500e-08,1.12500000e-04,3.30156250e-03,4.26250000e-03
-8.50212500e-08,1.10312500e-04,3.29062500e-03,4.25625000e-03
-8.49812500e-08,1.09375000e-04,3.27187500e-03,4.24687500e-03
-8.49412500e-08,1.09375000e-04,3.24843750e-03,4.22812500e-03
-8.49012500e-08,1.10000000e-04,3.21875000e-03,4.20625000e-03
-8.48612500e-08,1.11562500e-04,3.18437500e-03,4.18125000e-03
-8.48212500e-08,1.13437500e-04,3.14843750e-03,4.15312500e-03
-8.47812500e-08,1.15937500e-04,3.10937500e-03,4.12500000e-03
-8.47412500e-08,1.18437500e-04,3.07031250e-03,4.09687500e-03
-8.47012500e-08,1.20937500e-04,3.03125000e-03,4.07500000e-03
-8.46612500e-08,1.23437500e-04,2.99531250e-03,4.05625000e-03
-8.46212500e-08,1.25312500e-04,2.96250000e-03,4.04687500e-03
-8.45812500e-08,1.26875000e-04,2.93437500e-03,4.04062500e-03
-8.45412500e-08,1.28125000e-04,2.91093750e-03,4.04687500e-03
-8.45012500e-08,1.28750000e-04,2.89531250e-03,4.05625000e-03
-8.44612500e-08,1.29062500e-04,2.88437500e-03,4.07812500e-03
-8.44212500e-08,1.29375000e-04,2.88125000e-03,4.10625000e-03
-8.43812500e-08,1.29375000e-04,2.88593750e-03,4.14062500e-03
-8.43412500e-08,1.29375000e-04,2.89531250e-03,4.18125000e-03
-8.43012500e-08,1.30000000e-04,2.90937500e-03,4.22500000e-03
-8.42612500e-08,1.30937500e-04,2.92812500e-03,4.26875000e-03
-8.42212500e-08,1.32500000e-04,2.95000000e-03,4.31562500e-03
-8.41812500e-08,1.35312500e-04,2.97343750e-03,4.35937500e-03
-8.41412500e-08,1.38750000e-04,2.99687500e-03,4.39687500e-03
-8.41012500e-08,1.43125000e-04,3.01875000e-03,4.42812500e-03
-8.40612500e-08,1.48750000e-04,3.03750000e-03,4.45312500e-03
-8.40212500e-08,1.55000000e-04,3.05312500e-03,4.46562500e-03
-8.39812500e-08,1.62187500e-04,3.06406250e-03,4.46875000e-03
-8.39412500e-08,1.69375000e-04,3.06718750e-03,4.46250000e-03
-8.39012500e-08,1.76875000e-04,3.06562500e-03,4.44062500e-03
-8.38612500e-08,1.84062500e-04,3.05781250e-03,4.41250000e-03
-8.38212500e-08,1.90937500e-04,3.04218750e-03,4.37187500e-03
-8.37812500e-08,1.96562500e-04,3.02187500e-03,4.32187500e-03
-8.37412500e-08,2.01250000e-04,2.99687500e-03,4.26250000e-03
-8.37012500e-08,2.04062500e-04,2.96875000e-03,4.20000000e-03
-8.36612500e-08,2.05312500e-04,2.93750000e-03,4.13437500e-03
-8.36212500e-08,2.05000000e-04,2.90625000e-03,4.06875000e-03
-8.35812500e-08,2.02500000e-04,2.87343750e-03,4.00625000e-03
-8.35412500e-08,1.98437500e-04,2.84531250e-03,3.94687500e-03
-8.35012500e-08,1.92812500e-04,2.81875000e-03,3.89062500e-03
-8.34612500e-08,1.85937500e-04,2.79843750e-03,3.84687500e-03
-8.34212500e-08,1.78125000e-04,2.78281250e-03,3.80937500e-03
-8.33812500e-08,1.70000000e-04,2.77343750e-03,3.78437500e-03
-8.33412500e-08,1.61875000e-04,2.77031250e-03,3.77187500e-03
-8.33012500e-08,1.54375000e-04,2.77500000e-03,3.77187500e-03
-8.32612500e-08,1.48437500e-04,2.78593750e-03,3.78125000e-03
-8.32212500e-08,1.43750000e-04,2.80312500e-03,3.80312500e-03
-8.31812500e-08,1.41250000e-04,2.82500000e-03,3.83437500e-03
-8.31412500e-08,1.41250000e-04,2.85000000e-03,3.87500000e-03
-8.31012500e-08,1.44062500e-04,2.87812500e-03,3.92187500e-03
-8.30612500e-08,1.49062500e-04,2.90625000e-03,3.97500000e-03
-8.30212500e-08,1.57187500e-04,2.93281250e-03,4.03125000e-03
-8.29812500e-08,1.67500000e-04,2.95937500e-03,4.08750000e-03
-8.29412500e-08,1.80000000e-04,2.98125000e-03,4.14687500e-03
-8.29012500e-08,1.93750000e-04,2.99843750e-03,4.20312500e-03
-8.28612500e-08,2.08750000e-04,3.00937500e-03,4.25312500e-03
-8.28212500e-08,2.24062500e-04,3.01562500e-03,4.30312500e-03
-8.27812500e-08,2.38750000e-04,3.01562500e-03,4.34375000e-03
-8.27412500e-08,2.52500000e-04,3.00937500e-03,4.37812500e-03
-8.27012500e-08,2.64375000e-04,2.99687500e-03,4.40625000e-03
-8.26612500e-08,2.73750000e-04,2.98125000e-03,4.42500000e-03
-8.26212500e-08,2.79687500e-04,2.96093750e-03,4.43750000e-03
-8.25812500e-08,2.82500000e-04,2.93750000e-03,4.44375000e-03
-8.25412500e-08,2.81250000e-04,2.91406250e-03,4.44062500e-03
-8.25012500e-08,2.76250000e-04,2.89062500e-03,4.43437500e-03
-8.24612500e-08,2.67500000e-04,2.86718750e-03,4.41875000e-03
-8.24212500e-08,2.55000000e-04,2.84843750e-03,4.40000000e-03
-8.23812500e-08,2.39062500e-04,2.83281250e-03,4.37812500e-03
-8.23412500e-08,2.20625000e-04,2.82187500e-03,4.35312500e-03
-8.23012500e-08,2.00000000e-04,2.81562500e-03,4.32500000e-03
-8.22612500e-08,1.78125000e-04,2.81406250e-03,4.29375000e-03
-8.22212500e-08,1.55937500e-04,2.81875000e-03,4.26562500e-03
-8.21812500e-08,1.34062500e-04,2.82812500e-03,4.23437500e-03
-8.21412500e-08,1.13437500e-04,2.84062500e-03,4.20312500e-03
-8.21012500e-08,9.46875000e-05,2.85625000e-03,4.17187500e-03
-8.20612500e-08,7.84375000e-05,2.87500000e-03,4.14375000e-03
-8.20212500e-08,6.53125000e-05,2.89375000e-03,4.11875000e-03
-8.19812500e-08,5.56250000e-05,2.91250000e-03,4.09062500e-03
-8.19412500e-08,4.96875000e-05,2.92968750e-03,4.06875000e-03
-8.19012500e-08,4.75000000e-05,2.94375000e-03,4.04687500e-03
-8.18612500e-08,4.87500000e-05,2.95468750e-03,4.02812500e-03
-8.18212500e-08,5.34375000e-05,2.96250000e-03,4.01250000e-03
-8.17812500e-08,6.09375000e-05,2.96406250e-03,4.00000000e-03
-8.17412500e-08,7.06250000e-05,2.96250000e-03,3.98750000e-03
-8.17012500e-08,8.18750000e-05,2.95625000e-03,3.97812500e-03
-8.16612500e-08,9.40625000e-05,2.94687500e-03,3.97187500e-03
-8.16212500e-08,1.06250000e-04,2.93437500e-03,3.96562500e-03
-8.15812500e-08,1.18125000e-04,2.92031250e-03,3.96250000e-03
-8.15412500e-08,1.28437500e-04,2.90468750e-03,3.96250000e-03
-8.15012500e-08,1.37500000e-04,2.89062500e-03,3.96250000e-03
-8.14612500e-08,1.44062500e-04,2.87656250e-03,3.96250000e-03
-8.14212500e-08,1.48125000e-04,2.86718750e-03,3.96562500e-03
-8.13812500e-08,1.49687500e-04,2.85937500e-03,3.96562500e-03
-8.13412500e-08,1.48750000e-04,2.85625000e-03,3.96875000e-03
-8.13012500e-08,1.45312500e-04,2.85937500e-03,3.96875000e-03
-8.12612500e-08,1.39687500e-04,2.86562500e-03,3.97187500e-03
-8.12212500e-08,1.32187500e-04,2.87656250e-03,3.97187500e-03
-8.11812500e-08,1.23437500e-04,2.89062500e-03,3.97187500e-03
-8.11412500e-08,1.14062500e-04,2.90937500e-03,3.97187500e-03
-8.11012500e-08,1.04375000e-04,2.92968750e-03,3.97187500e-03
-8.10612500e-08,9.50000000e-05,2.95156250e-03,3.97187500e-03
-8.10212500e-08,8.68750000e-05,2.97343750e-03,3.97500000e-03
-8.09812500e-08,8.03125000e-05,2.99375000e-03,3.97500000e-03
-8.09412500e-08,7.53125000e-05,3.01250000e-03,3.97812500e-03
-8.09012500e-08,7.28125000e-05,3.02812500e-03,3.98437500e-03
-8.08612500e-08,7.28125000e-05,3.03750000e-03,3.99375000e-03
-8.08212500e-08,7.50000000e-05,3.04375000e-03,4.00625000e-03
-8.07812500e-08,7.96875000e-05,3.04375000e-03,4.02187500e-03
-8.07412500e-08,8.68750000e-05,3.03906250e-03,4.04062500e-03
-8.07012500e-08,9.59375000e-05,3.02968750e-03,4.06250000e-03
-8.06612500e-08,1.06250000e-04,3.01718750e-03,4.09062500e-03
-8.06212500e-08,1.18125000e-04,3.00000000e-03,4.12187500e-03
-8.05812500e-08,1.30625000e-04,2.98281250e-03,4.15625000e-03
-8.05412500e-08,1.43437500e-04,2.96250000e-03,4.19375000e-03
-8.05012500e-08,1.55937500e-04,2.94531250e-03,4.23125000e-03
-8.04612500e-08,1.68125000e-04,2.92812500e-03,4.26875000e-03
-8.04212500e-08,1.78750000e-04,2.91562500e-03,4.30625000e-03
-8.03812500e-08,1.88437500e-04,2.90781250e-03,4.34375000e-03
-8.03412500e-08,1.96250000e-04,2.90468750e-03,4.37500000e-03
-8.03012500e-08,2.02500000e-04,2.90781250e-03,4.40625000e-03
-8.02612500e-08,2.06875000e-04,2.91718750e-03,4.42812500e-03
-8.02212500e-08,2.09687500e-04,2.93281250e-03,4.44687500e-03
-8.01812500e-08,2.10625000e-04,2.95468750e-03,4.45937500e-03
-8.01412500e-08,2.10312500e-04,2.98125000e-03,4.46250000e-03
-8.01012500e-08,2.08750000e-04,3.01250000e-03,4.46250000e-03
-8.00612500e-08,2.05937500e-04,3.04531250e-03,4.45312500e-03
-8.00212500e-08,2.02812500e-04,3.07968750e-03,4.43750000e-03
-7.99812500e-08,1.99062500e-04,3.11406250e-03,4.41562500e-03
-7.99412500e-08,1.95312500e-04,3.14687500e-03,4.39062500e-03
-7.99012500e-08,1.91875000e-04,3.17656250e-03,4.36562500e-03
-7.98612500e-08,1.88437500e-04,3.20156250e-03,4.33750000e-03
-7.98212500e-08,1.85625000e-04,3.22031250e-03,4.30625000e-03
-7.97812500e-08,1.83125000e-04,3.23281250e-03,4.28125000e-03
-7.97412500e-08,1.81250000e-04,3.23750000e-03,4.25937500e-03
-7.97012500e-08,1.80000000e-04,3.23593750e-03,4.24062500e-03
-7.96612500e-08,1.79375000e-04,3.22656250e-03,4.22812500e-03
-7.96212500e-08,1.79062500e-04,3.21093750e-03,4.22187500e-03
-7.95812500e-08,1.79375000e-04,3.18906250e-03,4.22500000e-03
-7.95412500e-08,1.79687500e-04,3.16250000e-03,4.23437500e-03
-7.95012500e-08,1.80000000e-04,3.13281250e-03,4.25312500e-03
-7.94612500e-08,1.80312500e-04,3.10156250e-03,4.27500000e-03
-7.94212500e-08,1.80625000e-04,3.06875000e-03,4.30312500e-03
-7.93812500e-08,1.80625000e-04,3.03906250e-03,4.33750000e-03
-7.93412500e-08,1.80625000e-04,3.00937500e-03,4.37187500e-03
-7.93012500e-08,1.80625000e-04,2.98437500e-03,4.40625000e-03
-7.92612500e-08,1.80312500e-04,2.96250000e-03,4.44062500e-03
-7.92212500e-08,1.80000000e-04,2.94687500e-03,4.47187500e-03
-7.91812500e-08,1.79687500e-04,2.93593750e-03,4.49687500e-03
-7.91412500e-08,1.79687500e-04,2.92968750e-03,4.51562500e-03
-7.91012500e-08,1.80000000e-04,2.92968750e-03,4.52500000e-03
-7.90612500e-08,1.80625000e-04,2.93281250e-03,4.52500000e-03
-7.90212500e-08,1.81875000e-04,2.94062500e-03,4.51562500e-03
-7.89812500e-08,1.83750000e-04,2.95000000e-03,4.49687500e-03
-7.89412500e-08,1.86250000e-04,2.96093750e-03,4.46875000e-03
-7.89012500e-08,1.89375000e-04,2.97343750e-03,4.43437500e-03
-7.88612500e-08,1.92812500e-04,2.98437500e-03,4.39062500e-03
-7.88212500e-08,1.97187500e-04,2.99375000e-03,4.34062500e-03
-7.87812500e-08,2.01562500e-04,3.00000000e-03,4.29062500e-03
-7.87412500e-08,2.06562500e-04,3.00156250e-03,4.23750000e-03
-7.87012500e-08,2.11250000e-04,3.00156250e-03,4.18750000e-03
-7.86612500e-08,2.15937500e-04,2.99531250e-03,4.14062500e-03
-7.86212500e-08,2.20000000e-04,2.98593750e-03,4.10000000e-03
-7.85812500e-08,2.23437500e-04,2.97343750e-03,4.06875000e-03
-7.85412500e-08,2.25937500e-04,2.95625000e-03,4.04687500e-03
-7.85012500e-08,2.27500000e-04,2.93750000e-03,4.03437500e-03
-7.84612500e-08,2.27812500e-04,2.91562500e-03,4.03750000e-03
-7.84212500e-08,2.26562500e-04,2.89375000e-03,4.05000000e-03
-7.83812500e-08,2.23750000e-04,2.87187500e-03,4.07187500e-03
-7.83412500e-08,2.19687500e-04,2.85156250e-03,4.10625000e-03
-7.83012500e-08,2.13750000e-04,2.83281250e-03,4.15000000e-03
-7.82612500e-08,2.06875000e-04,2.81875000e-03,4.20000000e-03
-7.82212500e-08,1.98437500e-04,2.80625000e-03,4.25625000e-03
-7.81812500e-08,1.89375000e-04,2.80000000e-03,4.31250000e-03
-7.81412500e-08,1.79375000e-04,2.79687500e-03,4.37187500e-03
-7.81012500e-08,1.68750000e-04,2.79843750e-03,4.42500000e-03
-7.80612500e-08,1.58125000e-04,2.80625000e-03,4.47812500e-03
-7.80212500e-08,1.47812500e-04,2.81718750e-03,4.52187500e-03
-7.79812500e-08,1.37812500e-04,2.83125000e-03,4.55937500e-03
-7.79412500e-08,1.28750000e-04,2.84843750e-03,4.58437500e-03
-7.79012500e-08,1.20625000e-04,2.86875000e-03,4.60312500e-03
-7.78612500e-08,1.14062500e-04,2.89062500e-03,4.61250000e-03
-7.78212500e-08,1.09062500e-04,2.91250000e-03,4.61250000e-03
-7.77812500e-08,1.05937500e-04,2.93593750e-03,4.60312500e-03
-7.77412500e-08,1.04687500e-04,2.95781250e-03,4.58750000e-03
-7.77012500e-08,1.05312500e-04,2.97812500e-03,4.56562500e-03
-7.76612500e-08,1.07812500e-04,2.99687500e-03,4.54375000e-03
-7.76212500e-08,1.12187500e-04,3.01406250e-03,4.52187500e-03
-7.75812500e-08,1.18750000e-04,3.02812500e-03,4.50000000e-03
-7.75412500e-08,1.26562500e-04,3.03906250e-03,4.48125000e-03
-7.75012500e-08,1.35937500e-04,3.04843750e-03,4.46875000e-03
-7.74612500e-08,1.46250000e-04,3.05625000e-03,4.46562500e-03
-7.74212500e-08,1.57812500e-04,3.06250000e-03,4.46875000e-03
-7.73812500e-08,1.69687500e-04,3.06562500e-03,4.48125000e-03
-7.73412500e-08,1.81562500e-04,3.06875000e-03,4.50312500e-03
-7.73012500e-08,1.93750000e-04,3.07031250e-03,4.53437500e-03
-7.72612500e-08,2.05312500e-04,3.07031250e-03,4.57187500e-03
-7.72212500e-08,2.15937500e-04,3.07187500e-03,4.61562500e-03
-7.71812500e-08,2.25937500e-04,3.07187500e-03,4.66250000e-03
-7.71412500e-08,2.34375000e-04,3.07343750e-03,4.71250000e-03
-7.71012500e-08,2.41562500e-04,3.07343750e-03,4.76250000e-03
-7.70612500e-08,2.46875000e-04,3.07500000e-03,4.80937500e-03
-7.70212500e-08,2.50937500e-04,3.07500000e-03,4.85312500e-03
-7.69812500e-08,2.52812500e-04,3.07656250e-03,4.88750000e-03
-7.69412500e-08,2.53437500e-04,3.07656250e-03,4.91562500e-03
-7.69012500e-08,2.52187500e-04,3.07656250e-03,4.93437500e-03
-7.68612500e-08,2.49687500e-04,3.07656250e-03,4.94375000e-03
-7.68212500e-08,2.45937500e-04,3.07500000e-03,4.94062500e-03
-7.67812500e-08,2.41250000e-04,3.07187500e-03,4.92812500e-03
-7.67412500e-08,2.35937500e-04,3.06875000e-03,4.90312500e-03
-7.67012500e-08,2.30312500e-04,3.06406250e-03,4.87187500e-03
-7.66612500e-08,2.24687500e-04,3.05781250e-03,4.83125000e-03
-7.66212500e-08,2.19375000e-04,3.05000000e-03,4.78750000e-03
-7.65812500e-08,2.15000000e-04,3.04218750e-03,4.73750000e-03
-7.65412500e-08,2.11250000e-04,3.03281250e-03,4.68750000e-03
-7.65012500e-08,2.08750000e-04,3.02343750e-03,4.63437500e-03
-7.64612500e-08,2.07812500e-04,3.01406250e-03,4.58437500e-03
-7.64212500e-08,2.08437500e-04,3.00468750e-03,4.53750000e-03
-7.63812500e-08,2.10625000e-04,2.99687500e-03,4.49375000e-03
-7.63412500e-08,2.14375000e-04,2.98906250e-03,4.45625000e-03
-7.63012500e-08,2.20000000e-04,2.98281250e-03,4.42500000e-03
-7.62612500e-08,2.26562500e-04,2.97656250e-03,4.39687500e-03
-7.62212500e-08,2.34687500e-04,2.97343750e-03,4.37187500e-03
-7.61812500e-08,2.43437500e-04,2.97031250e-03,4.35312500e-03
-7.61412500e-08,2.52500000e-04,2.97031250e-03,4.33750000e-03
-7.61012500e-08,2.61875000e-04,2.97187500e-03,4.32187500e-03
-7.60612500e-08,2.70625000e-04,2.97343750e-03,4.30625000e-03
-7.60212500e-08,2.78750000e-04,2.97656250e-03,4.28750000e-03
-7.59812500e-08,2.85937500e-04,2.98125000e-03,4.26875000e-03
-7.59412500e-08,2.91250000e-04,2.98593750e-03,4.24375000e-03
-7.59012500e-08,2.94375000e-04,2.99062500e-03,4.21562500e-03
-7.58612500e-08,2.95625000e-04,2.99531250e-03,4.18125000e-03
-7.58212500e-08,2.94062500e-04,3.00000000e-03,4.14062500e-03
-7.57812500e-08,2.90312500e-04,3.00312500e-03,4.09687500e-03
-7.57412500e-08,2.83750000e-04,3.00468750e-03,4.05000000e-03
-7.57012500e-08,2.74687500e-04,3.00625000e-03,4.00000000e-03
-7.56612500e-08,2.63437500e-04,3.00468750e-03,3.95000000e-03
-7.56212500e-08,2.50000000e-04,3.00312500e-03,3.89687500e-03
-7.55812500e-08,2.35000000e-04,3.00156250e-03,3.84687500e-03
-7.55412500e-08,2.18437500e-04,2.99843750e-03,3.80312500e-03
-7.55012500e-08,2.01562500e-04,2.99375000e-03,3.76562500e-03
-7.54612500e-08,1.84062500e-04,2.98906250e-03,3.73437500e-03
-7.54212500e-08,1.67187500e-04,2.98593750e-03,3.71250000e-03
-7.53812500e-08,1.50937500e-04,2.98125000e-03,3.70000000e-03
-7.53412500e-08,1.35937500e-04,2.97968750e-03,3.69687500e-03
-7.53012500e-08,1.22812500e-04,2.97812500e-03,3.70625000e-03
-7.52612500e-08,1.11562500e-04,2.97968750e-03,3.72812500e-03
-7.52212500e-08,1.03125000e-04,2.98281250e-03,3.75625000e-03
-7.51812500e-08,9.71875000e-05,2.98750000e-03,3.79375000e-03
-7.51412500e-08,9.40625000e-05,2.99531250e-03,3.84062500e-03
-7.51012500e-08,9.37500000e-05,3.00625000e-03,3.89062500e-03
-7.50612500e-08,9.62500000e-05,3.02031250e-03,3.94375000e-03
-7.50212500e-08,1.01562500e-04,3.03593750e-03,3.99687500e-03
-7.49812500e-08,1.08750000e-04,3.05468750e-03,4.05000000e-03
-7.49412500e-08,1.18437500e-04,3.07343750e-03,4.09687500e-03
-7.49012500e-08,1.29375000e-04,3.09531250e-03,4.14062500e-03
-7.48612500e-08,1.41875000e-04,3.11718750e-03,4.17812500e-03
-7.48212500e-08,1.55000000e-04,3.13750000e-03,4.20625000e-03
-7.47812500e-08,1.68750000e-04,3.15937500e-03,4.22500000e-03
-7.47412500e-08,1.82500000e-04,3.17812500e-03,4.23437500e-03
-7.47012500e-08,1.95625000e-04,3.19375000e-03,4.23437500e-03
-7.46612500e-08,2.07812500e-04,3.20781250e-03,4.22812500e-03
-7.46212500e-08,2.19375000e-04,3.21718750e-03,4.20937500e-03
-7.45812500e-08,2.29375000e-04,3.22343750e-03,4.18750000e-03
-7.45412500e-08,2.37812500e-04,3.22500000e-03,4.15937500e-03
-7.45012500e-08,2.44687500e-04,3.22187500e-03,4.13125000e-03
-7.44612500e-08,2.50000000e-04,3.21250000e-03,4.09687500e-03
-7.44212500e-08,2.53437500e-04,3.20000000e-03,4.06250000e-03
-7.43812500e-08,2.55312500e-04,3.18125000e-03,4.03125000e-03
-7.43412500e-08,2.55625000e-04,3.15781250e-03,4.00312500e-03
-7.43012500e-08,2.54687500e-04,3.13125000e-03,3.97812500e-03
-7.42612500e-08,2.52500000e-04,3.10000000e-03,3.95625000e-03
-7.42212500e-08,2.49062500e-04,3.06562500e-03,3.94375000e-03
-7.41812500e-08,2.44687500e-04,3.03125000e-03,3.93437500e-03
-7.41412500e-08,2.39687500e-04,2.99375000e-03,3.92812500e-03
-7.41012500e-08,2.34062500e-04,2.95625000e-03,3.93125000e-03
-7.40612500e-08,2.28125000e-04,2.92031250e-03,3.93750000e-03
-7.40212500e-08,2.22187500e-04,2.88437500e-03,3.94687500e-03
-7.39812500e-08,2.15937500e-04,2.85156250e-03,3.95937500e-03
-7.39412500e-08,2.09687500e-04,2.82187500e-03,3.97187500e-03
-7.39012500e-08,2.03750000e-04,2.79687500e-03,3.98750000e-03
-7.38612500e-08,1.98125000e-04,2.77500000e-03,4.00000000e-03
-7.38212500e-08,1.93125000e-04,2.75781250e-03,4.01250000e-03
-7.37812500e-08,1.88125000e-04,2.74687500e-03,4.02500000e-03
-7.37412500e-08,1.84062500e-04,2.74062500e-03,4.03125000e-03
-7.37012500e-08,1.80312500e-04,2.73906250e-03,4.03437500e-03
-7.36612500e-08,1.77500000e-04,2.74218750e-03,4.03437500e-03
-7.36212500e-08,1.75312500e-04,2.75000000e-03,4.03125000e-03
-7.35812500e-08,1.73750000e-04,2.76250000e-03,4.02500000e-03
-7.35412500e-08,1.72812500e-04,2.77812500e-03,4.01562500e-03
-7.35012500e-08,1.72812500e-04,2.79687500e-03,4.00312500e-03
-7.34612500e-08,1.73437500e-04,2.81718750e-03,3.99062500e-03
-7.34212500e-08,1.75000000e-04,2.83906250e-03,3.97812500e-03
-7.33812500e-08,1.76875000e-04,2.86250000e-03,3.96562500e-03
-7.33412500e-08,1.79375000e-04,2.88593750e-03,3.95625000e-03
-7.33012500e-08,1.82187500e-04,2.90937500e-03,3.94687500e-03
-7.32612500e-08,1.85312500e-04,2.93125000e-03,3.94375000e-03
-7.32212500e-08,1.88437500e-04,2.95000000e-03,3.94375000e-03
-7.31812500e-08,1.91562500e-04,2.96718750e-03,3.94687500e-03
-7.31412500e-08,1.94687500e-04,2.98281250e-03,3.95937500e-03
-7.31012500e-08,1.97187500e-04,2.99531250e-03,3.97500000e-03
-7.30612500e-08,1.99375000e-04,3.00312500e-03,3.99687500e-03
-7.30212500e-08,2.01250000e-04,3.00937500e-03,4.02500000e-03
-7.29812500e-08,2.02187500e-04,3.01250000e-03,4.05937500e-03
-7.29412500e-08,2.02500000e-04,3.01250000e-03,4.09687500e-03
-7.29012500e-08,2.02187500e-04,3.00937500e-03,4.14062500e-03
-7.28612500e-08,2.00937500e-04,3.00468750e-03,4.18750000e-03
-7.28212500e-08,1.99375000e-04,2.99843750e-03,4.23750000e-03
-7.27812500e-08,1.97187500e-04,2.99062500e-03,4.28750000e-03
-7.27412500e-08,1.94375000e-04,2.98125000e-03,4.34062500e-03
-7.27012500e-08,1.91562500e-04,2.97187500e-03,4.39062500e-03
-7.26612500e-08,1.88437500e-04,2.96093750e-03,4.43750000e-03
-7.26212500e-08,1.85625000e-04,2.95156250e-03,4.48125000e-03
-7.25812500e-08,1.82812500e-04,2.94062500e-03,4.52187500e-03
-7.25412500e-08,1.80625000e-04,2.93125000e-03,4.55625000e-03
-7.25012500e-08,1.78750000e-04,2.92343750e-03,4.58437500e-03
-7.24612500e-08,1.77500000e-04,2.91562500e-03,4.60312500e-03
-7.24212500e-08,1.76562500e-04,2.90937500e-03,4.61562500e-03
-7.23812500e-08,1.76562500e-04,2.90312500e-03,4.61875000e-03
-7.23412500e-08,1.76562500e-04,2.90000000e-03,4.61250000e-03
-7.23012500e-08,1.77187500e-04,2.89531250e-03,4.59687500e-03
-7.22612500e-08,1.77500000e-04,2.89218750e-03,4.57500000e-03
-7.22212500e-08,1.78125000e-04,2.89062500e-03,4.54375000e-03
-7.21812500e-08,1.78125000e-04,2.88906250e-03,4.50625000e-03
-7.21412500e-08,1.77812500e-04,2.88750000e-03,4.46562500e-03
-7.21012500e-08,1.76562500e-04,2.88593750e-03,4.41875000e-03
-7.20612500e-08,1.74062500e-04,2.88437500e-03,4.37187500e-03
-7.20212500e-08,1.70625000e-04,2.88437500e-03,4.32500000e-03
-7.19812500e-08,1.65625000e-04,2.88281250e-03,4.28125000e-03
-7.19412500e-08,1.59687500e-04,2.88125000e-03,4.24062500e-03
-7.19012500e-08,1.52187500e-04,2.87968750e-03,4.20625000e-03
-7.18612500e-08,1.43437500e-04,2.87968750e-03,4.18125000e-03
-7.18212500e-08,1.33750000e-04,2.87812500e-03,4.16562500e-03
-7.17812500e-08,1.23750000e-04,2.87656250e-03,4.15937500e-03
-7.17412500e-08,1.13125000e-04,2.87500000e-03,4.16875000e-03
-7.17012500e-08,1.02812500e-04,2.87343750e-03,4.18750000e-03
-7.16612500e-08,9.28125000e-05,2.87187500e-03,4.21562500e-03
-7.16212500e-08,8.40625000e-05,2.87187500e-03,4.25937500e-03
-7.15812500e-08,7.68750000e-05,2.87031250e-03,4.31250000e-03
-7.15412500e-08,7.15625000e-05,2.87031250e-03,4.37500000e-03
-7.15012500e-08,6.84375000e-05,2.86875000e-03,4.44375000e-03
-7.14612500e-08,6.75000000e-05,2.86875000e-03,4.51562500e-03
-7.14212500e-08,6.96875000e-05,2.86875000e-03,4.59062500e-03
-7.13812500e-08,7.43750000e-05,2.86718750e-03,4.66250000e-03
-7.13412500e-08,8.15625000e-05,2.86718750e-03,4.73125000e-03
-7.13012500e-08,9.15625000e-05,2.86562500e-03,4.79375000e-03
-7.12612500e-08,1.03125000e-04,2.86406250e-03,4.84687500e-03
-7.12212500e-08,1.16562500e-04,2.86406250e-03,4.88437500e-03
-7.11812500e-08,1.31250000e-04,2.86250000e-03,4.90937500e-03
-7.11412500e-08,1.45937500e-04,2.85937500e-03,4.91875000e-03
-7.11012500e-08,1.60937500e-04,2.85781250e-03,4.90937500e-03
-7.10612500e-08,1.74687500e-04,2.85625000e-03,4.88437500e-03
-7.10212500e-08,1.87187500e-04,2.85468750e-03,4.84062500e-03
-7.09812500e-08,1.97500000e-04,2.85468750e-03,4.78125000e-03
-7.09412500e-08,2.05312500e-04,2.85468750e-03,4.70625000e-03
-7.09012500e-08,2.10312500e-04,2.85468750e-03,4.62187500e-03
-7.08612500e-08,2.11875000e-04,2.85781250e-03,4.52500000e-03
-7.08212500e-08,2.10312500e-04,2.86250000e-03,4.42500000e-03
-7.07812500e-08,2.05625000e-04,2.86875000e-03,4.32187500e-03
-7.07412500e-08,1.97812500e-04,2.87656250e-03,4.21562500e-03
-7.07012500e-08,1.87500000e-04,2.88750000e-03,4.11875000e-03
-7.06612500e-08,1.75000000e-04,2.90000000e-03,4.02812500e-03
-7.06212500e-08,1.60937500e-04,2.91562500e-03,3.94687500e-03
-7.05812500e-08,1.46250000e-04,2.93281250e-03,3.88125000e-03
-7.05412500e-08,1.31250000e-04,2.95312500e-03,3.83125000e-03
-7.05012500e-08,1.16875000e-04,2.97343750e-03,3.79687500e-03
-7.04612500e-08,1.03437500e-04,2.99375000e-03,3.78125000e-03
-7.04212500e-08,9.21875000e-05,3.01562500e-03,3.78750000e-03
-7.03812500e-08,8.31250000e-05,3.03750000e-03,3.80937500e-03
-7.03412500e-08,7.68750000e-05,3.05781250e-03,3.84687500e-03
-7.03012500e-08,7.34375000e-05,3.07656250e-03,3.89687500e-03
-7.02612500e-08,7.31250000e-05,3.09218750e-03,3.96250000e-03
-7.02212500e-08,7.56250000e-05,3.10625000e-03,4.03437500e-03
-7.01812500e-08,8.09375000e-05,3.11562500e-03,4.11250000e-03
-7.01412500e-08,8.84375000e-05,3.12187500e-03,4.19375000e-03
-7.01012500e-08,9.75000000e-05,3.12500000e-03,4.27187500e-03
-7.00612500e-08,1.08125000e-04,3.12343750e-03,4.34687500e-03
-7.00212500e-08,1.19062500e-04,3.12031250e-03,4.41250000e-03
-6.99812500e-08,1.30000000e-04,3.11250000e-03,4.46875000e-03
-6.99412500e-08,1.40000000e-04,3.10156250e-03,4.50937500e-03
-6.99012500e-08,1.48750000e-04,3.08906250e-03,4.53437500e-03
-6.98612500e-08,1.55625000e-04,3.07500000e-03,4.54687500e-03
-6.98212500e-08,1.60312500e-04,3.06093750e-03,4.54062500e-03
-6.97812500e-08,1.62812500e-04,3.04843750e-03,4.51875000e-03
-6.97412500e-08,1.62500000e-04,3.03593750e-03,4.48437500e-03
-6.97012500e-08,1.59687500e-04,3.02656250e-03,4.43437500e-03
-6.96612500e-08,1.54687500e-04,3.02031250e-03,4.37187500e-03
-6.96212500e-08,1.47500000e-04,3.01718750e-03,4.30312500e-03
-6.95812500e-08,1.39062500e-04,3.01875000e-03,4.22812500e-03
-6.95412500e-08,1.29687500e-04,3.02500000e-03,4.15000000e-03
-6.95012500e-08,1.19687500e-04,3.03437500e-03,4.06875000e-03
-6.94612500e-08,1.10000000e-04,3.04843750e-03,3.99375000e-03
-6.94212500e-08,1.01250000e-04,3.06406250e-03,3.92187500e-03
-6.93812500e-08,9.37500000e-05,3.08437500e-03,3.85937500e-03
-6.93412500e-08,8.81250000e-05,3.10468750e-03,3.80312500e-03
-6.93012500e-08,8.43750000e-05,3.12656250e-03,3.76250000e-03
-6.92612500e-08,8.28125000e-05,3.14687500e-03,3.72812500e-03
-6.92212500e-08,8.34375000e-05,3.16562500e-03,3.70937500e-03
-6.91812500e-08,8.62500000e-05,3.17968750e-03,3.70312500e-03
-6.91412500e-08,9.09375000e-05,3.19062500e-03,3.70625000e-03
-6.91012500e-08,9.71875000e-05,3.19531250e-03,3.71875000e-03
-6.90612500e-08,1.04687500e-04,3.19375000e-03,3.74375000e-03
-6.90212500e-08,1.12187500e-04,3.18593750e-03,3.77187500e-03
-6.89812500e-08,1.20000000e-04,3.17031250e-03,3.80625000e-03
-6.89412500e-08,1.26875000e-04,3.14687500e-03,3.84375000e-03
-6.89012500e-08,1.32812500e-04,3.11718750e-03,3.88125000e-03
-6.88612500e-08,1.36875000e-04,3.08125000e-03,3.91875000e-03
-6.88212500e-08,1.38750000e-04,3.04062500e-03,3.95312500e-03
-6.87812500e-08,1.38750000e-04,2.99687500e-03,3.98125000e-03
-6.87412500e-08,1.36250000e-04,2.95156250e-03,4.00625000e-03
-6.87012500e-08,1.31562500e-04,2.90468750e-03,4.02812500e-03
-6.86612500e-08,1.24687500e-04,2.85937500e-03,4.04062500e-03
-6.86212500e-08,1.16562500e-04,2.81718750e-03,4.04687500e-03
-6.85812500e-08,1.06875000e-04,2.77968750e-03,4.04687500e-03
-6.85412500e-08,9.68750000e-05,2.74843750e-03,4.04375000e-03
-6.85012500e-08,8.71875000e-05,2.72500000e-03,4.03437500e-03
-6.84612500e-08,7.81250000e-05,2.70937500e-03,4.02187500e-03
-6.84212500e-08,7.06250000e-05,2.70156250e-03,4.00937500e-03
-6.83812500e-08,6.50000000e-05,2.70468750e-03,3.99375000e-03
-6.83412500e-08,6.21875000e-05,2.71718750e-03,3.98125000e-03
-6.83012500e-08,6.21875000e-05,2.73750000e-03,3.97187500e-03
-6.82612500e-08,6.56250000e-05,2.76562500e-03,3.96250000e-03
-6.82212500e-08,7.21875000e-05,2.80000000e-03,3.95625000e-03
-6.81812500e-08,8.18750000e-05,2.83906250e-03,3.95312500e-03
-6.81412500e-08,9.43750000e-05,2.88281250e-03,3.95625000e-03
-6.81012500e-08,1.09062500e-04,2.92812500e-03,3.96250000e-03
-6.80612500e-08,1.25312500e-04,2.97343750e-03,3.97187500e-03
-6.80212500e-08,1.42812500e-04,3.01718750e-03,3.98750000e-03
-6.79812500e-08,1.60312500e-04,3.05625000e-03,4.00000000e-03
-6.79412500e-08,1.76875000e-04,3.09218750e-03,4.01875000e-03
-6.79012500e-08,1.92187500e-04,3.12187500e-03,4.03437500e-03
-6.78612500e-08,2.05000000e-04,3.14531250e-03,4.05000000e-03
-6.78212500e-08,2.14687500e-04,3.16093750e-03,4.06250000e-03
-6.77812500e-08,2.20937500e-04,3.17031250e-03,4.07500000e-03
-6.77412500e-08,2.23437500e-04,3.17187500e-03,4.08437500e-03
-6.77012500e-08,2.21562500e-04,3.16562500e-03,4.08750000e-03
-6.76612500e-08,2.16250000e-04,3.15468750e-03,4.09062500e-03
-6.76212500e-08,2.06875000e-04,3.13750000e-03,4.08750000e-03
-6.75812500e-08,1.94375000e-04,3.11718750e-03,4.08125000e-03
-6.75412500e-08,1.79375000e-04,3.09375000e-03,4.07187500e-03
-6.75012500e-08,1.62812500e-04,3.06875000e-03,4.06250000e-03
-6.74612500e-08,1.45000000e-04,3.04218750e-03,4.05000000e-03
-6.74212500e-08,1.27500000e-04,3.01718750e-03,4.03437500e-03
-6.73812500e-08,1.11250000e-04,2.99218750e-03,4.02187500e-03
-6.73412500e-08,9.65625000e-05,2.96875000e-03,4.00937500e-03
-6.73012500e-08,8.46875000e-05,2.94843750e-03,3.99687500e-03
-6.72612500e-08,7.65625000e-05,2.92968750e-03,3.98750000e-03
-6.72212500e-08,7.21875000e-05,2.91406250e-03,3.98437500e-03
-6.71812500e-08,7.18750000e-05,2.90000000e-03,3.98125000e-03
-6.71412500e-08,7.59375000e-05,2.88906250e-03,3.98125000e-03
-6.71012500e-08,8.40625000e-05,2.87812500e-03,3.98437500e-03
-6.70612500e-08,9.56250000e-05,2.86718750e-03,3.98750000e-03
-6.70212500e-08,1.10625000e-04,2.85781250e-03,3.99375000e-03
-6.69812500e-08,1.27812500e-04,2.84687500e-03,4.00312500e-03
-6.69412500e-08,1.46250000e-04,2.83750000e-03,4.01250000e-03
-6.69012500e-08,1.65312500e-04,2.82500000e-03,4.01875000e-03
-6.68612500e-08,1.83750000e-04,2.81250000e-03,4.02500000e-03
-6.68212500e-08,2.00625000e-04,2.79843750e-03,4.02812500e-03
-6.67812500e-08,2.15000000e-04,2.78437500e-03,4.02812500e-03
-6.67412500e-08,2.26250000e-04,2.77031250e-03,4.02500000e-03
-6.67012500e-08,2.33437500e-04,2.75781250e-03,4.01875000e-03
-6.66612500e-08,2.36562500e-04,2.74531250e-03,4.00937500e-03
-6.66212500e-08,2.35312500e-04,2.73593750e-03,4.00000000e-03
-6.65812500e-08,2.29687500e-04,2.72968750e-03,3.98437500e-03
-6.65412500e-08,2.20000000e-04,2.72812500e-03,3.96875000e-03
-6.65012500e-08,2.06875000e-04,2.72968750e-03,3.95312500e-03
-6.64612500e-08,1.90937500e-04,2.73750000e-03,3.94062500e-03
-6.64212500e-08,1.73125000e-04,2.75000000e-03,3.92812500e-03
-6.63812500e-08,1.54375000e-04,2.76875000e-03,3.92187500e-03
-6.63412500e-08,1.35937500e-04,2.79375000e-03,3.91875000e-03
-6.63012500e-08,1.18125000e-04,2.82187500e-03,3.92187500e-03
-6.62612500e-08,1.02812500e-04,2.85312500e-03,3.92812500e-03
-6.62212500e-08,9.00000000e-05,2.88906250e-03,3.94687500e-03
-6.61812500e-08,8.12500000e-05,2.92500000e-03,3.96875000e-03
-6.61412500e-08,7.62500000e-05,2.96093750e-03,3.99687500e-03
-6.61012500e-08,7.53125000e-05,2.99687500e-03,4.03437500e-03
-6.60612500e-08,7.90625000e-05,3.02812500e-03,4.07500000e-03
-6.60212500e-08,8.68750000e-05,3.05468750e-03,4.11875000e-03
-6.59812500e-08,9.84375000e-05,3.07656250e-03,4.16562500e-03
-6.59412500e-08,1.13125000e-04,3.09062500e-03,4.21250000e-03
-6.59012500e-08,1.30000000e-04,3.09843750e-03,4.25937500e-03
-6.58612500e-08,1.48125000e-04,3.09687500e-03,4.30000000e-03
-6.58212500e-08,1.66562500e-04,3.08906250e-03,4.33437500e-03
-6.57812500e-08,1.84375000e-04,3.07187500e-03,4.36250000e-03
-6.57412500e-08,2.00625000e-04,3.05000000e-03,4.38437500e-03
-6.57012500e-08,2.14375000e-04,3.02187500e-03,4.39375000e-03
-6.56612500e-08,2.24687500e-04,2.98906250e-03,4.39062500e-03
-6.56212500e-08,2.31250000e-04,2.95312500e-03,4.38125000e-03
-6.55812500e-08,2.33750000e-04,2.91718750e-03,4.35625000e-03
-6.55412500e-08,2.31875000e-04,2.88125000e-03,4.32500000e-03
-6.55012500e-08,2.25937500e-04,2.85000000e-03,4.28437500e-03
-6.54612500e-08,2.16250000e-04,2.82187500e-03,4.23750000e-03
-6.54212500e-08,2.03125000e-04,2.79843750e-03,4.18437500e-03
-6.53812500e-08,1.87187500e-04,2.78281250e-03,4.12812500e-03
-6.53412500e-08,1.69687500e-04,2.77343750e-03,4.07187500e-03
-6.53012500e-08,1.51250000e-04,2.77343750e-03,4.01875000e-03
-6.52612500e-08,1.32812500e-04,2.77968750e-03,3.96875000e-03
-6.52212500e-08,1.15000000e-04,2.79375000e-03,3.92500000e-03
-6.51812500e-08,9.93750000e-05,2.81250000e-03,3.89062500e-03
-6.51412500e-08,8.56250000e-05,2.83750000e-03,3.86250000e-03
-6.51012500e-08,7.53125000e-05,2.86562500e-03,3.84687500e-03
-6.50612500e-08,6.78125000e-05,2.89531250e-03,3.84375000e-03
-6.50212500e-08,6.40625000e-05,2.92656250e-03,3.85312500e-03
-6.49812500e-08,6.34375000e-05,2.95468750e-03,3.86875000e-03
-6.49412500e-08,6.56250000e-05,2.98125000e-03,3.89687500e-03
-6.49012500e-08,7.06250000e-05,3.00156250e-03,3.93437500e-03
-6.48612500e-08,7.75000000e-05,3.01718750e-03,3.97812500e-03
-6.48212500e-08,8.56250000e-05,3.02812500e-03,4.02500000e-03
-6.47812500e-08,9.40625000e-05,3.02968750e-03,4.07500000e-03
-6.47412500e-08,1.02187500e-04,3.02656250e-03,4.12812500e-03
-6.47012500e-08,1.09062500e-04,3.01562500e-03,4.17500000e-03
-6.46612500e-08,1.14062500e-04,3.00000000e-03,4.22187500e-03
-6.46212500e-08,1.16875000e-04,2.97968750e-03,4.26250000e-03
-6.45812500e-08,1.16562500e-04,2.95625000e-03,4.29375000e-03
-6.45412500e-08,1.12812500e-04,2.93125000e-03,4.31875000e-03
-6.45012500e-08,1.06250000e-04,2.90468750e-03,4.33750000e-03
-6.44612500e-08,9.65625000e-05,2.87968750e-03,4.34687500e-03
-6.44212500e-08,8.43750000e-05,2.85781250e-03,4.35000000e-03
-6.43812500e-08,6.96875000e-05,2.83906250e-03,4.34687500e-03
-6.43412500e-08,5.37500000e-05,2.82500000e-03,4.33750000e-03
-6.43012500e-08,3.71875000e-05,2.81562500e-03,4.32187500e-03
-6.42612500e-08,2.03125000e-05,2.81250000e-03,4.30625000e-03
-6.42212500e-08,4.68750000e-06,2.81406250e-03,4.29062500e-03
-6.41812500e-08,-9.37500000e-06,2.82187500e-03,4.27812500e-03
-6.41412500e-08,-2.12500000e-05,2.83437500e-03,4.26875000e-03
-6.41012500e-08,-3.00000000e-05,2.85000000e-03,4.26250000e-03
-6.40612500e-08,-3.53125000e-05,2.86875000e-03,4.26250000e-03
-6.40212500e-08,-3.71875000e-05,2.88750000e-03,4.26875000e-03
-6.39812500e-08,-3.53125000e-05,2.90625000e-03,4.28437500e-03
-6.39412500e-08,-3.00000000e-05,2.92343750e-03,4.30625000e-03
-6.39012500e-08,-2.15625000e-05,2.93906250e-03,4.33437500e-03
-6.38612500e-08,-1.06250000e-05,2.94843750e-03,4.36875000e-03
-6.38212500e-08,2.18750000e-06,2.95468750e-03,4.40625000e-03
-6.37812500e-08,1.62500000e-05,2.95625000e-03,4.44687500e-03
-6.37412500e-08,3.06250000e-05,2.95156250e-03,4.48750000e-03
-6.37012500e-08,4.46875000e-05,2.94062500e-03,4.52500000e-03
-6.36612500e-08,5.71875000e-05,2.92656250e-03,4.56250000e-03
-6.36212500e-08,6.78125000e-05,2.90781250e-03,4.59062500e-03
-6.35812500e-08,7.59375000e-05,2.88593750e-03,4.61562500e-03
-6.35412500e-08,8.09375000e-05,2.86250000e-03,4.63125000e-03
-6.35012500e-08,8.28125000e-05,2.83750000e-03,4.63437500e-03
-6.34612500e-08,8.12500000e-05,2.81406250e-03,4.63125000e-03
-6.34212500e-08,7.62500000e-05,2.79218750e-03,4.61562500e-03
-6.33812500e-08,6.81250000e-05,2.77343750e-03,4.59375000e-03
-6.33412500e-08,5.78125000e-05,2.76093750e-03,4.56250000e-03
-6.33012500e-08,4.53125000e-05,2.75156250e-03,4.52187500e-03
-6.32612500e-08,3.15625000e-05,2.75000000e-03,4.47812500e-03
-6.32212500e-08,1.71875000e-05,2.75312500e-03,4.43125000e-03
-6.31812500e-08,3.12500000e-06,2.76250000e-03,4.38437500e-03
-6.31412500e-08,-1.00000000e-05,2.77812500e-03,4.34062500e-03
-6.31012500e-08,-2.12500000e-05,2.80000000e-03,4.30000000e-03
-6.30612500e-08,-3.06250000e-05,2.82500000e-03,4.26562500e-03
-6.30212500e-08,-3.71875000e-05,2.85468750e-03,4.24062500e-03
-6.29812500e-08,-4.06250000e-05,2.88593750e-03,4.22187500e-03
-6.29412500e-08,-4.12500000e-05,2.91718750e-03,4.21562500e-03
-6.29012500e-08,-3.87500000e-05,2.95000000e-03,4.22187500e-03
-6.28612500e-08,-3.37500000e-05,2.97968750e-03,4.23750000e-03
-6.28212500e-08,-2.62500000e-05,3.00781250e-03,4.26250000e-03
-6.27812500e-08,-1.68750000e-05,3.03125000e-03,4.29687500e-03
-6.27412500e-08,-6.25000000e-06,3.05156250e-03,4.33437500e-03
-6.27012500e-08,5.00000000e-06,3.06718750e-03,4.38125000e-03
-6.26612500e-08,1.62500000e-05,3.07812500e-03,4.42500000e-03
-6.26212500e-08,2.65625000e-05,3.08281250e-03,4.46875000e-03
-6.25812500e-08,3.56250000e-05,3.08281250e-03,4.50937500e-03
-6.25412500e-08,4.28125000e-05,3.07968750e-03,4.54375000e-03
-6.25012500e-08,4.78125000e-05,3.07031250e-03,4.56875000e-03
-6.24612500e-08,5.03125000e-05,3.05937500e-03,4.58437500e-03
-6.24212500e-08,5.03125000e-05,3.04687500e-03,4.58437500e-03
-6.23812500e-08,4.78125000e-05,3.03281250e-03,4.57187500e-03
-6.23412500e-08,4.28125000e-05,3.01718750e-03,4.54687500e-03
-6.23012500e-08,3.59375000e-05,3.00156250e-03,4.50625000e-03
-6.22612500e-08,2.75000000e-05,2.98750000e-03,4.45625000e-03
-6.22212500e-08,1.78125000e-05,2.97500000e-03,4.39375000e-03
-6.21812500e-08,8.12500000e-06,2.96562500e-03,4.32187500e-03
-6.21412500e-08,-1.56250000e-06,2.95781250e-03,4.24687500e-03
-6.21012500e-08,-1.03125000e-05,2.95156250e-03,4.16875000e-03
-6.20612500e-08,-1.78125000e-05,2.95000000e-03,4.09062500e-03
-6.20212500e-08,-2.34375000e-05,2.95000000e-03,4.01562500e-03
-6.19812500e-08,-2.71875000e-05,2.95156250e-03,3.95000000e-03
-6.19412500e-08,-2.81250000e-05,2.95625000e-03,3.89375000e-03
-6.19012500e-08,-2.65625000e-05,2.96250000e-03,3.84687500e-03
-6.18612500e-08,-2.25000000e-05,2.97031250e-03,3.81875000e-03
-6.18212500e-08,-1.62500000e-05,2.97968750e-03,3.80312500e-03
-6.17812500e-08,-7.50000000e-06,2.98906250e-03,3.80625000e-03
-6.17412500e-08,2.81250000e-06,3.00000000e-03,3.82500000e-03
-6.17012500e-08,1.43750000e-05,3.00937500e-03,3.85937500e-03
-6.16612500e-08,2.65625000e-05,3.02031250e-03,3.90625000e-03
-6.16212500e-08,3.93750000e-05,3.02968750e-03,3.96562500e-03
-6.15812500e-08,5.15625000e-05,3.03906250e-03,4.03437500e-03
-6.15412500e-08,6.34375000e-05,3.04687500e-03,4.10937500e-03
-6.15012500e-08,7.37500000e-05,3.05312500e-03,4.18750000e-03
-6.14612500e-08,8.28125000e-05,3.06093750e-03,4.26562500e-03
-6.14212500e-08,9.00000000e-05,3.06562500e-03,4.33750000e-03
-6.13812500e-08,9.50000000e-05,3.07031250e-03,4.40625000e-03
-6.13412500e-08,9.81250000e-05,3.07343750e-03,4.46562500e-03
-6.13012500e-08,9.93750000e-05,3.07500000e-03,4.51250000e-03
-6.12612500e-08,9.87500000e-05,3.07656250e-03,4.54687500e-03
-6.12212500e-08,9.62500000e-05,3.07500000e-03,4.56875000e-03
-6.11812500e-08,9.28125000e-05,3.07187500e-03,4.57500000e-03
-6.11412500e-08,8.84375000e-05,3.06718750e-03,4.56875000e-03
-6.11012500e-08,8.34375000e-05,3.06093750e-03,4.54687500e-03
-6.10612500e-08,7.81250000e-05,3.05312500e-03,4.51562500e-03
-6.10212500e-08,7.31250000e-05,3.04218750e-03,4.47500000e-03
-6.09812500e-08,6.84375000e-05,3.02812500e-03,4.42500000e-03
-6.09412500e-08,6.46875000e-05,3.01250000e-03,4.36875000e-03
-6.09012500e-08,6.18750000e-05,2.99531250e-03,4.30937500e-03
-6.08612500e-08,6.03125000e-05,2.97656250e-03,4.25000000e-03
-6.08212500e-08,5.96875000e-05,2.95468750e-03,4.19062500e-03
-6.07812500e-08,6.06250000e-05,2.93281250e-03,4.13437500e-03
-6.07412500e-08,6.25000000e-05,2.90937500e-03,4.08125000e-03
-6.07012500e-08,6.56250000e-05,2.88593750e-03,4.03437500e-03
-6.06612500e-08,6.93750000e-05,2.86406250e-03,3.99062500e-03
-6.06212500e-08,7.40625000e-05,2.84218750e-03,3.95312500e-03
-6.05812500e-08,7.93750000e-05,2.82187500e-03,3.92500000e-03
-6.05412500e-08,8.46875000e-05,2.80625000e-03,3.89687500e-03
-6.05012500e-08,9.03125000e-05,2.79218750e-03,3.87812500e-03
-6.04612500e-08,9.59375000e-05,2.78281250e-03,3.85937500e-03
-6.04212500e-08,1.01250000e-04,2.77968750e-03,3.84375000e-03
-6.03812500e-08,1.06250000e-04,2.77968750e-03,3.82812500e-03
-6.03412500e-08,1.10937500e-04,2.78437500e-03,3.81562500e-03
-6.03012500e-08,1.15000000e-04,2.79531250e-03,3.80312500e-03
-6.02612500e-08,1.18750000e-04,2.81250000e-03,3.78750000e-03
-6.02212500e-08,1.22187500e-04,2.83437500e-03,3.77187500e-03
-6.01812500e-08,1.25312500e-04,2.85937500e-03,3.75312500e-03
-6.01412500e-08,1.27812500e-04,2.88906250e-03,3.73750000e-03
-6.01012500e-08,1.30312500e-04,2.92343750e-03,3.71875000e-03
-6.00612500e-08,1.32812500e-04,2.95937500e-03,3.70312500e-03
-6.00212500e-08,1.35000000e-04,2.99687500e-03,3.68750000e-03
-5.99812500e-08,1.37187500e-04,3.03437500e-03,3.67500000e-03
-5.99412500e-08,1.39062500e-04,3.07187500e-03,3.66875000e-03
-5.99012500e-08,1.40937500e-04,3.10781250e-03,3.66250000e-03
-5.98612500e-08,1.42812500e-04,3.14062500e-03,3.66562500e-03
-5.98212500e-08,1.44375000e-04,3.17187500e-03,3.67500000e-03
-5.97812500e-08,1.45625000e-04,3.19687500e-03,3.69062500e-03
-5.97412500e-08,1.46562500e-04,3.21718750e-03,3.71250000e-03
-5.97012500e-08,1.47187500e-04,3.23281250e-03,3.73750000e-03
-5.96612500e-08,1.47187500e-04,3.24218750e-03,3.77187500e-03
-5.96212500e-08,1.46562500e-04,3.24375000e-03,3.80625000e-03
-5.95812500e-08,1.45000000e-04,3.24218750e-03,3.84687500e-03
-5.95412500e-08,1.42812500e-04,3.23281250e-03,3.88437500e-03
-5.95012500e-08,1.39687500e-04,3.21718750e-03,3.92500000e-03
-5.94612500e-08,1.35937500e-04,3.19843750e-03,3.96250000e-03
-5.94212500e-08,1.31562500e-04,3.17343750e-03,3.99687500e-03
-5.93812500e-08,1.26250000e-04,3.14687500e-03,4.02500000e-03
-5.93412500e-08,1.20625000e-04,3.11562500e-03,4.04687500e-03
-5.93012500e-08,1.14375000e-04,3.08281250e-03,4.06250000e-03
-5.92612500e-08,1.08125000e-04,3.04843750e-03,4.07187500e-03
-5.92212500e-08,1.01250000e-04,3.01562500e-03,4.07500000e-03
-5.91812500e-08,9.50000000e-05,2.98125000e-03,4.07187500e-03
-5.91412500e-08,8.84375000e-05,2.94843750e-03,4.06250000e-03
-5.91012500e-08,8.25000000e-05,2.91875000e-03,4.05000000e-03
-5.90612500e-08,7.71875000e-05,2.89062500e-03,4.03750000e-03
-5.90212500e-08,7.25000000e-05,2.86406250e-03,4.02187500e-03
-5.89812500e-08,6.87500000e-05,2.84218750e-03,4.00937500e-03
-5.89412500e-08,6.56250000e-05,2.82343750e-03,3.99687500e-03
-5.89012500e-08,6.37500000e-05,2.80781250e-03,3.99375000e-03
-5.88612500e-08,6.28125000e-05,2.79531250e-03,3.99687500e-03
-5.88212500e-08,6.31250000e-05,2.78593750e-03,4.00625000e-03
-5.87812500e-08,6.40625000e-05,2.77812500e-03,4.02500000e-03
-5.87412500e-08,6.62500000e-05,2.77343750e-03,4.05312500e-03
-5.87012500e-08,6.93750000e-05,2.77187500e-03,4.08750000e-03
-5.86612500e-08,7.34375000e-05,2.77187500e-03,4.12812500e-03
-5.86212500e-08,7.81250000e-05,2.77343750e-03,4.17500000e-03
-5.85812500e-08,8.34375000e-05,2.77500000e-03,4.22812500e-03
-5.85412500e-08,8.90625000e-05,2.77812500e-03,4.28125000e-03
-5.85012500e-08,9.50000000e-05,2.78125000e-03,4.33125000e-03
-5.84612500e-08,1.00937500e-04,2.78593750e-03,4.38125000e-03
-5.84212500e-08,1.06875000e-04,2.79062500e-03,4.42500000e-03
-5.83812500e-08,1.12500000e-04,2.79531250e-03,4.45937500e-03
-5.83412500e-08,1.17812500e-04,2.80000000e-03,4.48125000e-03
-5.83012500e-08,1.21875000e-04,2.80468750e-03,4.49375000e-03
-5.82612500e-08,1.25312500e-04,2.80937500e-03,4.49375000e-03
-5.82212500e-08,1.27500000e-04,2.81562500e-03,4.48125000e-03
-5.81812500e-08,1.28437500e-04,2.82187500e-03,4.45625000e-03
-5.81412500e-08,1.27812500e-04,2.82812500e-03,4.42187500e-03
-5.81012500e-08,1.25625000e-04,2.83437500e-03,4.37500000e-03
-5.80612500e-08,1.21875000e-04,2.84062500e-03,4.32187500e-03
-5.80212500e-08,1.16562500e-04,2.84687500e-03,4.26250000e-03
-5.79812500e-08,1.09687500e-04,2.85468750e-03,4.20312500e-03
-5.79412500e-08,1.01250000e-04,2.86093750e-03,4.14375000e-03
-5.79012500e-08,9.15625000e-05,2.86718750e-03,4.09062500e-03
-5.78612500e-08,8.06250000e-05,2.87343750e-03,4.04375000e-03
-5.78212500e-08,6.90625000e-05,2.87968750e-03,4.00937500e-03
-5.77812500e-08,5.68750000e-05,2.88437500e-03,3.98437500e-03
-5.77412500e-08,4.43750000e-05,2.88750000e-03,3.97812500e-03
-5.77012500e-08,3.25000000e-05,2.88906250e-03,3.98437500e-03
-5.76612500e-08,2.09375000e-05,2.89062500e-03,4.00625000e-03
-5.76212500e-08,1.06250000e-05,2.89062500e-03,4.04687500e-03
-5.75812500e-08,1.56250000e-06,2.88906250e-03,4.09687500e-03
-5.75412500e-08,-5.31250000e-06,2.88750000e-03,4.16250000e-03
-5.75012500e-08,-1.03125000e-05,2.88437500e-03,4.23437500e-03
-5.74612500e-08,-1.31250000e-05,2.88125000e-03,4.31562500e-03
-5.74212500e-08,-1.34375000e-05,2.87656250e-03,4.39687500e-03
-5.73812500e-08,-1.15625000e-05,2.87343750e-03,4.47812500e-03
-5.73412500e-08,-6.87500000e-06,2.87031250e-03,4.55625000e-03
-5.73012500e-08,-3.12500000e-07,2.86875000e-03,4.62187500e-03
-5.72612500e-08,8.43750000e-06,2.86718750e-03,4.67812500e-03
-5.72212500e-08,1.87500000e-05,2.86875000e-03,4.72187500e-03
-5.71812500e-08,3.03125000e-05,2.87187500e-03,4.74687500e-03
-5.71412500e-08,4.25000000e-05,2.87656250e-03,4.75625000e-03
-5.71012500e-08,5.46875000e-05,2.88281250e-03,4.75000000e-03
-5.70612500e-08,6.65625000e-05,2.89218750e-03,4.72187500e-03
-5.70212500e-08,7.75000000e-05,2.90156250e-03,4.68125000e-03
-5.69812500e-08,8.71875000e-05,2.91406250e-03,4.62500000e-03
-5.69412500e-08,9.46875000e-05,2.92656250e-03,4.55937500e-03
-5.69012500e-08,1.00000000e-04,2.93906250e-03,4.48125000e-03
-5.68612500e-08,1.02812500e-04,2.95156250e-03,4.40312500e-03
-5.68212500e-08,1.02812500e-04,2.96250000e-03,4.32187500e-03
-5.67812500e-08,1.00312500e-04,2.97187500e-03,4.24375000e-03
-5.67412500e-08,9.50000000e-05,2.97968750e-03,4.17187500e-03
-5.67012500e-08,8.75000000e-05,2.98437500e-03,4.10937500e-03
-5.66612500e-08,7.75000000e-05,2.98593750e-03,4.05937500e-03
-5.66212500e-08,6.62500000e-05,2.98437500e-03,4.02500000e-03
-5.65812500e-08,5.34375000e-05,2.97968750e-03,4.00625000e-03
-5.65412500e-08,4.00000000e-05,2.97031250e-03,4.00625000e-03
-5.65012500e-08,2.65625000e-05,2.95937500e-03,4.01875000e-03
-5.64612500e-08,1.37500000e-05,2.94375000e-03,4.05000000e-03
-5.64212500e-08,1.87500000e-06,2.92812500e-03,4.09375000e-03
-5.63812500e-08,-8.12500000e-06,2.90937500e-03,4.14687500e-03
-5.63412500e-08,-1.62500000e-05,2.89062500e-03,4.20937500e-03
-5.63012500e-08,-2.21875000e-05,2.87031250e-03,4.27812500e-03
-5.62612500e-08,-2.56250000e-05,2.85312500e-03,4.35000000e-03
-5.62212500e-08,-2.59375000e-05,2.83750000e-03,4.41875000e-03
-5.61812500e-08,-2.40625000e-05,2.82343750e-03,4.48125000e-03
-5.61412500e-08,-1.93750000e-05,2.81250000e-03,4.53750000e-03
-5.61012500e-08,-1.25000000e-05,2.80625000e-03,4.58437500e-03
-5.60612500e-08,-4.06250000e-06,2.80468750e-03,4.61562500e-03
-5.60212500e-08,6.25000000e-06,2.80781250e-03,4.63437500e-03
-5.59812500e-08,1.75000000e-05,2.81406250e-03,4.63750000e-03
-5.59412500e-08,2.90625000e-05,2.82500000e-03,4.62500000e-03
-5.59012500e-08,4.03125000e-05,2.83906250e-03,4.60000000e-03
-5.58612500e-08,5.12500000e-05,2.85781250e-03,4.56250000e-03
-5.58212500e-08,6.12500000e-05,2.87812500e-03,4.51250000e-03
-5.57812500e-08,6.93750000e-05,2.90000000e-03,4.45625000e-03
-5.57412500e-08,7.59375000e-05,2.92343750e-03,4.39062500e-03
-5.57012500e-08,8.03125000e-05,2.94531250e-03,4.32500000e-03
-5.56612500e-08,8.28125000e-05,2.96718750e-03,4.25625000e-03
-5.56212500e-08,8.31250000e-05,2.98750000e-03,4.19062500e-03
-5.55812500e-08,8.12500000e-05,3.00468750e-03,4.13125000e-03
-5.55412500e-08,7.75000000e-05,3.02031250e-03,4.07812500e-03
-5.55012500e-08,7.21875000e-05,3.03125000e-03,4.03437500e-03
-5.54612500e-08,6.56250000e-05,3.03906250e-03,4.00312500e-03
-5.54212500e-08,5.81250000e-05,3.04218750e-03,3.97812500e-03
-5.53812500e-08,5.03125000e-05,3.04375000e-03,3.96875000e-03
-5.53412500e-08,4.28125000e-05,3.04062500e-03,3.96562500e-03
-5.53012500e-08,3.53125000e-05,3.03593750e-03,3.97500000e-03
-5.52612500e-08,2.87500000e-05,3.02968750e-03,3.99375000e-03
-5.52212500e-08,2.34375000e-05,3.02187500e-03,4.01562500e-03
-5.51812500e-08,1.93750000e-05,3.01406250e-03,4.04687500e-03
-5.51412500e-08,1.68750000e-05,3.00781250e-03,4.07812500e-03
-5.51012500e-08,1.62500000e-05,3.00156250e-03,4.11250000e-03
-5.50612500e-08,1.75000000e-05,2.99687500e-03,4.14375000e-03
-5.50212500e-08,2.06250000e-05,2.99531250e-03,4.17187500e-03
-5.49812500e-08,2.53125000e-05,2.99687500e-03,4.19687500e-03
-5.49412500e-08,3.15625000e-05,3.00312500e-03,4.21562500e-03
-5.49012500e-08,3.90625000e-05,3.01093750e-03,4.23125000e-03
-5.48612500e-08,4.78125000e-05,3.02343750e-03,4.23750000e-03
-5.48212500e-08,5.71875000e-05,3.03750000e-03,4.24062500e-03
-5.47812500e-08,6.71875000e-05,3.05625000e-03,4.23437500e-03
-5.47412500e-08,7.71875000e-05,3.07656250e-03,4.22500000e-03
-5.47012500e-08,8.71875000e-05,3.09843750e-03,4.21250000e-03
-5.46612500e-08,9.65625000e-05,3.12187500e-03,4.19687500e-03
-5.46212500e-08,1.05625000e-04,3.14531250e-03,4.17812500e-03
-5.45812500e-08,1.13750000e-04,3.16718750e-03,4.15937500e-03
-5.45412500e-08,1.20625000e-04,3.18906250e-03,4.14375000e-03
-5.45012500e-08,1.26562500e-04,3.20781250e-03,4.12812500e-03
-5.44612500e-08,1.31250000e-04,3.22500000e-03,4.11875000e-03
-5.44212500e-08,1.34375000e-04,3.23750000e-03,4.10937500e-03
-5.43812500e-08,1.36562500e-04,3.24687500e-03,4.10625000e-03
-5.43412500e-08,1.36875000e-04,3.25156250e-03,4.10625000e-03
-5.43012500e-08,1.35937500e-04,3.25312500e-03,4.10937500e-03
-5.42612500e-08,1.33750000e-04,3.24843750e-03,4.11562500e-03
-5.42212500e-08,1.30312500e-04,3.24062500e-03,4.12500000e-03
-5.41812500e-08,1.25625000e-04,3.22812500e-03,4.13437500e-03
-5.41412500e-08,1.20000000e-04,3.21093750e-03,4.14375000e-03
-5.41012500e-08,1.13125000e-04,3.19062500e-03,4.15000000e-03
-5.40612500e-08,1.05625000e-04,3.16875000e-03,4.15625000e-03
-5.40212500e-08,9.75000000e-05,3.14375000e-03,4.15937500e-03
-5.39812500e-08,8.84375000e-05,3.11718750e-03,4.15937500e-03
-5.39412500e-08,7.93750000e-05,3.08906250e-03,4.15312500e-03
-5.39012500e-08,7.00000000e-05,3.06250000e-03,4.14062500e-03
-5.38612500e-08,6.06250000e-05,3.03437500e-03,4.12500000e-03
-5.38212500e-08,5.15625000e-05,3.00937500e-03,4.10625000e-03
-5.37812500e-08,4.28125000e-05,2.98437500e-03,4.08437500e-03
-5.37412500e-08,3.50000000e-05,2.96250000e-03,4.05937500e-03
-5.37012500e-08,2.81250000e-05,2.94375000e-03,4.03125000e-03
-5.36612500e-08,2.21875000e-05,2.92812500e-03,4.00312500e-03
-5.36212500e-08,1.78125000e-05,2.91718750e-03,3.97812500e-03
-5.35812500e-08,1.50000000e-05,2.90937500e-03,3.95625000e-03
-5.35412500e-08,1.37500000e-05,2.90468750e-03,3.93750000e-03
-5.35012500e-08,1.40625000e-05,2.90468750e-03,3.92187500e-03
-5.34612500e-08,1.62500000e-05,2.90937500e-03,3.91250000e-03
-5.34212500e-08,2.03125000e-05,2.91718750e-03,3.90937500e-03
-5.33812500e-08,2.59375000e-05,2.92812500e-03,3.91250000e-03
-5.33412500e-08,3.34375000e-05,2.94062500e-03,3.92187500e-03
-5.33012500e-08,4.21875000e-05,2.95781250e-03,3.93750000e-03
-5.32612500e-08,5.21875000e-05,2.97500000e-03,3.95625000e-03
-5.32212500e-08,6.31250000e-05,2.99375000e-03,3.97812500e-03
-5.31812500e-08,7.46875000e-05,3.01406250e-03,4.00312500e-03
-5.31412500e-08,8.65625000e-05,3.03437500e-03,4.02500000e-03
-5.31012500e-08,9.87500000e-05,3.05312500e-03,4.04687500e-03
-5.30612500e-08,1.10625000e-04,3.07031250e-03,4.06562500e-03
-5.30212500e-08,1.21875000e-04,3.08593750e-03,4.07812500e-03
-5.29812500e-08,1.32187500e-04,3.10000000e-03,4.08750000e-03
-5.29412500e-08,1.41875000e-04,3.11093750e-03,4.08437500e-03
-5.29012500e-08,1.50312500e-04,3.11875000e-03,4.07500000e-03
-5.28612500e-08,1.57500000e-04,3.12343750e-03,4.05625000e-03
-5.28212500e-08,1.63437500e-04,3.12500000e-03,4.03125000e-03
-5.27812500e-08,1.68125000e-04,3.12343750e-03,3.99375000e-03
-5.27412500e-08,1.71562500e-04,3.11875000e-03,3.95312500e-03
-5.27012500e-08,1.73750000e-04,3.11093750e-03,3.90937500e-03
-5.26612500e-08,1.75312500e-04,3.10000000e-03,3.85937500e-03
-5.26212500e-08,1.76250000e-04,3.08750000e-03,3.80937500e-03
-5.25812500e-08,1.76562500e-04,3.07343750e-03,3.76250000e-03
-5.25412500e-08,1.76562500e-04,3.05781250e-03,3.71875000e-03
-5.25012500e-08,1.76875000e-04,3.04218750e-03,3.68125000e-03
-5.24612500e-08,1.77187500e-04,3.02656250e-03,3.65625000e-03
-5.24212500e-08,1.77812500e-04,3.01250000e-03,3.64062500e-03
-5.23812500e-08,1.79062500e-04,2.99843750e-03,3.63750000e-03
-5.23412500e-08,1.80937500e-04,2.98437500e-03,3.64687500e-03
-5.23012500e-08,1.83125000e-04,2.97343750e-03,3.67187500e-03
-5.22612500e-08,1.86250000e-04,2.96562500e-03,3.71250000e-03
-5.22212500e-08,1.89687500e-04,2.95781250e-03,3.76562500e-03
-5.21812500e-08,1.93437500e-04,2.95312500e-03,3.82812500e-03
-5.21412500e-08,1.97500000e-04,2.95000000e-03,3.90312500e-03
-5.21012500e-08,2.01875000e-04,2.95000000e-03,3.98750000e-03
-5.20612500e-08,2.05625000e-04,2.95156250e-03,4.07500000e-03
-5.20212500e-08,2.09375000e-04,2.95312500e-03,4.16562500e-03
-5.19812500e-08,2.12187500e-04,2.95781250e-03,4.25312500e-03
-5.19412500e-08,2.14375000e-04,2.96250000e-03,4.33750000e-03
-5.19012500e-08,2.15312500e-04,2.96718750e-03,4.41250000e-03
-5.18612500e-08,2.15312500e-04,2.97187500e-03,4.47812500e-03
-5.18212500e-08,2.14062500e-04,2.97656250e-03,4.52812500e-03
-5.17812500e-08,2.11250000e-04,2.98125000e-03,4.56562500e-03
-5.17412500e-08,2.07500000e-04,2.98437500e-03,4.58437500e-03
-5.17012500e-08,2.02187500e-04,2.98593750e-03,4.58750000e-03
-5.16612500e-08,1.95937500e-04,2.98593750e-03,4.57187500e-03
-5.16212500e-08,1.88750000e-04,2.98437500e-03,4.54062500e-03
-5.15812500e-08,1.80937500e-04,2.98281250e-03,4.49375000e-03
-5.15412500e-08,1.72500000e-04,2.97812500e-03,4.43125000e-03
-5.15012500e-08,1.63750000e-04,2.97187500e-03,4.36250000e-03
-5.14612500e-08,1.54687500e-04,2.96562500e-03,4.28125000e-03
-5.14212500e-08,1.45937500e-04,2.95781250e-03,4.20000000e-03
-5.13812500e-08,1.37812500e-04,2.95000000e-03,4.11562500e-03
-5.13412500e-08,1.30000000e-04,2.94062500e-03,4.03750000e-03
-5.13012500e-08,1.22812500e-04,2.93125000e-03,3.96250000e-03
-5.12612500e-08,1.16875000e-04,2.92031250e-03,3.89687500e-03
-5.12212500e-08,1.11562500e-04,2.91093750e-03,3.84375000e-03
-5.11812500e-08,1.07187500e-04,2.90156250e-03,3.80625000e-03
-5.11412500e-08,1.04062500e-04,2.89218750e-03,3.78125000e-03
-5.11012500e-08,1.01875000e-04,2.88281250e-03,3.77812500e-03
-5.10612500e-08,1.00312500e-04,2.87500000e-03,3.78750000e-03
-5.10212500e-08,9.96875000e-05,2.86718750e-03,3.81875000e-03
-5.09812500e-08,9.96875000e-05,2.85937500e-03,3.86250000e-03
-5.09412500e-08,1.00312500e-04,2.85312500e-03,3.92187500e-03
-5.09012500e-08,1.01250000e-04,2.84843750e-03,3.99062500e-03
-5.08612500e-08,1.02812500e-04,2.84531250e-03,4.07187500e-03
-5.08212500e-08,1.04375000e-04,2.84218750e-03,4.15625000e-03
-5.07812500e-08,1.06250000e-04,2.83906250e-03,4.24687500e-03
-5.07412500e-08,1.08125000e-04,2.83906250e-03,4.33750000e-03
-5.07012500e-08,1.10000000e-04,2.84062500e-03,4.42500000e-03
-5.06612500e-08,1.12187500e-04,2.84218750e-03,4.50625000e-03
-5.06212500e-08,1.14375000e-04,2.84687500e-03,4.58125000e-03
-5.05812500e-08,1.16250000e-04,2.85312500e-03,4.64375000e-03
-5.05412500e-08,1.18437500e-04,2.86093750e-03,4.69375000e-03
-5.05012500e-08,1.20625000e-04,2.87031250e-03,4.73437500e-03
-5.04612500e-08,1.22812500e-04,2.88125000e-03,4.75625000e-03
-5.04212500e-08,1.25000000e-04,2.89531250e-03,4.76875000e-03
-5.03812500e-08,1.27187500e-04,2.91093750e-03,4.76562500e-03
-5.03412500e-08,1.29062500e-04,2.92812500e-03,4.75000000e-03
-5.03012500e-08,1.30937500e-04,2.94687500e-03,4.72187500e-03
-5.02612500e-08,1.32500000e-04,2.96718750e-03,4.68750000e-03
-5.02212500e-08,1.33437500e-04,2.98750000e-03,4.64375000e-03
-5.01812500e-08,1.34062500e-04,3.00781250e-03,4.59375000e-03
-5.01412500e-08,1.33750000e-04,3.02968750e-03,4.54375000e-03
-5.01012500e-08,1.32500000e-04,3.05000000e-03,4.49062500e-03
-5.00612500e-08,1.30312500e-04,3.06875000e-03,4.43750000e-03
-5.00212500e-08,1.26875000e-04,3.08593750e-03,4.39062500e-03
-4.99812500e-08,1.22187500e-04,3.10156250e-03,4.34375000e-03
-4.99412500e-08,1.15937500e-04,3.11406250e-03,4.30625000e-03
-4.99012500e-08,1.08750000e-04,3.12343750e-03,4.27500000e-03
-4.98612500e-08,1.00000000e-04,3.12968750e-03,4.25000000e-03
-4.98212500e-08,9.03125000e-05,3.13281250e-03,4.23437500e-03
-4.97812500e-08,7.93750000e-05,3.13281250e-03,4.22812500e-03
-4.97412500e-08,6.78125000e-05,3.12968750e-03,4.22500000e-03
-4.97012500e-08,5.59375000e-05,3.12343750e-03,4.23125000e-03
-4.96612500e-08,4.37500000e-05,3.11406250e-03,4.24375000e-03
-4.96212500e-08,3.18750000e-05,3.10312500e-03,4.25937500e-03
-4.95812500e-08,2.03125000e-05,3.08906250e-03,4.27812500e-03
-4.95412500e-08,1.00000000e-05,3.07656250e-03,4.30000000e-03
-4.95012500e-08,1.25000000e-06,3.06250000e-03,4.32187500e-03
-4.94612500e-08,-5.93750000e-06,3.05000000e-03,4.34687500e-03
-4.94212500e-08,-1.12500000e-05,3.03906250e-03,4.36875000e-03
-4.93812500e-08,-1.43750000e-05,3.03125000e-03,4.38750000e-03
-4.93412500e-08,-1.50000000e-05,3.02500000e-03,4.40312500e-03
-4.93012500e-08,-1.34375000e-05,3.02343750e-03,4.41562500e-03
-4.92612500e-08,-9.68750000e-06,3.02500000e-03,4.42187500e-03
-4.92212500e-08,-3.75000000e-06,3.02968750e-03,4.42500000e-03
-4.91812500e-08,4.37500000e-06,3.03906250e-03,4.42187500e-03
-4.91412500e-08,1.37500000e-05,3.05312500e-03,4.41562500e-03
-4.91012500e-08,2.43750000e-05,3.06875000e-03,4.40625000e-03
-4.90612500e-08,3.56250000e-05,3.08750000e-03,4.39062500e-03
-4.90212500e-08,4.68750000e-05,3.10781250e-03,4.37187500e-03
-4.89812500e-08,5.78125000e-05,3.12812500e-03,4.35000000e-03
-4.89412500e-08,6.81250000e-05,3.15000000e-03,4.32500000e-03
-4.89012500e-08,7.68750000e-05,3.17031250e-03,4.30000000e-03
-4.88612500e-08,8.43750000e-05,3.18750000e-03,4.27187500e-03
-4.88212500e-08,8.93750000e-05,3.20312500e-03,4.24375000e-03
-4.87812500e-08,9.25000000e-05,3.21250000e-03,4.21875000e-03
-4.87412500e-08,9.31250000e-05,3.21875000e-03,4.19375000e-03
-4.87012500e-08,9.18750000e-05,3.21875000e-03,4.17187500e-03
-4.86612500e-08,8.81250000e-05,3.21406250e-03,4.15312500e-03
-4.86212500e-08,8.25000000e-05,3.20156250e-03,4.14062500e-03
-4.85812500e-08,7.53125000e-05,3.18437500e-03,4.12812500e-03
-4.85412500e-08,6.71875000e-05,3.16250000e-03,4.12500000e-03
-4.85012500e-08,5.84375000e-05,3.13593750e-03,4.12187500e-03
-4.84612500e-08,4.93750000e-05,3.10468750e-03,4.12812500e-03
-4.84212500e-08,4.09375000e-05,3.07031250e-03,4.13750000e-03
-4.83812500e-08,3.34375000e-05,3.03437500e-03,4.15312500e-03
-4.83412500e-08,2.71875000e-05,2.99687500e-03,4.17187500e-03
-4.83012500e-08,2.31250000e-05,2.96093750e-03,4.19687500e-03
-4.82612500e-08,2.09375000e-05,2.92656250e-03,4.22187500e-03
-4.82212500e-08,2.09375000e-05,2.89531250e-03,4.25312500e-03
-4.81812500e-08,2.34375000e-05,2.86718750e-03,4.28437500e-03
-4.81412500e-08,2.78125000e-05,2.84375000e-03,4.31562500e-03
-4.81012500e-08,3.46875000e-05,2.82656250e-03,4.34687500e-03
-4.80612500e-08,4.28125000e-05,2.81562500e-03,4.37812500e-03
-4.80212500e-08,5.21875000e-05,2.81093750e-03,4.40625000e-03
-4.79812500e-08,6.25000000e-05,2.81093750e-03,4.42812500e-03
-4.79412500e-08,7.28125000e-05,2.81718750e-03,4.44687500e-03
-4.79012500e-08,8.25000000e-05,2.82812500e-03,4.45937500e-03
-4.78612500e-08,9.09375000e-05,2.84375000e-03,4.46562500e-03
-4.78212500e-08,9.78125000e-05,2.86250000e-03,4.46562500e-03
-4.77812500e-08,1.02500000e-04,2.88437500e-03,4.45625000e-03
-4.77412500e-08,1.04375000e-04,2.90625000e-03,4.44375000e-03
-4.77012500e-08,1.03750000e-04,2.92968750e-03,4.42187500e-03
-4.76612500e-08,1.00000000e-04,2.95156250e-03,4.39687500e-03
-4.76212500e-08,9.31250000e-05,2.97187500e-03,4.36562500e-03
-4.75812500e-08,8.37500000e-05,2.99062500e-03,4.33125000e-03
-4.75412500e-08,7.18750000e-05,3.00625000e-03,4.29687500e-03
-4.75012500e-08,5.78125000e-05,3.01718750e-03,4.26250000e-03
-4.74612500e-08,4.25000000e-05,3.02656250e-03,4.22812500e-03
-4.74212500e-08,2.65625000e-05,3.03125000e-03,4.20000000e-03
-4.73812500e-08,1.03125000e-05,3.03281250e-03,4.17500000e-03
-4.73412500e-08,-5.31250000e-06,3.02968750e-03,4.15625000e-03
-4.73012500e-08,-1.93750000e-05,3.02656250e-03,4.14375000e-03
-4.72612500e-08,-3.18750000e-05,3.02031250e-03,4.14062500e-03
-4.72212500e-08,-4.18750000e-05,3.01250000e-03,4.14687500e-03
-4.71812500e-08,-4.90625000e-05,3.00468750e-03,4.16250000e-03
-4.71412500e-08,-5.31250000e-05,2.99843750e-03,4.18750000e-03
-4.71012500e-08,-5.40625000e-05,2.99218750e-03,4.21875000e-03
-4.70612500e-08,-5.18750000e-05,2.98750000e-03,4.25625000e-03
-4.70212500e-08,-4.65625000e-05,2.98437500e-03,4.30312500e-03
-4.69812500e-08,-3.90625000e-05,2.98281250e-03,4.35000000e-03
-4.69412500e-08,-2.90625000e-05,2.98437500e-03,4.40000000e-03
-4.69012500e-08,-1.78125000e-05,2.98906250e-03,4.45000000e-03
-4.68612500e-08,-5.62500000e-06,2.99375000e-03,4.49687500e-03
-4.68212500e-08,6.87500000e-06,3.00000000e-03,4.54062500e-03
-4.67812500e-08,1.90625000e-05,3.00781250e-03,4.57812500e-03
-4.67412500e-08,3.00000000e-05,3.01406250e-03,4.60625000e-03
-4.67012500e-08,3.96875000e-05,3.02187500e-03,4.62812500e-03
-4.66612500e-08,4.75000000e-05,3.02656250e-03,4.63750000e-03
-4.66212500e-08,5.31250000e-05,3.02968750e-03,4.63750000e-03
-4.65812500e-08,5.65625000e-05,3.03125000e-03,4.62500000e-03
-4.65412500e-08,5.78125000e-05,3.02812500e-03,4.60312500e-03
-4.65012500e-08,5.68750000e-05,3.02343750e-03,4.57500000e-03
-4.64612500e-08,5.40625000e-05,3.01406250e-03,4.53750000e-03
-4.64212500e-08,5.03125000e-05,3.00156250e-03,4.49375000e-03
-4.63812500e-08,4.53125000e-05,2.98750000e-03,4.44687500e-03
-4.63412500e-08,4.03125000e-05,2.96875000e-03,4.39687500e-03
-4.63012500e-08,3.53125000e-05,2.95000000e-03,4.35000000e-03
-4.62612500e-08,3.15625000e-05,2.92968750e-03,4.30312500e-03
-4.62212500e-08,2.87500000e-05,2.90937500e-03,4.26250000e-03
-4.61812500e-08,2.81250000e-05,2.88906250e-03,4.22500000e-03
-4.61412500e-08,2.93750000e-05,2.87031250e-03,4.20000000e-03
-4.61012500e-08,3.28125000e-05,2.85625000e-03,4.18125000e-03
-4.60612500e-08,3.84375000e-05,2.84375000e-03,4.17187500e-03
-4.60212500e-08,4.62500000e-05,2.83593750e-03,4.16875000e-03
-4.59812500e-08,5.59375000e-05,2.83125000e-03,4.17812500e-03
-4.59412500e-08,6.68750000e-05,2.83281250e-03,4.19375000e-03
-4.59012500e-08,7.87500000e-05,2.83906250e-03,4.21875000e-03
-4.58612500e-08,9.06250000e-05,2.85000000e-03,4.24687500e-03
-4.58212500e-08,1.02187500e-04,2.86562500e-03,4.27812500e-03
-4.57812500e-08,1.12812500e-04,2.88437500e-03,4.31250000e-03
-4.57412500e-08,1.21875000e-04,2.90625000e-03,4.34375000e-03
-4.57012500e-08,1.28437500e-04,2.92968750e-03,4.37500000e-03
-4.56612500e-08,1.32500000e-04,2.95468750e-03,4.40312500e-03
-4.56212500e-08,1.33750000e-04,2.97968750e-03,4.42812500e-03
-4.55812500e-08,1.31875000e-04,3.00312500e-03,4.44375000e-03
-4.55412500e-08,1.26562500e-04,3.02343750e-03,4.45625000e-03
-4.55012500e-08,1.18437500e-04,3.04062500e-03,4.45937500e-03
-4.54612500e-08,1.07812500e-04,3.05468750e-03,4.45937500e-03
-4.54212500e-08,9.46875000e-05,3.06406250e-03,4.45000000e-03
-4.53812500e-08,8.03125000e-05,3.06875000e-03,4.43750000e-03
-4.53412500e-08,6.50000000e-05,3.06875000e-03,4.42187500e-03
-4.53012500e-08,4.90625000e-05,3.06250000e-03,4.40312500e-03
-4.52612500e-08,3.40625000e-05,3.05312500e-03,4.38125000e-03
-4.52212500e-08,1.96875000e-05,3.04062500e-03,4.36250000e-03
-4.51812500e-08,7.50000000e-06,3.02500000e-03,4.34687500e-03
-4.51412500e-08,-2.81250000e-06,3.00781250e-03,4.33125000e-03
-4.51012500e-08,-1.00000000e-05,2.98906250e-03,4.32187500e-03
-4.50612500e-08,-1.46875000e-05,2.97187500e-03,4.31562500e-03
-4.50212500e-08,-1.65625000e-05,2.95625000e-03,4.31562500e-03
-4.49812500e-08,-1.53125000e-05,2.94375000e-03,4.31875000e-03
-4.49412500e-08,-1.15625000e-05,2.93437500e-03,4.32812500e-03
-4.49012500e-08,-5.62500000e-06,2.92968750e-03,4.34062500e-03
-4.48612500e-08,2.18750000e-06,2.93125000e-03,4.35625000e-03
-4.48212500e-08,1.12500000e-05,2.93750000e-03,4.37187500e-03
-4.47812500e-08,2.09375000e-05,2.95000000e-03,4.38750000e-03
-4.47412500e-08,3.03125000e-05,2.96875000e-03,4.40000000e-03
-4.47012500e-08,3.96875000e-05,2.99062500e-03,4.41250000e-03
-4.46612500e-08,4.78125000e-05,3.01718750e-03,4.42187500e-03
-4.46212500e-08,5.43750000e-05,3.04843750e-03,4.42187500e-03
-4.45812500e-08,5.93750000e-05,3.08125000e-03,4.41875000e-03
-4.45412500e-08,6.28125000e-05,3.11406250e-03,4.40937500e-03
-4.45012500e-08,6.40625000e-05,3.14687500e-03,4.39375000e-03
-4.44612500e-08,6.37500000e-05,3.17812500e-03,4.37187500e-03
-4.44212500e-08,6.18750000e-05,3.20625000e-03,4.34687500e-03
-4.43812500e-08,5.87500000e-05,3.22968750e-03,4.31250000e-03
-4.43412500e-08,5.50000000e-05,3.24843750e-03,4.27812500e-03
-4.43012500e-08,5.12500000e-05,3.26093750e-03,4.24062500e-03
-4.42612500e-08,4.78125000e-05,3.26562500e-03,4.20000000e-03
-4.42212500e-08,4.50000000e-05,3.26250000e-03,4.15937500e-03
-4.41812500e-08,4.34375000e-05,3.25312500e-03,4.12187500e-03
-4.41412500e-08,4.34375000e-05,3.23593750e-03,4.08437500e-03
-4.41012500e-08,4.50000000e-05,3.21093750e-03,4.05312500e-03
-4.40612500e-08,4.87500000e-05,3.18125000e-03,4.02500000e-03
-4.40212500e-08,5.43750000e-05,3.14687500e-03,4.00000000e-03
-4.39812500e-08,6.15625000e-05,3.10781250e-03,3.98125000e-03
-4.39412500e-08,7.00000000e-05,3.06718750e-03,3.96562500e-03
-4.39012500e-08,7.96875000e-05,3.02656250e-03,3.95312500e-03
-4.38612500e-08,9.00000000e-05,2.98437500e-03,3.94687500e-03
-4.38212500e-08,1.00000000e-04,2.94531250e-03,3.94375000e-03
-4.37812500e-08,1.09687500e-04,2.90781250e-03,3.94062500e-03
-4.37412500e-08,1.18125000e-04,2.87656250e-03,3.94062500e-03
-4.37012500e-08,1.25000000e-04,2.84843750e-03,3.94062500e-03
-4.36612500e-08,1.30000000e-04,2.82812500e-03,3.94375000e-03
-4.36212500e-08,1.32500000e-04,2.81250000e-03,3.94375000e-03
-4.35812500e-08,1.32500000e-04,2.80468750e-03,3.94375000e-03
-4.35412500e-08,1.29687500e-04,2.80312500e-03,3.94375000e-03
-4.35012500e-08,1.24375000e-04,2.80625000e-03,3.94375000e-03
-4.34612500e-08,1.16562500e-04,2.81718750e-03,3.94375000e-03
-4.34212500e-08,1.06875000e-04,2.83125000e-03,3.94375000e-03
-4.33812500e-08,9.53125000e-05,2.85000000e-03,3.94687500e-03
-4.33412500e-08,8.28125000e-05,2.87187500e-03,3.95000000e-03
-4.33012500e-08,7.00000000e-05,2.89531250e-03,3.95625000e-03
-4.32612500e-08,5.71875000e-05,2.91875000e-03,3.96875000e-03
-4.32212500e-08,4.50000000e-05,2.94375000e-03,3.98125000e-03
-4.31812500e-08,3.40625000e-05,2.96562500e-03,4.00000000e-03
-4.31412500e-08,2.46875000e-05,2.98593750e-03,4.02500000e-03
-4.31012500e-08,1.75000000e-05,3.00312500e-03,4.05000000e-03
-4.30612500e-08,1.21875000e-05,3.01718750e-03,4.08125000e-03
-4.30212500e-08,9.37500000e-06,3.02656250e-03,4.11562500e-03
-4.29812500e-08,9.06250000e-06,3.03281250e-03,4.15000000e-03
-4.29412500e-08,1.03125000e-05,3.03437500e-03,4.18437500e-03
-4.29012500e-08,1.37500000e-05,3.03281250e-03,4.22187500e-03
-4.28612500e-08,1.87500000e-05,3.02656250e-03,4.25312500e-03
-4.28212500e-08,2.43750000e-05,3.01875000e-03,4.28437500e-03
-4.27812500e-08,3.06250000e-05,3.00781250e-03,4.30937500e-03
-4.27412500e-08,3.71875000e-05,2.99531250e-03,4.33125000e-03
-4.27012500e-08,4.31250000e-05,2.98125000e-03,4.34375000e-03
-4.26612500e-08,4.84375000e-05,2.96875000e-03,4.35312500e-03
-4.26212500e-08,5.25000000e-05,2.95468750e-03,4.35312500e-03
-4.25812500e-08,5.53125000e-05,2.94375000e-03,4.34687500e-03
-4.25412500e-08,5.65625000e-05,2.93437500e-03,4.33750000e-03
-4.25012500e-08,5.65625000e-05,2.92500000e-03,4.32187500e-03
-4.24612500e-08,5.50000000e-05,2.92031250e-03,4.30312500e-03
-4.24212500e-08,5.25000000e-05,2.91718750e-03,4.28437500e-03
-4.23812500e-08,4.90625000e-05,2.91718750e-03,4.26562500e-03
-4.23412500e-08,4.50000000e-05,2.91875000e-03,4.24687500e-03
-4.23012500e-08,4.09375000e-05,2.92187500e-03,4.23437500e-03
-4.22612500e-08,3.68750000e-05,2.92812500e-03,4.22812500e-03
-4.22212500e-08,3.37500000e-05,2.93593750e-03,4.22812500e-03
-4.21812500e-08,3.12500000e-05,2.94375000e-03,4.23437500e-03
-4.21412500e-08,3.00000000e-05,2.95312500e-03,4.25000000e-03
-4.21012500e-08,2.96875000e-05,2.96250000e-03,4.27500000e-03
-4.20612500e-08,3.06250000e-05,2.97187500e-03,4.30625000e-03
-4.20212500e-08,3.28125000e-05,2.98125000e-03,4.34687500e-03
-4.19812500e-08,3.59375000e-05,2.98906250e-03,4.39375000e-03
-4.19412500e-08,3.93750000e-05,2.99531250e-03,4.44375000e-03
-4.19012500e-08,4.31250000e-05,3.00156250e-03,4.49375000e-03
-4.18612500e-08,4.68750000e-05,3.00781250e-03,4.54687500e-03
-4.18212500e-08,5.00000000e-05,3.01250000e-03,4.59687500e-03
-4.17812500e-08,5.18750000e-05,3.01562500e-03,4.64062500e-03
-4.17412500e-08,5.21875000e-05,3.01875000e-03,4.68125000e-03
-4.17012500e-08,5.09375000e-05,3.02187500e-03,4.70937500e-03
-4.16612500e-08,4.78125000e-05,3.02500000e-03,4.73125000e-03
-4.16212500e-08,4.25000000e-05,3.02812500e-03,4.74062500e-03
-4.15812500e-08,3.53125000e-05,3.03125000e-03,4.73750000e-03
-4.15412500e-08,2.59375000e-05,3.03437500e-03,4.72187500e-03
-4.15012500e-08,1.53125000e-05,3.03750000e-03,4.69687500e-03
-4.14612500e-08,3.43750000e-06,3.04218750e-03,4.66250000e-03
-4.14212500e-08,-9.06250000e-06,3.04687500e-03,4.61875000e-03
-4.13812500e-08,-2.18750000e-05,3.05156250e-03,4.56562500e-03
-4.13412500e-08,-3.40625000e-05,3.05625000e-03,4.51250000e-03
-4.13012500e-08,-4.50000000e-05,3.05937500e-03,4.45312500e-03
-4.12612500e-08,-5.40625000e-05,3.06093750e-03,4.39687500e-03
-4.12212500e-08,-6.09375000e-05,3.06250000e-03,4.34062500e-03
-4.11812500e-08,-6.53125000e-05,3.06250000e-03,4.28750000e-03
-4.11412500e-08,-6.65625000e-05,3.05937500e-03,4.24375000e-03
-4.11012500e-08,-6.46875000e-05,3.05312500e-03,4.20312500e-03
-4.10612500e-08,-5.96875000e-05,3.04375000e-03,4.17500000e-03
-4.10212500e-08,-5.21875000e-05,3.03281250e-03,4.15312500e-03
-4.09812500e-08,-4.18750000e-05,3.01875000e-03,4.14062500e-03
-4.09412500e-08,-2.96875000e-05,3.00156250e-03,4.13750000e-03
-4.09012500e-08,-1.62500000e-05,2.98125000e-03,4.14062500e-03
-4.08612500e-08,-1.87500000e-06,2.95937500e-03,4.15000000e-03
-4.08212500e-08,1.21875000e-05,2.93437500e-03,4.16562500e-03
-4.07812500e-08,2.56250000e-05,2.90937500e-03,4.18125000e-03
-4.07412500e-08,3.71875000e-05,2.88437500e-03,4.20000000e-03
-4.07012500e-08,4.68750000e-05,2.85937500e-03,4.21875000e-03
-4.06612500e-08,5.40625000e-05,2.83593750e-03,4.23437500e-03
-4.06212500e-08,5.81250000e-05,2.81562500e-03,4.24687500e-03
-4.05812500e-08,5.90625000e-05,2.79687500e-03,4.25312500e-03
-4.05412500e-08,5.65625000e-05,2.78281250e-03,4.25625000e-03
-4.05012500e-08,5.12500000e-05,2.77187500e-03,4.25000000e-03
-4.04612500e-08,4.34375000e-05,2.76562500e-03,4.23750000e-03
-4.04212500e-08,3.34375000e-05,2.76406250e-03,4.22187500e-03
-4.03812500e-08,2.18750000e-05,2.76875000e-03,4.20000000e-03
-4.03412500e-08,9.68750000e-06,2.77812500e-03,4.17187500e-03
-4.03012500e-08,-2.18750000e-06,2.79218750e-03,4.14375000e-03
-4.02612500e-08,-1.37500000e-05,2.80937500e-03,4.11250000e-03
-4.02212500e-08,-2.34375000e-05,2.83125000e-03,4.08125000e-03
-4.01812500e-08,-3.06250000e-05,2.85468750e-03,4.05000000e-03
-4.01412500e-08,-3.53125000e-05,2.88125000e-03,4.02187500e-03
-4.01012500e-08,-3.71875000e-05,2.90937500e-03,3.99687500e-03
-4.00612500e-08,-3.53125000e-05,2.93593750e-03,3.97812500e-03
-4.00212500e-08,-3.06250000e-05,2.96250000e-03,3.96250000e-03
-3.99812500e-08,-2.25000000e-05,2.98906250e-03,3.95312500e-03
-3.99412500e-08,-1.21875000e-05,3.01093750e-03,3.95000000e-03
-3.99012500e-08,6.25000000e-07,3.03125000e-03,3.95000000e-03
-3.98612500e-08,1.43750000e-05,3.04843750e-03,3.95312500e-03
-3.98212500e-08,2.87500000e-05,3.06093750e-03,3.96250000e-03
-3.97812500e-08,4.28125000e-05,3.07031250e-03,3.97500000e-03
-3.97412500e-08,5.53125000e-05,3.07656250e-03,3.98750000e-03
-3.97012500e-08,6.59375000e-05,3.07968750e-03,4.00312500e-03
-3.96612500e-08,7.40625000e-05,3.08125000e-03,4.01562500e-03
-3.96212500e-08,7.84375000e-05,3.07968750e-03,4.03125000e-03
-3.95812500e-08,7.90625000e-05,3.07656250e-03,4.04375000e-03
-3.95412500e-08,7.59375000e-05,3.07343750e-03,4.05312500e-03
-3.95012500e-08,6.87500000e-05,3.06875000e-03,4.05937500e-03
-3.94612500e-08,5.78125000e-05,3.06718750e-03,4.06562500e-03
-3.94212500e-08,4.37500000e-05,3.06718750e-03,4.06875000e-03
-3.93812500e-08,2.71875000e-05,3.06718750e-03,4.06875000e-03
-3.93412500e-08,8.43750000e-06,3.07187500e-03,4.06875000e-03
-3.93012500e-08,-1.09375000e-05,3.07812500e-03,4.06875000e-03
-3.92612500e-08,-3.00000000e-05,3.08750000e-03,4.06562500e-03
-3.92212500e-08,-4.84375000e-05,3.09843750e-03,4.06562500e-03
-3.91812500e-08,-6.43750000e-05,3.11250000e-03,4.06250000e-03
-3.91412500e-08,-7.75000000e-05,3.12812500e-03,4.06562500e-03
-3.91012500e-08,-8.68750000e-05,3.14375000e-03,4.06875000e-03
-3.90612500e-08,-9.18750000e-05,3.15937500e-03,4.07187500e-03
-3.90212500e-08,-9.25000000e-05,3.17500000e-03,4.07812500e-03
-3.89812500e-08,-8.81250000e-05,3.18906250e-03,4.08750000e-03
-3.89412500e-08,-7.93750000e-05,3.20000000e-03,4.10000000e-03
-3.89012500e-08,-6.62500000e-05,3.20781250e-03,4.11250000e-03
-3.88612500e-08,-4.93750000e-05,3.21093750e-03,4.12500000e-03
-3.88212500e-08,-3.00000000e-05,3.21093750e-03,4.13750000e-03
-3.87812500e-08,-8.43750000e-06,3.20625000e-03,4.15000000e-03
-3.87412500e-08,1.40625000e-05,3.19531250e-03,4.16250000e-03
-3.87012500e-08,3.62500000e-05,3.18125000e-03,4.17500000e-03
-3.86612500e-08,5.71875000e-05,3.16406250e-03,4.18750000e-03
-3.86212500e-08,7.56250000e-05,3.14218750e-03,4.19687500e-03
-3.85812500e-08,9.09375000e-05,3.11718750e-03,4.20312500e-03
-3.85412500e-08,1.02187500e-04,3.09218750e-03,4.21250000e-03
-3.85012500e-08,1.08750000e-04,3.06562500e-03,4.21875000e-03
-3.84612500e-08,1.10312500e-04,3.03906250e-03,4.22500000e-03
-3.84212500e-08,1.06875000e-04,3.01250000e-03,4.23437500e-03
-3.83812500e-08,9.87500000e-05,2.99062500e-03,4.24375000e-03
-3.83412500e-08,8.56250000e-05,2.97031250e-03,4.25312500e-03
-3.83012500e-08,6.87500000e-05,2.95468750e-03,4.26562500e-03
-3.82612500e-08,4.87500000e-05,2.94218750e-03,4.28437500e-03
-3.82212500e-08,2.65625000e-05,2.93437500e-03,4.30312500e-03
-3.81812500e-08,2.81250000e-06,2.93281250e-03,4.32500000e-03
-3.81412500e-08,-2.06250000e-05,2.93437500e-03,4.35000000e-03
-3.81012500e-08,-4.34375000e-05,2.94218750e-03,4.37500000e-03
-3.80612500e-08,-6.43750000e-05,2.95156250e-03,4.40312500e-03
-3.80212500e-08,-8.21875000e-05,2.96562500e-03,4.43125000e-03
-3.79812500e-08,-9.62500000e-05,2.97968750e-03,4.45937500e-03
-3.79412500e-08,-1.06250000e-04,2.99687500e-03,4.48125000e-03
-3.79012500e-08,-1.11562500e-04,3.01406250e-03,4.50312500e-03
-3.78612500e-08,-1.11875000e-04,3.02968750e-03,4.51562500e-03
-3.78212500e-08,-1.07500000e-04,3.04531250e-03,4.52500000e-03
-3.77812500e-08,-9.87500000e-05,3.05781250e-03,4.52500000e-03
-3.77412500e-08,-8.56250000e-05,3.06718750e-03,4.51562500e-03
-3.77012500e-08,-6.90625000e-05,3.07343750e-03,4.49687500e-03
-3.76612500e-08,-5.00000000e-05,3.07500000e-03,4.46875000e-03
-3.76212500e-08,-2.90625000e-05,3.07343750e-03,4.43437500e-03
-3.75812500e-08,-7.18750000e-06,3.06875000e-03,4.39375000e-03
-3.75412500e-08,1.46875000e-05,3.06093750e-03,4.34375000e-03
-3.75012500e-08,3.59375000e-05,3.04843750e-03,4.29062500e-03
-3.74612500e-08,5.53125000e-05,3.03437500e-03,4.23750000e-03
-3.74212500e-08,7.25000000e-05,3.01875000e-03,4.18437500e-03
-3.73812500e-08,8.65625000e-05,3.00312500e-03,4.13750000e-03
-3.73412500e-08,9.75000000e-05,2.98593750e-03,4.09375000e-03
-3.73012500e-08,1.04687500e-04,2.96875000e-03,4.05937500e-03
-3.72612500e-08,1.08750000e-04,2.95156250e-03,4.03750000e-03
-3.72212500e-08,1.09062500e-04,2.93593750e-03,4.03125000e-03
-3.71812500e-08,1.06562500e-04,2.92031250e-03,4.03750000e-03
-3.71412500e-08,1.00937500e-04,2.90781250e-03,4.05937500e-03
-3.71012500e-08,9.31250000e-05,2.89531250e-03,4.09687500e-03
-3.70612500e-08,8.37500000e-05,2.88437500e-03,4.15000000e-03
-3.70212500e-08,7.34375000e-05,2.87500000e-03,4.21875000e-03
-3.69812500e-08,6.25000000e-05,2.86562500e-03,4.29687500e-03
-3.69412500e-08,5.15625000e-05,2.85625000e-03,4.38750000e-03
-3.69012500e-08,4.12500000e-05,2.84687500e-03,4.48125000e-03
-3.68612500e-08,3.21875000e-05,2.83750000e-03,4.58125000e-03
-3.68212500e-08,2.46875000e-05,2.82812500e-03,4.67812500e-03
-3.67812500e-08,1.87500000e-05,2.81718750e-03,4.76875000e-03
-3.67412500e-08,1.50000000e-05,2.80468750e-03,4.85312500e-03
-3.67012500e-08,1.28125000e-05,2.79218750e-03,4.92187500e-03
-3.66612500e-08,1.25000000e-05,2.77812500e-03,4.97812500e-03
-3.66212500e-08,1.40625000e-05,2.76562500e-03,5.01562500e-03
-3.65812500e-08,1.71875000e-05,2.75156250e-03,5.03125000e-03
-3.65412500e-08,2.12500000e-05,2.73750000e-03,5.02812500e-03
-3.65012500e-08,2.62500000e-05,2.72656250e-03,5.00312500e-03
-3.64612500e-08,3.18750000e-05,2.71718750e-03,4.95625000e-03
-3.64212500e-08,3.78125000e-05,2.70937500e-03,4.89375000e-03
-3.63812500e-08,4.37500000e-05,2.70468750e-03,4.81250000e-03
-3.63412500e-08,4.90625000e-05,2.70468750e-03,4.71875000e-03
-3.63012500e-08,5.40625000e-05,2.70781250e-03,4.61250000e-03
-3.62612500e-08,5.84375000e-05,2.71718750e-03,4.50312500e-03
-3.62212500e-08,6.21875000e-05,2.72812500e-03,4.39375000e-03
-3.61812500e-08,6.50000000e-05,2.74531250e-03,4.28437500e-03
-3.61412500e-08,6.71875000e-05,2.76562500e-03,4.18125000e-03
-3.61012500e-08,6.87500000e-05,2.78906250e-03,4.09062500e-03
-3.60612500e-08,6.96875000e-05,2.81562500e-03,4.01250000e-03
-3.60212500e-08,7.03125000e-05,2.84218750e-03,3.95000000e-03
-3.59812500e-08,7.03125000e-05,2.87031250e-03,3.90625000e-03
-3.59412500e-08,7.03125000e-05,2.89843750e-03,3.88125000e-03
-3.59012500e-08,7.00000000e-05,2.92656250e-03,3.87500000e-03
-3.58612500e-08,6.96875000e-05,2.95000000e-03,3.88750000e-03
-3.58212500e-08,6.93750000e-05,2.97187500e-03,3.91562500e-03
-3.57812500e-08,6.90625000e-05,2.99062500e-03,3.95937500e-03
-3.57412500e-08,6.84375000e-05,3.00468750e-03,4.01250000e-03
-3.57012500e-08,6.78125000e-05,3.01562500e-03,4.07500000e-03
-3.56612500e-08,6.68750000e-05,3.02031250e-03,4.14375000e-03
-3.56212500e-08,6.53125000e-05,3.02343750e-03,4.21250000e-03
-3.55812500e-08,6.34375000e-05,3.02187500e-03,4.27812500e-03
-3.55412500e-08,6.12500000e-05,3.01562500e-03,4.34062500e-03
-3.55012500e-08,5.81250000e-05,3.00937500e-03,4.39062500e-03
-3.54612500e-08,5.43750000e-05,3.00156250e-03,4.43125000e-03
-3.54212500e-08,5.00000000e-05,2.99218750e-03,4.45937500e-03
-3.53812500e-08,4.53125000e-05,2.98437500e-03,4.47500000e-03
-3.53412500e-08,4.00000000e-05,2.97656250e-03,4.47500000e-03
-3.53012500e-08,3.40625000e-05,2.97187500e-03,4.45937500e-03
-3.52612500e-08,2.84375000e-05,2.96875000e-03,4.43125000e-03
-3.52212500e-08,2.31250000e-05,2.96875000e-03,4.39375000e-03
-3.51812500e-08,1.78125000e-05,2.97187500e-03,4.34687500e-03
-3.51412500e-08,1.37500000e-05,2.97656250e-03,4.29062500e-03
-3.51012500e-08,1.03125000e-05,2.98437500e-03,4.23437500e-03
-3.50612500e-08,8.43750000e-06,2.99531250e-03,4.17812500e-03
-3.50212500e-08,7.81250000e-06,3.00625000e-03,4.12187500e-03
-3.49812500e-08,8.75000000e-06,3.01718750e-03,4.07187500e-03
-3.49412500e-08,1.15625000e-05,3.02812500e-03,4.03125000e-03
-3.49012500e-08,1.62500000e-05,3.03750000e-03,4.00000000e-03
-3.48612500e-08,2.21875000e-05,3.04531250e-03,3.97812500e-03
-3.48212500e-08,2.96875000e-05,3.05000000e-03,3.97187500e-03
-3.47812500e-08,3.84375000e-05,3.05000000e-03,3.97500000e-03
-3.47412500e-08,4.81250000e-05,3.04843750e-03,3.99375000e-03
-3.47012500e-08,5.81250000e-05,3.04218750e-03,4.02187500e-03
-3.46612500e-08,6.84375000e-05,3.03125000e-03,4.05937500e-03
-3.46212500e-08,7.81250000e-05,3.01875000e-03,4.10625000e-03
-3.45812500e-08,8.68750000e-05,3.00312500e-03,4.15937500e-03
-3.45412500e-08,9.46875000e-05,2.98750000e-03,4.21562500e-03
-3.45012500e-08,1.00625000e-04,2.97031250e-03,4.27500000e-03
-3.44612500e-08,1.04687500e-04,2.95312500e-03,4.32812500e-03
-3.44212500e-08,1.06875000e-04,2.93906250e-03,4.38125000e-03
-3.43812500e-08,1.06875000e-04,2.92812500e-03,4.42500000e-03
-3.43412500e-08,1.04375000e-04,2.92187500e-03,4.46250000e-03
-3.43012500e-08,1.00000000e-04,2.91875000e-03,4.49062500e-03
-3.42612500e-08,9.37500000e-05,2.92343750e-03,4.50625000e-03
-3.42212500e-08,8.59375000e-05,2.93281250e-03,4.50937500e-03
-3.41812500e-08,7.68750000e-05,2.94843750e-03,4.50000000e-03
-3.41412500e-08,6.71875000e-05,2.96875000e-03,4.47812500e-03
-3.41012500e-08,5.71875000e-05,2.99375000e-03,4.44687500e-03
-3.40612500e-08,4.78125000e-05,3.02187500e-03,4.40625000e-03
-3.40212500e-08,3.90625000e-05,3.05312500e-03,4.35625000e-03
-3.39812500e-08,3.15625000e-05,3.08437500e-03,4.30000000e-03
-3.39412500e-08,2.56250000e-05,3.11406250e-03,4.24062500e-03
-3.39012500e-08,2.15625000e-05,3.14062500e-03,4.17812500e-03
-3.38612500e-08,2.00000000e-05,3.16406250e-03,4.11562500e-03
-3.38212500e-08,2.06250000e-05,3.17968750e-03,4.05312500e-03
-3.37812500e-08,2.34375000e-05,3.18906250e-03,3.99687500e-03
-3.37412500e-08,2.81250000e-05,3.19062500e-03,3.94687500e-03
-3.37012500e-08,3.50000000e-05,3.18281250e-03,3.90312500e-03
-3.36612500e-08,4.31250000e-05,3.16718750e-03,3.86875000e-03
-3.36212500e-08,5.21875000e-05,3.14218750e-03,3.84375000e-03
-3.35812500e-08,6.18750000e-05,3.10937500e-03,3.83125000e-03
-3.35412500e-08,7.15625000e-05,3.07031250e-03,3.82500000e-03
-3.35012500e-08,8.06250000e-05,3.02656250e-03,3.83125000e-03
-3.34612500e-08,8.87500000e-05,2.97968750e-03,3.85000000e-03
-3.34212500e-08,9.50000000e-05,2.93125000e-03,3.87500000e-03
-3.33812500e-08,9.93750000e-05,2.88437500e-03,3.90937500e-03
-3.33412500e-08,1.01250000e-04,2.83906250e-03,3.95000000e-03
-3.33012500e-08,1.00312500e-04,2.80000000e-03,3.99687500e-03
-3.32612500e-08,9.71875000e-05,2.76718750e-03,4.04687500e-03
-3.32212500e-08,9.09375000e-05,2.74375000e-03,4.10000000e-03
-3.31812500e-08,8.21875000e-05,2.72812500e-03,4.15625000e-03
-3.31412500e-08,7.12500000e-05,2.72343750e-03,4.20937500e-03
-3.31012500e-08,5.81250000e-05,2.72812500e-03,4.26250000e-03
-3.30612500e-08,4.34375000e-05,2.74218750e-03,4.31250000e-03
-3.30212500e-08,2.78125000e-05,2.76562500e-03,4.35625000e-03
-3.29812500e-08,1.15625000e-05,2.79531250e-03,4.39687500e-03
-3.29412500e-08,-5.00000000e-06,2.83125000e-03,4.42812500e-03
-3.29012500e-08,-2.06250000e-05,2.87031250e-03,4.45625000e-03
-3.28612500e-08,-3.53125000e-05,2.91093750e-03,4.47500000e-03
-3.28212500e-08,-4.81250000e-05,2.95156250e-03,4.48437500e-03
-3.27812500e-08,-5.93750000e-05,2.98906250e-03,4.49062500e-03
-3.27412500e-08,-6.84375000e-05,3.02187500e-03,4.48750000e-03
-3.27012500e-08,-7.46875000e-05,3.04843750e-03,4.47812500e-03
-3.26612500e-08,-7.84375000e-05,3.06718750e-03,4.46562500e-03
-3.26212500e-08,-7.96875000e-05,3.07656250e-03,4.44687500e-03
-3.25812500e-08,-7.87500000e-05,3.07812500e-03,4.42500000e-03
-3.25412500e-08,-7.50000000e-05,3.07031250e-03,4.40312500e-03
-3.25012500e-08,-6.93750000e-05,3.05468750e-03,4.37812500e-03
-3.24612500e-08,-6.21875000e-05,3.03281250e-03,4.35312500e-03
-3.24212500e-08,-5.34375000e-05,3.00312500e-03,4.33125000e-03
-3.23812500e-08,-4.40625000e-05,2.97031250e-03,4.31250000e-03
-3.23412500e-08,-3.40625000e-05,2.93437500e-03,4.29687500e-03
-3.23012500e-08,-2.43750000e-05,2.89687500e-03,4.28437500e-03
-3.22612500e-08,-1.46875000e-05,2.86250000e-03,4.27812500e-03
-3.22212500e-08,-6.25000000e-06,2.83125000e-03,4.27812500e-03
-3.21812500e-08,1.25000000e-06,2.80468750e-03,4.28125000e-03
-3.21412500e-08,7.50000000e-06,2.78437500e-03,4.29062500e-03
-3.21012500e-08,1.18750000e-05,2.77187500e-03,4.30625000e-03
-3.20612500e-08,1.43750000e-05,2.76562500e-03,4.32812500e-03
-3.20212500e-08,1.53125000e-05,2.76875000e-03,4.35000000e-03
-3.19812500e-08,1.40625000e-05,2.77812500e-03,4.37812500e-03
-3.19412500e-08,1.15625000e-05,2.79375000e-03,4.40625000e-03
-3.19012500e-08,7.18750000e-06,2.81562500e-03,4.43750000e-03
-3.18612500e-08,1.87500000e-06,2.84218750e-03,4.46562500e-03
-3.18212500e-08,-4.68750000e-06,2.87031250e-03,4.49687500e-03
-3.17812500e-08,-1.15625000e-05,2.89843750e-03,4.52187500e-03
-3.17412500e-08,-1.90625000e-05,2.92656250e-03,4.54375000e-03
-3.17012500e-08,-2.62500000e-05,2.95156250e-03,4.55937500e-03
-3.16612500e-08,-3.31250000e-05,2.97343750e-03,4.57187500e-03
-3.16212500e-08,-3.90625000e-05,2.99062500e-03,4.57812500e-03
-3.15812500e-08,-4.37500000e-05,3.00156250e-03,4.57812500e-03
-3.15412500e-08,-4.68750000e-05,3.00625000e-03,4.57187500e-03
-3.15012500e-08,-4.84375000e-05,3.00468750e-03,4.56250000e-03
-3.14612500e-08,-4.81250000e-05,2.99687500e-03,4.54375000e-03
-3.14212500e-08,-4.59375000e-05,2.98281250e-03,4.51875000e-03
-3.13812500e-08,-4.18750000e-05,2.96718750e-03,4.49062500e-03
-3.13412500e-08,-3.59375000e-05,2.94687500e-03,4.45937500e-03
-3.13012500e-08,-2.81250000e-05,2.92656250e-03,4.42187500e-03
-3.12612500e-08,-1.90625000e-05,2.90625000e-03,4.38437500e-03
-3.12212500e-08,-8.43750000e-06,2.88750000e-03,4.34375000e-03
-3.11812500e-08,2.81250000e-06,2.87187500e-03,4.30312500e-03
-3.11412500e-08,1.43750000e-05,2.86093750e-03,4.26562500e-03
-3.11012500e-08,2.62500000e-05,2.85625000e-03,4.22500000e-03
-3.10612500e-08,3.75000000e-05,2.85625000e-03,4.18750000e-03
-3.10212500e-08,4.78125000e-05,2.86406250e-03,4.15312500e-03
-3.09812500e-08,5.71875000e-05,2.87812500e-03,4.12187500e-03
-3.09412500e-08,6.46875000e-05,2.89687500e-03,4.09062500e-03
-3.09012500e-08,7.06250000e-05,2.92187500e-03,4.06562500e-03
-3.08612500e-08,7.40625000e-05,2.95156250e-03,4.04375000e-03
-3.08212500e-08,7.56250000e-05,2.98281250e-03,4.02500000e-03
-3.07812500e-08,7.43750000e-05,3.01562500e-03,4.00937500e-03
-3.07412500e-08,7.12500000e-05,3.04843750e-03,3.99687500e-03
-3.07012500e-08,6.56250000e-05,3.07968750e-03,3.99062500e-03
-3.06612500e-08,5.84375000e-05,3.10625000e-03,3.98437500e-03
-3.06212500e-08,4.93750000e-05,3.12812500e-03,3.98125000e-03
-3.05812500e-08,3.90625000e-05,3.14531250e-03,3.98125000e-03
-3.05412500e-08,2.78125000e-05,3.15468750e-03,3.98125000e-03
-3.05012500e-08,1.62500000e-05,3.15625000e-03,3.98437500e-03
-3.04612500e-08,5.00000000e-06,3.15156250e-03,3.99062500e-03
-3.04212500e-08,-5.93750000e-06,3.13906250e-03,3.99375000e-03
-3.03812500e-08,-1.56250000e-05,3.12031250e-03,4.00000000e-03
-3.03412500e-08,-2.40625000e-05,3.09531250e-03,4.00625000e-03
-3.03012500e-08,-3.09375000e-05,3.06718750e-03,4.01250000e-03
-3.02612500e-08,-3.56250000e-05,3.03437500e-03,4.01562500e-03
-3.02212500e-08,-3.81250000e-05,3.00156250e-03,4.02187500e-03
-3.01812500e-08,-3.87500000e-05,2.96875000e-03,4.02500000e-03
-3.01412500e-08,-3.65625000e-05,2.93593750e-03,4.02500000e-03
-3.01012500e-08,-3.25000000e-05,2.90781250e-03,4.02500000e-03
-3.00612500e-08,-2.65625000e-05,2.88281250e-03,4.02187500e-03
-3.00212500e-08,-1.87500000e-05,2.86250000e-03,4.01562500e-03
-2.99812500e-08,-9.68750000e-06,2.84843750e-03,4.00937500e-03
-2.99412500e-08,9.37500000e-07,2.84062500e-03,4.00000000e-03
-2.99012500e-08,1.21875000e-05,2.84062500e-03,3.98750000e-03
-2.98612500e-08,2.37500000e-05,2.84531250e-03,3.97812500e-03
-2.98212500e-08,3.53125000e-05,2.85781250e-03,3.96562500e-03
-2.97812500e-08,4.68750000e-05,2.87500000e-03,3.95312500e-03
-2.97412500e-08,5.81250000e-05,2.89687500e-03,3.94375000e-03
-2.97012500e-08,6.84375000e-05,2.92187500e-03,3.93437500e-03
-2.96612500e-08,7.78125000e-05,2.95000000e-03,3.92812500e-03
-2.96212500e-08,8.62500000e-05,2.97968750e-03,3.92187500e-03
-2.95812500e-08,9.37500000e-05,3.00937500e-03,3.92500000e-03
-2.95412500e-08,1.00000000e-04,3.03906250e-03,3.92812500e-03
-2.95012500e-08,1.05312500e-04,3.06562500e-03,3.93750000e-03
-2.94612500e-08,1.09687500e-04,3.09062500e-03,3.95312500e-03
-2.94212500e-08,1.12812500e-04,3.11406250e-03,3.97500000e-03
-2.93812500e-08,1.15312500e-04,3.13281250e-03,3.99687500e-03
-2.93412500e-08,1.17187500e-04,3.14843750e-03,4.02812500e-03
-2.93012500e-08,1.18125000e-04,3.16093750e-03,4.05937500e-03
-2.92612500e-08,1.18437500e-04,3.16875000e-03,4.09375000e-03
-2.92212500e-08,1.18437500e-04,3.17500000e-03,4.13125000e-03
-2.91812500e-08,1.17500000e-04,3.17812500e-03,4.16875000e-03
-2.91412500e-08,1.16250000e-04,3.17968750e-03,4.20312500e-03
-2.91012500e-08,1.14375000e-04,3.17812500e-03,4.23437500e-03
-2.90612500e-08,1.11562500e-04,3.17656250e-03,4.26250000e-03
-2.90212500e-08,1.08437500e-04,3.17343750e-03,4.28437500e-03
-2.89812500e-08,1.04375000e-04,3.16875000e-03,4.29687500e-03
-2.89412500e-08,9.96875000e-05,3.16562500e-03,4.30625000e-03
-2.89012500e-08,9.43750000e-05,3.16250000e-03,4.30312500e-03
-2.88612500e-08,8.84375000e-05,3.15781250e-03,4.29375000e-03
-2.88212500e-08,8.18750000e-05,3.15468750e-03,4.27812500e-03
-2.87812500e-08,7.50000000e-05,3.15312500e-03,4.25000000e-03
-2.87412500e-08,6.81250000e-05,3.15000000e-03,4.21875000e-03
-2.87012500e-08,6.09375000e-05,3.14687500e-03,4.18125000e-03
-2.86612500e-08,5.37500000e-05,3.14218750e-03,4.14062500e-03
-2.86212500e-08,4.71875000e-05,3.13750000e-03,4.09687500e-03
-2.85812500e-08,4.12500000e-05,3.13281250e-03,4.05625000e-03
-2.85412500e-08,3.59375000e-05,3.12656250e-03,4.01250000e-03
-2.85012500e-08,3.18750000e-05,3.11718750e-03,3.97812500e-03
-2.84612500e-08,2.87500000e-05,3.10781250e-03,3.94687500e-03
-2.84212500e-08,2.71875000e-05,3.09531250e-03,3.92187500e-03
-2.83812500e-08,2.68750000e-05,3.08125000e-03,3.90625000e-03
-2.83412500e-08,2.78125000e-05,3.06562500e-03,3.90000000e-03
-2.83012500e-08,3.00000000e-05,3.04843750e-03,3.90625000e-03
-2.82612500e-08,3.31250000e-05,3.02968750e-03,3.91875000e-03
-2.82212500e-08,3.71875000e-05,3.00937500e-03,3.94375000e-03
-2.81812500e-08,4.12500000e-05,2.98906250e-03,3.97812500e-03
-2.81412500e-08,4.59375000e-05,2.96718750e-03,4.01875000e-03
-2.81012500e-08,5.00000000e-05,2.94531250e-03,4.06250000e-03
-2.80612500e-08,5.37500000e-05,2.92343750e-03,4.11250000e-03
-2.80212500e-08,5.65625000e-05,2.90156250e-03,4.16250000e-03
-2.79812500e-08,5.78125000e-05,2.88125000e-03,4.21250000e-03
-2.79412500e-08,5.81250000e-05,2.86250000e-03,4.25625000e-03
-2.79012500e-08,5.65625000e-05,2.84687500e-03,4.30000000e-03
-2.78612500e-08,5.34375000e-05,2.83125000e-03,4.33125000e-03
-2.78212500e-08,4.87500000e-05,2.81875000e-03,4.35937500e-03
-2.77812500e-08,4.28125000e-05,2.80937500e-03,4.37500000e-03
-2.77412500e-08,3.56250000e-05,2.80312500e-03,4.38125000e-03
-2.77012500e-08,2.78125000e-05,2.79843750e-03,4.37812500e-03
-2.76612500e-08,1.96875000e-05,2.79843750e-03,4.36562500e-03
-2.76212500e-08,1.15625000e-05,2.80000000e-03,4.34375000e-03
-2.75812500e-08,4.37500000e-06,2.80625000e-03,4.31562500e-03
-2.75412500e-08,-1.56250000e-06,2.81406250e-03,4.28437500e-03
-2.75012500e-08,-5.62500000e-06,2.82500000e-03,4.24687500e-03
-2.74612500e-08,-7.50000000e-06,2.83750000e-03,4.21250000e-03
-2.74212500e-08,-7.18750000e-06,2.85156250e-03,4.18125000e-03
-2.73812500e-08,-3.75000000e-06,2.86875000e-03,4.15000000e-03
-2.73412500e-08,2.81250000e-06,2.88593750e-03,4.12812500e-03
-2.73012500e-08,1.18750000e-05,2.90312500e-03,4.11562500e-03
-2.72612500e-08,2.37500000e-05,2.92031250e-03,4.11250000e-03
-2.72212500e-08,3.81250000e-05,2.93750000e-03,4.11875000e-03
-2.71812500e-08,5.43750000e-05,2.95312500e-03,4.13437500e-03
-2.71412500e-08,7.18750000e-05,2.96718750e-03,4.16250000e-03
-2.71012500e-08,9.03125000e-05,2.97812500e-03,4.20000000e-03
-2.70612500e-08,1.08437500e-04,2.98906250e-03,4.24375000e-03
-2.70212500e-08,1.25625000e-04,2.99531250e-03,4.29687500e-03
-2.69812500e-08,1.41250000e-04,3.00000000e-03,4.35312500e-03
-2.69412500e-08,1.54687500e-04,3.00156250e-03,4.40937500e-03
-2.69012500e-08,1.65312500e-04,3.00000000e-03,4.46562500e-03
-2.68612500e-08,1.72500000e-04,2.99687500e-03,4.51875000e-03
-2.68212500e-08,1.75625000e-04,2.99062500e-03,4.56250000e-03
-2.67812500e-08,1.75000000e-04,2.98281250e-03,4.60000000e-03
-2.67412500e-08,1.70625000e-04,2.97343750e-03,4.62187500e-03
-2.67012500e-08,1.62500000e-04,2.96406250e-03,4.63437500e-03
-2.66612500e-08,1.50937500e-04,2.95468750e-03,4.63125000e-03
-2.66212500e-08,1.36562500e-04,2.94687500e-03,4.61250000e-03
-2.65812500e-08,1.20000000e-04,2.93906250e-03,4.58125000e-03
-2.65412500e-08,1.02187500e-04,2.93437500e-03,4.53437500e-03
-2.65012500e-08,8.37500000e-05,2.93125000e-03,4.47812500e-03
-2.64612500e-08,6.56250000e-05,2.92968750e-03,4.40625000e-03
-2.64212500e-08,4.87500000e-05,2.93281250e-03,4.33125000e-03
-2.63812500e-08,3.37500000e-05,2.93906250e-03,4.25000000e-03
-2.63412500e-08,2.12500000e-05,2.94687500e-03,4.16562500e-03
-2.63012500e-08,1.21875000e-05,2.95781250e-03,4.08125000e-03
-2.62612500e-08,6.56250000e-06,2.97187500e-03,4.00312500e-03
-2.62212500e-08,5.00000000e-06,2.98750000e-03,3.93125000e-03
-2.61812500e-08,7.18750000e-06,3.00468750e-03,3.86875000e-03
-2.61412500e-08,1.28125000e-05,3.02343750e-03,3.81875000e-03
-2.61012500e-08,2.18750000e-05,3.04062500e-03,3.78437500e-03
-2.60612500e-08,3.37500000e-05,3.05781250e-03,3.76562500e-03
-2.60212500e-08,4.75000000e-05,3.07343750e-03,3.75937500e-03
-2.59812500e-08,6.28125000e-05,3.08750000e-03,3.77187500e-03
-2.59412500e-08,7.87500000e-05,3.09843750e-03,3.79687500e-03
-2.59012500e-08,9.40625000e-05,3.10625000e-03,3.83750000e-03
-2.58612500e-08,1.08750000e-04,3.11093750e-03,3.89062500e-03
-2.58212500e-08,1.21250000e-04,3.11250000e-03,3.95000000e-03
-2.57812500e-08,1.31562500e-04,3.11093750e-03,4.01875000e-03
-2.57412500e-08,1.38750000e-04,3.10468750e-03,4.09062500e-03
-2.57012500e-08,1.42812500e-04,3.09531250e-03,4.16250000e-03
-2.56612500e-08,1.43437500e-04,3.08437500e-03,4.23437500e-03
-2.56212500e-08,1.40937500e-04,3.07031250e-03,4.30000000e-03
-2.55812500e-08,1.35000000e-04,3.05468750e-03,4.35937500e-03
-2.55412500e-08,1.26562500e-04,3.03750000e-03,4.40937500e-03
-2.55012500e-08,1.15937500e-04,3.02187500e-03,4.44687500e-03
-2.54612500e-08,1.04062500e-04,3.00625000e-03,4.47500000e-03
-2.54212500e-08,9.09375000e-05,2.99062500e-03,4.48750000e-03
-2.53812500e-08,7.81250000e-05,2.97812500e-03,4.48750000e-03
-2.53412500e-08,6.56250000e-05,2.96718750e-03,4.47500000e-03
-2.53012500e-08,5.46875000e-05,2.95781250e-03,4.44687500e-03
-2.52612500e-08,4.59375000e-05,2.95312500e-03,4.41250000e-03
-2.52212500e-08,3.93750000e-05,2.95000000e-03,4.36875000e-03
-2.51812500e-08,3.59375000e-05,2.95000000e-03,4.31562500e-03
-2.51412500e-08,3.53125000e-05,2.95156250e-03,4.25937500e-03
-2.51012500e-08,3.78125000e-05,2.95625000e-03,4.20000000e-03
-2.50612500e-08,4.31250000e-05,2.96406250e-03,4.14062500e-03
-2.50212500e-08,5.09375000e-05,2.97187500e-03,4.08437500e-03
-2.49812500e-08,6.09375000e-05,2.98125000e-03,4.03125000e-03
-2.49412500e-08,7.25000000e-05,2.99062500e-03,3.98125000e-03
-2.49012500e-08,8.46875000e-05,3.00000000e-03,3.94062500e-03
-2.48612500e-08,9.71875000e-05,3.00937500e-03,3.90937500e-03
-2.48212500e-08,1.09062500e-04,3.01718750e-03,3.88437500e-03
-2.47812500e-08,1.20000000e-04,3.02343750e-03,3.87187500e-03
-2.47412500e-08,1.29062500e-04,3.02812500e-03,3.86562500e-03
-2.47012500e-08,1.35937500e-04,3.03125000e-03,3.86875000e-03
-2.46612500e-08,1.40312500e-04,3.03281250e-03,3.88125000e-03
-2.46212500e-08,1.41562500e-04,3.03125000e-03,3.89687500e-03
-2.45812500e-08,1.40312500e-04,3.02812500e-03,3.92187500e-03
-2.45412500e-08,1.36250000e-04,3.02500000e-03,3.95000000e-03
-2.45012500e-08,1.30000000e-04,3.01875000e-03,3.98125000e-03
-2.44612500e-08,1.21250000e-04,3.01250000e-03,4.01562500e-03
-2.44212500e-08,1.11250000e-04,3.00468750e-03,4.04687500e-03
-2.43812500e-08,1.00000000e-04,2.99687500e-03,4.07812500e-03
-2.43412500e-08,8.84375000e-05,2.98906250e-03,4.10625000e-03
-2.43012500e-08,7.68750000e-05,2.98281250e-03,4.13437500e-03
-2.42612500e-08,6.62500000e-05,2.97656250e-03,4.15312500e-03
-2.42212500e-08,5.68750000e-05,2.97031250e-03,4.17187500e-03
-2.41812500e-08,4.90625000e-05,2.96718750e-03,4.18125000e-03
-2.41412500e-08,4.34375000e-05,2.96406250e-03,4.18750000e-03
-2.41012500e-08,4.03125000e-05,2.96406250e-03,4.18750000e-03
-2.40612500e-08,3.93750000e-05,2.96562500e-03,4.18125000e-03
-2.40212500e-08,4.09375000e-05,2.96718750e-03,4.17187500e-03
-2.39812500e-08,4.46875000e-05,2.97187500e-03,4.15625000e-03
-2.39412500e-08,5.03125000e-05,2.97812500e-03,4.13750000e-03
-2.39012500e-08,5.71875000e-05,2.98593750e-03,4.11562500e-03
-2.38612500e-08,6.56250000e-05,2.99375000e-03,4.09062500e-03
-2.38212500e-08,7.43750000e-05,3.00312500e-03,4.06562500e-03
-2.37812500e-08,8.34375000e-05,3.01250000e-03,4.03750000e-03
-2.37412500e-08,9.21875000e-05,3.02187500e-03,4.01250000e-03
-2.37012500e-08,1.00312500e-04,3.03125000e-03,3.98750000e-03
-2.36612500e-08,1.07187500e-04,3.03906250e-03,3.96562500e-03
-2.36212500e-08,1.12812500e-04,3.04687500e-03,3.94375000e-03
-2.35812500e-08,1.16875000e-04,3.05312500e-03,3.92812500e-03
-2.35412500e-08,1.19062500e-04,3.05625000e-03,3.91562500e-03
-2.35012500e-08,1.20000000e-04,3.05937500e-03,3.90937500e-03
-2.34612500e-08,1.19062500e-04,3.05937500e-03,3.90625000e-03
-2.34212500e-08,1.17187500e-04,3.05781250e-03,3.90937500e-03
-2.33812500e-08,1.14062500e-04,3.05468750e-03,3.91562500e-03
-2.33412500e-08,1.10312500e-04,3.04843750e-03,3.92812500e-03
-2.33012500e-08,1.05937500e-04,3.03906250e-03,3.94687500e-03
-2.32612500e-08,1.01562500e-04,3.02968750e-03,3.96875000e-03
-2.32212500e-08,9.71875000e-05,3.01875000e-03,3.99687500e-03
-2.31812500e-08,9.34375000e-05,3.00625000e-03,4.02812500e-03
-2.31412500e-08,9.03125000e-05,2.99218750e-03,4.05937500e-03
-2.31012500e-08,8.81250000e-05,2.97968750e-03,4.09687500e-03
-2.30612500e-08,8.68750000e-05,2.96562500e-03,4.13437500e-03
-2.30212500e-08,8.62500000e-05,2.95312500e-03,4.17187500e-03
-2.29812500e-08,8.68750000e-05,2.94218750e-03,4.20937500e-03
-2.29412500e-08,8.81250000e-05,2.93281250e-03,4.24375000e-03
-2.29012500e-08,9.03125000e-05,2.92656250e-03,4.27812500e-03
-2.28612500e-08,9.28125000e-05,2.92187500e-03,4.30312500e-03
-2.28212500e-08,9.56250000e-05,2.92031250e-03,4.32812500e-03
-2.27812500e-08,9.84375000e-05,2.92031250e-03,4.34375000e-03
-2.27412500e-08,1.01562500e-04,2.92500000e-03,4.35312500e-03
-2.27012500e-08,1.04062500e-04,2.93125000e-03,4.35625000e-03
-2.26612500e-08,1.06250000e-04,2.94062500e-03,4.35000000e-03
-2.26212500e-08,1.08125000e-04,2.95156250e-03,4.33750000e-03
-2.25812500e-08,1.09687500e-04,2.96562500e-03,4.31562500e-03
-2.25412500e-08,1.10625000e-04,2.97968750e-03,4.28750000e-03
-2.25012500e-08,1.11250000e-04,2.99375000e-03,4.25312500e-03
-2.24612500e-08,1.11562500e-04,3.00937500e-03,4.21250000e-03
-2.24212500e-08,1.11875000e-04,3.02187500e-03,4.16875000e-03
-2.23812500e-08,1.11875000e-04,3.03437500e-03,4.12187500e-03
-2.23412500e-08,1.11875000e-04,3.04375000e-03,4.07187500e-03
-2.23012500e-08,1.12187500e-04,3.05156250e-03,4.02500000e-03
-2.22612500e-08,1.12812500e-04,3.05625000e-03,3.97812500e-03
-2.22212500e-08,1.13437500e-04,3.05625000e-03,3.93750000e-03
-2.21812500e-08,1.14687500e-04,3.05468750e-03,3.90312500e-03
-2.21412500e-08,1.15937500e-04,3.04843750e-03,3.87187500e-03
-2.21012500e-08,1.17500000e-04,3.03906250e-03,3.85000000e-03
-2.20612500e-08,1.19062500e-04,3.02812500e-03,3.84062500e-03
-2.20212500e-08,1.20312500e-04,3.01406250e-03,3.83750000e-03
-2.19812500e-08,1.21562500e-04,3.00000000e-03,3.84375000e-03
-2.19412500e-08,1.22500000e-04,2.98437500e-03,3.85937500e-03
-2.19012500e-08,1.22500000e-04,2.96875000e-03,3.88437500e-03
-2.18612500e-08,1.22187500e-04,2.95312500e-03,3.91875000e-03
-2.18212500e-08,1.20625000e-04,2.94062500e-03,3.95937500e-03
-2.17812500e-08,1.18437500e-04,2.92968750e-03,4.00625000e-03
-2.17412500e-08,1.15312500e-04,2.92187500e-03,4.05312500e-03
-2.17012500e-08,1.11562500e-04,2.91718750e-03,4.10625000e-03
-2.16612500e-08,1.06875000e-04,2.91718750e-03,4.15625000e-03
-2.16212500e-08,1.01562500e-04,2.91875000e-03,4.20625000e-03
-2.15812500e-08,9.62500000e-05,2.92500000e-03,4.25000000e-03
-2.15412500e-08,9.03125000e-05,2.93437500e-03,4.29062500e-03
-2.15012500e-08,8.50000000e-05,2.94531250e-03,4.32187500e-03
-2.14612500e-08,7.96875000e-05,2.95937500e-03,4.34687500e-03
-2.14212500e-08,7.53125000e-05,2.97343750e-03,4.36250000e-03
-2.13812500e-08,7.15625000e-05,2.98750000e-03,4.36875000e-03
-2.13412500e-08,6.90625000e-05,3.00156250e-03,4.36562500e-03
-2.13012500e-08,6.75000000e-05,3.01406250e-03,4.35625000e-03
-2.12612500e-08,6.71875000e-05,3.02343750e-03,4.34062500e-03
-2.12212500e-08,6.81250000e-05,3.02968750e-03,4.31562500e-03
-2.11812500e-08,7.03125000e-05,3.03125000e-03,4.28750000e-03
-2.11412500e-08,7.31250000e-05,3.02968750e-03,4.25937500e-03
-2.11012500e-08,7.65625000e-05,3.02343750e-03,4.22812500e-03
-2.10612500e-08,8.06250000e-05,3.01406250e-03,4.19687500e-03
-2.10212500e-08,8.46875000e-05,3.00000000e-03,4.17187500e-03
-2.09812500e-08,8.84375000e-05,2.98125000e-03,4.15000000e-03
-2.09412500e-08,9.15625000e-05,2.96250000e-03,4.13125000e-03
-2.09012500e-08,9.37500000e-05,2.94062500e-03,4.12187500e-03
-2.08612500e-08,9.50000000e-05,2.91875000e-03,4.12187500e-03
-2.08212500e-08,9.46875000e-05,2.89687500e-03,4.12500000e-03
-2.07812500e-08,9.31250000e-05,2.87812500e-03,4.13750000e-03
-2.07412500e-08,9.00000000e-05,2.86093750e-03,4.15625000e-03
-2.07012500e-08,8.56250000e-05,2.84687500e-03,4.18125000e-03
-2.06612500e-08,8.00000000e-05,2.83906250e-03,4.20937500e-03
-2.06212500e-08,7.37500000e-05,2.83437500e-03,4.24062500e-03
-2.05812500e-08,6.65625000e-05,2.83593750e-03,4.27187500e-03
-2.05412500e-08,5.90625000e-05,2.84218750e-03,4.30000000e-03
-2.05012500e-08,5.21875000e-05,2.85312500e-03,4.32812500e-03
-2.04612500e-08,4.56250000e-05,2.86875000e-03,4.35000000e-03
-2.04212500e-08,4.00000000e-05,2.88906250e-03,4.36562500e-03
-2.03812500e-08,3.59375000e-05,2.91093750e-03,4.37187500e-03
-2.03412500e-08,3.37500000e-05,2.93593750e-03,4.37187500e-03
-2.03012500e-08,3.34375000e-05,2.95937500e-03,4.36562500e-03
-2.02612500e-08,3.50000000e-05,2.98281250e-03,4.34687500e-03
-2.02212500e-08,3.87500000e-05,3.00312500e-03,4.32500000e-03
-2.01812500e-08,4.46875000e-05,3.02031250e-03,4.29375000e-03
-2.01412500e-08,5.21875000e-05,3.03437500e-03,4.25625000e-03
-2.01012500e-08,6.12500000e-05,3.04218750e-03,4.21562500e-03
-2.00612500e-08,7.15625000e-05,3.04375000e-03,4.17187500e-03
-2.00212500e-08,8.25000000e-05,3.03906250e-03,4.12812500e-03
-1.99812500e-08,9.34375000e-05,3.02968750e-03,4.08750000e-03
-1.99412500e-08,1.04062500e-04,3.01562500e-03,4.04687500e-03
-1.99012500e-08,1.14062500e-04,2.99531250e-03,4.01562500e-03
-1.98612500e-08,1.22500000e-04,2.97187500e-03,3.98750000e-03
-1.98212500e-08,1.29375000e-04,2.94531250e-03,3.96562500e-03
-1.97812500e-08,1.33750000e-04,2.91875000e-03,3.95312500e-03
-1.97412500e-08,1.36250000e-04,2.89218750e-03,3.94687500e-03
-1.97012500e-08,1.35937500e-04,2.86718750e-03,3.94687500e-03
-1.96612500e-08,1.33437500e-04,2.84531250e-03,3.95312500e-03
-1.96212500e-08,1.28437500e-04,2.82812500e-03,3.96562500e-03
-1.95812500e-08,1.21250000e-04,2.81718750e-03,3.97812500e-03
-1.95412500e-08,1.12500000e-04,2.81250000e-03,3.99375000e-03
-1.95012500e-08,1.02500000e-04,2.81406250e-03,4.00937500e-03
-1.94612500e-08,9.15625000e-05,2.82343750e-03,4.02500000e-03
-1.94212500e-08,8.03125000e-05,2.84062500e-03,4.03750000e-03
-1.93812500e-08,6.93750000e-05,2.86250000e-03,4.04375000e-03
-1.93412500e-08,5.90625000e-05,2.89218750e-03,4.04687500e-03
-1.93012500e-08,5.03125000e-05,2.92656250e-03,4.04062500e-03
-1.92612500e-08,4.28125000e-05,2.96406250e-03,4.03125000e-03
-1.92212500e-08,3.75000000e-05,3.00312500e-03,4.01875000e-03
-1.91812500e-08,3.43750000e-05,3.04375000e-03,4.00000000e-03
-1.91412500e-08,3.37500000e-05,3.08281250e-03,3.97812500e-03
-1.91012500e-08,3.50000000e-05,3.11875000e-03,3.95312500e-03
-1.90612500e-08,3.87500000e-05,3.15156250e-03,3.93125000e-03
-1.90212500e-08,4.43750000e-05,3.17968750e-03,3.90937500e-03
-1.89812500e-08,5.15625000e-05,3.20156250e-03,3.89062500e-03
-1.89412500e-08,6.00000000e-05,3.21562500e-03,3.88125000e-03
-1.89012500e-08,6.90625000e-05,3.22343750e-03,3.87812500e-03
-1.88612500e-08,7.84375000e-05,3.22343750e-03,3.88125000e-03
-1.88212500e-08,8.78125000e-05,3.21718750e-03,3.89687500e-03
-1.87812500e-08,9.62500000e-05,3.20468750e-03,3.91875000e-03
-1.87412500e-08,1.03750000e-04,3.18750000e-03,3.95312500e-03
-1.87012500e-08,1.10000000e-04,3.16562500e-03,3.99375000e-03
-1.86612500e-08,1.14375000e-04,3.13906250e-03,4.04375000e-03
-1.86212500e-08,1.16875000e-04,3.11250000e-03,4.09687500e-03
-1.85812500e-08,1.17500000e-04,3.08593750e-03,4.15625000e-03
-1.85412500e-08,1.16250000e-04,3.05781250e-03,4.21562500e-03
-1.85012500e-08,1.12812500e-04,3.03437500e-03,4.27187500e-03
-1.84612500e-08,1.07812500e-04,3.01093750e-03,4.32500000e-03
-1.84212500e-08,1.01250000e-04,2.99375000e-03,4.37500000e-03
-1.83812500e-08,9.34375000e-05,2.97812500e-03,4.41250000e-03
-1.83412500e-08,8.50000000e-05,2.96875000e-03,4.44375000e-03
-1.83012500e-08,7.62500000e-05,2.96250000e-03,4.46250000e-03
-1.82612500e-08,6.71875000e-05,2.96093750e-03,4.47187500e-03
-1.82212500e-08,5.87500000e-05,2.96250000e-03,4.46875000e-03
-1.81812500e-08,5.06250000e-05,2.96718750e-03,4.45625000e-03
-1.81412500e-08,4.37500000e-05,2.97343750e-03,4.43437500e-03
-1.81012500e-08,3.78125000e-05,2.98281250e-03,4.40312500e-03
-1.80612500e-08,3.34375000e-05,2.99062500e-03,4.36875000e-03
-1.80212500e-08,3.06250000e-05,2.99843750e-03,4.33125000e-03
-1.79812500e-08,2.93750000e-05,3.00468750e-03,4.29062500e-03
-1.79412500e-08,3.00000000e-05,3.00937500e-03,4.25312500e-03
-1.79012500e-08,3.21875000e-05,3.01250000e-03,4.21875000e-03
-1.78612500e-08,3.59375000e-05,3.01250000e-03,4.19375000e-03
-1.78212500e-08,4.12500000e-05,3.01093750e-03,4.17187500e-03
-1.77812500e-08,4.78125000e-05,3.00625000e-03,4.16250000e-03
-1.77412500e-08,5.53125000e-05,3.00000000e-03,4.15937500e-03
-1.77012500e-08,6.40625000e-05,2.99218750e-03,4.16875000e-03
-1.76612500e-08,7.37500000e-05,2.98281250e-03,4.18437500e-03
-1.76212500e-08,8.37500000e-05,2.97500000e-03,4.20625000e-03
-1.75812500e-08,9.43750000e-05,2.96718750e-03,4.23437500e-03
-1.75412500e-08,1.05000000e-04,2.96093750e-03,4.26562500e-03
-1.75012500e-08,1.15937500e-04,2.95625000e-03,4.30000000e-03
-1.74612500e-08,1.26250000e-04,2.95468750e-03,4.33125000e-03
-1.74212500e-08,1.36562500e-04,2.95781250e-03,4.35937500e-03
-1.73812500e-08,1.46250000e-04,2.96250000e-03,4.38437500e-03
-1.73412500e-08,1.55312500e-04,2.97187500e-03,4.40000000e-03
-1.73012500e-08,1.63437500e-04,2.98437500e-03,4.40625000e-03
-1.72612500e-08,1.70312500e-04,2.99843750e-03,4.40312500e-03
-1.72212500e-08,1.75937500e-04,3.01718750e-03,4.39062500e-03
-1.71812500e-08,1.80000000e-04,3.03593750e-03,4.36875000e-03
-1.71412500e-08,1.82812500e-04,3.05625000e-03,4.34062500e-03
-1.71012500e-08,1.83750000e-04,3.07656250e-03,4.30625000e-03
-1.70612500e-08,1.83125000e-04,3.09687500e-03,4.26562500e-03
-1.70212500e-08,1.80625000e-04,3.11406250e-03,4.22500000e-03
-1.69812500e-08,1.76562500e-04,3.12812500e-03,4.18437500e-03
-1.69412500e-08,1.70625000e-04,3.14062500e-03,4.14687500e-03
-1.69012500e-08,1.63125000e-04,3.14843750e-03,4.11875000e-03
-1.68612500e-08,1.54375000e-04,3.15156250e-03,4.09687500e-03
-1.68212500e-08,1.44687500e-04,3.15000000e-03,4.08437500e-03
-1.67812500e-08,1.34062500e-04,3.14531250e-03,4.08437500e-03
-1.67412500e-08,1.22812500e-04,3.13593750e-03,4.09687500e-03
-1.67012500e-08,1.11562500e-04,3.12343750e-03,4.12187500e-03
-1.66612500e-08,1.00937500e-04,3.10781250e-03,4.15625000e-03
-1.66212500e-08,9.06250000e-05,3.08906250e-03,4.20000000e-03
-1.65812500e-08,8.15625000e-05,3.06875000e-03,4.25312500e-03
-1.65412500e-08,7.37500000e-05,3.04843750e-03,4.30937500e-03
-1.65012500e-08,6.78125000e-05,3.02968750e-03,4.36875000e-03
-1.64612500e-08,6.34375000e-05,3.01093750e-03,4.42500000e-03
-1.64212500e-08,6.12500000e-05,2.99375000e-03,4.47500000e-03
-1.63812500e-08,6.09375000e-05,2.97812500e-03,4.51875000e-03
-1.63412500e-08,6.25000000e-05,2.96718750e-03,4.55000000e-03
-1.63012500e-08,6.56250000e-05,2.95781250e-03,4.56875000e-03
-1.62612500e-08,7.00000000e-05,2.95156250e-03,4.57187500e-03
-1.62212500e-08,7.56250000e-05,2.95000000e-03,4.55937500e-03
-1.61812500e-08,8.18750000e-05,2.95000000e-03,4.52812500e-03
-1.61412500e-08,8.81250000e-05,2.95312500e-03,4.48125000e-03
-1.61012500e-08,9.40625000e-05,2.95781250e-03,4.42187500e-03
-1.60612500e-08,9.90625000e-05,2.96562500e-03,4.34687500e-03
-1.60212500e-08,1.03125000e-04,2.97343750e-03,4.26562500e-03
-1.59812500e-08,1.05000000e-04,2.98125000e-03,4.17812500e-03
-1.59412500e-08,1.05312500e-04,2.98906250e-03,4.08750000e-03
-1.59012500e-08,1.03437500e-04,2.99531250e-03,4.00000000e-03
-1.58612500e-08,9.93750000e-05,3.00156250e-03,3.91562500e-03
-1.58212500e-08,9.31250000e-05,3.00625000e-03,3.84375000e-03
-1.57812500e-08,8.50000000e-05,3.00937500e-03,3.78125000e-03
-1.57412500e-08,7.53125000e-05,3.00937500e-03,3.73750000e-03
-1.57012500e-08,6.43750000e-05,3.00937500e-03,3.70937500e-03
-1.56612500e-08,5.31250000e-05,3.00781250e-03,3.70000000e-03
-1.56212500e-08,4.15625000e-05,3.00468750e-03,3.70937500e-03
-1.55812500e-08,3.09375000e-05,3.00000000e-03,3.73750000e-03
-1.55412500e-08,2.12500000e-05,2.99687500e-03,3.78437500e-03
-1.55012500e-08,1.34375000e-05,2.99218750e-03,3.84375000e-03
-1.54612500e-08,7.81250000e-06,2.98750000e-03,3.91875000e-03
-1.54212500e-08,4.68750000e-06,2.98437500e-03,4.00000000e-03
-1.53812500e-08,4.68750000e-06,2.98125000e-03,4.09062500e-03
-1.53412500e-08,7.18750000e-06,2.97968750e-03,4.18125000e-03
-1.53012500e-08,1.28125000e-05,2.97812500e-03,4.26875000e-03
-1.52612500e-08,2.09375000e-05,2.97812500e-03,4.35000000e-03
-1.52212500e-08,3.12500000e-05,2.97968750e-03,4.42500000e-03
-1.51812500e-08,4.31250000e-05,2.98281250e-03,4.48750000e-03
-1.51412500e-08,5.62500000e-05,2.98437500e-03,4.53750000e-03
-1.51012500e-08,6.96875000e-05,2.98750000e-03,4.57187500e-03
-1.50612500e-08,8.28125000e-05,2.99062500e-03,4.59062500e-03
-1.50212500e-08,9.46875000e-05,2.99375000e-03,4.59375000e-03
-1.49812500e-08,1.05000000e-04,2.99531250e-03,4.58125000e-03
-1.49412500e-08,1.12812500e-04,2.99687500e-03,4.55625000e-03
-1.49012500e-08,1.18125000e-04,2.99687500e-03,4.51875000e-03
-1.48612500e-08,1.20625000e-04,2.99687500e-03,4.47187500e-03
-1.48212500e-08,1.19687500e-04,2.99531250e-03,4.41562500e-03
-1.47812500e-08,1.15937500e-04,2.99375000e-03,4.35625000e-03
-1.47412500e-08,1.09062500e-04,2.99062500e-03,4.29687500e-03
-1.47012500e-08,1.00000000e-04,2.98750000e-03,4.23437500e-03
-1.46612500e-08,8.90625000e-05,2.98437500e-03,4.17500000e-03
-1.46212500e-08,7.65625000e-05,2.97968750e-03,4.12187500e-03
-1.45812500e-08,6.37500000e-05,2.97812500e-03,4.07187500e-03
-1.45412500e-08,5.09375000e-05,2.97500000e-03,4.03125000e-03
-1.45012500e-08,3.87500000e-05,2.97343750e-03,3.99687500e-03
-1.44612500e-08,2.81250000e-05,2.97343750e-03,3.96875000e-03
-1.44212500e-08,1.93750000e-05,2.97343750e-03,3.95000000e-03
-1.43812500e-08,1.25000000e-05,2.97656250e-03,3.93437500e-03
-1.43412500e-08,8.43750000e-06,2.97968750e-03,3.92812500e-03
-1.43012500e-08,6.25000000e-06,2.98437500e-03,3.92500000e-03
-1.42612500e-08,6.56250000e-06,2.98906250e-03,3.92500000e-03
-1.42212500e-08,8.75000000e-06,2.99375000e-03,3.92812500e-03
-1.41812500e-08,1.21875000e-05,3.00000000e-03,3.93125000e-03
-1.41412500e-08,1.65625000e-05,3.00468750e-03,3.93750000e-03
-1.41012500e-08,2.09375000e-05,3.00937500e-03,3.94687500e-03
-1.40612500e-08,2.46875000e-05,3.01250000e-03,3.95312500e-03
-1.40212500e-08,2.71875000e-05,3.01562500e-03,3.95937500e-03
-1.39812500e-08,2.81250000e-05,3.01562500e-03,3.96875000e-03
-1.39412500e-08,2.68750000e-05,3.01250000e-03,3.98125000e-03
-1.39012500e-08,2.28125000e-05,3.00937500e-03,3.99375000e-03
-1.38612500e-08,1.65625000e-05,3.00312500e-03,4.00937500e-03
-1.38212500e-08,7.50000000e-06,2.99375000e-03,4.02812500e-03
-1.37812500e-08,-3.75000000e-06,2.98437500e-03,4.05000000e-03
-1.37412500e-08,-1.65625000e-05,2.97187500e-03,4.07812500e-03
-1.37012500e-08,-3.03125000e-05,2.95937500e-03,4.10937500e-03
-1.36612500e-08,-4.46875000e-05,2.94531250e-03,4.14687500e-03
-1.36212500e-08,-5.84375000e-05,2.92968750e-03,4.18750000e-03
-1.35812500e-08,-7.06250000e-05,2.91562500e-03,4.23437500e-03
-1.35412500e-08,-8.09375000e-05,2.90156250e-03,4.28125000e-03
-1.35012500e-08,-8.84375000e-05,2.88750000e-03,4.33125000e-03
-1.34612500e-08,-9.25000000e-05,2.87500000e-03,4.37812500e-03
-1.34212500e-08,-9.28125000e-05,2.86406250e-03,4.42500000e-03
-1.33812500e-08,-8.93750000e-05,2.85468750e-03,4.46875000e-03
-1.33412500e-08,-8.21875000e-05,2.84531250e-03,4.50312500e-03
-1.33012500e-08,-7.15625000e-05,2.83906250e-03,4.53437500e-03
-1.32612500e-08,-5.81250000e-05,2.83281250e-03,4.55312500e-03
-1.32212500e-08,-4.28125000e-05,2.82812500e-03,4.56562500e-03
-1.31812500e-08,-2.59375000e-05,2.82500000e-03,4.56562500e-03
-1.31412500e-08,-8.75000000e-06,2.82187500e-03,4.55312500e-03
-1.31012500e-08,7.81250000e-06,2.81875000e-03,4.52812500e-03
-1.30612500e-08,2.34375000e-05,2.81562500e-03,4.49375000e-03
-1.30212500e-08,3.71875000e-05,2.81406250e-03,4.45000000e-03
-1.29812500e-08,4.87500000e-05,2.81093750e-03,4.40000000e-03
-1.29412500e-08,5.81250000e-05,2.80937500e-03,4.34062500e-03
-1.29012500e-08,6.56250000e-05,2.80625000e-03,4.27500000e-03
-1.28612500e-08,7.15625000e-05,2.80468750e-03,4.20937500e-03
-1.28212500e-08,7.75000000e-05,2.80312500e-03,4.14375000e-03
-1.27812500e-08,8.40625000e-05,2.80312500e-03,4.07812500e-03
-1.27412500e-08,9.31250000e-05,2.80312500e-03,4.01875000e-03
-1.27012500e-08,1.06250000e-04,2.80468750e-03,3.96562500e-03
-1.26612500e-08,1.25312500e-04,2.80937500e-03,3.91875000e-03
-1.26212500e-08,1.51562500e-04,2.81562500e-03,3.88125000e-03
-1.25812500e-08,1.86562500e-04,2.82500000e-03,3.85312500e-03
-1.25412500e-08,2.31875000e-04,2.83750000e-03,3.83437500e-03
-1.25012500e-08,2.88125000e-04,2.85312500e-03,3.82812500e-03
-1.24612500e-08,3.55625000e-04,2.87031250e-03,3.83125000e-03
-1.24212500e-08,4.34375000e-04,2.89218750e-03,3.84062500e-03
-1.23812500e-08,5.23125000e-04,2.91562500e-03,3.85937500e-03
-1.23412500e-08,6.20937500e-04,2.94218750e-03,3.88437500e-03
-1.23012500e-08,7.25625000e-04,2.97031250e-03,3.91250000e-03
-1.22612500e-08,8.34687500e-04,3.00000000e-03,3.94375000e-03
-1.22212500e-08,9.45625000e-04,3.02968750e-03,3.97500000e-03
-1.21812500e-08,1.05531250e-03,3.05937500e-03,4.00625000e-03
-1.21412500e-08,1.16062500e-03,3.08750000e-03,4.03125000e-03
-1.21012500e-08,1.25843750e-03,3.11406250e-03,4.05625000e-03
-1.20612500e-08,1.34656250e-03,3.13906250e-03,4.07187500e-03
-1.20212500e-08,1.42218750e-03,3.15937500e-03,4.08437500e-03
-1.19812500e-08,1.48468750e-03,3.17656250e-03,4.09062500e-03
-1.19412500e-08,1.53281250e-03,3.18906250e-03,4.08750000e-03
-1.19012500e-08,1.56718750e-03,3.19843750e-03,4.08125000e-03
-1.18612500e-08,1.58968750e-03,3.20156250e-03,4.06875000e-03
-1.18212500e-08,1.60218750e-03,3.20000000e-03,4.05312500e-03
-1.17812500e-08,1.60875000e-03,3.19375000e-03,4.03437500e-03
-1.17412500e-08,1.61406250e-03,3.18281250e-03,4.01562500e-03
-1.17012500e-08,1.62343750e-03,3.16718750e-03,3.99375000e-03
-1.16612500e-08,1.64281250e-03,3.15000000e-03,3.97500000e-03
-1.16212500e-08,1.67906250e-03,3.12812500e-03,3.95625000e-03
-1.15812500e-08,1.73843750e-03,3.10468750e-03,3.94375000e-03
-1.15412500e-08,1.82750000e-03,3.08125000e-03,3.93437500e-03
-1.15012500e-08,1.95187500e-03,3.05468750e-03,3.93437500e-03
-1.14612500e-08,2.11718750e-03,3.02968750e-03,3.93437500e-03
-1.14212500e-08,2.32687500e-03,3.00312500e-03,3.94375000e-03
-1.13812500e-08,2.58343750e-03,2.97968750e-03,3.95937500e-03
-1.13412500e-08,2.88843750e-03,2.95781250e-03,3.98125000e-03
-1.13012500e-08,3.24031250e-03,2.93750000e-03,4.00937500e-03
-1.12612500e-08,3.63687500e-03,2.91875000e-03,4.04062500e-03
-1.12212500e-08,4.07375000e-03,2.90468750e-03,4.07500000e-03
-1.11812500e-08,4.54406250e-03,2.89375000e-03,4.11250000e-03
-1.11412500e-08,5.04031250e-03,2.88437500e-03,4.15000000e-03
-1.11012500e-08,5.55312500e-03,2.87968750e-03,4.18750000e-03
-1.10612500e-08,6.07187500e-03,2.87968750e-03,4.22500000e-03
-1.10212500e-08,6.58531250e-03,2.88125000e-03,4.26250000e-03
-1.09812500e-08,7.08156250e-03,2.88750000e-03,4.29375000e-03
-1.09412500e-08,7.54937500e-03,2.89843750e-03,4.32500000e-03
-1.09012500e-08,7.97687500e-03,2.91250000e-03,4.35000000e-03
-1.08612500e-08,8.35406250e-03,2.93125000e-03,4.36875000e-03
-1.08212500e-08,8.67093750e-03,2.95312500e-03,4.38437500e-03
-1.07812500e-08,8.92031250e-03,2.97968750e-03,4.39375000e-03
-1.07412500e-08,9.09593750e-03,3.01093750e-03,4.39687500e-03
-1.07012500e-08,9.19312500e-03,3.04687500e-03,4.39687500e-03
-1.06612500e-08,9.21062500e-03,3.08593750e-03,4.39375000e-03
-1.06212500e-08,9.14781250e-03,3.12968750e-03,4.38437500e-03
-1.05812500e-08,9.00750000e-03,3.17968750e-03,4.37187500e-03
-1.05412500e-08,8.79343750e-03,3.23281250e-03,4.35937500e-03
-1.05012500e-08,8.51187500e-03,3.29062500e-03,4.34375000e-03
-1.04612500e-08,8.17031250e-03,3.35312500e-03,4.32500000e-03
-1.04212500e-08,7.77750000e-03,3.42031250e-03,4.30937500e-03
-1.03812500e-08,7.34343750e-03,3.49218750e-03,4.29375000e-03
-1.03412500e-08,6.87781250e-03,3.56718750e-03,4.27812500e-03
-1.03012500e-08,6.39125000e-03,3.64843750e-03,4.26250000e-03
-1.02612500e-08,5.89406250e-03,3.73125000e-03,4.24687500e-03
-1.02212500e-08,5.39625000e-03,3.81875000e-03,4.23750000e-03
-1.01812500e-08,4.90625000e-03,3.90937500e-03,4.22500000e-03
-1.01412500e-08,4.43218750e-03,4.00312500e-03,4.21875000e-03
-1.01012500e-08,3.98093750e-03,4.09843750e-03,4.20937500e-03
-1.00612500e-08,3.55750000e-03,4.19843750e-03,4.20625000e-03
-1.00212500e-08,3.16625000e-03,4.30000000e-03,4.20312500e-03
-9.98125000e-09,2.80906250e-03,4.40312500e-03,4.20000000e-03
-9.94125000e-09,2.48750000e-03,4.50937500e-03,4.20000000e-03
-9.90125000e-09,2.20156250e-03,4.61562500e-03,4.19687500e-03
-9.86125000e-09,1.94968750e-03,4.72500000e-03,4.20000000e-03
-9.82125000e-09,1.73031250e-03,4.83593750e-03,4.20000000e-03
-9.78125000e-09,1.54031250e-03,4.94843750e-03,4.20000000e-03
-9.74125000e-09,1.37656250e-03,5.06093750e-03,4.20000000e-03
-9.70125000e-09,1.23562500e-03,5.17656250e-03,4.20312500e-03
-9.66125000e-09,1.11343750e-03,5.29375000e-03,4.20312500e-03
-9.62125000e-09,1.00750000e-03,5.41250000e-03,4.20312500e-03
-9.58125000e-09,9.13750000e-04,5.53281250e-03,4.20312500e-03
-9.54125000e-09,8.29687500e-04,5.65468750e-03,4.20312500e-03
-9.50125000e-09,7.53125000e-04,5.77968750e-03,4.20000000e-03
-9.46125000e-09,6.82187500e-04,5.90625000e-03,4.20000000e-03
-9.42125000e-09,6.15625000e-04,6.03593750e-03,4.19687500e-03
-9.38125000e-09,5.52812500e-04,6.16875000e-03,4.19375000e-03
-9.34125000e-09,4.93125000e-04,6.30468750e-03,4.19062500e-03
-9.30125000e-09,4.36562500e-04,6.44375000e-03,4.18750000e-03
-9.26125000e-09,3.84062500e-04,6.58750000e-03,4.18125000e-03
-9.22125000e-09,3.35625000e-04,6.73437500e-03,4.17500000e-03
-9.18125000e-09,2.92187500e-04,6.88593750e-03,4.16875000e-03
-9.14125000e-09,2.54062500e-04,7.04218750e-03,4.15937500e-03
-9.10125000e-09,2.21875000e-04,7.20312500e-03,4.15312500e-03
-9.06125000e-09,1.95937500e-04,7.37031250e-03,4.14375000e-03
-9.02125000e-09,1.76250000e-04,7.54062500e-03,4.13437500e-03
-8.98125000e-09,1.62812500e-04,7.71562500e-03,4.12500000e-03
-8.94125000e-09,1.55000000e-04,7.89531250e-03,4.11562500e-03
-8.90125000e-09,1.52187500e-04,8.07968750e-03,4.10937500e-03
-8.86125000e-09,1.53437500e-04,8.26718750e-03,4.10000000e-03
-8.82125000e-09,1.57812500e-04,8.45781250e-03,4.09375000e-03
-8.78125000e-09,1.63750000e-04,8.65156250e-03,4.09062500e-03
-8.74125000e-09,1.70625000e-04,8.84531250e-03,4.09062500e-03
-8.70125000e-09,1.76562500e-04,9.04218750e-03,4.09062500e-03
-8.66125000e-09,1.80937500e-04,9.23750000e-03,4.09375000e-03
-8.62125000e-09,1.82187500e-04,9.43125000e-03,4.10000000e-03
-8.58125000e-09,1.80312500e-04,9.62500000e-03,4.10625000e-03
-8.54125000e-09,1.74375000e-04,9.81562500e-03,4.11875000e-03
-8.50125000e-09,1.64062500e-04,1.00031250e-02,4.13125000e-03
-8.46125000e-09,1.49375000e-04,1.01875000e-02,4.14687500e-03
-8.42125000e-09,1.30937500e-04,1.03687500e-02,4.15937500e-03
-8.38125000e-09,1.08750000e-04,1.05453125e-02,4.17500000e-03
-8.34125000e-09,8.40625000e-05,1.07171875e-02,4.18750000e-03
-8.30125000e-09,5.71875000e-05,1.08875000e-02,4.20000000e-03
-8.26125000e-09,2.96875000e-05,1.10531250e-02,4.20937500e-03
-8.22125000e-09,2.50000000e-06,1.12156250e-02,4.21250000e-03
-8.18125000e-09,-2.37500000e-05,1.13765625e-02,4.21250000e-03
-8.14125000e-09,-4.78125000e-05,1.15359375e-02,4.20625000e-03
-8.10125000e-09,-6.87500000e-05,1.16953125e-02,4.19375000e-03
-8.06125000e-09,-8.59375000e-05,1.18531250e-02,4.17812500e-03
-8.02125000e-09,-9.87500000e-05,1.20125000e-02,4.15312500e-03
-7.98125000e-09,-1.06875000e-04,1.21734375e-02,4.12500000e-03
-7.94125000e-09,-1.10312500e-04,1.23375000e-02,4.09062500e-03
-7.90125000e-09,-1.09062500e-04,1.25015625e-02,4.05625000e-03
-7.86125000e-09,-1.03437500e-04,1.26703125e-02,4.01562500e-03
-7.82125000e-09,-9.40625000e-05,1.28406250e-02,3.97500000e-03
-7.78125000e-09,-8.12500000e-05,1.30125000e-02,3.93750000e-03
-7.74125000e-09,-6.59375000e-05,1.31875000e-02,3.90000000e-03
-7.70125000e-09,-4.87500000e-05,1.33625000e-02,3.86875000e-03
-7.66125000e-09,-3.06250000e-05,1.35390625e-02,3.84375000e-03
-7.62125000e-09,-1.21875000e-05,1.37156250e-02,3.82812500e-03
-7.58125000e-09,5.62500000e-06,1.38906250e-02,3.81875000e-03
-7.54125000e-09,2.21875000e-05,1.40640625e-02,3.82187500e-03
-7.50125000e-09,3.71875000e-05,1.42359375e-02,3.83437500e-03
-7.46125000e-09,5.00000000e-05,1.44031250e-02,3.85625000e-03
-7.42125000e-09,6.00000000e-05,1.45671875e-02,3.88750000e-03
-7.38125000e-09,6.75000000e-05,1.47296875e-02,3.93125000e-03
-7.34125000e-09,7.21875000e-05,1.48875000e-02,3.97812500e-03
-7.30125000e-09,7.40625000e-05,1.50421875e-02,4.03437500e-03
-7.26125000e-09,7.34375000e-05,1.51953125e-02,4.09062500e-03
-7.22125000e-09,7.03125000e-05,1.53453125e-02,4.15000000e-03
-7.18125000e-09,6.53125000e-05,1.54968750e-02,4.20625000e-03
-7.14125000e-09,5.90625000e-05,1.56484375e-02,4.26250000e-03
-7.10125000e-09,5.12500000e-05,1.58015625e-02,4.30937500e-03
-7.06125000e-09,4.31250000e-05,1.59593750e-02,4.34687500e-03
-7.02125000e-09,3.43750000e-05,1.61218750e-02,4.37812500e-03
-6.98125000e-09,2.62500000e-05,1.62890625e-02,4.39687500e-03
-6.94125000e-09,1.81250000e-05,1.64640625e-02,4.40312500e-03
-6.90125000e-09,1.12500000e-05,1.66453125e-02,4.39687500e-03
-6.86125000e-09,5.62500000e-06,1.68359375e-02,4.38125000e-03
-6.82125000e-09,1.56250000e-06,1.70328125e-02,4.35625000e-03
-6.78125000e-09,-9.37500000e-07,1.72375000e-02,4.32187500e-03
-6.74125000e-09,-1.56250000e-06,1.74468750e-02,4.28437500e-03
-6.70125000e-09,0.00000000e+00,1.76640625e-02,4.24062500e-03
-6.66125000e-09,3.43750000e-06,1.78828125e-02,4.19687500e-03
-6.62125000e-09,8.75000000e-06,1.81031250e-02,4.15625000e-03
-6.58125000e-09,1.59375000e-05,1.83234375e-02,4.12187500e-03
-6.54125000e-09,2.53125000e-05,1.85421875e-02,4.09375000e-03
-6.50125000e-09,3.59375000e-05,1.87562500e-02,4.07812500e-03
-6.46125000e-09,4.81250000e-05,1.89625000e-02,4.07500000e-03
-6.42125000e-09,6.12500000e-05,1.91625000e-02,4.08437500e-03
-6.38125000e-09,7.50000000e-05,1.93515625e-02,4.10625000e-03
-6.34125000e-09,8.90625000e-05,1.95296875e-02,4.14375000e-03
-6.30125000e-09,1.03125000e-04,1.96968750e-02,4.19375000e-03
-6.26125000e-09,1.16250000e-04,1.98515625e-02,4.25312500e-03
-6.22125000e-09,1.28437500e-04,1.99953125e-02,4.32187500e-03
-6.18125000e-09,1.39062500e-04,2.01281250e-02,4.39687500e-03
-6.14125000e-09,1.47500000e-04,2.02531250e-02,4.47187500e-03
-6.10125000e-09,1.53750000e-04,2.03687500e-02,4.54687500e-03
-6.06125000e-09,1.56875000e-04,2.04796875e-02,4.61562500e-03
-6.02125000e-09,1.57187500e-04,2.05859375e-02,4.67812500e-03
-5.98125000e-09,1.54062500e-04,2.06921875e-02,4.72500000e-03
-5.94125000e-09,1.47187500e-04,2.07984375e-02,4.76250000e-03
-5.90125000e-09,1.37187500e-04,2.09078125e-02,4.77812500e-03
-5.86125000e-09,1.24062500e-04,2.10218750e-02,4.77812500e-03
-5.82125000e-09,1.07812500e-04,2.11437500e-02,4.76250000e-03
-5.78125000e-09,8.93750000e-05,2.12718750e-02,4.72500000e-03
-5.74125000e-09,6.87500000e-05,2.14093750e-02,4.67187500e-03
-5.70125000e-09,4.65625000e-05,2.15546875e-02,4.60312500e-03
-5.66125000e-09,2.40625000e-05,2.17078125e-02,4.52187500e-03
-5.62125000e-09,1.56250000e-06,2.18687500e-02,4.43125000e-03
-5.58125000e-09,-2.00000000e-05,2.20359375e-02,4.33750000e-03
-5.54125000e-09,-3.96875000e-05,2.22062500e-02,4.24062500e-03
-5.50125000e-09,-5.68750000e-05,2.23796875e-02,4.14687500e-03
-5.46125000e-09,-7.12500000e-05,2.25531250e-02,4.05937500e-03
-5.42125000e-09,-8.15625000e-05,2.27234375e-02,3.98125000e-03
-5.38125000e-09,-8.78125000e-05,2.28906250e-02,3.91875000e-03
-5.34125000e-09,-9.00000000e-05,2.30500000e-02,3.87187500e-03
-5.30125000e-09,-8.75000000e-05,2.32015625e-02,3.84062500e-03
-5.26125000e-09,-8.06250000e-05,2.33437500e-02,3.83125000e-03
-5.22125000e-09,-6.96875000e-05,2.34750000e-02,3.84375000e-03
-5.18125000e-09,-5.50000000e-05,2.35953125e-02,3.87187500e-03
-5.14125000e-09,-3.75000000e-05,2.37046875e-02,3.92187500e-03
-5.10125000e-09,-1.78125000e-05,2.38015625e-02,3.98437500e-03
-5.06125000e-09,3.43750000e-06,2.38890625e-02,4.06250000e-03
-5.02125000e-09,2.53125000e-05,2.39687500e-02,4.15312500e-03
-4.98125000e-09,4.65625000e-05,2.40406250e-02,4.24687500e-03
-4.94125000e-09,6.65625000e-05,2.41078125e-02,4.34687500e-03
-4.90125000e-09,8.46875000e-05,2.41718750e-02,4.44687500e-03
-4.86125000e-09,1.00000000e-04,2.42359375e-02,4.54375000e-03
-4.82125000e-09,1.11875000e-04,2.43015625e-02,4.63750000e-03
-4.78125000e-09,1.20000000e-04,2.43703125e-02,4.72187500e-03
-4.74125000e-09,1.24375000e-04,2.44437500e-02,4.79687500e-03
-4.70125000e-09,1.24687500e-04,2.45234375e-02,4.85937500e-03
-4.66125000e-09,1.21250000e-04,2.46109375e-02,4.91250000e-03
-4.62125000e-09,1.14375000e-04,2.47062500e-02,4.95625000e-03
-4.58125000e-09,1.05000000e-04,2.48093750e-02,4.98750000e-03
-4.54125000e-09,9.34375000e-05,2.49187500e-02,5.01250000e-03
-4.50125000e-09,8.06250000e-05,2.50359375e-02,5.03125000e-03
-4.46125000e-09,6.75000000e-05,2.51593750e-02,5.04375000e-03
-4.42125000e-09,5.50000000e-05,2.52875000e-02,5.05625000e-03
-4.38125000e-09,4.37500000e-05,2.54187500e-02,5.06875000e-03
-4.34125000e-09,3.46875000e-05,2.55500000e-02,5.08437500e-03
-4.30125000e-09,2.84375000e-05,2.56812500e-02,5.10937500e-03
-4.26125000e-09,2.56250000e-05,2.58125000e-02,5.14062500e-03
-4.22125000e-09,2.62500000e-05,2.59390625e-02,5.18125000e-03
-4.18125000e-09,3.09375000e-05,2.60625000e-02,5.23750000e-03
-4.14125000e-09,3.96875000e-05,2.61812500e-02,5.30625000e-03
-4.10125000e-09,5.18750000e-05,2.62937500e-02,5.38750000e-03
-4.06125000e-09,6.71875000e-05,2.64015625e-02,5.48437500e-03
-4.02125000e-09,8.53125000e-05,2.65031250e-02,5.59375000e-03
-3.98125000e-09,1.05000000e-04,2.66000000e-02,5.71562500e-03
-3.94125000e-09,1.25937500e-04,2.66921875e-02,5.85312500e-03
-3.90125000e-09,1.46875000e-04,2.67828125e-02,5.99687500e-03
-3.86125000e-09,1.66875000e-04,2.68703125e-02,6.15312500e-03
-3.82125000e-09,1.85312500e-04,2.69562500e-02,6.31562500e-03
-3.78125000e-09,2.01250000e-04,2.70406250e-02,6.48437500e-03
-3.74125000e-09,2.14062500e-04,2.71265625e-02,6.65625000e-03
-3.70125000e-09,2.23437500e-04,2.72140625e-02,6.82812500e-03
-3.66125000e-09,2.28437500e-04,2.73031250e-02,7.00312500e-03
-3.62125000e-09,2.29375000e-04,2.73953125e-02,7.17500000e-03
-3.58125000e-09,2.25937500e-04,2.74890625e-02,7.34687500e-03
-3.54125000e-09,2.18437500e-04,2.75843750e-02,7.51562500e-03
-3.50125000e-09,2.07500000e-04,2.76828125e-02,7.67812500e-03
-3.46125000e-09,1.93437500e-04,2.77812500e-02,7.83437500e-03
-3.42125000e-09,1.76875000e-04,2.78796875e-02,7.98750000e-03
-3.38125000e-09,1.58437500e-04,2.79781250e-02,8.13437500e-03
-3.34125000e-09,1.39062500e-04,2.80750000e-02,8.27500000e-03
-3.30125000e-09,1.19687500e-04,2.81703125e-02,8.41250000e-03
-3.26125000e-09,1.00937500e-04,2.82625000e-02,8.54062500e-03
-3.22125000e-09,8.34375000e-05,2.83500000e-02,8.66250000e-03
-3.18125000e-09,6.78125000e-05,2.84328125e-02,8.77812500e-03
-3.14125000e-09,5.43750000e-05,2.85125000e-02,8.89062500e-03
-3.10125000e-09,4.37500000e-05,2.85859375e-02,8.99687500e-03
-3.06125000e-09,3.62500000e-05,2.86546875e-02,9.09687500e-03
-3.02125000e-09,3.12500000e-05,2.87187500e-02,9.19375000e-03
-2.98125000e-09,2.87500000e-05,2.87796875e-02,9.28750000e-03
-2.94125000e-09,2.90625000e-05,2.88375000e-02,9.37812500e-03
-2.90125000e-09,3.12500000e-05,2.88906250e-02,9.46562500e-03
-2.86125000e-09,3.46875000e-05,2.89437500e-02,9.55312500e-03
-2.82125000e-09,3.90625000e-05,2.89953125e-02,9.64375000e-03
-2.78125000e-09,4.40625000e-05,2.90468750e-02,9.73125000e-03
-2.74125000e-09,4.84375000e-05,2.90968750e-02,9.82500000e-03
-2.70125000e-09,5.21875000e-05,2.91484375e-02,9.91875000e-03
-2.66125000e-09,5.46875000e-05,2.92015625e-02,1.00218750e-02
-2.62125000e-09,5.56250000e-05,2.92531250e-02,1.01312500e-02
-2.58125000e-09,5.46875000e-05,2.93078125e-02,1.02468750e-02
-2.54125000e-09,5.15625000e-05,2.93609375e-02,1.03687500e-02
-2.50125000e-09,4.65625000e-05,2.94140625e-02,1.05031250e-02
-2.46125000e-09,3.93750000e-05,2.94671875e-02,1.06468750e-02
-2.42125000e-09,3.06250000e-05,2.95187500e-02,1.08000000e-02
-2.38125000e-09,2.06250000e-05,2.95671875e-02,1.09625000e-02
-2.34125000e-09,9.37500000e-06,2.96140625e-02,1.11312500e-02
-2.30125000e-09,-2.18750000e-06,2.96578125e-02,1.13093750e-02
-2.26125000e-09,-1.37500000e-05,2.96968750e-02,1.14968750e-02
-2.22125000e-09,-2.50000000e-05,2.97328125e-02,1.16843750e-02
-2.18125000e-09,-3.53125000e-05,2.97640625e-02,1.18781250e-02
-2.14125000e-09,-4.40625000e-05,2.97937500e-02,1.20718750e-02
-2.10125000e-09,-5.15625000e-05,2.98203125e-02,1.22625000e-02
-2.06125000e-09,-5.65625000e-05,2.98453125e-02,1.24531250e-02
-2.02125000e-09,-6.00000000e-05,2.98687500e-02,1.26406250e-02
-1.98125000e-09,-6.09375000e-05,2.98921875e-02,1.28187500e-02
-1.94125000e-09,-6.03125000e-05,2.99187500e-02,1.29906250e-02
-1.90125000e-09,-5.75000000e-05,2.99468750e-02,1.31531250e-02
-1.86125000e-09,-5.31250000e-05,2.99796875e-02,1.33093750e-02
-1.82125000e-09,-4.75000000e-05,3.00187500e-02,1.34531250e-02
-1.78125000e-09,-4.09375000e-05,3.00640625e-02,1.35937500e-02
-1.74125000e-09,-3.40625000e-05,3.01156250e-02,1.37218750e-02
-1.70125000e-09,-2.68750000e-05,3.01750000e-02,1.38468750e-02
-1.66125000e-09,-2.03125000e-05,3.02437500e-02,1.39687500e-02
-1.62125000e-09,-1.43750000e-05,3.03171875e-02,1.40875000e-02
-1.58125000e-09,-9.37500000e-06,3.03984375e-02,1.42062500e-02
-1.54125000e-09,-5.62500000e-06,3.04843750e-02,1.43250000e-02
-1.50125000e-09,-3.12500000e-06,3.05750000e-02,1.44500000e-02
-1.46125000e-09,-2.50000000e-06,3.06671875e-02,1.45812500e-02
-1.42125000e-09,-2.81250000e-06,3.07609375e-02,1.47187500e-02
-1.38125000e-09,-4.68750000e-06,3.08515625e-02,1.48656250e-02
-1.34125000e-09,-7.50000000e-06,3.09390625e-02,1.50250000e-02
-1.30125000e-09,-1.12500000e-05,3.10218750e-02,1.51906250e-02
-1.26125000e-09,-1.56250000e-05,3.10968750e-02,1.53656250e-02
-1.22125000e-09,-2.03125000e-05,3.11625000e-02,1.55500000e-02
-1.18125000e-09,-2.46875000e-05,3.12171875e-02,1.57406250e-02
-1.14125000e-09,-2.84375000e-05,3.12609375e-02,1.59375000e-02
-1.10125000e-09,-3.18750000e-05,3.12937500e-02,1.61375000e-02
-1.06125000e-09,-3.40625000e-05,3.13156250e-02,1.63343750e-02
-1.02125000e-09,-3.53125000e-05,3.13265625e-02,1.65312500e-02
-9.81250000e-10,-3.53125000e-05,3.13281250e-02,1.67218750e-02
-9.41250000e-10,-3.43750000e-05,3.13203125e-02,1.69031250e-02
-9.01250000e-10,-3.18750000e-05,3.13078125e-02,1.70750000e-02
-8.61250000e-10,-2.87500000e-05,3.12890625e-02,1.72343750e-02
-8.21250000e-10,-2.46875000e-05,3.12703125e-02,1.73781250e-02
-7.81250000e-10,-2.03125000e-05,3.12500000e-02,1.75062500e-02
-7.41250000e-10,-1.59375000e-05,3.12328125e-02,1.76218750e-02
-7.01250000e-10,-1.15625000e-05,3.12203125e-02,1.77218750e-02
-6.61250000e-10,-8.12500000e-06,3.12156250e-02,1.78093750e-02
-6.21250000e-10,-5.31250000e-06,3.12187500e-02,1.78843750e-02
-5.81250000e-10,-4.06250000e-06,3.12312500e-02,1.79500000e-02
-5.41250000e-10,-4.37500000e-06,3.12546875e-02,1.80093750e-02
-5.01250000e-10,-6.56250000e-06,3.12906250e-02,1.80656250e-02
-4.61250000e-10,-1.09375000e-05,3.13359375e-02,1.81218750e-02
-4.21250000e-10,-1.68750000e-05,3.13921875e-02,1.81781250e-02
-3.81250000e-10,-2.53125000e-05,3.14562500e-02,1.82406250e-02
-3.41250000e-10,-3.53125000e-05,3.15296875e-02,1.83125000e-02
-3.01250000e-10,-4.68750000e-05,3.16078125e-02,1.83937500e-02
-2.61250000e-10,-6.00000000e-05,3.16906250e-02,1.84875000e-02
-2.21250000e-10,-7.43750000e-05,3.17750000e-02,1.85937500e-02
-1.81250000e-10,-8.90625000e-05,3.18593750e-02,1.87125000e-02
-1.41250000e-10,-1.04062500e-04,3.19406250e-02,1.88468750e-02
-1.01250000e-10,-1.18750000e-04,3.20156250e-02,1.89937500e-02
-6.12500000e-11,-1.32812500e-04,3.20843750e-02,1.91468750e-02
-2.12500000e-11,-1.45937500e-04,3.21453125e-02,1.93125000e-02
1.87500000e-11,-1.57812500e-04,3.21953125e-02,1.94843750e-02
5.87500000e-11,-1.67812500e-04,3.22343750e-02,1.96562500e-02
9.87500000e-11,-1.75937500e-04,3.22640625e-02,1.98312500e-02
1.38750000e-10,-1.82187500e-04,3.22812500e-02,2.00031250e-02
1.78750000e-10,-1.86250000e-04,3.22890625e-02,2.01687500e-02
2.18750000e-10,-1.88437500e-04,3.22875000e-02,2.03281250e-02
2.58750000e-10,-1.88750000e-04,3.22781250e-02,2.04750000e-02
2.98750000e-10,-1.87500000e-04,3.22625000e-02,2.06125000e-02
3.38750000e-10,-1.84375000e-04,3.22421875e-02,2.07375000e-02
3.78750000e-10,-1.80312500e-04,3.22187500e-02,2.08500000e-02
4.18750000e-10,-1.75625000e-04,3.21953125e-02,2.09500000e-02
4.58750000e-10,-1.70000000e-04,3.21734375e-02,2.10375000e-02
4.98750000e-10,-1.64375000e-04,3.21546875e-02,2.11156250e-02
5.38750000e-10,-1.58750000e-04,3.21406250e-02,2.11843750e-02
5.78750000e-10,-1.53125000e-04,3.21328125e-02,2.12468750e-02
6.18750000e-10,-1.48125000e-04,3.21312500e-02,2.13062500e-02
6.58750000e-10,-1.43437500e-04,3.21390625e-02,2.13625000e-02
6.98750000e-10,-1.39062500e-04,3.21546875e-02,2.14218750e-02
7.38750000e-10,-1.35625000e-04,3.21781250e-02,2.14812500e-02
7.78750000e-10,-1.32187500e-04,3.22093750e-02,2.15500000e-02
8.18750000e-10,-1.29062500e-04,3.22468750e-02,2.16218750e-02
8.58750000e-10,-1.25937500e-04,3.22906250e-02,2.17000000e-02
8.98750000e-10,-1.22812500e-04,3.23390625e-02,2.17875000e-02
9.38750000e-10,-1.19062500e-04,3.23906250e-02,2.18812500e-02
9.78750000e-10,-1.14375000e-04,3.24421875e-02,2.19843750e-02
1.01875000e-09,-1.09062500e-04,3.24953125e-02,2.20937500e-02
1.05875000e-09,-1.02500000e-04,3.25453125e-02,2.22093750e-02
1.09875000e-09,-9.43750000e-05,3.25921875e-02,2.23281250e-02
1.13875000e-09,-8.50000000e-05,3.26359375e-02,2.24500000e-02
1.17875000e-09,-7.43750000e-05,3.26734375e-02,2.25718750e-02
1.21875000e-09,-6.25000000e-05,3.27062500e-02,2.26937500e-02
1.25875000e-09,-4.90625000e-05,3.27312500e-02,2.28156250e-02
1.29875000e-09,-3.46875000e-05,3.27515625e-02,2.29312500e-02
1.33875000e-09,-1.96875000e-05,3.27656250e-02,2.30437500e-02
1.37875000e-09,-4.06250000e-06,3.27734375e-02,2.31500000e-02
1.41875000e-09,1.18750000e-05,3.27765625e-02,2.32531250e-02
1.45875000e-09,2.78125000e-05,3.27765625e-02,2.33468750e-02
1.49875000e-09,4.28125000e-05,3.27734375e-02,2.34375000e-02
1.53875000e-09,5.75000000e-05,3.27687500e-02,2.35250000e-02
1.57875000e-09,7.06250000e-05,3.27640625e-02,2.36093750e-02
1.61875000e-09,8.28125000e-05,3.27593750e-02,2.36875000e-02
1.65875000e-09,9.34375000e-05,3.27578125e-02,2.37656250e-02
1.69875000e-09,1.02187500e-04,3.27578125e-02,2.38437500e-02
1.73875000e-09,1.09687500e-04,3.27609375e-02,2.39218750e-02
1.77875000e-09,1.15312500e-04,3.27671875e-02,2.40031250e-02
1.81875000e-09,1.19687500e-04,3.27781250e-02,2.40843750e-02
1.85875000e-09,1.22812500e-04,3.27921875e-02,2.41687500e-02
1.89875000e-09,1.25000000e-04,3.28109375e-02,2.42562500e-02
1.93875000e-09,1.26250000e-04,3.28328125e-02,2.43437500e-02
1.97875000e-09,1.27187500e-04,3.28562500e-02,2.44375000e-02
2.01875000e-09,1.28125000e-04,3.28828125e-02,2.45281250e-02
2.05875000e-09,1.29375000e-04,3.29093750e-02,2.46218750e-02
2.09875000e-09,1.30937500e-04,3.29359375e-02,2.47156250e-02
2.13875000e-09,1.33437500e-04,3.29625000e-02,2.48062500e-02
2.17875000e-09,1.36875000e-04,3.29859375e-02,2.48968750e-02
2.21875000e-09,1.41562500e-04,3.30078125e-02,2.49812500e-02
2.25875000e-09,1.47500000e-04,3.30265625e-02,2.50625000e-02
2.29875000e-09,1.54375000e-04,3.30421875e-02,2.51406250e-02
2.33875000e-09,1.62500000e-04,3.30546875e-02,2.52125000e-02
2.37875000e-09,1.71250000e-04,3.30625000e-02,2.52781250e-02
2.41875000e-09,1.80937500e-04,3.30656250e-02,2.53406250e-02
2.45875000e-09,1.91250000e-04,3.30671875e-02,2.54000000e-02
2.49875000e-09,2.01250000e-04,3.30640625e-02,2.54531250e-02
2.53875000e-09,2.11250000e-04,3.30578125e-02,2.55062500e-02
2.57875000e-09,2.20625000e-04,3.30484375e-02,2.55562500e-02
2.61875000e-09,2.28750000e-04,3.30375000e-02,2.56093750e-02
2.65875000e-09,2.35937500e-04,3.30250000e-02,2.56625000e-02
2.69875000e-09,2.41562500e-04,3.30125000e-02,2.57218750e-02
2.73875000e-09,2.45312500e-04,3.30000000e-02,2.57843750e-02
2.77875000e-09,2.47500000e-04,3.29875000e-02,2.58500000e-02
2.81875000e-09,2.47500000e-04,3.29750000e-02,2.59250000e-02
2.85875000e-09,2.45625000e-04,3.29640625e-02,2.60062500e-02
2.89875000e-09,2.41562500e-04,3.29546875e-02,2.60968750e-02
2.93875000e-09,2.36250000e-04,3.29468750e-02,2.61937500e-02
2.97875000e-09,2.29062500e-04,3.29406250e-02,2.63000000e-02
3.01875000e-09,2.20937500e-04,3.29359375e-02,2.64125000e-02
3.05875000e-09,2.11875000e-04,3.29328125e-02,2.65312500e-02
3.09875000e-09,2.02500000e-04,3.29312500e-02,2.66531250e-02
3.13875000e-09,1.92812500e-04,3.29328125e-02,2.67812500e-02
3.17875000e-09,1.83750000e-04,3.29343750e-02,2.69093750e-02
3.21875000e-09,1.75312500e-04,3.29390625e-02,2.70375000e-02
3.25875000e-09,1.68125000e-04,3.29453125e-02,2.71656250e-02
3.29875000e-09,1.62500000e-04,3.29531250e-02,2.72875000e-02
3.33875000e-09,1.58750000e-04,3.29625000e-02,2.74062500e-02
3.37875000e-09,1.56875000e-04,3.29734375e-02,2.75218750e-02
3.41875000e-09,1.57500000e-04,3.29875000e-02,2.76250000e-02
3.45875000e-09,1.60312500e-04,3.30031250e-02,2.77250000e-02
3.49875000e-09,1.65625000e-04,3.30203125e-02,2.78125000e-02
3.53875000e-09,1.73437500e-04,3.30406250e-02,2.78906250e-02
3.57875000e-09,1.83437500e-04,3.30609375e-02,2.79625000e-02
3.61875000e-09,1.95312500e-04,3.30859375e-02,2.80218750e-02
3.65875000e-09,2.09375000e-04,3.31109375e-02,2.80718750e-02
3.69875000e-09,2.24687500e-04,3.31375000e-02,2.81156250e-02
3.73875000e-09,2.41250000e-04,3.31656250e-02,2.81500000e-02
3.77875000e-09,2.58437500e-04,3.31937500e-02,2.81781250e-02
3.81875000e-09,2.75937500e-04,3.32234375e-02,2.82000000e-02
3.85875000e-09,2.93437500e-04,3.32515625e-02,2.82187500e-02
3.89875000e-09,3.10312500e-04,3.32796875e-02,2.82343750e-02
3.93875000e-09,3.25937500e-04,3.33062500e-02,2.82500000e-02
3.97875000e-09,3.40000000e-04,3.33312500e-02,2.82656250e-02
4.01875000e-09,3.52187500e-04,3.33531250e-02,2.82812500e-02
4.05875000e-09,3.61875000e-04,3.33718750e-02,2.83000000e-02
4.09875000e-09,3.69062500e-04,3.33875000e-02,2.83218750e-02
4.13875000e-09,3.72812500e-04,3.34000000e-02,2.83500000e-02
4.17875000e-09,3.73125000e-04,3.34093750e-02,2.83843750e-02
4.21875000e-09,3.69687500e-04,3.34140625e-02,2.84250000e-02
4.25875000e-09,3.62500000e-04,3.34156250e-02,2.84687500e-02
4.29875000e-09,3.50937500e-04,3.34140625e-02,2.85250000e-02
4.33875000e-09,3.35625000e-04,3.34093750e-02,2.85843750e-02
4.37875000e-09,3.15625000e-04,3.34031250e-02,2.86531250e-02
4.41875000e-09,2.91562500e-04,3.33937500e-02,2.87281250e-02
4.45875000e-09,2.63437500e-04,3.33828125e-02,2.88062500e-02
4.49875000e-09,2.31250000e-04,3.33718750e-02,2.88906250e-02
4.53875000e-09,1.95312500e-04,3.33593750e-02,2.89812500e-02
4.57875000e-09,1.55625000e-04,3.33484375e-02,2.90718750e-02
4.61875000e-09,1.12812500e-04,3.33375000e-02,2.91656250e-02
4.65875000e-09,6.71875000e-05,3.33265625e-02,2.92625000e-02
4.69875000e-09,1.90625000e-05,3.33187500e-02,2.93562500e-02
4.73875000e-09,-3.12500000e-05,3.33109375e-02,2.94468750e-02
4.77875000e-09,-8.28125000e-05,3.33062500e-02,2.95343750e-02
4.81875000e-09,-1.35625000e-04,3.33015625e-02,2.96187500e-02
4.85875000e-09,-1.88750000e-04,3.33000000e-02,2.97000000e-02
4.89875000e-09,-2.41562500e-04,3.33015625e-02,2.97750000e-02
4.93875000e-09,-2.93437500e-04,3.33031250e-02,2.98437500e-02
4.97875000e-09,-3.44062500e-04,3.33078125e-02,2.99093750e-02
5.01875000e-09,-3.92500000e-04,3.33140625e-02,2.99656250e-02
5.05875000e-09,-4.38125000e-04,3.33218750e-02,3.00218750e-02
5.09875000e-09,-4.80937500e-04,3.33296875e-02,3.00687500e-02
5.13875000e-09,-5.19687500e-04,3.33390625e-02,3.01156250e-02
5.17875000e-09,-5.54375000e-04,3.33515625e-02,3.01562500e-02
5.21875000e-09,-5.84375000e-04,3.33625000e-02,3.02000000e-02
5.25875000e-09,-6.09375000e-04,3.33750000e-02,3.02406250e-02
5.29875000e-09,-6.29062500e-04,3.33890625e-02,3.02812500e-02
5.33875000e-09,-6.43437500e-04,3.34031250e-02,3.03250000e-02
5.37875000e-09,-6.52500000e-04,3.34171875e-02,3.03687500e-02
5.41875000e-09,-6.55937500e-04,3.34312500e-02,3.04187500e-02
5.45875000e-09,-6.54062500e-04,3.34453125e-02,3.04718750e-02
5.49875000e-09,-6.46875000e-04,3.34593750e-02,3.05281250e-02
5.53875000e-09,-6.34687500e-04,3.34734375e-02,3.05875000e-02
5.57875000e-09,-6.18125000e-04,3.34859375e-02,3.06500000e-02
5.61875000e-09,-5.97187500e-04,3.34968750e-02,3.07156250e-02
5.65875000e-09,-5.72500000e-04,3.35062500e-02,3.07812500e-02
5.69875000e-09,-5.44375000e-04,3.35156250e-02,3.08500000e-02
5.73875000e-09,-5.13437500e-04,3.35218750e-02,3.09187500e-02
5.77875000e-09,-4.80312500e-04,3.35265625e-02,3.09843750e-02
5.81875000e-09,-4.45312500e-04,3.35281250e-02,3.10468750e-02
5.85875000e-09,-4.09062500e-04,3.35296875e-02,3.11062500e-02
5.89875000e-09,-3.72187500e-04,3.35265625e-02,3.11593750e-02
5.93875000e-09,-3.34687500e-04,3.35234375e-02,3.12062500e-02
5.97875000e-09,-2.97187500e-04,3.35187500e-02,3.12468750e-02
6.01875000e-09,-2.60312500e-04,3.35109375e-02,3.12812500e-02
6.05875000e-09,-2.23750000e-04,3.35046875e-02,3.13093750e-02
6.09875000e-09,-1.88437500e-04,3.34968750e-02,3.13312500e-02
6.13875000e-09,-1.54062500e-04,3.34890625e-02,3.13468750e-02
6.17875000e-09,-1.20937500e-04,3.34828125e-02,3.13562500e-02
6.21875000e-09,-8.90625000e-05,3.34781250e-02,3.13625000e-02
6.25875000e-09,-5.90625000e-05,3.34750000e-02,3.13656250e-02
6.29875000e-09,-3.03125000e-05,3.34750000e-02,3.13718750e-02
6.33875000e-09,-3.43750000e-06,3.34765625e-02,3.13750000e-02
6.37875000e-09,2.15625000e-05,3.34828125e-02,3.13843750e-02
6.41875000e-09,4.46875000e-05,3.34921875e-02,3.13968750e-02
6.45875000e-09,6.62500000e-05,3.35031250e-02,3.14125000e-02
6.49875000e-09,8.56250000e-05,3.35187500e-02,3.14375000e-02
6.53875000e-09,1.03125000e-04,3.35359375e-02,3.14687500e-02
6.57875000e-09,1.18437500e-04,3.35546875e-02,3.15062500e-02
6.61875000e-09,1.31562500e-04,3.35750000e-02,3.15500000e-02
6.65875000e-09,1.42187500e-04,3.35953125e-02,3.16000000e-02
6.69875000e-09,1.50625000e-04,3.36140625e-02,3.16562500e-02
6.73875000e-09,1.56562500e-04,3.36328125e-02,3.17187500e-02
6.77875000e-09,1.59687500e-04,3.36500000e-02,3.17812500e-02
6.81875000e-09,1.60625000e-04,3.36625000e-02,3.18468750e-02
6.85875000e-09,1.58750000e-04,3.36718750e-02,3.19125000e-02
6.89875000e-09,1.54687500e-04,3.36781250e-02,3.19750000e-02
6.93875000e-09,1.47812500e-04,3.36796875e-02,3.20343750e-02
6.97875000e-09,1.39062500e-04,3.36750000e-02,3.20875000e-02
7.01875000e-09,1.28125000e-04,3.36671875e-02,3.21375000e-02
7.05875000e-09,1.15312500e-04,3.36562500e-02,3.21781250e-02
7.09875000e-09,1.00937500e-04,3.36390625e-02,3.22093750e-02
7.13875000e-09,8.56250000e-05,3.36203125e-02,3.22343750e-02
7.17875000e-09,6.90625000e-05,3.36000000e-02,3.22531250e-02
7.21875000e-09,5.25000000e-05,3.35781250e-02,3.22625000e-02
7.25875000e-09,3.56250000e-05,3.35546875e-02,3.22656250e-02
7.29875000e-09,1.90625000e-05,3.35328125e-02,3.22656250e-02
7.33875000e-09,3.43750000e-06,3.35109375e-02,3.22593750e-02
7.37875000e-09,-1.12500000e-05,3.34921875e-02,3.22531250e-02
7.41875000e-09,-2.43750000e-05,3.34765625e-02,3.22437500e-02
7.45875000e-09,-3.62500000e-05,3.34625000e-02,3.22375000e-02
7.49875000e-09,-4.59375000e-05,3.34531250e-02,3.22312500e-02
7.53875000e-09,-5.37500000e-05,3.34468750e-02,3.22281250e-02
7.57875000e-09,-5.96875000e-05,3.34437500e-02,3.22312500e-02
7.61875000e-09,-6.34375000e-05,3.34453125e-02,3.22375000e-02
7.65875000e-09,-6.56250000e-05,3.34484375e-02,3.22468750e-02
7.69875000e-09,-6.59375000e-05,3.34531250e-02,3.22656250e-02
7.73875000e-09,-6.46875000e-05,3.34593750e-02,3.22875000e-02
7.77875000e-09,-6.25000000e-05,3.34671875e-02,3.23125000e-02
7.81875000e-09,-5.93750000e-05,3.34750000e-02,3.23437500e-02
7.85875000e-09,-5.59375000e-05,3.34828125e-02,3.23750000e-02
7.89875000e-09,-5.25000000e-05,3.34875000e-02,3.24093750e-02
7.93875000e-09,-4.90625000e-05,3.34921875e-02,3.24468750e-02
7.97875000e-09,-4.68750000e-05,3.34953125e-02,3.24812500e-02
8.01875000e-09,-4.53125000e-05,3.34953125e-02,3.25125000e-02
8.05875000e-09,-4.53125000e-05,3.34953125e-02,3.25437500e-02
8.09875000e-09,-4.68750000e-05,3.34921875e-02,3.25718750e-02
8.13875000e-09,-5.03125000e-05,3.34875000e-02,3.25937500e-02
8.17875000e-09,-5.56250000e-05,3.34828125e-02,3.26125000e-02
8.21875000e-09,-6.28125000e-05,3.34765625e-02,3.26281250e-02
8.25875000e-09,-7.15625000e-05,3.34703125e-02,3.26406250e-02
8.29875000e-09,-8.21875000e-05,3.34656250e-02,3.26500000e-02
8.33875000e-09,-9.40625000e-05,3.34625000e-02,3.26562500e-02
8.37875000e-09,-1.07187500e-04,3.34593750e-02,3.26625000e-02
8.41875000e-09,-1.21250000e-04,3.34593750e-02,3.26687500e-02
8.45875000e-09,-1.35312500e-04,3.34609375e-02,3.26750000e-02
8.49875000e-09,-1.49375000e-04,3.34640625e-02,3.26812500e-02
8.53875000e-09,-1.62812500e-04,3.34703125e-02,3.26906250e-02
8.57875000e-09,-1.75625000e-04,3.34765625e-02,3.27031250e-02
8.61875000e-09,-1.86562500e-04,3.34843750e-02,3.27218750e-02
8.65875000e-09,-1.96250000e-04,3.34921875e-02,3.27437500e-02
8.69875000e-09,-2.03750000e-04,3.35000000e-02,3.27687500e-02
8.73875000e-09,-2.08750000e-04,3.35062500e-02,3.28000000e-02
8.77875000e-09,-2.11562500e-04,3.35109375e-02,3.28343750e-02
8.81875000e-09,-2.11875000e-04,3.35125000e-02,3.28718750e-02
8.85875000e-09,-2.10000000e-04,3.35125000e-02,3.29125000e-02
8.89875000e-09,-2.05625000e-04,3.35062500e-02,3.29531250e-02
8.93875000e-09,-1.99062500e-04,3.34968750e-02,3.29968750e-02
8.97875000e-09,-1.91250000e-04,3.34828125e-02,3.30406250e-02
9.01875000e-09,-1.81875000e-04,3.34640625e-02,3.30843750e-02
9.05875000e-09,-1.71562500e-04,3.34421875e-02,3.31250000e-02
9.09875000e-09,-1.60625000e-04,3.34156250e-02,3.31625000e-02
9.13875000e-09,-1.50000000e-04,3.33875000e-02,3.31968750e-02
9.17875000e-09,-1.40000000e-04,3.33562500e-02,3.32250000e-02
9.21875000e-09,-1.30625000e-04,3.33234375e-02,3.32468750e-02
9.25875000e-09,-1.22812500e-04,3.32906250e-02,3.32656250e-02
9.29875000e-09,-1.16875000e-04,3.32593750e-02,3.32781250e-02
9.33875000e-09,-1.12500000e-04,3.32296875e-02,3.32875000e-02
9.37875000e-09,-1.10312500e-04,3.32031250e-02,3.32875000e-02
9.41875000e-09,-1.10312500e-04,3.31796875e-02,3.32843750e-02
9.45875000e-09,-1.12187500e-04,3.31625000e-02,3.32781250e-02
9.49875000e-09,-1.15937500e-04,3.31484375e-02,3.32656250e-02
9.53875000e-09,-1.21562500e-04,3.31421875e-02,3.32531250e-02
9.57875000e-09,-1.28437500e-04,3.31390625e-02,3.32375000e-02
9.61875000e-09,-1.36250000e-04,3.31421875e-02,3.32218750e-02
9.65875000e-09,-1.44375000e-04,3.31515625e-02,3.32031250e-02
9.69875000e-09,-1.52812500e-04,3.31640625e-02,3.31875000e-02
9.73875000e-09,-1.61250000e-04,3.31812500e-02,3.31718750e-02
9.77875000e-09,-1.68750000e-04,3.32015625e-02,3.31593750e-02
9.81875000e-09,-1.75312500e-04,3.32234375e-02,3.31531250e-02
9.85875000e-09,-1.80625000e-04,3.32468750e-02,3.31500000e-02
9.89875000e-09,-1.84375000e-04,3.32703125e-02,3.31500000e-02
9.93875000e-09,-1.86875000e-04,3.32921875e-02,3.31562500e-02
9.97875000e-09,-1.87500000e-04,3.33125000e-02,3.31687500e-02
1.00187500e-08,-1.86875000e-04,3.33312500e-02,3.31875000e-02
1.00587500e-08,-1.85312500e-04,3.33453125e-02,3.32125000e-02
1.00987500e-08,-1.82500000e-04,3.33562500e-02,3.32437500e-02
1.01387500e-08,-1.79062500e-04,3.33625000e-02,3.32781250e-02
1.01787500e-08,-1.75625000e-04,3.33656250e-02,3.33218750e-02
1.02187500e-08,-1.71875000e-04,3.33625000e-02,3.33687500e-02
1.02587500e-08,-1.69062500e-04,3.33562500e-02,3.34218750e-02
1.02987500e-08,-1.66875000e-04,3.33437500e-02,3.34750000e-02
1.03387500e-08,-1.65937500e-04,3.33296875e-02,3.35343750e-02
1.03787500e-08,-1.66250000e-04,3.33109375e-02,3.35906250e-02
1.04187500e-08,-1.68125000e-04,3.32875000e-02,3.36468750e-02
1.04587500e-08,-1.71250000e-04,3.32640625e-02,3.37031250e-02
1.04987500e-08,-1.75937500e-04,3.32375000e-02,3.37531250e-02
1.05387500e-08,-1.82187500e-04,3.32093750e-02,3.37968750e-02
1.05787500e-08,-1.89062500e-04,3.31812500e-02,3.38375000e-02
1.06187500e-08,-1.96875000e-04,3.31531250e-02,3.38687500e-02
1.06587500e-08,-2.05312500e-04,3.31234375e-02,3.38906250e-02
1.06987500e-08,-2.13437500e-04,3.30968750e-02,3.39031250e-02
1.07387500e-08,-2.20937500e-04,3.30703125e-02,3.39062500e-02
1.07787500e-08,-2.27812500e-04,3.30453125e-02,3.38968750e-02
1.08187500e-08,-2.33437500e-04,3.30234375e-02,3.38812500e-02
1.08587500e-08,-2.37500000e-04,3.30015625e-02,3.38562500e-02
1.08987500e-08,-2.40000000e-04,3.29843750e-02,3.38218750e-02
1.09387500e-08,-2.40625000e-04,3.29687500e-02,3.37843750e-02
1.09787500e-08,-2.39375000e-04,3.29562500e-02,3.37406250e-02
1.10187500e-08,-2.36562500e-04,3.29468750e-02,3.36937500e-02
1.10587500e-08,-2.32187500e-04,3.29390625e-02,3.36500000e-02
1.10987500e-08,-2.26562500e-04,3.29343750e-02,3.36093750e-02
1.11387500e-08,-2.20312500e-04,3.29328125e-02,3.35718750e-02
1.11787500e-08,-2.13750000e-04,3.29328125e-02,3.35437500e-02
1.12187500e-08,-2.07500000e-04,3.29343750e-02,3.35250000e-02
1.12587500e-08,-2.01562500e-04,3.29390625e-02,3.35187500e-02
1.12987500e-08,-1.96875000e-04,3.29437500e-02,3.35218750e-02
1.13387500e-08,-1.93750000e-04,3.29500000e-02,3.35437500e-02
1.13787500e-08,-1.92187500e-04,3.29562500e-02,3.35750000e-02
1.14187500e-08,-1.92500000e-04,3.29625000e-02,3.36218750e-02
1.14587500e-08,-1.95000000e-04,3.29687500e-02,3.36812500e-02
1.14987500e-08,-1.99375000e-04,3.29750000e-02,3.37531250e-02
1.15387500e-08,-2.05312500e-04,3.29781250e-02,3.38312500e-02
1.15787500e-08,-2.13125000e-04,3.29812500e-02,3.39156250e-02
1.16187500e-08,-2.21562500e-04,3.29812500e-02,3.40031250e-02
1.16587500e-08,-2.30937500e-04,3.29796875e-02,3.40937500e-02
1.16987500e-08,-2.40000000e-04,3.29750000e-02,3.41781250e-02
1.17387500e-08,-2.48750000e-04,3.29687500e-02,3.42562500e-02
1.17787500e-08,-2.55937500e-04,3.29593750e-02,3.43250000e-02
1.18187500e-08,-2.61562500e-04,3.29500000e-02,3.43812500e-02
1.18587500e-08,-2.65000000e-04,3.29375000e-02,3.44250000e-02
1.18987500e-08,-2.65625000e-04,3.29250000e-02,3.44531250e-02
1.19387500e-08,-2.63437500e-04,3.29109375e-02,3.44625000e-02
1.19787500e-08,-2.58125000e-04,3.28968750e-02,3.44531250e-02
1.20187500e-08,-2.49687500e-04,3.28828125e-02,3.44281250e-02
1.20587500e-08,-2.38437500e-04,3.28703125e-02,3.43875000e-02
1.20987500e-08,-2.24375000e-04,3.28578125e-02,3.43312500e-02
1.21387500e-08,-2.08437500e-04,3.28484375e-02,3.42625000e-02
1.21787500e-08,-1.90937500e-04,3.28406250e-02,3.41875000e-02
1.22187500e-08,-1.72812500e-04,3.28359375e-02,3.41031250e-02
1.22587500e-08,-1.54062500e-04,3.28328125e-02,3.40187500e-02
1.22987500e-08,-1.36250000e-04,3.28328125e-02,3.39312500e-02
1.23387500e-08,-1.20000000e-04,3.28359375e-02,3.38500000e-02
1.23787500e-08,-1.05625000e-04,3.28406250e-02,3.37750000e-02
1.24187500e-08,-9.37500000e-05,3.28468750e-02,3.37093750e-02
1.24587500e-08,-8.53125000e-05,3.28546875e-02,3.36531250e-02
1.24987500e-08,-8.00000000e-05,3.28625000e-02,3.36125000e-02
1.25387500e-08,-7.84375000e-05,3.28718750e-02,3.35843750e-02
1.25787500e-08,-8.06250000e-05,3.28796875e-02,3.35687500e-02
1.26187500e-08,-8.59375000e-05,3.28875000e-02,3.35687500e-02
1.26587500e-08,-9.46875000e-05,3.28921875e-02,3.35812500e-02
1.26987500e-08,-1.05625000e-04,3.28968750e-02,3.36062500e-02
1.27387500e-08,-1.19062500e-04,3.28968750e-02,3.36406250e-02
1.27787500e-08,-1.33437500e-04,3.28953125e-02,3.36843750e-02
1.28187500e-08,-1.48750000e-04,3.28906250e-02,3.37343750e-02
1.28587500e-08,-1.63437500e-04,3.28828125e-02,3.37843750e-02
1.28987500e-08,-1.77500000e-04,3.28718750e-02,3.38375000e-02
1.29387500e-08,-1.90000000e-04,3.28593750e-02,3.38906250e-02
1.29787500e-08,-2.00000000e-04,3.28437500e-02,3.39406250e-02
1.30187500e-08,-2.07812500e-04,3.28281250e-02,3.39843750e-02
1.30587500e-08,-2.12187500e-04,3.28093750e-02,3.40250000e-02
1.30987500e-08,-2.13437500e-04,3.27921875e-02,3.40593750e-02
1.31387500e-08,-2.11875000e-04,3.27750000e-02,3.40906250e-02
1.31787500e-08,-2.07187500e-04,3.27593750e-02,3.41125000e-02
1.32187500e-08,-1.99687500e-04,3.27468750e-02,3.41312500e-02
1.32587500e-08,-1.90000000e-04,3.27359375e-02,3.41468750e-02
1.32987500e-08,-1.78750000e-04,3.27281250e-02,3.41593750e-02
1.33387500e-08,-1.66250000e-04,3.27250000e-02,3.41687500e-02
1.33787500e-08,-1.53750000e-04,3.27234375e-02,3.41781250e-02
1.34187500e-08,-1.41250000e-04,3.27281250e-02,3.41875000e-02
1.34587500e-08,-1.30000000e-04,3.27359375e-02,3.41968750e-02
1.34987500e-08,-1.20312500e-04,3.27468750e-02,3.42093750e-02
1.35387500e-08,-1.12812500e-04,3.27609375e-02,3.42250000e-02
1.35787500e-08,-1.07812500e-04,3.27765625e-02,3.42437500e-02
1.36187500e-08,-1.05312500e-04,3.27953125e-02,3.42656250e-02
1.36587500e-08,-1.05937500e-04,3.28140625e-02,3.42906250e-02
1.36987500e-08,-1.09375000e-04,3.28312500e-02,3.43187500e-02
1.37387500e-08,-1.15000000e-04,3.28500000e-02,3.43500000e-02
1.37787500e-08,-1.23125000e-04,3.28640625e-02,3.43781250e-02
1.38187500e-08,-1.33125000e-04,3.28765625e-02,3.44093750e-02
1.38587500e-08,-1.44375000e-04,3.28859375e-02,3.44375000e-02
1.38987500e-08,-1.56250000e-04,3.28890625e-02,3.44656250e-02
1.39387500e-08,-1.68125000e-04,3.28890625e-02,3.44906250e-02
1.39787500e-08,-1.79375000e-04,3.28812500e-02,3.45093750e-02
1.40187500e-08,-1.89687500e-04,3.28687500e-02,3.45281250e-02
1.40587500e-08,-1.98437500e-04,3.28515625e-02,3.45406250e-02
1.40987500e-08,-2.05312500e-04,3.28281250e-02,3.45500000e-02
1.41387500e-08,-2.10000000e-04,3.27984375e-02,3.45562500e-02
1.41787500e-08,-2.11875000e-04,3.27640625e-02,3.45562500e-02
1.42187500e-08,-2.11875000e-04,3.27265625e-02,3.45531250e-02
1.42587500e-08,-2.09375000e-04,3.26859375e-02,3.45500000e-02
1.42987500e-08,-2.04687500e-04,3.26437500e-02,3.45437500e-02
1.43387500e-08,-1.98437500e-04,3.26000000e-02,3.45343750e-02
1.43787500e-08,-1.91250000e-04,3.25562500e-02,3.45250000e-02
1.44187500e-08,-1.83125000e-04,3.25140625e-02,3.45156250e-02
1.44587500e-08,-1.75000000e-04,3.24750000e-02,3.45062500e-02
1.44987500e-08,-1.67187500e-04,3.24375000e-02,3.45000000e-02
1.45387500e-08,-1.60312500e-04,3.24062500e-02,3.44906250e-02
1.45787500e-08,-1.54687500e-04,3.23781250e-02,3.44843750e-02
1.46187500e-08,-1.50625000e-04,3.23562500e-02,3.44781250e-02
1.46587500e-08,-1.49062500e-04,3.23421875e-02,3.44718750e-02
1.46987500e-08,-1.49062500e-04,3.23312500e-02,3.44656250e-02
1.47387500e-08,-1.51562500e-04,3.23281250e-02,3.44593750e-02
1.47787500e-08,-1.55937500e-04,3.23312500e-02,3.44562500e-02
1.48187500e-08,-1.62187500e-04,3.23390625e-02,3.44500000e-02
1.48587500e-08,-1.69687500e-04,3.23500000e-02,3.44437500e-02
1.48987500e-08,-1.78125000e-04,3.23671875e-02,3.44375000e-02
1.49387500e-08,-1.87187500e-04,3.23843750e-02,3.44312500e-02
1.49787500e-08,-1.95937500e-04,3.24046875e-02,3.44250000e-02
1.50187500e-08,-2.03750000e-04,3.24265625e-02,3.44187500e-02
1.50587500e-08,-2.10625000e-04,3.24468750e-02,3.44156250e-02
1.50987500e-08,-2.15312500e-04,3.24656250e-02,3.44125000e-02
1.51387500e-08,-2.18125000e-04,3.24812500e-02,3.44125000e-02
1.51787500e-08,-2.18125000e-04,3.24937500e-02,3.44156250e-02
1.52187500e-08,-2.15312500e-04,3.25015625e-02,3.44218750e-02
1.52587500e-08,-2.09375000e-04,3.25046875e-02,3.44312500e-02
1.52987500e-08,-2.00937500e-04,3.25031250e-02,3.44437500e-02
1.53387500e-08,-1.89687500e-04,3.24953125e-02,3.44625000e-02
1.53787500e-08,-1.75937500e-04,3.24828125e-02,3.44875000e-02
1.54187500e-08,-1.60312500e-04,3.24656250e-02,3.45125000e-02
1.54587500e-08,-1.43125000e-04,3.24437500e-02,3.45437500e-02
1.54987500e-08,-1.25312500e-04,3.24187500e-02,3.45750000e-02
1.55387500e-08,-1.07187500e-04,3.23906250e-02,3.46093750e-02
1.55787500e-08,-8.96875000e-05,3.23609375e-02,3.46437500e-02
1.56187500e-08,-7.31250000e-05,3.23296875e-02,3.46750000e-02
1.56587500e-08,-5.81250000e-05,3.22984375e-02,3.47062500e-02
1.56987500e-08,-4.53125000e-05,3.22671875e-02,3.47343750e-02
1.57387500e-08,-3.53125000e-05,3.22390625e-02,3.47562500e-02
1.57787500e-08,-2.81250000e-05,3.22140625e-02,3.47718750e-02
1.58187500e-08,-2.40625000e-05,3.21921875e-02,3.47812500e-02
1.58587500e-08,-2.34375000e-05,3.21734375e-02,3.47843750e-02
1.58987500e-08,-2.56250000e-05,3.21593750e-02,3.47781250e-02
1.59387500e-08,-3.09375000e-05,3.21484375e-02,3.47656250e-02
1.59787500e-08,-3.87500000e-05,3.21421875e-02,3.47437500e-02
1.60187500e-08,-4.87500000e-05,3.21406250e-02,3.47187500e-02
1.60587500e-08,-6.06250000e-05,3.21406250e-02,3.46843750e-02
1.60987500e-08,-7.37500000e-05,3.21437500e-02,3.46468750e-02
1.61387500e-08,-8.71875000e-05,3.21500000e-02,3.46093750e-02
1.61787500e-08,-1.00937500e-04,3.21562500e-02,3.45687500e-02
1.62187500e-08,-1.14062500e-04,3.21640625e-02,3.45250000e-02
1.62587500e-08,-1.25937500e-04,3.21718750e-02,3.44875000e-02
1.62987500e-08,-1.36562500e-04,3.21781250e-02,3.44500000e-02
1.63387500e-08,-1.45625000e-04,3.21843750e-02,3.44187500e-02
1.63787500e-08,-1.52187500e-04,3.21890625e-02,3.43906250e-02
1.64187500e-08,-1.56875000e-04,3.21906250e-02,3.43718750e-02
1.64587500e-08,-1.59375000e-04,3.21921875e-02,3.43562500e-02
1.64987500e-08,-1.60000000e-04,3.21906250e-02,3.43500000e-02
1.65387500e-08,-1.58750000e-04,3.21890625e-02,3.43468750e-02
1.65787500e-08,-1.55625000e-04,3.21859375e-02,3.43531250e-02
1.66187500e-08,-1.51875000e-04,3.21828125e-02,3.43625000e-02
1.66587500e-08,-1.47187500e-04,3.21781250e-02,3.43781250e-02
1.66987500e-08,-1.42187500e-04,3.21750000e-02,3.43968750e-02
1.67387500e-08,-1.37500000e-04,3.21734375e-02,3.44156250e-02
1.67787500e-08,-1.33750000e-04,3.21734375e-02,3.44375000e-02
1.68187500e-08,-1.31250000e-04,3.21750000e-02,3.44593750e-02
1.68587500e-08,-1.30312500e-04,3.21781250e-02,3.44781250e-02
1.68987500e-08,-1.31562500e-04,3.21843750e-02,3.44937500e-02
1.69387500e-08,-1.35000000e-04,3.21921875e-02,3.45093750e-02
1.69787500e-08,-1.40625000e-04,3.22015625e-02,3.45187500e-02
1.70187500e-08,-1.49062500e-04,3.22125000e-02,3.45250000e-02
1.70587500e-08,-1.59687500e-04,3.22234375e-02,3.45250000e-02
1.70987500e-08,-1.72812500e-04,3.22359375e-02,3.45218750e-02
1.71387500e-08,-1.87500000e-04,3.22453125e-02,3.45156250e-02
1.71787500e-08,-2.04062500e-04,3.22546875e-02,3.45062500e-02
1.72187500e-08,-2.21875000e-04,3.22609375e-02,3.44937500e-02
1.72587500e-08,-2.40312500e-04,3.22625000e-02,3.44812500e-02
1.72987500e-08,-2.59062500e-04,3.22609375e-02,3.44656250e-02
1.73387500e-08,-2.77187500e-04,3.22546875e-02,3.44500000e-02
1.73787500e-08,-2.94375000e-04,3.22421875e-02,3.44343750e-02
1.74187500e-08,-3.10000000e-04,3.22250000e-02,3.44187500e-02
1.74587500e-08,-3.23750000e-04,3.22015625e-02,3.44062500e-02
1.74987500e-08,-3.35000000e-04,3.21750000e-02,3.43937500e-02
1.75387500e-08,-3.43437500e-04,3.21421875e-02,3.43843750e-02
1.75787500e-08,-3.49062500e-04,3.21062500e-02,3.43781250e-02
1.76187500e-08,-3.51250000e-04,3.20671875e-02,3.43750000e-02
1.76587500e-08,-3.50312500e-04,3.20265625e-02,3.43718750e-02
1.76987500e-08,-3.46250000e-04,3.19859375e-02,3.43718750e-02
1.77387500e-08,-3.38750000e-04,3.19468750e-02,3.43750000e-02
1.77787500e-08,-3.28750000e-04,3.19078125e-02,3.43781250e-02
1.78187500e-08,-3.16250000e-04,3.18734375e-02,3.43812500e-02
1.78587500e-08,-3.01562500e-04,3.18421875e-02,3.43875000e-02
1.78987500e-08,-2.85312500e-04,3.18156250e-02,3.43906250e-02
1.79387500e-08,-2.68125000e-04,3.17953125e-02,3.43968750e-02
1.79787500e-08,-2.50312500e-04,3.17796875e-02,3.44031250e-02
1.80187500e-08,-2.32187500e-04,3.17687500e-02,3.44093750e-02
1.80587500e-08,-2.14687500e-04,3.17640625e-02,3.44125000e-02
1.80987500e-08,-1.98125000e-04,3.17640625e-02,3.44156250e-02
1.81387500e-08,-1.82812500e-04,3.17671875e-02,3.44218750e-02
1.81787500e-08,-1.69062500e-04,3.17734375e-02,3.44250000e-02
1.82187500e-08,-1.57187500e-04,3.17812500e-02,3.44281250e-02
1.82587500e-08,-1.47187500e-04,3.17890625e-02,3.44312500e-02
1.82987500e-08,-1.39687500e-04,3.17953125e-02,3.44312500e-02
1.83387500e-08,-1.33750000e-04,3.18000000e-02,3.44343750e-02
1.83787500e-08,-1.30312500e-04,3.18015625e-02,3.44375000e-02
1.84187500e-08,-1.28125000e-04,3.17968750e-02,3.44406250e-02
1.84587500e-08,-1.27812500e-04,3.17890625e-02,3.44437500e-02
1.84987500e-08,-1.28750000e-04,3.17750000e-02,3.44437500e-02
1.85387500e-08,-1.30625000e-04,3.17546875e-02,3.44468750e-02
1.85787500e-08,-1.33125000e-04,3.17281250e-02,3.44500000e-02
1.86187500e-08,-1.35625000e-04,3.16968750e-02,3.44500000e-02
1.86587500e-08,-1.38125000e-04,3.16609375e-02,3.44500000e-02
1.86987500e-08,-1.40312500e-04,3.16218750e-02,3.44500000e-02
1.87387500e-08,-1.41875000e-04,3.15796875e-02,3.44500000e-02
1.87787500e-08,-1.42500000e-04,3.15375000e-02,3.44468750e-02
1.88187500e-08,-1.42187500e-04,3.14953125e-02,3.44406250e-02
1.88587500e-08,-1.40937500e-04,3.14546875e-02,3.44375000e-02
1.88987500e-08,-1.38437500e-04,3.14171875e-02,3.44312500e-02
1.89387500e-08,-1.35312500e-04,3.13843750e-02,3.44218750e-02
1.89787500e-08,-1.31250000e-04,3.13578125e-02,3.44156250e-02
1.90187500e-08,-1.26875000e-04,3.13375000e-02,3.44062500e-02
1.90587500e-08,-1.21875000e-04,3.13234375e-02,3.43968750e-02
1.90987500e-08,-1.16875000e-04,3.13171875e-02,3.43875000e-02
1.91387500e-08,-1.12500000e-04,3.13187500e-02,3.43812500e-02
1.91787500e-08,-1.08437500e-04,3.13265625e-02,3.43718750e-02
1.92187500e-08,-1.05625000e-04,3.13406250e-02,3.43656250e-02
1.92587500e-08,-1.03750000e-04,3.13593750e-02,3.43625000e-02
1.92987500e-08,-1.03750000e-04,3.13828125e-02,3.43593750e-02
1.93387500e-08,-1.05000000e-04,3.14093750e-02,3.43593750e-02
1.93787500e-08,-1.08125000e-04,3.14375000e-02,3.43593750e-02
1.94187500e-08,-1.13125000e-04,3.14671875e-02,3.43625000e-02
1.94587500e-08,-1.20312500e-04,3.14937500e-02,3.43687500e-02
1.94987500e-08,-1.28750000e-04,3.15187500e-02,3.43750000e-02
1.95387500e-08,-1.39062500e-04,3.15390625e-02,3.43843750e-02
1.95787500e-08,-1.50625000e-04,3.15546875e-02,3.43937500e-02
1.96187500e-08,-1.63437500e-04,3.15656250e-02,3.44031250e-02
1.96587500e-08,-1.77187500e-04,3.15718750e-02,3.44156250e-02
1.96987500e-08,-1.90937500e-04,3.15718750e-02,3.44250000e-02
1.97387500e-08,-2.05000000e-04,3.15656250e-02,3.44343750e-02
1.97787500e-08,-2.18750000e-04,3.15546875e-02,3.44437500e-02
1.98187500e-08,-2.31250000e-04,3.15406250e-02,3.44500000e-02
1.98587500e-08,-2.42812500e-04,3.15218750e-02,3.44562500e-02
1.98987500e-08,-2.52812500e-04,3.15000000e-02,3.44593750e-02
1.99387500e-08,-2.60937500e-04,3.14781250e-02,3.44625000e-02
1.99787500e-08,-2.66875000e-04,3.14546875e-02,3.44625000e-02
2.00187500e-08,-2.70625000e-04,3.14328125e-02,3.44625000e-02
2.00587500e-08,-2.71875000e-04,3.14140625e-02,3.44593750e-02
2.00987500e-08,-2.70312500e-04,3.13968750e-02,3.44562500e-02
2.01387500e-08,-2.66562500e-04,3.13828125e-02,3.44531250e-02
2.01787500e-08,-2.60312500e-04,3.13734375e-02,3.44468750e-02
2.02187500e-08,-2.51875000e-04,3.13671875e-02,3.44406250e-02
2.02587500e-08,-2.41562500e-04,3.13656250e-02,3.44375000e-02
2.02987500e-08,-2.29687500e-04,3.13687500e-02,3.44312500e-02
2.03387500e-08,-2.16562500e-04,3.13750000e-02,3.44281250e-02
2.03787500e-08,-2.02812500e-04,3.13843750e-02,3.44250000e-02
2.04187500e-08,-1.88437500e-04,3.13953125e-02,3.44218750e-02
2.04587500e-08,-1.74375000e-04,3.14078125e-02,3.44187500e-02
2.04987500e-08,-1.60625000e-04,3.14218750e-02,3.44187500e-02
2.05387500e-08,-1.48125000e-04,3.14343750e-02,3.44187500e-02
2.05787500e-08,-1.37187500e-04,3.14453125e-02,3.44187500e-02
2.06187500e-08,-1.27812500e-04,3.14546875e-02,3.44187500e-02
2.06587500e-08,-1.20625000e-04,3.14593750e-02,3.44156250e-02
2.06987500e-08,-1.15937500e-04,3.14625000e-02,3.44125000e-02
2.07387500e-08,-1.13437500e-04,3.14625000e-02,3.44093750e-02
2.07787500e-08,-1.13750000e-04,3.14578125e-02,3.44000000e-02
2.08187500e-08,-1.16562500e-04,3.14515625e-02,3.43906250e-02
2.08587500e-08,-1.21562500e-04,3.14406250e-02,3.43750000e-02
2.08987500e-08,-1.29062500e-04,3.14296875e-02,3.43562500e-02
2.09387500e-08,-1.38750000e-04,3.14156250e-02,3.43312500e-02
2.09787500e-08,-1.50000000e-04,3.14000000e-02,3.43031250e-02
2.10187500e-08,-1.62500000e-04,3.13859375e-02,3.42718750e-02
2.10587500e-08,-1.75937500e-04,3.13734375e-02,3.42343750e-02
2.10987500e-08,-1.90000000e-04,3.13609375e-02,3.41937500e-02
2.11387500e-08,-2.03750000e-04,3.13515625e-02,3.41500000e-02
2.11787500e-08,-2.17500000e-04,3.13468750e-02,3.41031250e-02
2.12187500e-08,-2.30625000e-04,3.13437500e-02,3.40531250e-02
2.12587500e-08,-2.42187500e-04,3.13453125e-02,3.40062500e-02
2.12987500e-08,-2.52812500e-04,3.13515625e-02,3.39562500e-02
2.13387500e-08,-2.61562500e-04,3.13609375e-02,3.39093750e-02
2.13787500e-08,-2.68437500e-04,3.13734375e-02,3.38687500e-02
2.14187500e-08,-2.73437500e-04,3.13890625e-02,3.38281250e-02
2.14587500e-08,-2.76562500e-04,3.14062500e-02,3.37937500e-02
2.14987500e-08,-2.77500000e-04,3.14250000e-02,3.37687500e-02
2.15387500e-08,-2.77187500e-04,3.14437500e-02,3.37500000e-02
2.15787500e-08,-2.75000000e-04,3.14609375e-02,3.37406250e-02
2.16187500e-08,-2.71875000e-04,3.14781250e-02,3.37375000e-02
2.16587500e-08,-2.67500000e-04,3.14921875e-02,3.37437500e-02
2.16987500e-08,-2.62187500e-04,3.15031250e-02,3.37593750e-02
2.17387500e-08,-2.56562500e-04,3.15093750e-02,3.37843750e-02
2.17787500e-08,-2.50937500e-04,3.15125000e-02,3.38156250e-02
2.18187500e-08,-2.45625000e-04,3.15109375e-02,3.38531250e-02
2.18587500e-08,-2.40625000e-04,3.15046875e-02,3.38968750e-02
2.18987500e-08,-2.35937500e-04,3.14937500e-02,3.39468750e-02
2.19387500e-08,-2.32187500e-04,3.14796875e-02,3.39968750e-02
2.19787500e-08,-2.29375000e-04,3.14609375e-02,3.40468750e-02
2.20187500e-08,-2.27500000e-04,3.14406250e-02,3.40937500e-02
2.20587500e-08,-2.26562500e-04,3.14187500e-02,3.41406250e-02
2.20987500e-08,-2.26562500e-04,3.13937500e-02,3.41812500e-02
2.21387500e-08,-2.27187500e-04,3.13687500e-02,3.42125000e-02
2.21787500e-08,-2.28437500e-04,3.13437500e-02,3.42375000e-02
2.22187500e-08,-2.30000000e-04,3.13203125e-02,3.42531250e-02
2.22587500e-08,-2.32187500e-04,3.12984375e-02,3.42593750e-02
2.22987500e-08,-2.34687500e-04,3.12765625e-02,3.42531250e-02
2.23387500e-08,-2.36875000e-04,3.12578125e-02,3.42343750e-02
2.23787500e-08,-2.39062500e-04,3.12406250e-02,3.42062500e-02
2.24187500e-08,-2.41250000e-04,3.12265625e-02,3.41656250e-02
2.24587500e-08,-2.42812500e-04,3.12125000e-02,3.41156250e-02
2.24987500e-08,-2.44375000e-04,3.12015625e-02,3.40562500e-02
2.25387500e-08,-2.45312500e-04,3.11906250e-02,3.39906250e-02
2.25787500e-08,-2.46250000e-04,3.11812500e-02,3.39187500e-02
2.26187500e-08,-2.46562500e-04,3.11718750e-02,3.38437500e-02
2.26587500e-08,-2.46875000e-04,3.11640625e-02,3.37656250e-02
2.26987500e-08,-2.47187500e-04,3.11546875e-02,3.36875000e-02
2.27387500e-08,-2.47187500e-04,3.11453125e-02,3.36125000e-02
2.27787500e-08,-2.47187500e-04,3.11359375e-02,3.35437500e-02
2.28187500e-08,-2.47187500e-04,3.11250000e-02,3.34781250e-02
2.28587500e-08,-2.46875000e-04,3.11156250e-02,3.34218750e-02
2.28987500e-08,-2.46875000e-04,3.11046875e-02,3.33718750e-02
2.29387500e-08,-2.46562500e-04,3.10953125e-02,3.33312500e-02
2.29787500e-08,-2.46250000e-04,3.10859375e-02,3.33031250e-02
2.30187500e-08,-2.45312500e-04,3.10796875e-02,3.32843750e-02
2.30587500e-08,-2.44062500e-04,3.10734375e-02,3.32750000e-02
2.30987500e-08,-2.41875000e-04,3.10718750e-02,3.32781250e-02
2.31387500e-08,-2.39375000e-04,3.10718750e-02,3.32875000e-02
2.31787500e-08,-2.35625000e-04,3.10734375e-02,3.33062500e-02
2.32187500e-08,-2.30937500e-04,3.10796875e-02,3.33312500e-02
2.32587500e-08,-2.25000000e-04,3.10890625e-02,3.33625000e-02
2.32987500e-08,-2.18125000e-04,3.11015625e-02,3.34000000e-02
2.33387500e-08,-2.10312500e-04,3.11156250e-02,3.34375000e-02
2.33787500e-08,-2.01562500e-04,3.11312500e-02,3.34781250e-02
2.34187500e-08,-1.91875000e-04,3.11484375e-02,3.35218750e-02
2.34587500e-08,-1.81875000e-04,3.11656250e-02,3.35625000e-02
2.34987500e-08,-1.71875000e-04,3.11812500e-02,3.36031250e-02
2.35387500e-08,-1.61875000e-04,3.11968750e-02,3.36406250e-02
2.35787500e-08,-1.52500000e-04,3.12078125e-02,3.36781250e-02
2.36187500e-08,-1.44375000e-04,3.12171875e-02,3.37093750e-02
2.36587500e-08,-1.37812500e-04,3.12203125e-02,3.37406250e-02
2.36987500e-08,-1.32812500e-04,3.12203125e-02,3.37687500e-02
2.37387500e-08,-1.30312500e-04,3.12140625e-02,3.37937500e-02
2.37787500e-08,-1.30000000e-04,3.12031250e-02,3.38156250e-02
2.38187500e-08,-1.32812500e-04,3.11875000e-02,3.38343750e-02
2.38587500e-08,-1.37812500e-04,3.11671875e-02,3.38531250e-02
2.38987500e-08,-1.45937500e-04,3.11437500e-02,3.38718750e-02
2.39387500e-08,-1.56250000e-04,3.11171875e-02,3.38875000e-02
2.39787500e-08,-1.69062500e-04,3.10890625e-02,3.39031250e-02
2.40187500e-08,-1.83750000e-04,3.10593750e-02,3.39187500e-02
2.40587500e-08,-1.99687500e-04,3.10312500e-02,3.39312500e-02
2.40987500e-08,-2.16250000e-04,3.10062500e-02,3.39437500e-02
2.41387500e-08,-2.33125000e-04,3.09828125e-02,3.39562500e-02
2.41787500e-08,-2.49687500e-04,3.09640625e-02,3.39656250e-02
2.42187500e-08,-2.65000000e-04,3.09515625e-02,3.39750000e-02
2.42587500e-08,-2.78750000e-04,3.09437500e-02,3.39812500e-02
2.42987500e-08,-2.90312500e-04,3.09406250e-02,3.39843750e-02
2.43387500e-08,-2.99375000e-04,3.09453125e-02,3.39843750e-02
2.43787500e-08,-3.05312500e-04,3.09546875e-02,3.39812500e-02
2.44187500e-08,-3.08437500e-04,3.09687500e-02,3.39718750e-02
2.44587500e-08,-3.08750000e-04,3.09859375e-02,3.39625000e-02
2.44987500e-08,-3.05937500e-04,3.10078125e-02,3.39468750e-02
2.45387500e-08,-3.00625000e-04,3.10312500e-02,3.39281250e-02
2.45787500e-08,-2.93125000e-04,3.10531250e-02,3.39062500e-02
2.46187500e-08,-2.84062500e-04,3.10765625e-02,3.38812500e-02
2.46587500e-08,-2.73750000e-04,3.10953125e-02,3.38531250e-02
2.46987500e-08,-2.63437500e-04,3.11125000e-02,3.38218750e-02
2.47387500e-08,-2.53125000e-04,3.11250000e-02,3.37937500e-02
2.47787500e-08,-2.43750000e-04,3.11328125e-02,3.37625000e-02
2.48187500e-08,-2.35937500e-04,3.11343750e-02,3.37312500e-02
2.48587500e-08,-2.30312500e-04,3.11312500e-02,3.37031250e-02
2.48987500e-08,-2.26875000e-04,3.11234375e-02,3.36750000e-02
2.49387500e-08,-2.25625000e-04,3.11109375e-02,3.36468750e-02
2.49787500e-08,-2.27500000e-04,3.10937500e-02,3.36250000e-02
2.50187500e-08,-2.31562500e-04,3.10734375e-02,3.36031250e-02
2.50587500e-08,-2.37812500e-04,3.10515625e-02,3.35875000e-02
2.50987500e-08,-2.46250000e-04,3.10296875e-02,3.35718750e-02
2.51387500e-08,-2.55937500e-04,3.10078125e-02,3.35625000e-02
2.51787500e-08,-2.66250000e-04,3.09875000e-02,3.35531250e-02
2.52187500e-08,-2.76562500e-04,3.09703125e-02,3.35500000e-02
2.52587500e-08,-2.86250000e-04,3.09562500e-02,3.35468750e-02
2.52987500e-08,-2.95000000e-04,3.09453125e-02,3.35468750e-02
2.53387500e-08,-3.01562500e-04,3.09390625e-02,3.35468750e-02
2.53787500e-08,-3.05937500e-04,3.09375000e-02,3.35500000e-02
2.54187500e-08,-3.07812500e-04,3.09390625e-02,3.35531250e-02
2.54587500e-08,-3.06250000e-04,3.09437500e-02,3.35593750e-02
2.54987500e-08,-3.02187500e-04,3.09500000e-02,3.35625000e-02
2.55387500e-08,-2.95000000e-04,3.09578125e-02,3.35718750e-02
2.55787500e-08,-2.85000000e-04,3.09640625e-02,3.35781250e-02
2.56187500e-08,-2.73125000e-04,3.09703125e-02,3.35875000e-02
2.56587500e-08,-2.59687500e-04,3.09718750e-02,3.35937500e-02
2.56987500e-08,-2.45312500e-04,3.09718750e-02,3.36031250e-02
2.57387500e-08,-2.30625000e-04,3.09656250e-02,3.36156250e-02
2.57787500e-08,-2.16562500e-04,3.09531250e-02,3.36250000e-02
2.58187500e-08,-2.04062500e-04,3.09359375e-02,3.36343750e-02
2.58587500e-08,-1.93437500e-04,3.09125000e-02,3.36468750e-02
2.58987500e-08,-1.85937500e-04,3.08843750e-02,3.36562500e-02
2.59387500e-08,-1.81250000e-04,3.08515625e-02,3.36656250e-02
2.59787500e-08,-1.80312500e-04,3.08140625e-02,3.36718750e-02
2.60187500e-08,-1.83125000e-04,3.07750000e-02,3.36781250e-02
2.60587500e-08,-1.89375000e-04,3.07328125e-02,3.36781250e-02
2.60987500e-08,-1.99062500e-04,3.06937500e-02,3.36781250e-02
2.61387500e-08,-2.12187500e-04,3.06546875e-02,3.36718750e-02
2.61787500e-08,-2.27500000e-04,3.06203125e-02,3.36625000e-02
2.62187500e-08,-2.45000000e-04,3.05890625e-02,3.36500000e-02
2.62587500e-08,-2.63437500e-04,3.05656250e-02,3.36281250e-02
2.62987500e-08,-2.82187500e-04,3.05484375e-02,3.36031250e-02
2.63387500e-08,-3.00312500e-04,3.05375000e-02,3.35718750e-02
2.63787500e-08,-3.17187500e-04,3.05343750e-02,3.35375000e-02
2.64187500e-08,-3.32187500e-04,3.05375000e-02,3.35000000e-02
2.64587500e-08,-3.44375000e-04,3.05468750e-02,3.34562500e-02
2.64987500e-08,-3.53437500e-04,3.05609375e-02,3.34125000e-02
2.65387500e-08,-3.59375000e-04,3.05781250e-02,3.33656250e-02
2.65787500e-08,-3.61562500e-04,3.05984375e-02,3.33187500e-02
2.66187500e-08,-3.60000000e-04,3.06187500e-02,3.32750000e-02
2.66587500e-08,-3.55312500e-04,3.06359375e-02,3.32343750e-02
2.66987500e-08,-3.47812500e-04,3.06515625e-02,3.31937500e-02
2.67387500e-08,-3.37812500e-04,3.06625000e-02,3.31625000e-02
2.67787500e-08,-3.25937500e-04,3.06671875e-02,3.31343750e-02
2.68187500e-08,-3.13125000e-04,3.06656250e-02,3.31125000e-02
2.68587500e-08,-3.00000000e-04,3.06562500e-02,3.31000000e-02
2.68987500e-08,-2.87500000e-04,3.06406250e-02,3.30937500e-02
2.69387500e-08,-2.75625000e-04,3.06187500e-02,3.30937500e-02
2.69787500e-08,-2.65625000e-04,3.05906250e-02,3.31000000e-02
2.70187500e-08,-2.57812500e-04,3.05578125e-02,3.31125000e-02
2.70587500e-08,-2.52500000e-04,3.05218750e-02,3.31281250e-02
2.70987500e-08,-2.49687500e-04,3.04859375e-02,3.31500000e-02
2.71387500e-08,-2.50000000e-04,3.04500000e-02,3.31718750e-02
2.71787500e-08,-2.52500000e-04,3.04171875e-02,3.31968750e-02
2.72187500e-08,-2.57500000e-04,3.03890625e-02,3.32218750e-02
2.72587500e-08,-2.64375000e-04,3.03671875e-02,3.32437500e-02
2.72987500e-08,-2.72812500e-04,3.03531250e-02,3.32625000e-02
2.73387500e-08,-2.81875000e-04,3.03468750e-02,3.32781250e-02
2.73787500e-08,-2.91250000e-04,3.03500000e-02,3.32875000e-02
2.74187500e-08,-3.00000000e-04,3.03609375e-02,3.32906250e-02
2.74587500e-08,-3.07812500e-04,3.03812500e-02,3.32906250e-02
2.74987500e-08,-3.14062500e-04,3.04078125e-02,3.32843750e-02
2.75387500e-08,-3.18125000e-04,3.04406250e-02,3.32718750e-02
2.75787500e-08,-3.19687500e-04,3.04781250e-02,3.32531250e-02
2.76187500e-08,-3.19062500e-04,3.05156250e-02,3.32343750e-02
2.76587500e-08,-3.15625000e-04,3.05531250e-02,3.32093750e-02
2.76987500e-08,-3.10000000e-04,3.05875000e-02,3.31843750e-02
2.77387500e-08,-3.01875000e-04,3.06171875e-02,3.31562500e-02
2.77787500e-08,-2.92187500e-04,3.06390625e-02,3.31312500e-02
2.78187500e-08,-2.80937500e-04,3.06515625e-02,3.31062500e-02
2.78587500e-08,-2.69062500e-04,3.06531250e-02,3.30875000e-02
2.78987500e-08,-2.57187500e-04,3.06437500e-02,3.30687500e-02
2.79387500e-08,-2.45937500e-04,3.06218750e-02,3.30562500e-02
2.79787500e-08,-2.35625000e-04,3.05890625e-02,3.30500000e-02
2.80187500e-08,-2.27500000e-04,3.05468750e-02,3.30468750e-02
2.80587500e-08,-2.21250000e-04,3.04953125e-02,3.30500000e-02
2.80987500e-08,-2.17812500e-04,3.04359375e-02,3.30562500e-02
2.81387500e-08,-2.17500000e-04,3.03734375e-02,3.30687500e-02
2.81787500e-08,-2.19687500e-04,3.03078125e-02,3.30843750e-02
2.82187500e-08,-2.25312500e-04,3.02437500e-02,3.31031250e-02
2.82587500e-08,-2.33437500e-04,3.01812500e-02,3.31218750e-02
2.82987500e-08,-2.44062500e-04,3.01265625e-02,3.31437500e-02
2.83387500e-08,-2.56875000e-04,3.00781250e-02,3.31625000e-02
2.83787500e-08,-2.71250000e-04,3.00406250e-02,3.31812500e-02
2.84187500e-08,-2.86250000e-04,3.00125000e-02,3.32000000e-02
2.84587500e-08,-3.01562500e-04,2.99984375e-02,3.32156250e-02
2.84987500e-08,-3.16250000e-04,2.99953125e-02,3.32250000e-02
2.85387500e-08,-3.30000000e-04,3.00046875e-02,3.32343750e-02
2.85787500e-08,-3.42187500e-04,3.00234375e-02,3.32375000e-02
2.86187500e-08,-3.52187500e-04,3.00531250e-02,3.32375000e-02
2.86587500e-08,-3.59375000e-04,3.00906250e-02,3.32343750e-02
2.86987500e-08,-3.64062500e-04,3.01328125e-02,3.32281250e-02
2.87387500e-08,-3.65937500e-04,3.01781250e-02,3.32187500e-02
2.87787500e-08,-3.64687500e-04,3.02234375e-02,3.32062500e-02
2.88187500e-08,-3.60625000e-04,3.02671875e-02,3.31937500e-02
2.88587500e-08,-3.54062500e-04,3.03078125e-02,3.31781250e-02
2.88987500e-08,-3.45312500e-04,3.03406250e-02,3.31625000e-02
2.89387500e-08,-3.34687500e-04,3.03671875e-02,3.31468750e-02
2.89787500e-08,-3.23125000e-04,3.03859375e-02,3.31343750e-02
2.90187500e-08,-3.10937500e-04,3.03937500e-02,3.31187500e-02
2.90587500e-08,-2.98750000e-04,3.03921875e-02,3.31062500e-02
2.90987500e-08,-2.86875000e-04,3.03828125e-02,3.30968750e-02
2.91387500e-08,-2.75937500e-04,3.03656250e-02,3.30875000e-02
2.91787500e-08,-2.66562500e-04,3.03406250e-02,3.30781250e-02
2.92187500e-08,-2.58750000e-04,3.03109375e-02,3.30718750e-02
2.92587500e-08,-2.52812500e-04,3.02765625e-02,3.30656250e-02
2.92987500e-08,-2.49062500e-04,3.02421875e-02,3.30625000e-02
2.93387500e-08,-2.47187500e-04,3.02078125e-02,3.30562500e-02
2.93787500e-08,-2.47500000e-04,3.01750000e-02,3.30500000e-02
2.94187500e-08,-2.49375000e-04,3.01453125e-02,3.30468750e-02
2.94587500e-08,-2.53125000e-04,3.01218750e-02,3.30406250e-02
2.94987500e-08,-2.57812500e-04,3.01031250e-02,3.30312500e-02
2.95387500e-08,-2.63125000e-04,3.00906250e-02,3.30218750e-02
2.95787500e-08,-2.69062500e-04,3.00859375e-02,3.30125000e-02
2.96187500e-08,-2.75000000e-04,3.00859375e-02,3.30000000e-02
2.96587500e-08,-2.80312500e-04,3.00906250e-02,3.29875000e-02
2.96987500e-08,-2.85000000e-04,3.01015625e-02,3.29718750e-02
2.97387500e-08,-2.88750000e-04,3.01140625e-02,3.29562500e-02
2.97787500e-08,-2.90937500e-04,3.01296875e-02,3.29406250e-02
2.98187500e-08,-2.92187500e-04,3.01437500e-02,3.29250000e-02
2.98587500e-08,-2.91875000e-04,3.01578125e-02,3.29093750e-02
2.98987500e-08,-2.90000000e-04,3.01703125e-02,3.28906250e-02
2.99387500e-08,-2.87187500e-04,3.01781250e-02,3.28750000e-02
2.99787500e-08,-2.82812500e-04,3.01812500e-02,3.28625000e-02
3.00187500e-08,-2.78125000e-04,3.01796875e-02,3.28468750e-02
3.00587500e-08,-2.72500000e-04,3.01734375e-02,3.28343750e-02
3.00987500e-08,-2.66875000e-04,3.01609375e-02,3.28250000e-02
3.01387500e-08,-2.60937500e-04,3.01437500e-02,3.28156250e-02
3.01787500e-08,-2.55625000e-04,3.01218750e-02,3.28093750e-02
3.02187500e-08,-2.50625000e-04,3.00968750e-02,3.28031250e-02
3.02587500e-08,-2.46562500e-04,3.00703125e-02,3.28000000e-02
3.02987500e-08,-2.43750000e-04,3.00406250e-02,3.27968750e-02
3.03387500e-08,-2.41875000e-04,3.00125000e-02,3.27937500e-02
3.03787500e-08,-2.40937500e-04,2.99843750e-02,3.27937500e-02
3.04187500e-08,-2.41562500e-04,2.99593750e-02,3.27937500e-02
3.04587500e-08,-2.43125000e-04,2.99359375e-02,3.27906250e-02
3.04987500e-08,-2.45937500e-04,2.99156250e-02,3.27906250e-02
3.05387500e-08,-2.49375000e-04,2.99000000e-02,3.27906250e-02
3.05787500e-08,-2.53750000e-04,2.98875000e-02,3.27906250e-02
3.06187500e-08,-2.58437500e-04,2.98781250e-02,3.27875000e-02
3.06587500e-08,-2.63750000e-04,2.98718750e-02,3.27843750e-02
3.06987500e-08,-2.69062500e-04,2.98687500e-02,3.27843750e-02
3.07387500e-08,-2.74375000e-04,2.98687500e-02,3.27812500e-02
3.07787500e-08,-2.79375000e-04,2.98687500e-02,3.27781250e-02
3.08187500e-08,-2.84062500e-04,2.98703125e-02,3.27750000e-02
3.08587500e-08,-2.88437500e-04,2.98718750e-02,3.27718750e-02
3.08987500e-08,-2.92187500e-04,2.98734375e-02,3.27718750e-02
3.09387500e-08,-2.95312500e-04,2.98734375e-02,3.27718750e-02
3.09787500e-08,-2.97812500e-04,2.98718750e-02,3.27687500e-02
3.10187500e-08,-2.99375000e-04,2.98703125e-02,3.27718750e-02
3.10587500e-08,-3.00625000e-04,2.98656250e-02,3.27718750e-02
3.10987500e-08,-3.01250000e-04,2.98625000e-02,3.27750000e-02
3.11387500e-08,-3.01250000e-04,2.98578125e-02,3.27781250e-02
3.11787500e-08,-3.00937500e-04,2.98531250e-02,3.27843750e-02
3.12187500e-08,-3.00000000e-04,2.98500000e-02,3.27875000e-02
3.12587500e-08,-2.98437500e-04,2.98468750e-02,3.27937500e-02
3.12987500e-08,-2.96875000e-04,2.98468750e-02,3.28000000e-02
3.13387500e-08,-2.94375000e-04,2.98500000e-02,3.28062500e-02
3.13787500e-08,-2.91875000e-04,2.98531250e-02,3.28093750e-02
3.14187500e-08,-2.89062500e-04,2.98609375e-02,3.28125000e-02
3.14587500e-08,-2.85625000e-04,2.98703125e-02,3.28156250e-02
3.14987500e-08,-2.82187500e-04,2.98828125e-02,3.28187500e-02
3.15387500e-08,-2.78437500e-04,2.98953125e-02,3.28187500e-02
3.15787500e-08,-2.74375000e-04,2.99093750e-02,3.28156250e-02
3.16187500e-08,-2.70625000e-04,2.99234375e-02,3.28125000e-02
3.16587500e-08,-2.66562500e-04,2.99359375e-02,3.28062500e-02
3.16987500e-08,-2.63125000e-04,2.99453125e-02,3.28000000e-02
3.17387500e-08,-2.60312500e-04,2.99531250e-02,3.27937500e-02
3.17787500e-08,-2.58125000e-04,2.99546875e-02,3.27875000e-02
3.18187500e-08,-2.56875000e-04,2.99531250e-02,3.27781250e-02
3.18587500e-08,-2.56875000e-04,2.99437500e-02,3.27718750e-02
3.18987500e-08,-2.58125000e-04,2.99296875e-02,3.27656250e-02
3.19387500e-08,-2.61250000e-04,2.99093750e-02,3.27625000e-02
3.19787500e-08,-2.65937500e-04,2.98843750e-02,3.27593750e-02
3.20187500e-08,-2.72500000e-04,2.98531250e-02,3.27562500e-02
3.20587500e-08,-2.81250000e-04,2.98171875e-02,3.27562500e-02
3.20987500e-08,-2.91562500e-04,2.97796875e-02,3.27593750e-02
3.21387500e-08,-3.03750000e-04,2.97390625e-02,3.27656250e-02
3.21787500e-08,-3.17812500e-04,2.96984375e-02,3.27718750e-02
3.22187500e-08,-3.32812500e-04,2.96578125e-02,3.27812500e-02
3.22587500e-08,-3.49062500e-04,2.96218750e-02,3.27937500e-02
3.22987500e-08,-3.65312500e-04,2.95890625e-02,3.28031250e-02
3.23387500e-08,-3.81875000e-04,2.95609375e-02,3.28156250e-02
3.23787500e-08,-3.97812500e-04,2.95406250e-02,3.28250000e-02
3.24187500e-08,-4.12812500e-04,2.95265625e-02,3.28343750e-02
3.24587500e-08,-4.25937500e-04,2.95203125e-02,3.28437500e-02
3.24987500e-08,-4.36875000e-04,2.95203125e-02,3.28500000e-02
3.25387500e-08,-4.45312500e-04,2.95296875e-02,3.28531250e-02
3.25787500e-08,-4.50937500e-04,2.95453125e-02,3.28500000e-02
3.26187500e-08,-4.52812500e-04,2.95656250e-02,3.28468750e-02
3.26587500e-08,-4.51562500e-04,2.95906250e-02,3.28406250e-02
3.26987500e-08,-4.46875000e-04,2.96203125e-02,3.28312500e-02
3.27387500e-08,-4.38750000e-04,2.96500000e-02,3.28156250e-02
3.27787500e-08,-4.27500000e-04,2.96812500e-02,3.28000000e-02
3.28187500e-08,-4.13437500e-04,2.97109375e-02,3.27812500e-02
3.28587500e-08,-3.97187500e-04,2.97390625e-02,3.27593750e-02
3.28987500e-08,-3.79375000e-04,2.97625000e-02,3.27375000e-02
3.29387500e-08,-3.60312500e-04,2.97812500e-02,3.27156250e-02
3.29787500e-08,-3.41250000e-04,2.97953125e-02,3.26906250e-02
3.30187500e-08,-3.22500000e-04,2.98031250e-02,3.26687500e-02
3.30587500e-08,-3.05000000e-04,2.98046875e-02,3.26500000e-02
3.30987500e-08,-2.89375000e-04,2.98015625e-02,3.26281250e-02
3.31387500e-08,-2.76250000e-04,2.97921875e-02,3.26125000e-02
3.31787500e-08,-2.65937500e-04,2.97796875e-02,3.25968750e-02
3.32187500e-08,-2.59062500e-04,2.97625000e-02,3.25812500e-02
3.32587500e-08,-2.55625000e-04,2.97437500e-02,3.25718750e-02
3.32987500e-08,-2.55937500e-04,2.97218750e-02,3.25593750e-02
3.33387500e-08,-2.59687500e-04,2.97015625e-02,3.25500000e-02
3.33787500e-08,-2.66250000e-04,2.96796875e-02,3.25406250e-02
3.34187500e-08,-2.75937500e-04,2.96593750e-02,3.25343750e-02
3.34587500e-08,-2.87812500e-04,2.96421875e-02,3.25250000e-02
3.34987500e-08,-3.01250000e-04,2.96265625e-02,3.25156250e-02
3.35387500e-08,-3.15625000e-04,2.96140625e-02,3.25062500e-02
3.35787500e-08,-3.30312500e-04,2.96046875e-02,3.24968750e-02
3.36187500e-08,-3.44062500e-04,2.95968750e-02,3.24875000e-02
3.36587500e-08,-3.56562500e-04,2.95937500e-02,3.24750000e-02
3.36987500e-08,-3.66875000e-04,2.95921875e-02,3.24625000e-02
3.37387500e-08,-3.74687500e-04,2.95921875e-02,3.24500000e-02
3.37787500e-08,-3.79375000e-04,2.95921875e-02,3.24375000e-02
3.38187500e-08,-3.80625000e-04,2.95937500e-02,3.24281250e-02
3.38587500e-08,-3.78437500e-04,2.95953125e-02,3.24187500e-02
3.38987500e-08,-3.72812500e-04,2.95968750e-02,3.24125000e-02
3.39387500e-08,-3.64062500e-04,2.95968750e-02,3.24062500e-02
3.39787500e-08,-3.51875000e-04,2.95968750e-02,3.24062500e-02
3.40187500e-08,-3.37500000e-04,2.95937500e-02,3.24125000e-02
3.40587500e-08,-3.21250000e-04,2.95906250e-02,3.24187500e-02
3.40987500e-08,-3.03750000e-04,2.95859375e-02,3.24312500e-02
3.41387500e-08,-2.85937500e-04,2.95796875e-02,3.24468750e-02
3.41787500e-08,-2.68437500e-04,2.95718750e-02,3.24656250e-02
3.42187500e-08,-2.51875000e-04,2.95640625e-02,3.24843750e-02
3.42587500e-08,-2.37187500e-04,2.95546875e-02,3.25093750e-02
3.42987500e-08,-2.25000000e-04,2.95468750e-02,3.25312500e-02
3.43387500e-08,-2.15937500e-04,2.95375000e-02,3.25531250e-02
3.43787500e-08,-2.10000000e-04,2.95296875e-02,3.25750000e-02
3.44187500e-08,-2.07500000e-04,2.95218750e-02,3.25906250e-02
3.44587500e-08,-2.08750000e-04,2.95156250e-02,3.26062500e-02
3.44987500e-08,-2.13437500e-04,2.95093750e-02,3.26125000e-02
3.45387500e-08,-2.21562500e-04,2.95031250e-02,3.26156250e-02
3.45787500e-08,-2.32500000e-04,2.94968750e-02,3.26093750e-02
3.46187500e-08,-2.45937500e-04,2.94906250e-02,3.25968750e-02
3.46587500e-08,-2.60937500e-04,2.94828125e-02,3.25781250e-02
3.46987500e-08,-2.76875000e-04,2.94750000e-02,3.25500000e-02
3.47387500e-08,-2.93437500e-04,2.94656250e-02,3.25187500e-02
3.47787500e-08,-3.09687500e-04,2.94546875e-02,3.24781250e-02
3.48187500e-08,-3.24687500e-04,2.94406250e-02,3.24375000e-02
3.48587500e-08,-3.38125000e-04,2.94265625e-02,3.23906250e-02
3.48987500e-08,-3.49375000e-04,2.94093750e-02,3.23437500e-02
3.49387500e-08,-3.58125000e-04,2.93906250e-02,3.23000000e-02
3.49787500e-08,-3.64062500e-04,2.93703125e-02,3.22531250e-02
3.50187500e-08,-3.67187500e-04,2.93468750e-02,3.22125000e-02
3.50587500e-08,-3.67187500e-04,2.93250000e-02,3.21750000e-02
3.50987500e-08,-3.64687500e-04,2.93015625e-02,3.21406250e-02
3.51387500e-08,-3.59375000e-04,2.92781250e-02,3.21156250e-02
3.51787500e-08,-3.52500000e-04,2.92546875e-02,3.20937500e-02
3.52187500e-08,-3.43750000e-04,2.92328125e-02,3.20781250e-02
3.52587500e-08,-3.34062500e-04,2.92140625e-02,3.20687500e-02
3.52987500e-08,-3.24062500e-04,2.91953125e-02,3.20656250e-02
3.53387500e-08,-3.14375000e-04,2.91796875e-02,3.20656250e-02
3.53787500e-08,-3.05312500e-04,2.91656250e-02,3.20687500e-02
3.54187500e-08,-2.97812500e-04,2.91546875e-02,3.20718750e-02
3.54587500e-08,-2.91875000e-04,2.91453125e-02,3.20781250e-02
3.54987500e-08,-2.87812500e-04,2.91375000e-02,3.20843750e-02
3.55387500e-08,-2.86250000e-04,2.91312500e-02,3.20875000e-02
3.55787500e-08,-2.86875000e-04,2.91250000e-02,3.20875000e-02
3.56187500e-08,-2.89687500e-04,2.91203125e-02,3.20843750e-02
3.56587500e-08,-2.94687500e-04,2.91140625e-02,3.20781250e-02
3.56987500e-08,-3.01250000e-04,2.91078125e-02,3.20687500e-02
3.57387500e-08,-3.09375000e-04,2.90984375e-02,3.20531250e-02
3.57787500e-08,-3.18750000e-04,2.90875000e-02,3.20375000e-02
3.58187500e-08,-3.28125000e-04,2.90750000e-02,3.20156250e-02
3.58587500e-08,-3.37812500e-04,2.90593750e-02,3.19937500e-02
3.58987500e-08,-3.46562500e-04,2.90421875e-02,3.19718750e-02
3.59387500e-08,-3.54687500e-04,2.90218750e-02,3.19531250e-02
3.59787500e-08,-3.61562500e-04,2.90000000e-02,3.19343750e-02
3.60187500e-08,-3.66562500e-04,2.89750000e-02,3.19187500e-02
3.60587500e-08,-3.69687500e-04,2.89515625e-02,3.19062500e-02
3.60987500e-08,-3.70625000e-04,2.89250000e-02,3.19031250e-02
3.61387500e-08,-3.70000000e-04,2.89015625e-02,3.19031250e-02
3.61787500e-08,-3.67187500e-04,2.88781250e-02,3.19125000e-02
3.62187500e-08,-3.62812500e-04,2.88562500e-02,3.19250000e-02
3.62587500e-08,-3.57187500e-04,2.88375000e-02,3.19468750e-02
3.62987500e-08,-3.50312500e-04,2.88218750e-02,3.19718750e-02
3.63387500e-08,-3.43125000e-04,2.88093750e-02,3.20031250e-02
3.63787500e-08,-3.35312500e-04,2.88015625e-02,3.20375000e-02
3.64187500e-08,-3.27812500e-04,2.87984375e-02,3.20750000e-02
3.64587500e-08,-3.20937500e-04,2.87984375e-02,3.21125000e-02
3.64987500e-08,-3.14375000e-04,2.88015625e-02,3.21500000e-02
3.65387500e-08,-3.09375000e-04,2.88093750e-02,3.21843750e-02
3.65787500e-08,-3.05000000e-04,2.88203125e-02,3.22156250e-02
3.66187500e-08,-3.02187500e-04,2.88343750e-02,3.22406250e-02
3.66587500e-08,-3.00000000e-04,2.88484375e-02,3.22625000e-02
3.66987500e-08,-2.99062500e-04,2.88640625e-02,3.22750000e-02
3.67387500e-08,-2.99062500e-04,2.88796875e-02,3.22812500e-02
3.67787500e-08,-2.99375000e-04,2.88953125e-02,3.22812500e-02
3.68187500e-08,-2.99687500e-04,2.89093750e-02,3.22750000e-02
3.68587500e-08,-3.00000000e-04,2.89203125e-02,3.22625000e-02
3.68987500e-08,-3.00000000e-04,2.89296875e-02,3.22437500e-02
3.69387500e-08,-2.99062500e-04,2.89359375e-02,3.22187500e-02
3.69787500e-08,-2.97187500e-04,2.89406250e-02,3.21937500e-02
3.70187500e-08,-2.94375000e-04,2.89406250e-02,3.21625000e-02
3.70587500e-08,-2.90000000e-04,2.89375000e-02,3.21312500e-02
3.70987500e-08,-2.84375000e-04,2.89312500e-02,3.20968750e-02
3.71387500e-08,-2.77500000e-04,2.89234375e-02,3.20656250e-02
3.71787500e-08,-2.70000000e-04,2.89125000e-02,3.20343750e-02
3.72187500e-08,-2.61250000e-04,2.89000000e-02,3.20031250e-02
3.72587500e-08,-2.52500000e-04,2.88843750e-02,3.19750000e-02
3.72987500e-08,-2.43437500e-04,2.88687500e-02,3.19468750e-02
3.73387500e-08,-2.34687500e-04,2.88515625e-02,3.19250000e-02
3.73787500e-08,-2.26562500e-04,2.88328125e-02,3.19031250e-02
3.74187500e-08,-2.19687500e-04,2.88156250e-02,3.18812500e-02
3.74587500e-08,-2.14062500e-04,2.87968750e-02,3.18625000e-02
3.74987500e-08,-2.10000000e-04,2.87796875e-02,3.18468750e-02
3.75387500e-08,-2.08125000e-04,2.87609375e-02,3.18343750e-02
3.75787500e-08,-2.07812500e-04,2.87437500e-02,3.18187500e-02
3.76187500e-08,-2.09375000e-04,2.87265625e-02,3.18093750e-02
3.76587500e-08,-2.12812500e-04,2.87109375e-02,3.18000000e-02
3.76987500e-08,-2.17812500e-04,2.86937500e-02,3.17906250e-02
3.77387500e-08,-2.24062500e-04,2.86781250e-02,3.17843750e-02
3.77787500e-08,-2.31250000e-04,2.86640625e-02,3.17812500e-02
3.78187500e-08,-2.38750000e-04,2.86500000e-02,3.17812500e-02
3.78587500e-08,-2.46562500e-04,2.86359375e-02,3.17812500e-02
3.78987500e-08,-2.54062500e-04,2.86234375e-02,3.17875000e-02
3.79387500e-08,-2.60937500e-04,2.86109375e-02,3.17968750e-02
3.79787500e-08,-2.66562500e-04,2.86000000e-02,3.18093750e-02
3.80187500e-08,-2.70937500e-04,2.85906250e-02,3.18218750e-02
3.80587500e-08,-2.73750000e-04,2.85828125e-02,3.18375000e-02
3.80987500e-08,-2.74687500e-04,2.85750000e-02,3.18562500e-02
3.81387500e-08,-2.74062500e-04,2.85703125e-02,3.18750000e-02
3.81787500e-08,-2.71562500e-04,2.85671875e-02,3.18937500e-02
3.82187500e-08,-2.67500000e-04,2.85640625e-02,3.19125000e-02
3.82587500e-08,-2.62187500e-04,2.85640625e-02,3.19281250e-02
3.82987500e-08,-2.55625000e-04,2.85640625e-02,3.19375000e-02
3.83387500e-08,-2.48125000e-04,2.85656250e-02,3.19437500e-02
3.83787500e-08,-2.40312500e-04,2.85671875e-02,3.19437500e-02
3.84187500e-08,-2.32187500e-04,2.85687500e-02,3.19375000e-02
3.84587500e-08,-2.24375000e-04,2.85703125e-02,3.19218750e-02
3.84987500e-08,-2.16875000e-04,2.85718750e-02,3.19000000e-02
3.85387500e-08,-2.10000000e-04,2.85718750e-02,3.18718750e-02
3.85787500e-08,-2.03750000e-04,2.85687500e-02,3.18343750e-02
3.86187500e-08,-1.98437500e-04,2.85640625e-02,3.17937500e-02
3.86587500e-08,-1.94062500e-04,2.85578125e-02,3.17500000e-02
3.86987500e-08,-1.90312500e-04,2.85484375e-02,3.17031250e-02
3.87387500e-08,-1.87500000e-04,2.85375000e-02,3.16593750e-02
3.87787500e-08,-1.85312500e-04,2.85234375e-02,3.16156250e-02
3.88187500e-08,-1.83750000e-04,2.85062500e-02,3.15750000e-02
3.88587500e-08,-1.82187500e-04,2.84875000e-02,3.15437500e-02
3.88987500e-08,-1.80625000e-04,2.84687500e-02,3.15218750e-02
3.89387500e-08,-1.79375000e-04,2.84484375e-02,3.15093750e-02
3.89787500e-08,-1.77812500e-04,2.84265625e-02,3.15093750e-02
3.90187500e-08,-1.76250000e-04,2.84078125e-02,3.15218750e-02
3.90587500e-08,-1.74375000e-04,2.83890625e-02,3.15468750e-02
3.90987500e-08,-1.72500000e-04,2.83734375e-02,3.15843750e-02
3.91387500e-08,-1.70312500e-04,2.83593750e-02,3.16312500e-02
3.91787500e-08,-1.68437500e-04,2.83500000e-02,3.16875000e-02
3.92187500e-08,-1.66875000e-04,2.83453125e-02,3.17531250e-02
3.92587500e-08,-1.65625000e-04,2.83453125e-02,3.18187500e-02
3.92987500e-08,-1.65312500e-04,2.83484375e-02,3.18843750e-02
3.93387500e-08,-1.65625000e-04,2.83578125e-02,3.19468750e-02
3.93787500e-08,-1.67187500e-04,2.83703125e-02,3.20062500e-02
3.94187500e-08,-1.70000000e-04,2.83859375e-02,3.20531250e-02
3.94587500e-08,-1.74062500e-04,2.84062500e-02,3.20875000e-02
3.94987500e-08,-1.79687500e-04,2.84281250e-02,3.21093750e-02
3.95387500e-08,-1.86250000e-04,2.84531250e-02,3.21125000e-02
3.95787500e-08,-1.94062500e-04,2.84765625e-02,3.21000000e-02
3.96187500e-08,-2.02500000e-04,2.85015625e-02,3.20687500e-02
3.96587500e-08,-2.11875000e-04,2.85234375e-02,3.20218750e-02
3.96987500e-08,-2.21562500e-04,2.85421875e-02,3.19562500e-02
3.97387500e-08,-2.31250000e-04,2.85578125e-02,3.18781250e-02
3.97787500e-08,-2.40312500e-04,2.85687500e-02,3.17906250e-02
3.98187500e-08,-2.48750000e-04,2.85750000e-02,3.16968750e-02
3.98587500e-08,-2.55937500e-04,2.85750000e-02,3.15968750e-02
3.98987500e-08,-2.61875000e-04,2.85687500e-02,3.14968750e-02
3.99387500e-08,-2.66562500e-04,2.85578125e-02,3.14031250e-02
3.99787500e-08,-2.69062500e-04,2.85406250e-02,3.13156250e-02
4.00187500e-08,-2.70000000e-04,2.85171875e-02,3.12406250e-02
4.00587500e-08,-2.69062500e-04,2.84890625e-02,3.11781250e-02
4.00987500e-08,-2.66562500e-04,2.84578125e-02,3.11312500e-02
4.01387500e-08,-2.62500000e-04,2.84234375e-02,3.11031250e-02
4.01787500e-08,-2.57187500e-04,2.83875000e-02,3.10937500e-02
4.02187500e-08,-2.50937500e-04,2.83500000e-02,3.11031250e-02
4.02587500e-08,-2.44062500e-04,2.83125000e-02,3.11281250e-02
4.02987500e-08,-2.36875000e-04,2.82765625e-02,3.11656250e-02
4.03387500e-08,-2.29687500e-04,2.82437500e-02,3.12187500e-02
4.03787500e-08,-2.22500000e-04,2.82125000e-02,3.12781250e-02
4.04187500e-08,-2.15937500e-04,2.81859375e-02,3.13437500e-02
4.04587500e-08,-2.10000000e-04,2.81640625e-02,3.14093750e-02
4.04987500e-08,-2.04687500e-04,2.81468750e-02,3.14750000e-02
4.05387500e-08,-2.00312500e-04,2.81343750e-02,3.15343750e-02
4.05787500e-08,-1.96562500e-04,2.81265625e-02,3.15843750e-02
4.06187500e-08,-1.93125000e-04,2.81218750e-02,3.16250000e-02
4.06587500e-08,-1.90312500e-04,2.81234375e-02,3.16531250e-02
4.06987500e-08,-1.87500000e-04,2.81281250e-02,3.16656250e-02
4.07387500e-08,-1.84687500e-04,2.81343750e-02,3.16625000e-02
4.07787500e-08,-1.81562500e-04,2.81437500e-02,3.16468750e-02
4.08187500e-08,-1.78125000e-04,2.81546875e-02,3.16187500e-02
4.08587500e-08,-1.73750000e-04,2.81656250e-02,3.15812500e-02
4.08987500e-08,-1.68750000e-04,2.81765625e-02,3.15343750e-02
4.09387500e-08,-1.63125000e-04,2.81875000e-02,3.14812500e-02
4.09787500e-08,-1.56562500e-04,2.81968750e-02,3.14250000e-02
4.10187500e-08,-1.49687500e-04,2.82031250e-02,3.13687500e-02
4.10587500e-08,-1.42187500e-04,2.82078125e-02,3.13156250e-02
4.10987500e-08,-1.35000000e-04,2.82109375e-02,3.12718750e-02
4.11387500e-08,-1.28437500e-04,2.82109375e-02,3.12343750e-02
4.11787500e-08,-1.22187500e-04,2.82093750e-02,3.12062500e-02
4.12187500e-08,-1.17500000e-04,2.82046875e-02,3.11937500e-02
4.12587500e-08,-1.14375000e-04,2.81984375e-02,3.11906250e-02
4.12987500e-08,-1.13125000e-04,2.81890625e-02,3.12000000e-02
4.13387500e-08,-1.14062500e-04,2.81796875e-02,3.12218750e-02
4.13787500e-08,-1.17500000e-04,2.81687500e-02,3.12562500e-02
4.14187500e-08,-1.23125000e-04,2.81578125e-02,3.12968750e-02
4.14587500e-08,-1.31562500e-04,2.81468750e-02,3.13406250e-02
4.14987500e-08,-1.42187500e-04,2.81359375e-02,3.13906250e-02
4.15387500e-08,-1.54687500e-04,2.81250000e-02,3.14406250e-02
4.15787500e-08,-1.68750000e-04,2.81140625e-02,3.14875000e-02
4.16187500e-08,-1.83750000e-04,2.81062500e-02,3.15312500e-02
4.16587500e-08,-1.99062500e-04,2.80968750e-02,3.15656250e-02
4.16987500e-08,-2.14062500e-04,2.80890625e-02,3.15906250e-02
4.17387500e-08,-2.28125000e-04,2.80828125e-02,3.16093750e-02
4.17787500e-08,-2.40937500e-04,2.80765625e-02,3.16125000e-02
4.18187500e-08,-2.51250000e-04,2.80718750e-02,3.16062500e-02
4.18587500e-08,-2.59062500e-04,2.80671875e-02,3.15875000e-02
4.18987500e-08,-2.63750000e-04,2.80625000e-02,3.15593750e-02
4.19387500e-08,-2.65625000e-04,2.80562500e-02,3.15218750e-02
4.19787500e-08,-2.63750000e-04,2.80515625e-02,3.14781250e-02
4.20187500e-08,-2.59062500e-04,2.80468750e-02,3.14281250e-02
4.20587500e-08,-2.51250000e-04,2.80406250e-02,3.13750000e-02
4.20987500e-08,-2.40937500e-04,2.80328125e-02,3.13218750e-02
4.21387500e-08,-2.28750000e-04,2.80250000e-02,3.12687500e-02
4.21787500e-08,-2.15625000e-04,2.80171875e-02,3.12218750e-02
4.22187500e-08,-2.01562500e-04,2.80078125e-02,3.11781250e-02
4.22587500e-08,-1.87812500e-04,2.79984375e-02,3.11406250e-02
4.22987500e-08,-1.75312500e-04,2.79890625e-02,3.11125000e-02
4.23387500e-08,-1.64375000e-04,2.79781250e-02,3.10937500e-02
4.23787500e-08,-1.55625000e-04,2.79687500e-02,3.10812500e-02
4.24187500e-08,-1.50000000e-04,2.79578125e-02,3.10781250e-02
4.24587500e-08,-1.47500000e-04,2.79468750e-02,3.10812500e-02
4.24987500e-08,-1.48750000e-04,2.79375000e-02,3.10937500e-02
4.25387500e-08,-1.53125000e-04,2.79281250e-02,3.11093750e-02
4.25787500e-08,-1.60937500e-04,2.79203125e-02,3.11281250e-02
4.26187500e-08,-1.71875000e-04,2.79109375e-02,3.11468750e-02
4.26587500e-08,-1.85312500e-04,2.79046875e-02,3.11687500e-02
4.26987500e-08,-2.00625000e-04,2.78984375e-02,3.11906250e-02
4.27387500e-08,-2.17187500e-04,2.78921875e-02,3.12062500e-02
4.27787500e-08,-2.34375000e-04,2.78875000e-02,3.12218750e-02
4.28187500e-08,-2.51250000e-04,2.78843750e-02,3.12343750e-02
4.28587500e-08,-2.67187500e-04,2.78796875e-02,3.12406250e-02
4.28987500e-08,-2.81250000e-04,2.78781250e-02,3.12437500e-02
4.29387500e-08,-2.93125000e-04,2.78765625e-02,3.12437500e-02
4.29787500e-08,-3.02500000e-04,2.78750000e-02,3.12375000e-02
4.30187500e-08,-3.08437500e-04,2.78734375e-02,3.12312500e-02
4.30587500e-08,-3.11250000e-04,2.78734375e-02,3.12187500e-02
4.30987500e-08,-3.10937500e-04,2.78718750e-02,3.12093750e-02
4.31387500e-08,-3.07187500e-04,2.78718750e-02,3.11968750e-02
4.31787500e-08,-3.00625000e-04,2.78718750e-02,3.11875000e-02
4.32187500e-08,-2.91875000e-04,2.78703125e-02,3.11781250e-02
4.32587500e-08,-2.80937500e-04,2.78703125e-02,3.11718750e-02
4.32987500e-08,-2.68437500e-04,2.78687500e-02,3.11687500e-02
4.33387500e-08,-2.55312500e-04,2.78671875e-02,3.11656250e-02
4.33787500e-08,-2.41875000e-04,2.78656250e-02,3.11687500e-02
4.34187500e-08,-2.28750000e-04,2.78625000e-02,3.11718750e-02
4.34587500e-08,-2.16250000e-04,2.78578125e-02,3.11750000e-02
4.34987500e-08,-2.05312500e-04,2.78531250e-02,3.11812500e-02
4.35387500e-08,-1.95937500e-04,2.78484375e-02,3.11875000e-02
4.35787500e-08,-1.88125000e-04,2.78406250e-02,3.11906250e-02
4.36187500e-08,-1.82187500e-04,2.78328125e-02,3.11937500e-02
4.36587500e-08,-1.78125000e-04,2.78234375e-02,3.11906250e-02
4.36987500e-08,-1.75937500e-04,2.78125000e-02,3.11875000e-02
4.37387500e-08,-1.75312500e-04,2.78015625e-02,3.11750000e-02
4.37787500e-08,-1.75937500e-04,2.77890625e-02,3.11593750e-02
4.38187500e-08,-1.77500000e-04,2.77750000e-02,3.11375000e-02
4.38587500e-08,-1.79687500e-04,2.77593750e-02,3.11093750e-02
4.38987500e-08,-1.82500000e-04,2.77437500e-02,3.10750000e-02
4.39387500e-08,-1.85000000e-04,2.77281250e-02,3.10375000e-02
4.39787500e-08,-1.87812500e-04,2.77125000e-02,3.09968750e-02
4.40187500e-08,-1.90000000e-04,2.76953125e-02,3.09500000e-02
4.40587500e-08,-1.91562500e-04,2.76796875e-02,3.09031250e-02
4.40987500e-08,-1.93125000e-04,2.76640625e-02,3.08562500e-02
4.41387500e-08,-1.93750000e-04,2.76484375e-02,3.08125000e-02
4.41787500e-08,-1.94062500e-04,2.76343750e-02,3.07687500e-02
4.42187500e-08,-1.94375000e-04,2.76203125e-02,3.07312500e-02
4.42587500e-08,-1.94375000e-04,2.76078125e-02,3.06968750e-02
4.42987500e-08,-1.94375000e-04,2.75968750e-02,3.06718750e-02
4.43387500e-08,-1.94375000e-04,2.75859375e-02,3.06531250e-02
4.43787500e-08,-1.95000000e-04,2.75765625e-02,3.06437500e-02
4.44187500e-08,-1.95937500e-04,2.75671875e-02,3.06406250e-02
4.44587500e-08,-1.97187500e-04,2.75593750e-02,3.06468750e-02
4.44987500e-08,-1.99062500e-04,2.75500000e-02,3.06593750e-02
4.45387500e-08,-2.00937500e-04,2.75421875e-02,3.06781250e-02
4.45787500e-08,-2.03125000e-04,2.75328125e-02,3.07031250e-02
4.46187500e-08,-2.05312500e-04,2.75234375e-02,3.07312500e-02
4.46587500e-08,-2.07187500e-04,2.75140625e-02,3.07625000e-02
4.46987500e-08,-2.08437500e-04,2.75046875e-02,3.07906250e-02
4.47387500e-08,-2.09062500e-04,2.74921875e-02,3.08218750e-02
4.47787500e-08,-2.08750000e-04,2.74812500e-02,3.08468750e-02
4.48187500e-08,-2.06875000e-04,2.74687500e-02,3.08687500e-02
4.48587500e-08,-2.03750000e-04,2.74546875e-02,3.08812500e-02
4.48987500e-08,-1.99375000e-04,2.74406250e-02,3.08906250e-02
4.49387500e-08,-1.93437500e-04,2.74281250e-02,3.08875000e-02
4.49787500e-08,-1.85937500e-04,2.74140625e-02,3.08781250e-02
4.50187500e-08,-1.77500000e-04,2.74015625e-02,3.08593750e-02
4.50587500e-08,-1.67812500e-04,2.73906250e-02,3.08343750e-02
4.50987500e-08,-1.57812500e-04,2.73812500e-02,3.08000000e-02
4.51387500e-08,-1.47812500e-04,2.73734375e-02,3.07562500e-02
4.51787500e-08,-1.37812500e-04,2.73687500e-02,3.07093750e-02
4.52187500e-08,-1.28750000e-04,2.73671875e-02,3.06593750e-02
4.52587500e-08,-1.20937500e-04,2.73671875e-02,3.06031250e-02
4.52987500e-08,-1.14687500e-04,2.73718750e-02,3.05500000e-02
4.53387500e-08,-1.10625000e-04,2.73781250e-02,3.04968750e-02
4.53787500e-08,-1.08750000e-04,2.73890625e-02,3.04468750e-02
4.54187500e-08,-1.09687500e-04,2.74000000e-02,3.04000000e-02
4.54587500e-08,-1.12812500e-04,2.74156250e-02,3.03593750e-02
4.54987500e-08,-1.18437500e-04,2.74312500e-02,3.03250000e-02
4.55387500e-08,-1.26562500e-04,2.74484375e-02,3.03000000e-02
4.55787500e-08,-1.36562500e-04,2.74656250e-02,3.02812500e-02
4.56187500e-08,-1.48125000e-04,2.74828125e-02,3.02718750e-02
4.56587500e-08,-1.60937500e-04,2.74984375e-02,3.02687500e-02
4.56987500e-08,-1.74062500e-04,2.75109375e-02,3.02718750e-02
4.57387500e-08,-1.86875000e-04,2.75218750e-02,3.02843750e-02
4.57787500e-08,-1.99062500e-04,2.75312500e-02,3.03000000e-02
4.58187500e-08,-2.10000000e-04,2.75343750e-02,3.03218750e-02
4.58587500e-08,-2.19062500e-04,2.75359375e-02,3.03437500e-02
4.58987500e-08,-2.25625000e-04,2.75312500e-02,3.03687500e-02
4.59387500e-08,-2.29687500e-04,2.75234375e-02,3.03937500e-02
4.59787500e-08,-2.30312500e-04,2.75125000e-02,3.04187500e-02
4.60187500e-08,-2.28125000e-04,2.74968750e-02,3.04406250e-02
4.60587500e-08,-2.23125000e-04,2.74781250e-02,3.04625000e-02
4.60987500e-08,-2.15000000e-04,2.74562500e-02,3.04812500e-02
4.61387500e-08,-2.04375000e-04,2.74312500e-02,3.04937500e-02
4.61787500e-08,-1.91562500e-04,2.74046875e-02,3.05062500e-02
4.62187500e-08,-1.77187500e-04,2.73781250e-02,3.05187500e-02
4.62587500e-08,-1.61875000e-04,2.73515625e-02,3.05250000e-02
4.62987500e-08,-1.46250000e-04,2.73234375e-02,3.05343750e-02
4.63387500e-08,-1.31250000e-04,2.72984375e-02,3.05406250e-02
4.63787500e-08,-1.16875000e-04,2.72734375e-02,3.05500000e-02
4.64187500e-08,-1.04375000e-04,2.72515625e-02,3.05593750e-02
4.64587500e-08,-9.37500000e-05,2.72296875e-02,3.05687500e-02
4.64987500e-08,-8.59375000e-05,2.72125000e-02,3.05843750e-02
4.65387500e-08,-8.09375000e-05,2.71968750e-02,3.06000000e-02
4.65787500e-08,-7.90625000e-05,2.71828125e-02,3.06218750e-02
4.66187500e-08,-8.03125000e-05,2.71718750e-02,3.06437500e-02
4.66587500e-08,-8.43750000e-05,2.71640625e-02,3.06687500e-02
4.66987500e-08,-9.12500000e-05,2.71562500e-02,3.06968750e-02
4.67387500e-08,-1.00312500e-04,2.71500000e-02,3.07250000e-02
4.67787500e-08,-1.11562500e-04,2.71453125e-02,3.07500000e-02
4.68187500e-08,-1.24375000e-04,2.71421875e-02,3.07750000e-02
4.68587500e-08,-1.37812500e-04,2.71390625e-02,3.07968750e-02
4.68987500e-08,-1.51562500e-04,2.71359375e-02,3.08156250e-02
4.69387500e-08,-1.65000000e-04,2.71328125e-02,3.08250000e-02
4.69787500e-08,-1.77500000e-04,2.71296875e-02,3.08281250e-02
4.70187500e-08,-1.88437500e-04,2.71281250e-02,3.08250000e-02
4.70587500e-08,-1.97500000e-04,2.71250000e-02,3.08156250e-02
4.70987500e-08,-2.04375000e-04,2.71218750e-02,3.07937500e-02
4.71387500e-08,-2.09062500e-04,2.71187500e-02,3.07656250e-02
4.71787500e-08,-2.10937500e-04,2.71171875e-02,3.07312500e-02
4.72187500e-08,-2.10312500e-04,2.71156250e-02,3.06875000e-02
4.72587500e-08,-2.07500000e-04,2.71140625e-02,3.06406250e-02
4.72987500e-08,-2.02187500e-04,2.71125000e-02,3.05875000e-02
4.73387500e-08,-1.95312500e-04,2.71125000e-02,3.05343750e-02
4.73787500e-08,-1.87187500e-04,2.71140625e-02,3.04812500e-02
4.74187500e-08,-1.77812500e-04,2.71156250e-02,3.04250000e-02
4.74587500e-08,-1.68125000e-04,2.71171875e-02,3.03750000e-02
4.74987500e-08,-1.58437500e-04,2.71203125e-02,3.03250000e-02
4.75387500e-08,-1.49375000e-04,2.71234375e-02,3.02843750e-02
4.75787500e-08,-1.41250000e-04,2.71250000e-02,3.02468750e-02
4.76187500e-08,-1.34687500e-04,2.71281250e-02,3.02125000e-02
4.76587500e-08,-1.29687500e-04,2.71296875e-02,3.01875000e-02
4.76987500e-08,-1.26562500e-04,2.71296875e-02,3.01687500e-02
4.77387500e-08,-1.25625000e-04,2.71281250e-02,3.01531250e-02
4.77787500e-08,-1.26562500e-04,2.71250000e-02,3.01406250e-02
4.78187500e-08,-1.29687500e-04,2.71203125e-02,3.01312500e-02
4.78587500e-08,-1.35000000e-04,2.71140625e-02,3.01218750e-02
4.78987500e-08,-1.41562500e-04,2.71046875e-02,3.01125000e-02
4.79387500e-08,-1.49687500e-04,2.70953125e-02,3.01000000e-02
4.79787500e-08,-1.59062500e-04,2.70843750e-02,3.00843750e-02
4.80187500e-08,-1.68750000e-04,2.70703125e-02,3.00625000e-02
4.80587500e-08,-1.79062500e-04,2.70562500e-02,3.00375000e-02
4.80987500e-08,-1.89062500e-04,2.70421875e-02,3.00062500e-02
4.81387500e-08,-1.98750000e-04,2.70281250e-02,2.99687500e-02
4.81787500e-08,-2.07500000e-04,2.70140625e-02,2.99281250e-02
4.82187500e-08,-2.15625000e-04,2.70015625e-02,2.98812500e-02
4.82587500e-08,-2.22187500e-04,2.69906250e-02,2.98343750e-02
4.82987500e-08,-2.27812500e-04,2.69812500e-02,2.97843750e-02
4.83387500e-08,-2.32187500e-04,2.69734375e-02,2.97343750e-02
4.83787500e-08,-2.35000000e-04,2.69687500e-02,2.96875000e-02
4.84187500e-08,-2.37187500e-04,2.69656250e-02,2.96468750e-02
4.84587500e-08,-2.38125000e-04,2.69656250e-02,2.96156250e-02
4.84987500e-08,-2.38437500e-04,2.69671875e-02,2.95937500e-02
4.85387500e-08,-2.38437500e-04,2.69687500e-02,2.95812500e-02
4.85787500e-08,-2.38437500e-04,2.69734375e-02,2.95812500e-02
4.86187500e-08,-2.38437500e-04,2.69781250e-02,2.95968750e-02
4.86587500e-08,-2.39062500e-04,2.69828125e-02,2.96250000e-02
4.86987500e-08,-2.40312500e-04,2.69875000e-02,2.96687500e-02
4.87387500e-08,-2.42187500e-04,2.69921875e-02,2.97250000e-02
4.87787500e-08,-2.45312500e-04,2.69937500e-02,2.97906250e-02
4.88187500e-08,-2.49687500e-04,2.69921875e-02,2.98687500e-02
4.88587500e-08,-2.54687500e-04,2.69890625e-02,2.99531250e-02
4.88987500e-08,-2.60937500e-04,2.69828125e-02,3.00406250e-02
4.89387500e-08,-2.67812500e-04,2.69734375e-02,3.01312500e-02
4.89787500e-08,-2.75312500e-04,2.69593750e-02,3.02218750e-02
4.90187500e-08,-2.82812500e-04,2.69437500e-02,3.03062500e-02
4.90587500e-08,-2.90312500e-04,2.69234375e-02,3.03843750e-02
4.90987500e-08,-2.97500000e-04,2.69000000e-02,3.04531250e-02
4.91387500e-08,-3.03750000e-04,2.68750000e-02,3.05093750e-02
4.91787500e-08,-3.08750000e-04,2.68484375e-02,3.05531250e-02
4.92187500e-08,-3.12500000e-04,2.68203125e-02,3.05812500e-02
4.92587500e-08,-3.14062500e-04,2.67921875e-02,3.05937500e-02
4.92987500e-08,-3.14062500e-04,2.67656250e-02,3.05906250e-02
4.93387500e-08,-3.11562500e-04,2.67375000e-02,3.05750000e-02
4.93787500e-08,-3.07187500e-04,2.67140625e-02,3.05437500e-02
4.94187500e-08,-3.00625000e-04,2.66921875e-02,3.04968750e-02
4.94587500e-08,-2.91875000e-04,2.66718750e-02,3.04437500e-02
4.94987500e-08,-2.81250000e-04,2.66578125e-02,3.03781250e-02
4.95387500e-08,-2.69375000e-04,2.66468750e-02,3.03062500e-02
4.95787500e-08,-2.56250000e-04,2.66406250e-02,3.02281250e-02
4.96187500e-08,-2.42500000e-04,2.66390625e-02,3.01500000e-02
4.96587500e-08,-2.28750000e-04,2.66406250e-02,3.00687500e-02
4.96987500e-08,-2.15000000e-04,2.66484375e-02,2.99906250e-02
4.97387500e-08,-2.01875000e-04,2.66593750e-02,2.99125000e-02
4.97787500e-08,-1.90312500e-04,2.66734375e-02,2.98406250e-02
4.98187500e-08,-1.80312500e-04,2.66890625e-02,2.97750000e-02
4.98587500e-08,-1.72187500e-04,2.67078125e-02,2.97125000e-02
4.98987500e-08,-1.66562500e-04,2.67281250e-02,2.96593750e-02
4.99387500e-08,-1.63437500e-04,2.67468750e-02,2.96125000e-02
4.99787500e-08,-1.62812500e-04,2.67656250e-02,2.95718750e-02
5.00187500e-08,-1.64687500e-04,2.67828125e-02,2.95343750e-02
5.00587500e-08,-1.69062500e-04,2.67968750e-02,2.95062500e-02
5.00987500e-08,-1.75625000e-04,2.68078125e-02,2.94812500e-02
5.01387500e-08,-1.84375000e-04,2.68140625e-02,2.94593750e-02
5.01787500e-08,-1.94687500e-04,2.68156250e-02,2.94406250e-02
5.02187500e-08,-2.05937500e-04,2.68125000e-02,2.94281250e-02
5.02587500e-08,-2.18125000e-04,2.68031250e-02,2.94156250e-02
5.02987500e-08,-2.30312500e-04,2.67875000e-02,2.94062500e-02
5.03387500e-08,-2.41875000e-04,2.67656250e-02,2.93968750e-02
5.03787500e-08,-2.52812500e-04,2.67390625e-02,2.93906250e-02
5.04187500e-08,-2.62187500e-04,2.67078125e-02,2.93843750e-02
5.04587500e-08,-2.69687500e-04,2.66718750e-02,2.93781250e-02
5.04987500e-08,-2.75000000e-04,2.66328125e-02,2.93750000e-02
5.05387500e-08,-2.77812500e-04,2.65906250e-02,2.93718750e-02
5.05787500e-08,-2.77812500e-04,2.65468750e-02,2.93687500e-02
5.06187500e-08,-2.75312500e-04,2.65031250e-02,2.93687500e-02
5.06587500e-08,-2.70000000e-04,2.64593750e-02,2.93656250e-02
5.06987500e-08,-2.61875000e-04,2.64187500e-02,2.93656250e-02
5.07387500e-08,-2.51562500e-04,2.63812500e-02,2.93687500e-02
5.07787500e-08,-2.39062500e-04,2.63468750e-02,2.93687500e-02
5.08187500e-08,-2.24687500e-04,2.63171875e-02,2.93687500e-02
5.08587500e-08,-2.09375000e-04,2.62921875e-02,2.93718750e-02
5.08987500e-08,-1.92812500e-04,2.62750000e-02,2.93718750e-02
5.09387500e-08,-1.75937500e-04,2.62625000e-02,2.93750000e-02
5.09787500e-08,-1.59375000e-04,2.62578125e-02,2.93781250e-02
5.10187500e-08,-1.43437500e-04,2.62578125e-02,2.93781250e-02
5.10587500e-08,-1.28437500e-04,2.62625000e-02,2.93812500e-02
5.10987500e-08,-1.15000000e-04,2.62734375e-02,2.93843750e-02
5.11387500e-08,-1.03437500e-04,2.62875000e-02,2.93875000e-02
5.11787500e-08,-9.40625000e-05,2.63031250e-02,2.93906250e-02
5.12187500e-08,-8.68750000e-05,2.63218750e-02,2.93968750e-02
5.12587500e-08,-8.21875000e-05,2.63406250e-02,2.94031250e-02
5.12987500e-08,-7.96875000e-05,2.63578125e-02,2.94125000e-02
5.13387500e-08,-8.00000000e-05,2.63734375e-02,2.94250000e-02
5.13787500e-08,-8.21875000e-05,2.63859375e-02,2.94375000e-02
5.14187500e-08,-8.62500000e-05,2.63953125e-02,2.94531250e-02
5.14587500e-08,-9.21875000e-05,2.64000000e-02,2.94687500e-02
5.14987500e-08,-9.93750000e-05,2.63984375e-02,2.94875000e-02
5.15387500e-08,-1.07812500e-04,2.63921875e-02,2.95093750e-02
5.15787500e-08,-1.16562500e-04,2.63812500e-02,2.95312500e-02
5.16187500e-08,-1.25312500e-04,2.63656250e-02,2.95500000e-02
5.16587500e-08,-1.34062500e-04,2.63468750e-02,2.95718750e-02
5.16987500e-08,-1.42187500e-04,2.63234375e-02,2.95937500e-02
5.17387500e-08,-1.49687500e-04,2.62984375e-02,2.96093750e-02
5.17787500e-08,-1.55937500e-04,2.62734375e-02,2.96250000e-02
5.18187500e-08,-1.60937500e-04,2.62484375e-02,2.96375000e-02
5.18587500e-08,-1.64687500e-04,2.62234375e-02,2.96437500e-02
5.18987500e-08,-1.66875000e-04,2.62031250e-02,2.96500000e-02
5.19387500e-08,-1.67500000e-04,2.61843750e-02,2.96468750e-02
5.19787500e-08,-1.67187500e-04,2.61718750e-02,2.96437500e-02
5.20187500e-08,-1.65625000e-04,2.61640625e-02,2.96343750e-02
5.20587500e-08,-1.62812500e-04,2.61625000e-02,2.96218750e-02
5.20987500e-08,-1.59687500e-04,2.61671875e-02,2.96062500e-02
5.21387500e-08,-1.55937500e-04,2.61781250e-02,2.95875000e-02
5.21787500e-08,-1.51875000e-04,2.61937500e-02,2.95718750e-02
5.22187500e-08,-1.48125000e-04,2.62140625e-02,2.95531250e-02
5.22587500e-08,-1.44687500e-04,2.62390625e-02,2.95375000e-02
5.22987500e-08,-1.41562500e-04,2.62671875e-02,2.95250000e-02
5.23387500e-08,-1.39375000e-04,2.62968750e-02,2.95156250e-02
5.23787500e-08,-1.38125000e-04,2.63281250e-02,2.95093750e-02
5.24187500e-08,-1.37812500e-04,2.63578125e-02,2.95062500e-02
5.24587500e-08,-1.38437500e-04,2.63859375e-02,2.95093750e-02
5.24987500e-08,-1.40000000e-04,2.64125000e-02,2.95156250e-02
5.25387500e-08,-1.42500000e-04,2.64328125e-02,2.95218750e-02
5.25787500e-08,-1.45625000e-04,2.64500000e-02,2.95312500e-02
5.26187500e-08,-1.49687500e-04,2.64625000e-02,2.95437500e-02
5.26587500e-08,-1.54062500e-04,2.64687500e-02,2.95500000e-02
5.26987500e-08,-1.58750000e-04,2.64687500e-02,2.95562500e-02
5.27387500e-08,-1.63437500e-04,2.64640625e-02,2.95562500e-02
5.27787500e-08,-1.68125000e-04,2.64546875e-02,2.95500000e-02
5.28187500e-08,-1.72500000e-04,2.64406250e-02,2.95343750e-02
5.28587500e-08,-1.76562500e-04,2.64218750e-02,2.95125000e-02
5.28987500e-08,-1.80000000e-04,2.64015625e-02,2.94781250e-02
5.29387500e-08,-1.82812500e-04,2.63781250e-02,2.94343750e-02
5.29787500e-08,-1.85000000e-04,2.63546875e-02,2.93812500e-02
5.30187500e-08,-1.86250000e-04,2.63296875e-02,2.93187500e-02
5.30587500e-08,-1.86875000e-04,2.63062500e-02,2.92468750e-02
5.30987500e-08,-1.86875000e-04,2.62828125e-02,2.91687500e-02
5.31387500e-08,-1.86250000e-04,2.62609375e-02,2.90875000e-02
5.31787500e-08,-1.85000000e-04,2.62421875e-02,2.90031250e-02
5.32187500e-08,-1.83437500e-04,2.62250000e-02,2.89218750e-02
5.32587500e-08,-1.81562500e-04,2.62093750e-02,2.88437500e-02
5.32987500e-08,-1.79375000e-04,2.61953125e-02,2.87750000e-02
5.33387500e-08,-1.76875000e-04,2.61828125e-02,2.87125000e-02
5.33787500e-08,-1.74375000e-04,2.61734375e-02,2.86656250e-02
5.34187500e-08,-1.71875000e-04,2.61625000e-02,2.86343750e-02
5.34587500e-08,-1.69375000e-04,2.61546875e-02,2.86156250e-02
5.34987500e-08,-1.66875000e-04,2.61453125e-02,2.86125000e-02
5.35387500e-08,-1.64375000e-04,2.61359375e-02,2.86281250e-02
5.35787500e-08,-1.61875000e-04,2.61265625e-02,2.86593750e-02
5.36187500e-08,-1.59687500e-04,2.61156250e-02,2.87031250e-02
5.36587500e-08,-1.57500000e-04,2.61046875e-02,2.87625000e-02
5.36987500e-08,-1.55625000e-04,2.60937500e-02,2.88281250e-02
5.37387500e-08,-1.53750000e-04,2.60812500e-02,2.89000000e-02
5.37787500e-08,-1.52500000e-04,2.60687500e-02,2.89718750e-02
5.38187500e-08,-1.51562500e-04,2.60562500e-02,2.90468750e-02
5.38587500e-08,-1.50937500e-04,2.60437500e-02,2.91156250e-02
5.38987500e-08,-1.51250000e-04,2.60328125e-02,2.91750000e-02
5.39387500e-08,-1.52187500e-04,2.60234375e-02,2.92250000e-02
5.39787500e-08,-1.54375000e-04,2.60156250e-02,2.92593750e-02
5.40187500e-08,-1.57187500e-04,2.60093750e-02,2.92781250e-02
5.40587500e-08,-1.61562500e-04,2.60046875e-02,2.92812500e-02
5.40987500e-08,-1.66875000e-04,2.60015625e-02,2.92656250e-02
5.41387500e-08,-1.73750000e-04,2.60015625e-02,2.92343750e-02
5.41787500e-08,-1.81875000e-04,2.60031250e-02,2.91906250e-02
5.42187500e-08,-1.90937500e-04,2.60078125e-02,2.91281250e-02
5.42587500e-08,-2.01250000e-04,2.60125000e-02,2.90593750e-02
5.42987500e-08,-2.12187500e-04,2.60171875e-02,2.89812500e-02
5.43387500e-08,-2.23750000e-04,2.60234375e-02,2.89000000e-02
5.43787500e-08,-2.35625000e-04,2.60281250e-02,2.88156250e-02
5.44187500e-08,-2.47187500e-04,2.60343750e-02,2.87375000e-02
5.44587500e-08,-2.58437500e-04,2.60375000e-02,2.86625000e-02
5.44987500e-08,-2.68437500e-04,2.60390625e-02,2.86000000e-02
5.45387500e-08,-2.77500000e-04,2.60390625e-02,2.85500000e-02
5.45787500e-08,-2.84687500e-04,2.60375000e-02,2.85093750e-02
5.46187500e-08,-2.89687500e-04,2.60343750e-02,2.84875000e-02
5.46587500e-08,-2.92500000e-04,2.60281250e-02,2.84812500e-02
5.46987500e-08,-2.92812500e-04,2.60187500e-02,2.84875000e-02
5.47387500e-08,-2.90625000e-04,2.60093750e-02,2.85093750e-02
5.47787500e-08,-2.85937500e-04,2.59984375e-02,2.85437500e-02
5.48187500e-08,-2.78750000e-04,2.59859375e-02,2.85843750e-02
5.48587500e-08,-2.69375000e-04,2.59718750e-02,2.86343750e-02
5.48987500e-08,-2.58437500e-04,2.59593750e-02,2.86906250e-02
5.49387500e-08,-2.45937500e-04,2.59468750e-02,2.87437500e-02
5.49787500e-08,-2.32500000e-04,2.59343750e-02,2.87968750e-02
5.50187500e-08,-2.19062500e-04,2.59234375e-02,2.88437500e-02
5.50587500e-08,-2.05625000e-04,2.59140625e-02,2.88812500e-02
5.50987500e-08,-1.92812500e-04,2.59062500e-02,2.89093750e-02
5.51387500e-08,-1.81562500e-04,2.59000000e-02,2.89281250e-02
5.51787500e-08,-1.71875000e-04,2.58953125e-02,2.89343750e-02
5.52187500e-08,-1.64375000e-04,2.58921875e-02,2.89250000e-02
5.52587500e-08,-1.59375000e-04,2.58906250e-02,2.89093750e-02
5.52987500e-08,-1.56875000e-04,2.58890625e-02,2.88781250e-02
5.53387500e-08,-1.57187500e-04,2.58890625e-02,2.88406250e-02
5.53787500e-08,-1.59687500e-04,2.58906250e-02,2.87968750e-02
5.54187500e-08,-1.64375000e-04,2.58906250e-02,2.87500000e-02
5.54587500e-08,-1.70937500e-04,2.58921875e-02,2.87000000e-02
5.54987500e-08,-1.78750000e-04,2.58937500e-02,2.86531250e-02
5.55387500e-08,-1.87500000e-04,2.58937500e-02,2.86093750e-02
5.55787500e-08,-1.96562500e-04,2.58937500e-02,2.85718750e-02
5.56187500e-08,-2.05312500e-04,2.58937500e-02,2.85406250e-02
5.56587500e-08,-2.13125000e-04,2.58937500e-02,2.85218750e-02
5.56987500e-08,-2.19375000e-04,2.58937500e-02,2.85125000e-02
5.57387500e-08,-2.24062500e-04,2.58953125e-02,2.85156250e-02
5.57787500e-08,-2.26562500e-04,2.58953125e-02,2.85312500e-02
5.58187500e-08,-2.26562500e-04,2.58968750e-02,2.85531250e-02
5.58587500e-08,-2.24062500e-04,2.59000000e-02,2.85875000e-02
5.58987500e-08,-2.19375000e-04,2.59046875e-02,2.86250000e-02
5.59387500e-08,-2.12500000e-04,2.59093750e-02,2.86718750e-02
5.59787500e-08,-2.04062500e-04,2.59156250e-02,2.87156250e-02
5.60187500e-08,-1.94062500e-04,2.59234375e-02,2.87625000e-02
5.60587500e-08,-1.83125000e-04,2.59343750e-02,2.88062500e-02
5.60987500e-08,-1.72187500e-04,2.59437500e-02,2.88468750e-02
5.61387500e-08,-1.61562500e-04,2.59546875e-02,2.88781250e-02
5.61787500e-08,-1.52187500e-04,2.59671875e-02,2.89000000e-02
5.62187500e-08,-1.44062500e-04,2.59781250e-02,2.89125000e-02
5.62587500e-08,-1.38125000e-04,2.59890625e-02,2.89156250e-02
5.62987500e-08,-1.34687500e-04,2.59984375e-02,2.89062500e-02
5.63387500e-08,-1.33750000e-04,2.60062500e-02,2.88875000e-02
5.63787500e-08,-1.35625000e-04,2.60125000e-02,2.88593750e-02
5.64187500e-08,-1.40312500e-04,2.60156250e-02,2.88250000e-02
5.64587500e-08,-1.47187500e-04,2.60156250e-02,2.87812500e-02
5.64987500e-08,-1.56250000e-04,2.60125000e-02,2.87343750e-02
5.65387500e-08,-1.66875000e-04,2.60062500e-02,2.86875000e-02
5.65787500e-08,-1.78750000e-04,2.59968750e-02,2.86375000e-02
5.66187500e-08,-1.90937500e-04,2.59843750e-02,2.85906250e-02
5.66587500e-08,-2.02500000e-04,2.59687500e-02,2.85468750e-02
5.66987500e-08,-2.13437500e-04,2.59500000e-02,2.85093750e-02
5.67387500e-08,-2.22500000e-04,2.59296875e-02,2.84781250e-02
5.67787500e-08,-2.29375000e-04,2.59093750e-02,2.84531250e-02
5.68187500e-08,-2.33437500e-04,2.58859375e-02,2.84406250e-02
5.68587500e-08,-2.34687500e-04,2.58640625e-02,2.84312500e-02
5.68987500e-08,-2.32812500e-04,2.58421875e-02,2.84312500e-02
5.69387500e-08,-2.27500000e-04,2.58203125e-02,2.84406250e-02
5.69787500e-08,-2.19375000e-04,2.58015625e-02,2.84531250e-02
5.70187500e-08,-2.08750000e-04,2.57828125e-02,2.84687500e-02
5.70587500e-08,-1.95625000e-04,2.57671875e-02,2.84875000e-02
5.70987500e-08,-1.80937500e-04,2.57546875e-02,2.85031250e-02
5.71387500e-08,-1.65625000e-04,2.57453125e-02,2.85218750e-02
5.71787500e-08,-1.50000000e-04,2.57375000e-02,2.85343750e-02
5.72187500e-08,-1.35000000e-04,2.57343750e-02,2.85437500e-02
5.72587500e-08,-1.21562500e-04,2.57328125e-02,2.85468750e-02
5.72987500e-08,-1.10312500e-04,2.57328125e-02,2.85406250e-02
5.73387500e-08,-1.01562500e-04,2.57359375e-02,2.85312500e-02
5.73787500e-08,-9.65625000e-05,2.57406250e-02,2.85125000e-02
5.74187500e-08,-9.50000000e-05,2.57484375e-02,2.84875000e-02
5.74587500e-08,-9.71875000e-05,2.57562500e-02,2.84562500e-02
5.74987500e-08,-1.03437500e-04,2.57640625e-02,2.84187500e-02
5.75387500e-08,-1.13437500e-04,2.57734375e-02,2.83781250e-02
5.75787500e-08,-1.26562500e-04,2.57828125e-02,2.83375000e-02
5.76187500e-08,-1.42500000e-04,2.57906250e-02,2.82937500e-02
5.76587500e-08,-1.60937500e-04,2.58000000e-02,2.82531250e-02
5.76987500e-08,-1.80625000e-04,2.58062500e-02,2.82156250e-02
5.77387500e-08,-2.01250000e-04,2.58140625e-02,2.81812500e-02
5.77787500e-08,-2.21562500e-04,2.58187500e-02,2.81531250e-02
5.78187500e-08,-2.40937500e-04,2.58234375e-02,2.81312500e-02
5.78587500e-08,-2.58750000e-04,2.58250000e-02,2.81187500e-02
5.78987500e-08,-2.74375000e-04,2.58265625e-02,2.81125000e-02
5.79387500e-08,-2.86875000e-04,2.58265625e-02,2.81156250e-02
5.79787500e-08,-2.96250000e-04,2.58250000e-02,2.81218750e-02
5.80187500e-08,-3.01875000e-04,2.58218750e-02,2.81375000e-02
5.80587500e-08,-3.04062500e-04,2.58171875e-02,2.81562500e-02
5.80987500e-08,-3.02500000e-04,2.58109375e-02,2.81781250e-02
5.81387500e-08,-2.97500000e-04,2.58046875e-02,2.82031250e-02
5.81787500e-08,-2.89687500e-04,2.57953125e-02,2.82281250e-02
5.82187500e-08,-2.79687500e-04,2.57859375e-02,2.82531250e-02
5.82587500e-08,-2.67500000e-04,2.57750000e-02,2.82750000e-02
5.82987500e-08,-2.54062500e-04,2.57625000e-02,2.82937500e-02
5.83387500e-08,-2.40000000e-04,2.57500000e-02,2.83062500e-02
5.83787500e-08,-2.25937500e-04,2.57359375e-02,2.83125000e-02
5.84187500e-08,-2.12812500e-04,2.57234375e-02,2.83125000e-02
5.84587500e-08,-2.00625000e-04,2.57078125e-02,2.83062500e-02
5.84987500e-08,-1.90312500e-04,2.56937500e-02,2.82906250e-02
5.85387500e-08,-1.81875000e-04,2.56781250e-02,2.82718750e-02
5.85787500e-08,-1.75937500e-04,2.56640625e-02,2.82468750e-02
5.86187500e-08,-1.72187500e-04,2.56484375e-02,2.82156250e-02
5.86587500e-08,-1.70625000e-04,2.56343750e-02,2.81843750e-02
5.86987500e-08,-1.70937500e-04,2.56187500e-02,2.81468750e-02
5.87387500e-08,-1.73125000e-04,2.56046875e-02,2.81093750e-02
5.87787500e-08,-1.76562500e-04,2.55906250e-02,2.80750000e-02
5.88187500e-08,-1.80937500e-04,2.55750000e-02,2.80375000e-02
5.88587500e-08,-1.85937500e-04,2.55609375e-02,2.80062500e-02
5.88987500e-08,-1.90312500e-04,2.55468750e-02,2.79750000e-02
5.89387500e-08,-1.94375000e-04,2.55312500e-02,2.79500000e-02
5.89787500e-08,-1.97500000e-04,2.55171875e-02,2.79312500e-02
5.90187500e-08,-1.99062500e-04,2.55015625e-02,2.79156250e-02
5.90587500e-08,-1.98750000e-04,2.54859375e-02,2.79031250e-02
5.90987500e-08,-1.96875000e-04,2.54703125e-02,2.79000000e-02
5.91387500e-08,-1.92812500e-04,2.54531250e-02,2.78968750e-02
5.91787500e-08,-1.86875000e-04,2.54375000e-02,2.79031250e-02
5.92187500e-08,-1.79062500e-04,2.54203125e-02,2.79093750e-02
5.92587500e-08,-1.69687500e-04,2.54031250e-02,2.79187500e-02
5.92987500e-08,-1.59375000e-04,2.53859375e-02,2.79312500e-02
5.93387500e-08,-1.48125000e-04,2.53703125e-02,2.79437500e-02
5.93787500e-08,-1.36875000e-04,2.53546875e-02,2.79562500e-02
5.94187500e-08,-1.25312500e-04,2.53406250e-02,2.79687500e-02
5.94587500e-08,-1.14687500e-04,2.53265625e-02,2.79812500e-02
5.94987500e-08,-1.05312500e-04,2.53156250e-02,2.79937500e-02
5.95387500e-08,-9.71875000e-05,2.53046875e-02,2.80031250e-02
5.95787500e-08,-9.09375000e-05,2.52984375e-02,2.80125000e-02
5.96187500e-08,-8.68750000e-05,2.52921875e-02,2.80156250e-02
5.96587500e-08,-8.50000000e-05,2.52890625e-02,2.80218750e-02
5.96987500e-08,-8.53125000e-05,2.52890625e-02,2.80218750e-02
5.97387500e-08,-8.78125000e-05,2.52906250e-02,2.80218750e-02
5.97787500e-08,-9.28125000e-05,2.52953125e-02,2.80187500e-02
5.98187500e-08,-9.93750000e-05,2.53015625e-02,2.80125000e-02
5.98587500e-08,-1.07500000e-04,2.53093750e-02,2.80093750e-02
5.98987500e-08,-1.16875000e-04,2.53187500e-02,2.80000000e-02
5.99387500e-08,-1.26875000e-04,2.53281250e-02,2.79937500e-02
5.99787500e-08,-1.37500000e-04,2.53375000e-02,2.79875000e-02
6.00187500e-08,-1.47500000e-04,2.53484375e-02,2.79781250e-02
6.00587500e-08,-1.57500000e-04,2.53562500e-02,2.79718750e-02
6.00987500e-08,-1.65937500e-04,2.53640625e-02,2.79656250e-02
6.01387500e-08,-1.73437500e-04,2.53703125e-02,2.79593750e-02
6.01787500e-08,-1.79375000e-04,2.53734375e-02,2.79531250e-02
6.02187500e-08,-1.83437500e-04,2.53734375e-02,2.79500000e-02
6.02587500e-08,-1.85312500e-04,2.53718750e-02,2.79468750e-02
6.02987500e-08,-1.85312500e-04,2.53656250e-02,2.79468750e-02
6.03387500e-08,-1.83437500e-04,2.53578125e-02,2.79468750e-02
6.03787500e-08,-1.79687500e-04,2.53453125e-02,2.79500000e-02
6.04187500e-08,-1.74062500e-04,2.53312500e-02,2.79562500e-02
6.04587500e-08,-1.67187500e-04,2.53140625e-02,2.79593750e-02
6.04987500e-08,-1.59375000e-04,2.52953125e-02,2.79687500e-02
6.05387500e-08,-1.50312500e-04,2.52750000e-02,2.79750000e-02
6.05787500e-08,-1.40937500e-04,2.52531250e-02,2.79843750e-02
6.06187500e-08,-1.31562500e-04,2.52296875e-02,2.79937500e-02
6.06587500e-08,-1.22187500e-04,2.52078125e-02,2.80000000e-02
6.06987500e-08,-1.13437500e-04,2.51875000e-02,2.80093750e-02
6.07387500e-08,-1.05312500e-04,2.51671875e-02,2.80156250e-02
6.07787500e-08,-9.81250000e-05,2.51484375e-02,2.80218750e-02
6.08187500e-08,-9.25000000e-05,2.51328125e-02,2.80250000e-02
6.08587500e-08,-8.78125000e-05,2.51203125e-02,2.80281250e-02
6.08987500e-08,-8.46875000e-05,2.51109375e-02,2.80281250e-02
6.09387500e-08,-8.28125000e-05,2.51031250e-02,2.80250000e-02
6.09787500e-08,-8.25000000e-05,2.50984375e-02,2.80187500e-02
6.10187500e-08,-8.31250000e-05,2.50968750e-02,2.80093750e-02
6.10587500e-08,-8.50000000e-05,2.50968750e-02,2.80000000e-02
6.10987500e-08,-8.78125000e-05,2.51000000e-02,2.79906250e-02
6.11387500e-08,-9.12500000e-05,2.51031250e-02,2.79781250e-02
6.11787500e-08,-9.53125000e-05,2.51078125e-02,2.79656250e-02
6.12187500e-08,-9.93750000e-05,2.51109375e-02,2.79531250e-02
6.12587500e-08,-1.03750000e-04,2.51140625e-02,2.79406250e-02
6.12987500e-08,-1.07812500e-04,2.51140625e-02,2.79312500e-02
6.13387500e-08,-1.11875000e-04,2.51125000e-02,2.79250000e-02
6.13787500e-08,-1.15312500e-04,2.51078125e-02,2.79218750e-02
6.14187500e-08,-1.18437500e-04,2.51000000e-02,2.79250000e-02
6.14587500e-08,-1.20937500e-04,2.50875000e-02,2.79281250e-02
6.14987500e-08,-1.22812500e-04,2.50718750e-02,2.79375000e-02
6.15387500e-08,-1.24062500e-04,2.50515625e-02,2.79500000e-02
6.15787500e-08,-1.25000000e-04,2.50281250e-02,2.79656250e-02
6.16187500e-08,-1.25625000e-04,2.50000000e-02,2.79875000e-02
6.16587500e-08,-1.26250000e-04,2.49718750e-02,2.80062500e-02
6.16987500e-08,-1.26562500e-04,2.49406250e-02,2.80281250e-02
6.17387500e-08,-1.27187500e-04,2.49078125e-02,2.80500000e-02
6.17787500e-08,-1.27812500e-04,2.48765625e-02,2.80718750e-02
6.18187500e-08,-1.29062500e-04,2.48468750e-02,2.80875000e-02
6.18587500e-08,-1.30625000e-04,2.48203125e-02,2.81000000e-02
6.18987500e-08,-1.33125000e-04,2.47984375e-02,2.81062500e-02
6.19387500e-08,-1.35937500e-04,2.47812500e-02,2.81031250e-02
6.19787500e-08,-1.39687500e-04,2.47687500e-02,2.80968750e-02
6.20187500e-08,-1.44062500e-04,2.47640625e-02,2.80781250e-02
6.20587500e-08,-1.49062500e-04,2.47671875e-02,2.80531250e-02
6.20987500e-08,-1.54687500e-04,2.47781250e-02,2.80187500e-02
6.21387500e-08,-1.60625000e-04,2.47953125e-02,2.79781250e-02
6.21787500e-08,-1.66562500e-04,2.48203125e-02,2.79281250e-02
6.22187500e-08,-1.72812500e-04,2.48500000e-02,2.78718750e-02
6.22587500e-08,-1.78750000e-04,2.48875000e-02,2.78125000e-02
6.22987500e-08,-1.84062500e-04,2.49281250e-02,2.77500000e-02
6.23387500e-08,-1.89062500e-04,2.49703125e-02,2.76875000e-02
6.23787500e-08,-1.93437500e-04,2.50156250e-02,2.76250000e-02
6.24187500e-08,-1.96875000e-04,2.50593750e-02,2.75656250e-02
6.24587500e-08,-1.99375000e-04,2.51015625e-02,2.75093750e-02
6.24987500e-08,-2.00625000e-04,2.51390625e-02,2.74593750e-02
6.25387500e-08,-2.01250000e-04,2.51718750e-02,2.74187500e-02
6.25787500e-08,-2.00625000e-04,2.51984375e-02,2.73812500e-02
6.26187500e-08,-1.99375000e-04,2.52156250e-02,2.73531250e-02
6.26587500e-08,-1.97500000e-04,2.52265625e-02,2.73343750e-02
6.26987500e-08,-1.95000000e-04,2.52281250e-02,2.73218750e-02
6.27387500e-08,-1.92187500e-04,2.52203125e-02,2.73156250e-02
6.27787500e-08,-1.89062500e-04,2.52046875e-02,2.73125000e-02
6.28187500e-08,-1.86250000e-04,2.51796875e-02,2.73156250e-02
6.28587500e-08,-1.83750000e-04,2.51500000e-02,2.73218750e-02
6.28987500e-08,-1.81562500e-04,2.51140625e-02,2.73281250e-02
6.29387500e-08,-1.80312500e-04,2.50734375e-02,2.73343750e-02
6.29787500e-08,-1.79687500e-04,2.50312500e-02,2.73375000e-02
6.30187500e-08,-1.79687500e-04,2.49875000e-02,2.73406250e-02
6.30587500e-08,-1.80937500e-04,2.49437500e-02,2.73343750e-02
6.30987500e-08,-1.82812500e-04,2.49046875e-02,2.73281250e-02
6.31387500e-08,-1.85312500e-04,2.48687500e-02,2.73125000e-02
6.31787500e-08,-1.88437500e-04,2.48375000e-02,2.72937500e-02
6.32187500e-08,-1.92187500e-04,2.48125000e-02,2.72718750e-02
6.32587500e-08,-1.95937500e-04,2.47937500e-02,2.72437500e-02
6.32987500e-08,-1.99687500e-04,2.47843750e-02,2.72156250e-02
6.33387500e-08,-2.03437500e-04,2.47796875e-02,2.71843750e-02
6.33787500e-08,-2.06562500e-04,2.47843750e-02,2.71531250e-02
6.34187500e-08,-2.08750000e-04,2.47937500e-02,2.71250000e-02
6.34587500e-08,-2.10312500e-04,2.48093750e-02,2.71000000e-02
6.34987500e-08,-2.10937500e-04,2.48296875e-02,2.70812500e-02
6.35387500e-08,-2.10312500e-04,2.48531250e-02,2.70687500e-02
6.35787500e-08,-2.08437500e-04,2.48781250e-02,2.70625000e-02
6.36187500e-08,-2.05312500e-04,2.49046875e-02,2.70656250e-02
6.36587500e-08,-2.01250000e-04,2.49296875e-02,2.70750000e-02
6.36987500e-08,-1.95937500e-04,2.49546875e-02,2.70937500e-02
6.37387500e-08,-1.89375000e-04,2.49765625e-02,2.71187500e-02
6.37787500e-08,-1.82187500e-04,2.49937500e-02,2.71500000e-02
6.38187500e-08,-1.74687500e-04,2.50093750e-02,2.71843750e-02
6.38587500e-08,-1.66250000e-04,2.50187500e-02,2.72250000e-02
6.38987500e-08,-1.57812500e-04,2.50250000e-02,2.72656250e-02
6.39387500e-08,-1.49687500e-04,2.50265625e-02,2.73062500e-02
6.39787500e-08,-1.41562500e-04,2.50234375e-02,2.73437500e-02
6.40187500e-08,-1.33750000e-04,2.50171875e-02,2.73781250e-02
6.40587500e-08,-1.26875000e-04,2.50093750e-02,2.74062500e-02
6.40987500e-08,-1.20312500e-04,2.49968750e-02,2.74281250e-02
6.41387500e-08,-1.15000000e-04,2.49843750e-02,2.74437500e-02
6.41787500e-08,-1.10625000e-04,2.49718750e-02,2.74500000e-02
6.42187500e-08,-1.07187500e-04,2.49578125e-02,2.74468750e-02
6.42587500e-08,-1.04687500e-04,2.49437500e-02,2.74343750e-02
6.42987500e-08,-1.03125000e-04,2.49312500e-02,2.74156250e-02
6.43387500e-08,-1.02812500e-04,2.49187500e-02,2.73875000e-02
6.43787500e-08,-1.03437500e-04,2.49093750e-02,2.73562500e-02
6.44187500e-08,-1.04687500e-04,2.48984375e-02,2.73218750e-02
6.44587500e-08,-1.06875000e-04,2.48906250e-02,2.72812500e-02
6.44987500e-08,-1.10000000e-04,2.48828125e-02,2.72406250e-02
6.45387500e-08,-1.13750000e-04,2.48750000e-02,2.72031250e-02
6.45787500e-08,-1.17812500e-04,2.48671875e-02,2.71656250e-02
6.46187500e-08,-1.22500000e-04,2.48593750e-02,2.71281250e-02
6.46587500e-08,-1.27812500e-04,2.48515625e-02,2.71000000e-02
6.46987500e-08,-1.33125000e-04,2.48421875e-02,2.70750000e-02
6.47387500e-08,-1.39062500e-04,2.48312500e-02,2.70562500e-02
6.47787500e-08,-1.45000000e-04,2.48187500e-02,2.70406250e-02
6.48187500e-08,-1.51250000e-04,2.48046875e-02,2.70343750e-02
6.48587500e-08,-1.57812500e-04,2.47890625e-02,2.70343750e-02
6.48987500e-08,-1.64062500e-04,2.47718750e-02,2.70375000e-02
6.49387500e-08,-1.70312500e-04,2.47531250e-02,2.70468750e-02
6.49787500e-08,-1.76562500e-04,2.47328125e-02,2.70593750e-02
6.50187500e-08,-1.82500000e-04,2.47125000e-02,2.70750000e-02
6.50587500e-08,-1.88125000e-04,2.46921875e-02,2.70937500e-02
6.50987500e-08,-1.93437500e-04,2.46718750e-02,2.71156250e-02
6.51387500e-08,-1.98125000e-04,2.46515625e-02,2.71343750e-02
6.51787500e-08,-2.02500000e-04,2.46312500e-02,2.71562500e-02
6.52187500e-08,-2.05937500e-04,2.46125000e-02,2.71781250e-02
6.52587500e-08,-2.09062500e-04,2.45953125e-02,2.72000000e-02
6.52987500e-08,-2.11250000e-04,2.45781250e-02,2.72187500e-02
6.53387500e-08,-2.12812500e-04,2.45609375e-02,2.72343750e-02
6.53787500e-08,-2.13750000e-04,2.45468750e-02,2.72500000e-02
6.54187500e-08,-2.13750000e-04,2.45328125e-02,2.72656250e-02
6.54587500e-08,-2.13437500e-04,2.45187500e-02,2.72750000e-02
6.54987500e-08,-2.12187500e-04,2.45062500e-02,2.72843750e-02
6.55387500e-08,-2.10312500e-04,2.44921875e-02,2.72906250e-02
6.55787500e-08,-2.08125000e-04,2.44796875e-02,2.72906250e-02
6.56187500e-08,-2.05625000e-04,2.44671875e-02,2.72906250e-02
6.56587500e-08,-2.02500000e-04,2.44562500e-02,2.72875000e-02
6.56987500e-08,-1.99375000e-04,2.44437500e-02,2.72812500e-02
6.57387500e-08,-1.95937500e-04,2.44312500e-02,2.72687500e-02
6.57787500e-08,-1.92500000e-04,2.44203125e-02,2.72531250e-02
6.58187500e-08,-1.89062500e-04,2.44093750e-02,2.72343750e-02
6.58587500e-08,-1.85625000e-04,2.43984375e-02,2.72093750e-02
6.58987500e-08,-1.82187500e-04,2.43906250e-02,2.71812500e-02
6.59387500e-08,-1.78750000e-04,2.43843750e-02,2.71500000e-02
6.59787500e-08,-1.75312500e-04,2.43796875e-02,2.71125000e-02
6.60187500e-08,-1.72187500e-04,2.43765625e-02,2.70750000e-02
6.60587500e-08,-1.68750000e-04,2.43765625e-02,2.70312500e-02
6.60987500e-08,-1.65312500e-04,2.43796875e-02,2.69906250e-02
6.61387500e-08,-1.62187500e-04,2.43843750e-02,2.69468750e-02
6.61787500e-08,-1.59062500e-04,2.43921875e-02,2.69031250e-02
6.62187500e-08,-1.55625000e-04,2.44015625e-02,2.68625000e-02
6.62587500e-08,-1.52500000e-04,2.44125000e-02,2.68250000e-02
6.62987500e-08,-1.49687500e-04,2.44250000e-02,2.67906250e-02
6.63387500e-08,-1.46875000e-04,2.44390625e-02,2.67625000e-02
6.63787500e-08,-1.44375000e-04,2.44515625e-02,2.67375000e-02
6.64187500e-08,-1.42187500e-04,2.44640625e-02,2.67187500e-02
6.64587500e-08,-1.40312500e-04,2.44750000e-02,2.67062500e-02
6.64987500e-08,-1.39062500e-04,2.44843750e-02,2.67000000e-02
6.65387500e-08,-1.38437500e-04,2.44906250e-02,2.67000000e-02
6.65787500e-08,-1.38750000e-04,2.44937500e-02,2.67062500e-02
6.66187500e-08,-1.39375000e-04,2.44921875e-02,2.67156250e-02
6.66587500e-08,-1.41250000e-04,2.44875000e-02,2.67281250e-02
6.66987500e-08,-1.43437500e-04,2.44796875e-02,2.67437500e-02
6.67387500e-08,-1.46250000e-04,2.44671875e-02,2.67625000e-02
6.67787500e-08,-1.50000000e-04,2.44515625e-02,2.67781250e-02
6.68187500e-08,-1.53750000e-04,2.44328125e-02,2.67937500e-02
6.68587500e-08,-1.57812500e-04,2.44109375e-02,2.68093750e-02
6.68987500e-08,-1.61875000e-04,2.43890625e-02,2.68187500e-02
6.69387500e-08,-1.65312500e-04,2.43640625e-02,2.68250000e-02
6.69787500e-08,-1.68437500e-04,2.43406250e-02,2.68250000e-02
6.70187500e-08,-1.70312500e-04,2.43156250e-02,2.68218750e-02
6.70587500e-08,-1.71250000e-04,2.42921875e-02,2.68156250e-02
6.70987500e-08,-1.70625000e-04,2.42718750e-02,2.68031250e-02
6.71387500e-08,-1.68437500e-04,2.42531250e-02,2.67875000e-02
6.71787500e-08,-1.64375000e-04,2.42359375e-02,2.67656250e-02
6.72187500e-08,-1.58125000e-04,2.42218750e-02,2.67437500e-02
6.72587500e-08,-1.50000000e-04,2.42125000e-02,2.67218750e-02
6.72987500e-08,-1.40000000e-04,2.42046875e-02,2.67000000e-02
6.73387500e-08,-1.28437500e-04,2.41984375e-02,2.66781250e-02
6.73787500e-08,-1.15000000e-04,2.41968750e-02,2.66562500e-02
6.74187500e-08,-1.00625000e-04,2.41953125e-02,2.66406250e-02
6.74587500e-08,-8.50000000e-05,2.41953125e-02,2.66281250e-02
6.74987500e-08,-6.93750000e-05,2.41968750e-02,2.66187500e-02
6.75387500e-08,-5.37500000e-05,2.41984375e-02,2.66156250e-02
6.75787500e-08,-3.84375000e-05,2.42015625e-02,2.66156250e-02
6.76187500e-08,-2.46875000e-05,2.42015625e-02,2.66187500e-02
6.76587500e-08,-1.21875000e-05,2.42031250e-02,2.66312500e-02
6.76987500e-08,-1.87500000e-06,2.42031250e-02,2.66437500e-02
6.77387500e-08,5.93750000e-06,2.42015625e-02,2.66593750e-02
6.77787500e-08,1.09375000e-05,2.41984375e-02,2.66781250e-02
6.78187500e-08,1.31250000e-05,2.41953125e-02,2.66968750e-02
6.78587500e-08,1.25000000e-05,2.41906250e-02,2.67187500e-02
6.78987500e-08,8.75000000e-06,2.41875000e-02,2.67375000e-02
6.79387500e-08,2.18750000e-06,2.41812500e-02,2.67562500e-02
6.79787500e-08,-6.87500000e-06,2.41765625e-02,2.67750000e-02
6.80187500e-08,-1.81250000e-05,2.41734375e-02,2.67906250e-02
6.80587500e-08,-3.09375000e-05,2.41703125e-02,2.68031250e-02
6.80987500e-08,-4.50000000e-05,2.41671875e-02,2.68125000e-02
6.81387500e-08,-5.96875000e-05,2.41656250e-02,2.68187500e-02
6.81787500e-08,-7.43750000e-05,2.41671875e-02,2.68218750e-02
6.82187500e-08,-8.84375000e-05,2.41671875e-02,2.68250000e-02
6.82587500e-08,-1.00937500e-04,2.41703125e-02,2.68218750e-02
6.82987500e-08,-1.12187500e-04,2.41734375e-02,2.68218750e-02
6.83387500e-08,-1.20937500e-04,2.41781250e-02,2.68156250e-02
6.83787500e-08,-1.27500000e-04,2.41828125e-02,2.68093750e-02
6.84187500e-08,-1.31250000e-04,2.41875000e-02,2.68031250e-02
6.84587500e-08,-1.32187500e-04,2.41906250e-02,2.67968750e-02
6.84987500e-08,-1.30312500e-04,2.41953125e-02,2.67875000e-02
6.85387500e-08,-1.26250000e-04,2.41968750e-02,2.67781250e-02
6.85787500e-08,-1.19375000e-04,2.41984375e-02,2.67687500e-02
6.86187500e-08,-1.10937500e-04,2.41984375e-02,2.67562500e-02
6.86587500e-08,-1.00937500e-04,2.41968750e-02,2.67437500e-02
6.86987500e-08,-8.96875000e-05,2.41937500e-02,2.67312500e-02
6.87387500e-08,-7.81250000e-05,2.41906250e-02,2.67156250e-02
6.87787500e-08,-6.65625000e-05,2.41843750e-02,2.66968750e-02
6.88187500e-08,-5.53125000e-05,2.41796875e-02,2.66781250e-02
6.88587500e-08,-4.50000000e-05,2.41734375e-02,2.66562500e-02
6.88987500e-08,-3.59375000e-05,2.41656250e-02,2.66343750e-02
6.89387500e-08,-2.84375000e-05,2.41593750e-02,2.66093750e-02
6.89787500e-08,-2.25000000e-05,2.41546875e-02,2.65843750e-02
6.90187500e-08,-1.84375000e-05,2.41500000e-02,2.65593750e-02
6.90587500e-08,-1.59375000e-05,2.41453125e-02,2.65312500e-02
6.90987500e-08,-1.46875000e-05,2.41421875e-02,2.65031250e-02
6.91387500e-08,-1.50000000e-05,2.41406250e-02,2.64781250e-02
6.91787500e-08,-1.59375000e-05,2.41406250e-02,2.64531250e-02
6.92187500e-08,-1.75000000e-05,2.41406250e-02,2.64281250e-02
6.92587500e-08,-1.93750000e-05,2.41406250e-02,2.64093750e-02
6.92987500e-08,-2.06250000e-05,2.41406250e-02,2.63906250e-02
6.93387500e-08,-2.15625000e-05,2.41406250e-02,2.63781250e-02
6.93787500e-08,-2.12500000e-05,2.41390625e-02,2.63656250e-02
6.94187500e-08,-2.00000000e-05,2.41359375e-02,2.63593750e-02
6.94587500e-08,-1.71875000e-05,2.41312500e-02,2.63562500e-02
6.94987500e-08,-1.28125000e-05,2.41234375e-02,2.63562500e-02
6.95387500e-08,-7.18750000e-06,2.41109375e-02,2.63593750e-02
6.95787500e-08,-6.25000000e-07,2.40968750e-02,2.63656250e-02
6.96187500e-08,7.18750000e-06,2.40796875e-02,2.63718750e-02
6.96587500e-08,1.56250000e-05,2.40578125e-02,2.63812500e-02
6.96987500e-08,2.40625000e-05,2.40343750e-02,2.63906250e-02
6.97387500e-08,3.21875000e-05,2.40078125e-02,2.64000000e-02
6.97787500e-08,3.96875000e-05,2.39781250e-02,2.64062500e-02
6.98187500e-08,4.59375000e-05,2.39468750e-02,2.64125000e-02
6.98587500e-08,5.03125000e-05,2.39156250e-02,2.64187500e-02
6.98987500e-08,5.28125000e-05,2.38843750e-02,2.64187500e-02
6.99387500e-08,5.28125000e-05,2.38531250e-02,2.64187500e-02
6.99787500e-08,5.03125000e-05,2.38234375e-02,2.64156250e-02
7.00187500e-08,4.50000000e-05,2.37968750e-02,2.64125000e-02
7.00587500e-08,3.71875000e-05,2.37718750e-02,2.64062500e-02
7.00987500e-08,2.71875000e-05,2.37515625e-02,2.63968750e-02
7.01387500e-08,1.46875000e-05,2.37343750e-02,2.63875000e-02
7.01787500e-08,6.25000000e-07,2.37203125e-02,2.63781250e-02
7.02187500e-08,-1.46875000e-05,2.37125000e-02,2.63687500e-02
7.02587500e-08,-3.06250000e-05,2.37078125e-02,2.63625000e-02
7.02987500e-08,-4.68750000e-05,2.37062500e-02,2.63562500e-02
7.03387500e-08,-6.25000000e-05,2.37093750e-02,2.63500000e-02
7.03787500e-08,-7.68750000e-05,2.37156250e-02,2.63468750e-02
7.04187500e-08,-9.00000000e-05,2.37234375e-02,2.63468750e-02
7.04587500e-08,-1.00625000e-04,2.37343750e-02,2.63468750e-02
7.04987500e-08,-1.09062500e-04,2.37453125e-02,2.63531250e-02
7.05387500e-08,-1.15000000e-04,2.37578125e-02,2.63593750e-02
7.05787500e-08,-1.17812500e-04,2.37703125e-02,2.63656250e-02
7.06187500e-08,-1.17812500e-04,2.37828125e-02,2.63750000e-02
7.06587500e-08,-1.15312500e-04,2.37937500e-02,2.63843750e-02
7.06987500e-08,-1.10312500e-04,2.38031250e-02,2.63968750e-02
7.07387500e-08,-1.03437500e-04,2.38125000e-02,2.64062500e-02
7.07787500e-08,-9.46875000e-05,2.38203125e-02,2.64156250e-02
7.08187500e-08,-8.50000000e-05,2.38281250e-02,2.64218750e-02
7.08587500e-08,-7.50000000e-05,2.38343750e-02,2.64281250e-02
7.08987500e-08,-6.46875000e-05,2.38406250e-02,2.64312500e-02
7.09387500e-08,-5.46875000e-05,2.38453125e-02,2.64312500e-02
7.09787500e-08,-4.59375000e-05,2.38515625e-02,2.64281250e-02
7.10187500e-08,-3.84375000e-05,2.38562500e-02,2.64250000e-02
7.10587500e-08,-3.28125000e-05,2.38625000e-02,2.64156250e-02
7.10987500e-08,-2.90625000e-05,2.38703125e-02,2.64062500e-02
7.11387500e-08,-2.71875000e-05,2.38765625e-02,2.63906250e-02
7.11787500e-08,-2.71875000e-05,2.38843750e-02,2.63781250e-02
7.12187500e-08,-2.90625000e-05,2.38921875e-02,2.63593750e-02
7.12587500e-08,-3.28125000e-05,2.38984375e-02,2.63437500e-02
7.12987500e-08,-3.81250000e-05,2.39046875e-02,2.63250000e-02
7.13387500e-08,-4.40625000e-05,2.39093750e-02,2.63031250e-02
7.13787500e-08,-5.09375000e-05,2.39109375e-02,2.62843750e-02
7.14187500e-08,-5.81250000e-05,2.39109375e-02,2.62656250e-02
7.14587500e-08,-6.53125000e-05,2.39078125e-02,2.62468750e-02
7.14987500e-08,-7.21875000e-05,2.39000000e-02,2.62281250e-02
7.15387500e-08,-7.81250000e-05,2.38875000e-02,2.62125000e-02
7.15787500e-08,-8.31250000e-05,2.38703125e-02,2.61937500e-02
7.16187500e-08,-8.71875000e-05,2.38500000e-02,2.61781250e-02
7.16587500e-08,-9.00000000e-05,2.38234375e-02,2.61625000e-02
7.16987500e-08,-9.15625000e-05,2.37937500e-02,2.61437500e-02
7.17387500e-08,-9.18750000e-05,2.37609375e-02,2.61281250e-02
7.17787500e-08,-9.15625000e-05,2.37250000e-02,2.61125000e-02
7.18187500e-08,-9.00000000e-05,2.36875000e-02,2.60968750e-02
7.18587500e-08,-8.81250000e-05,2.36500000e-02,2.60812500e-02
7.18987500e-08,-8.59375000e-05,2.36140625e-02,2.60656250e-02
7.19387500e-08,-8.34375000e-05,2.35796875e-02,2.60500000e-02
7.19787500e-08,-8.09375000e-05,2.35484375e-02,2.60375000e-02
7.20187500e-08,-7.87500000e-05,2.35218750e-02,2.60218750e-02
7.20587500e-08,-7.68750000e-05,2.35015625e-02,2.60093750e-02
7.20987500e-08,-7.56250000e-05,2.34875000e-02,2.60000000e-02
7.21387500e-08,-7.46875000e-05,2.34796875e-02,2.59906250e-02
7.21787500e-08,-7.40625000e-05,2.34796875e-02,2.59843750e-02
7.22187500e-08,-7.37500000e-05,2.34875000e-02,2.59812500e-02
7.22587500e-08,-7.34375000e-05,2.35015625e-02,2.59781250e-02
7.22987500e-08,-7.31250000e-05,2.35203125e-02,2.59812500e-02
7.23387500e-08,-7.28125000e-05,2.35437500e-02,2.59843750e-02
7.23787500e-08,-7.15625000e-05,2.35703125e-02,2.59906250e-02
7.24187500e-08,-7.00000000e-05,2.36000000e-02,2.60000000e-02
7.24587500e-08,-6.75000000e-05,2.36281250e-02,2.60093750e-02
7.24987500e-08,-6.40625000e-05,2.36546875e-02,2.60218750e-02
7.25387500e-08,-5.96875000e-05,2.36765625e-02,2.60343750e-02
7.25787500e-08,-5.40625000e-05,2.36937500e-02,2.60468750e-02
7.26187500e-08,-4.78125000e-05,2.37046875e-02,2.60562500e-02
7.26587500e-08,-4.06250000e-05,2.37093750e-02,2.60687500e-02
7.26987500e-08,-3.28125000e-05,2.37046875e-02,2.60750000e-02
7.27387500e-08,-2.50000000e-05,2.36906250e-02,2.60812500e-02
7.27787500e-08,-1.71875000e-05,2.36703125e-02,2.60812500e-02
7.28187500e-08,-1.00000000e-05,2.36406250e-02,2.60812500e-02
7.28587500e-08,-3.43750000e-06,2.36046875e-02,2.60718750e-02
7.28987500e-08,1.87500000e-06,2.35640625e-02,2.60625000e-02
7.29387500e-08,5.93750000e-06,2.35203125e-02,2.60437500e-02
7.29787500e-08,8.12500000e-06,2.34750000e-02,2.60250000e-02
7.30187500e-08,8.12500000e-06,2.34296875e-02,2.59968750e-02
7.30587500e-08,6.25000000e-06,2.33875000e-02,2.59687500e-02
7.30987500e-08,1.87500000e-06,2.33500000e-02,2.59343750e-02
7.31387500e-08,-4.37500000e-06,2.33187500e-02,2.59000000e-02
7.31787500e-08,-1.28125000e-05,2.32953125e-02,2.58625000e-02
7.32187500e-08,-2.28125000e-05,2.32812500e-02,2.58250000e-02
7.32587500e-08,-3.43750000e-05,2.32765625e-02,2.57906250e-02
7.32987500e-08,-4.68750000e-05,2.32812500e-02,2.57531250e-02
7.33387500e-08,-6.03125000e-05,2.32968750e-02,2.57218750e-02
7.33787500e-08,-7.37500000e-05,2.33218750e-02,2.56937500e-02
7.34187500e-08,-8.71875000e-05,2.33531250e-02,2.56687500e-02
7.34587500e-08,-1.00312500e-04,2.33906250e-02,2.56500000e-02
7.34987500e-08,-1.12187500e-04,2.34328125e-02,2.56375000e-02
7.35387500e-08,-1.22500000e-04,2.34765625e-02,2.56312500e-02
7.35787500e-08,-1.31562500e-04,2.35187500e-02,2.56312500e-02
7.36187500e-08,-1.38750000e-04,2.35593750e-02,2.56406250e-02
7.36587500e-08,-1.44375000e-04,2.35937500e-02,2.56562500e-02
7.36987500e-08,-1.47812500e-04,2.36218750e-02,2.56781250e-02
7.37387500e-08,-1.49687500e-04,2.36421875e-02,2.57031250e-02
7.37787500e-08,-1.49687500e-04,2.36531250e-02,2.57375000e-02
7.38187500e-08,-1.48750000e-04,2.36531250e-02,2.57718750e-02
7.38587500e-08,-1.46250000e-04,2.36437500e-02,2.58125000e-02
7.38987500e-08,-1.43437500e-04,2.36234375e-02,2.58531250e-02
7.39387500e-08,-1.39687500e-04,2.35937500e-02,2.58906250e-02
7.39787500e-08,-1.36250000e-04,2.35578125e-02,2.59312500e-02
7.40187500e-08,-1.32500000e-04,2.35156250e-02,2.59656250e-02
7.40587500e-08,-1.29375000e-04,2.34687500e-02,2.59968750e-02
7.40987500e-08,-1.26875000e-04,2.34218750e-02,2.60187500e-02
7.41387500e-08,-1.25000000e-04,2.33734375e-02,2.60375000e-02
7.41787500e-08,-1.24062500e-04,2.33281250e-02,2.60437500e-02
7.42187500e-08,-1.23750000e-04,2.32875000e-02,2.60437500e-02
7.42587500e-08,-1.23750000e-04,2.32531250e-02,2.60343750e-02
7.42987500e-08,-1.24375000e-04,2.32250000e-02,2.60156250e-02
7.43387500e-08,-1.25312500e-04,2.32062500e-02,2.59875000e-02
7.43787500e-08,-1.26250000e-04,2.31937500e-02,2.59500000e-02
7.44187500e-08,-1.26562500e-04,2.31906250e-02,2.59031250e-02
7.44587500e-08,-1.26562500e-04,2.31953125e-02,2.58531250e-02
7.44987500e-08,-1.25312500e-04,2.32046875e-02,2.57937500e-02
7.45387500e-08,-1.23125000e-04,2.32203125e-02,2.57343750e-02
7.45787500e-08,-1.19687500e-04,2.32390625e-02,2.56718750e-02
7.46187500e-08,-1.14687500e-04,2.32578125e-02,2.56125000e-02
7.46587500e-08,-1.08125000e-04,2.32765625e-02,2.55531250e-02
7.46987500e-08,-1.00312500e-04,2.32921875e-02,2.55000000e-02
7.47387500e-08,-9.12500000e-05,2.33046875e-02,2.54531250e-02
7.47787500e-08,-8.09375000e-05,2.33109375e-02,2.54125000e-02
7.48187500e-08,-6.96875000e-05,2.33125000e-02,2.53843750e-02
7.48587500e-08,-5.81250000e-05,2.33062500e-02,2.53625000e-02
7.48987500e-08,-4.65625000e-05,2.32921875e-02,2.53531250e-02
7.49387500e-08,-3.53125000e-05,2.32718750e-02,2.53562500e-02
7.49787500e-08,-2.46875000e-05,2.32453125e-02,2.53687500e-02
7.50187500e-08,-1.53125000e-05,2.32156250e-02,2.53875000e-02
7.50587500e-08,-7.50000000e-06,2.31812500e-02,2.54187500e-02
7.50987500e-08,-1.87500000e-06,2.31453125e-02,2.54531250e-02
7.51387500e-08,1.87500000e-06,2.31109375e-02,2.54937500e-02
7.51787500e-08,3.43750000e-06,2.30765625e-02,2.55343750e-02
7.52187500e-08,2.18750000e-06,2.30468750e-02,2.55750000e-02
7.52587500e-08,-1.25000000e-06,2.30218750e-02,2.56156250e-02
7.52987500e-08,-6.56250000e-06,2.30031250e-02,2.56500000e-02
7.53387500e-08,-1.43750000e-05,2.29921875e-02,2.56781250e-02
7.53787500e-08,-2.37500000e-05,2.29875000e-02,2.57000000e-02
7.54187500e-08,-3.43750000e-05,2.29906250e-02,2.57093750e-02
7.54587500e-08,-4.56250000e-05,2.30015625e-02,2.57093750e-02
7.54987500e-08,-5.75000000e-05,2.30171875e-02,2.57000000e-02
7.55387500e-08,-6.93750000e-05,2.30375000e-02,2.56812500e-02
7.55787500e-08,-8.09375000e-05,2.30609375e-02,2.56500000e-02
7.56187500e-08,-9.12500000e-05,2.30859375e-02,2.56156250e-02
7.56587500e-08,-1.00312500e-04,2.31109375e-02,2.55687500e-02
7.56987500e-08,-1.08125000e-04,2.31343750e-02,2.55218750e-02
7.57387500e-08,-1.13750000e-04,2.31546875e-02,2.54718750e-02
7.57787500e-08,-1.17500000e-04,2.31703125e-02,2.54187500e-02
7.58187500e-08,-1.19375000e-04,2.31796875e-02,2.53718750e-02
7.58587500e-08,-1.19687500e-04,2.31828125e-02,2.53281250e-02
7.58987500e-08,-1.17812500e-04,2.31812500e-02,2.52875000e-02
7.59387500e-08,-1.14687500e-04,2.31718750e-02,2.52593750e-02
7.59787500e-08,-1.10312500e-04,2.31578125e-02,2.52406250e-02
7.60187500e-08,-1.05000000e-04,2.31390625e-02,2.52281250e-02
7.60587500e-08,-9.93750000e-05,2.31171875e-02,2.52312500e-02
7.60987500e-08,-9.37500000e-05,2.30921875e-02,2.52406250e-02
7.61387500e-08,-8.78125000e-05,2.30671875e-02,2.52625000e-02
7.61787500e-08,-8.28125000e-05,2.30437500e-02,2.52906250e-02
7.62187500e-08,-7.84375000e-05,2.30203125e-02,2.53250000e-02
7.62587500e-08,-7.50000000e-05,2.30015625e-02,2.53656250e-02
7.62987500e-08,-7.25000000e-05,2.29859375e-02,2.54093750e-02
7.63387500e-08,-7.09375000e-05,2.29750000e-02,2.54562500e-02
7.63787500e-08,-7.06250000e-05,2.29687500e-02,2.55000000e-02
7.64187500e-08,-7.09375000e-05,2.29687500e-02,2.55406250e-02
7.64587500e-08,-7.18750000e-05,2.29703125e-02,2.55781250e-02
7.64987500e-08,-7.31250000e-05,2.29765625e-02,2.56093750e-02
7.65387500e-08,-7.46875000e-05,2.29859375e-02,2.56343750e-02
7.65787500e-08,-7.56250000e-05,2.29953125e-02,2.56500000e-02
7.66187500e-08,-7.65625000e-05,2.30046875e-02,2.56593750e-02
7.66587500e-08,-7.65625000e-05,2.30125000e-02,2.56625000e-02
7.66987500e-08,-7.53125000e-05,2.30171875e-02,2.56593750e-02
7.67387500e-08,-7.31250000e-05,2.30187500e-02,2.56500000e-02
7.67787500e-08,-6.96875000e-05,2.30140625e-02,2.56375000e-02
7.68187500e-08,-6.50000000e-05,2.30046875e-02,2.56250000e-02
7.68587500e-08,-5.90625000e-05,2.29906250e-02,2.56093750e-02
7.68987500e-08,-5.18750000e-05,2.29703125e-02,2.55937500e-02
7.69387500e-08,-4.40625000e-05,2.29453125e-02,2.55812500e-02
7.69787500e-08,-3.56250000e-05,2.29187500e-02,2.55687500e-02
7.70187500e-08,-2.68750000e-05,2.28875000e-02,2.55625000e-02
7.70587500e-08,-1.84375000e-05,2.28562500e-02,2.55625000e-02
7.70987500e-08,-1.03125000e-05,2.28265625e-02,2.55625000e-02
7.71387500e-08,-3.12500000e-06,2.27984375e-02,2.55687500e-02
7.71787500e-08,3.12500000e-06,2.27750000e-02,2.55812500e-02
7.72187500e-08,7.81250000e-06,2.27562500e-02,2.55906250e-02
7.72587500e-08,1.09375000e-05,2.27437500e-02,2.56062500e-02
7.72987500e-08,1.21875000e-05,2.27375000e-02,2.56187500e-02
7.73387500e-08,1.18750000e-05,2.27390625e-02,2.56312500e-02
7.73787500e-08,9.68750000e-06,2.27484375e-02,2.56406250e-02
7.74187500e-08,5.93750000e-06,2.27640625e-02,2.56437500e-02
7.74587500e-08,9.37500000e-07,2.27859375e-02,2.56437500e-02
7.74987500e-08,-5.00000000e-06,2.28109375e-02,2.56375000e-02
7.75387500e-08,-1.12500000e-05,2.28390625e-02,2.56281250e-02
7.75787500e-08,-1.81250000e-05,2.28687500e-02,2.56093750e-02
7.76187500e-08,-2.43750000e-05,2.28968750e-02,2.55843750e-02
7.76587500e-08,-3.00000000e-05,2.29234375e-02,2.55531250e-02
7.76987500e-08,-3.46875000e-05,2.29437500e-02,2.55187500e-02
7.77387500e-08,-3.78125000e-05,2.29578125e-02,2.54781250e-02
7.77787500e-08,-3.93750000e-05,2.29640625e-02,2.54375000e-02
7.78187500e-08,-3.90625000e-05,2.29625000e-02,2.53968750e-02
7.78587500e-08,-3.65625000e-05,2.29515625e-02,2.53562500e-02
7.78987500e-08,-3.21875000e-05,2.29328125e-02,2.53156250e-02
7.79387500e-08,-2.62500000e-05,2.29046875e-02,2.52812500e-02
7.79787500e-08,-1.81250000e-05,2.28687500e-02,2.52500000e-02
7.80187500e-08,-9.06250000e-06,2.28265625e-02,2.52250000e-02
7.80587500e-08,9.37500000e-07,2.27812500e-02,2.52062500e-02
7.80987500e-08,1.15625000e-05,2.27312500e-02,2.51937500e-02
7.81387500e-08,2.21875000e-05,2.26828125e-02,2.51843750e-02
7.81787500e-08,3.25000000e-05,2.26359375e-02,2.51812500e-02
7.82187500e-08,4.18750000e-05,2.25921875e-02,2.51843750e-02
7.82587500e-08,5.00000000e-05,2.25546875e-02,2.51875000e-02
7.82987500e-08,5.65625000e-05,2.25234375e-02,2.51937500e-02
7.83387500e-08,6.09375000e-05,2.25000000e-02,2.52000000e-02
7.83787500e-08,6.34375000e-05,2.24859375e-02,2.52093750e-02
7.84187500e-08,6.34375000e-05,2.24796875e-02,2.52125000e-02
7.84587500e-08,6.15625000e-05,2.24828125e-02,2.52156250e-02
7.84987500e-08,5.75000000e-05,2.24953125e-02,2.52125000e-02
7.85387500e-08,5.15625000e-05,2.25125000e-02,2.52093750e-02
7.85787500e-08,4.40625000e-05,2.25359375e-02,2.52000000e-02
7.86187500e-08,3.53125000e-05,2.25640625e-02,2.51875000e-02
7.86587500e-08,2.56250000e-05,2.25921875e-02,2.51687500e-02
7.86987500e-08,1.59375000e-05,2.26218750e-02,2.51500000e-02
7.87387500e-08,5.93750000e-06,2.26484375e-02,2.51281250e-02
7.87787500e-08,-3.43750000e-06,2.26703125e-02,2.51062500e-02
7.88187500e-08,-1.15625000e-05,2.26890625e-02,2.50843750e-02
7.88587500e-08,-1.90625000e-05,2.27000000e-02,2.50625000e-02
7.88987500e-08,-2.46875000e-05,2.27046875e-02,2.50437500e-02
7.89387500e-08,-2.87500000e-05,2.27031250e-02,2.50250000e-02
7.89787500e-08,-3.12500000e-05,2.26937500e-02,2.50156250e-02
7.90187500e-08,-3.21875000e-05,2.26765625e-02,2.50062500e-02
7.90587500e-08,-3.15625000e-05,2.26562500e-02,2.50031250e-02
7.90987500e-08,-2.93750000e-05,2.26312500e-02,2.50031250e-02
7.91387500e-08,-2.62500000e-05,2.26031250e-02,2.50062500e-02
7.91787500e-08,-2.21875000e-05,2.25750000e-02,2.50125000e-02
7.92187500e-08,-1.78125000e-05,2.25484375e-02,2.50218750e-02
7.92587500e-08,-1.34375000e-05,2.25234375e-02,2.50343750e-02
7.92987500e-08,-9.37500000e-06,2.25015625e-02,2.50437500e-02
7.93387500e-08,-5.62500000e-06,2.24875000e-02,2.50500000e-02
7.93787500e-08,-2.81250000e-06,2.24781250e-02,2.50562500e-02
7.94187500e-08,-9.37500000e-07,2.24750000e-02,2.50593750e-02
7.94587500e-08,-3.12500000e-07,2.24812500e-02,2.50593750e-02
7.94987500e-08,-6.25000000e-07,2.24921875e-02,2.50531250e-02
7.95387500e-08,-2.50000000e-06,2.25093750e-02,2.50406250e-02
7.95787500e-08,-5.31250000e-06,2.25312500e-02,2.50250000e-02
7.96187500e-08,-9.06250000e-06,2.25578125e-02,2.50062500e-02
7.96587500e-08,-1.34375000e-05,2.25859375e-02,2.49812500e-02
7.96987500e-08,-1.81250000e-05,2.26140625e-02,2.49531250e-02
7.97387500e-08,-2.31250000e-05,2.26406250e-02,2.49250000e-02
7.97787500e-08,-2.81250000e-05,2.26640625e-02,2.48937500e-02
7.98187500e-08,-3.28125000e-05,2.26828125e-02,2.48656250e-02
7.98587500e-08,-3.68750000e-05,2.26953125e-02,2.48375000e-02
7.98987500e-08,-4.00000000e-05,2.27000000e-02,2.48125000e-02
7.99387500e-08,-4.21875000e-05,2.26984375e-02,2.47906250e-02
7.99787500e-08,-4.34375000e-05,2.26890625e-02,2.47718750e-02
8.00187500e-08,-4.37500000e-05,2.26718750e-02,2.47562500e-02
8.00587500e-08,-4.31250000e-05,2.26468750e-02,2.47468750e-02
8.00987500e-08,-4.21875000e-05,2.26156250e-02,2.47437500e-02
8.01387500e-08,-4.03125000e-05,2.25812500e-02,2.47406250e-02
8.01787500e-08,-3.84375000e-05,2.25437500e-02,2.47437500e-02
8.02187500e-08,-3.68750000e-05,2.25046875e-02,2.47500000e-02
8.02587500e-08,-3.53125000e-05,2.24656250e-02,2.47562500e-02
8.02987500e-08,-3.50000000e-05,2.24296875e-02,2.47625000e-02
8.03387500e-08,-3.53125000e-05,2.23984375e-02,2.47718750e-02
8.03787500e-08,-3.71875000e-05,2.23703125e-02,2.47781250e-02
8.04187500e-08,-4.03125000e-05,2.23500000e-02,2.47843750e-02
8.04587500e-08,-4.53125000e-05,2.23375000e-02,2.47875000e-02
8.04987500e-08,-5.15625000e-05,2.23312500e-02,2.47875000e-02
8.05387500e-08,-6.00000000e-05,2.23328125e-02,2.47875000e-02
8.05787500e-08,-6.96875000e-05,2.23421875e-02,2.47843750e-02
8.06187500e-08,-8.06250000e-05,2.23562500e-02,2.47812500e-02
8.06587500e-08,-9.28125000e-05,2.23750000e-02,2.47750000e-02
8.06987500e-08,-1.05937500e-04,2.23968750e-02,2.47687500e-02
8.07387500e-08,-1.19062500e-04,2.24203125e-02,2.47656250e-02
8.07787500e-08,-1.32500000e-04,2.24421875e-02,2.47593750e-02
8.08187500e-08,-1.45625000e-04,2.24625000e-02,2.47593750e-02
8.08587500e-08,-1.57812500e-04,2.24796875e-02,2.47593750e-02
8.08987500e-08,-1.68750000e-04,2.24906250e-02,2.47625000e-02
8.09387500e-08,-1.78437500e-04,2.24937500e-02,2.47656250e-02
8.09787500e-08,-1.86562500e-04,2.24906250e-02,2.47750000e-02
8.10187500e-08,-1.92500000e-04,2.24796875e-02,2.47875000e-02
8.10587500e-08,-1.96875000e-04,2.24609375e-02,2.48000000e-02
8.10987500e-08,-1.98750000e-04,2.24359375e-02,2.48125000e-02
8.11387500e-08,-1.98750000e-04,2.24031250e-02,2.48250000e-02
8.11787500e-08,-1.96875000e-04,2.23640625e-02,2.48375000e-02
8.12187500e-08,-1.93437500e-04,2.23234375e-02,2.48468750e-02
8.12587500e-08,-1.88125000e-04,2.22796875e-02,2.48531250e-02
8.12987500e-08,-1.81875000e-04,2.22359375e-02,2.48562500e-02
8.13387500e-08,-1.74375000e-04,2.21937500e-02,2.48500000e-02
8.13787500e-08,-1.66250000e-04,2.21562500e-02,2.48406250e-02
8.14187500e-08,-1.57500000e-04,2.21234375e-02,2.48281250e-02
8.14587500e-08,-1.48437500e-04,2.20984375e-02,2.48062500e-02
8.14987500e-08,-1.39687500e-04,2.20796875e-02,2.47781250e-02
8.15387500e-08,-1.30937500e-04,2.20718750e-02,2.47500000e-02
8.15787500e-08,-1.22500000e-04,2.20718750e-02,2.47156250e-02
8.16187500e-08,-1.14687500e-04,2.20812500e-02,2.46812500e-02
8.16587500e-08,-1.07187500e-04,2.20984375e-02,2.46437500e-02
8.16987500e-08,-1.00312500e-04,2.21234375e-02,2.46125000e-02
8.17387500e-08,-9.40625000e-05,2.21546875e-02,2.45812500e-02
8.17787500e-08,-8.81250000e-05,2.21890625e-02,2.45562500e-02
8.18187500e-08,-8.28125000e-05,2.22281250e-02,2.45406250e-02
8.18587500e-08,-7.81250000e-05,2.22671875e-02,2.45281250e-02
8.18987500e-08,-7.34375000e-05,2.23046875e-02,2.45281250e-02
8.19387500e-08,-6.96875000e-05,2.23390625e-02,2.45343750e-02
8.19787500e-08,-6.59375000e-05,2.23687500e-02,2.45500000e-02
8.20187500e-08,-6.28125000e-05,2.23921875e-02,2.45718750e-02
8.20587500e-08,-6.00000000e-05,2.24093750e-02,2.46031250e-02
8.20987500e-08,-5.78125000e-05,2.24187500e-02,2.46406250e-02
8.21387500e-08,-5.62500000e-05,2.24203125e-02,2.46781250e-02
8.21787500e-08,-5.56250000e-05,2.24125000e-02,2.47218750e-02
8.22187500e-08,-5.56250000e-05,2.23984375e-02,2.47625000e-02
8.22587500e-08,-5.65625000e-05,2.23765625e-02,2.48000000e-02
8.22987500e-08,-5.84375000e-05,2.23515625e-02,2.48312500e-02
8.23387500e-08,-6.15625000e-05,2.23203125e-02,2.48562500e-02
8.23787500e-08,-6.56250000e-05,2.22875000e-02,2.48718750e-02
8.24187500e-08,-7.09375000e-05,2.22531250e-02,2.48781250e-02
8.24587500e-08,-7.71875000e-05,2.22203125e-02,2.48718750e-02
8.24987500e-08,-8.40625000e-05,2.21890625e-02,2.48562500e-02
8.25387500e-08,-9.21875000e-05,2.21625000e-02,2.48250000e-02
8.25787500e-08,-1.00625000e-04,2.21406250e-02,2.47875000e-02
8.26187500e-08,-1.09375000e-04,2.21234375e-02,2.47375000e-02
8.26587500e-08,-1.18125000e-04,2.21125000e-02,2.46781250e-02
8.26987500e-08,-1.26875000e-04,2.21078125e-02,2.46125000e-02
8.27387500e-08,-1.35000000e-04,2.21093750e-02,2.45437500e-02
8.27787500e-08,-1.42500000e-04,2.21156250e-02,2.44718750e-02
8.28187500e-08,-1.49062500e-04,2.21265625e-02,2.44000000e-02
8.28587500e-08,-1.54062500e-04,2.21421875e-02,2.43281250e-02
8.28987500e-08,-1.58125000e-04,2.21593750e-02,2.42625000e-02
8.29387500e-08,-1.60625000e-04,2.21781250e-02,2.42031250e-02
8.29787500e-08,-1.61562500e-04,2.21968750e-02,2.41500000e-02
8.30187500e-08,-1.61250000e-04,2.22140625e-02,2.41062500e-02
8.30587500e-08,-1.59687500e-04,2.22296875e-02,2.40718750e-02
8.30987500e-08,-1.57187500e-04,2.22406250e-02,2.40468750e-02
8.31387500e-08,-1.54062500e-04,2.22484375e-02,2.40312500e-02
8.31787500e-08,-1.50312500e-04,2.22500000e-02,2.40250000e-02
8.32187500e-08,-1.46250000e-04,2.22484375e-02,2.40250000e-02
8.32587500e-08,-1.42812500e-04,2.22421875e-02,2.40343750e-02
8.32987500e-08,-1.39687500e-04,2.22296875e-02,2.40531250e-02
8.33387500e-08,-1.37812500e-04,2.22140625e-02,2.40750000e-02
8.33787500e-08,-1.36875000e-04,2.21968750e-02,2.41031250e-02
8.34187500e-08,-1.37812500e-04,2.21750000e-02,2.41343750e-02
8.34587500e-08,-1.40312500e-04,2.21531250e-02,2.41687500e-02
8.34987500e-08,-1.44687500e-04,2.21296875e-02,2.42062500e-02
8.35387500e-08,-1.50937500e-04,2.21078125e-02,2.42468750e-02
8.35787500e-08,-1.58750000e-04,2.20859375e-02,2.42875000e-02
8.36187500e-08,-1.68125000e-04,2.20671875e-02,2.43312500e-02
8.36587500e-08,-1.78750000e-04,2.20515625e-02,2.43750000e-02
8.36987500e-08,-1.90625000e-04,2.20375000e-02,2.44218750e-02
8.37387500e-08,-2.02812500e-04,2.20281250e-02,2.44656250e-02
8.37787500e-08,-2.15000000e-04,2.20203125e-02,2.45125000e-02
8.38187500e-08,-2.26875000e-04,2.20156250e-02,2.45625000e-02
8.38587500e-08,-2.38125000e-04,2.20140625e-02,2.46093750e-02
8.38987500e-08,-2.47812500e-04,2.20156250e-02,2.46562500e-02
8.39387500e-08,-2.55625000e-04,2.20171875e-02,2.47031250e-02
8.39787500e-08,-2.61250000e-04,2.20203125e-02,2.47500000e-02
8.40187500e-08,-2.64375000e-04,2.20234375e-02,2.47906250e-02
8.40587500e-08,-2.65000000e-04,2.20265625e-02,2.48281250e-02
8.40987500e-08,-2.62500000e-04,2.20281250e-02,2.48593750e-02
8.41387500e-08,-2.57187500e-04,2.20281250e-02,2.48875000e-02
8.41787500e-08,-2.49062500e-04,2.20281250e-02,2.49031250e-02
8.42187500e-08,-2.38437500e-04,2.20250000e-02,2.49125000e-02
8.42587500e-08,-2.25625000e-04,2.20203125e-02,2.49093750e-02
8.42987500e-08,-2.10625000e-04,2.20140625e-02,2.48968750e-02
8.43387500e-08,-1.94062500e-04,2.20078125e-02,2.48750000e-02
8.43787500e-08,-1.76250000e-04,2.20000000e-02,2.48406250e-02
8.44187500e-08,-1.58125000e-04,2.19921875e-02,2.47968750e-02
8.44587500e-08,-1.40000000e-04,2.19843750e-02,2.47437500e-02
8.44987500e-08,-1.22500000e-04,2.19765625e-02,2.46843750e-02
8.45387500e-08,-1.05625000e-04,2.19703125e-02,2.46156250e-02
8.45787500e-08,-9.03125000e-05,2.19640625e-02,2.45468750e-02
8.46187500e-08,-7.68750000e-05,2.19609375e-02,2.44718750e-02
8.46587500e-08,-6.53125000e-05,2.19578125e-02,2.44000000e-02
8.46987500e-08,-5.59375000e-05,2.19562500e-02,2.43312500e-02
8.47387500e-08,-4.90625000e-05,2.19562500e-02,2.42656250e-02
8.47787500e-08,-4.46875000e-05,2.19578125e-02,2.42062500e-02
8.48187500e-08,-4.28125000e-05,2.19578125e-02,2.41593750e-02
8.48587500e-08,-4.28125000e-05,2.19593750e-02,2.41187500e-02
8.48987500e-08,-4.53125000e-05,2.19593750e-02,2.40906250e-02
8.49387500e-08,-4.93750000e-05,2.19593750e-02,2.40750000e-02
8.49787500e-08,-5.46875000e-05,2.19562500e-02,2.40687500e-02
8.50187500e-08,-6.15625000e-05,2.19515625e-02,2.40750000e-02
8.50587500e-08,-6.90625000e-05,2.19437500e-02,2.40937500e-02
8.50987500e-08,-7.68750000e-05,2.19343750e-02,2.41187500e-02
8.51387500e-08,-8.50000000e-05,2.19203125e-02,2.41500000e-02
8.51787500e-08,-9.31250000e-05,2.19062500e-02,2.41875000e-02
8.52187500e-08,-1.00937500e-04,2.18890625e-02,2.42250000e-02
8.52587500e-08,-1.07812500e-04,2.18703125e-02,2.42656250e-02
8.52987500e-08,-1.14062500e-04,2.18515625e-02,2.43062500e-02
8.53387500e-08,-1.19687500e-04,2.18328125e-02,2.43406250e-02
8.53787500e-08,-1.24375000e-04,2.18156250e-02,2.43718750e-02
8.54187500e-08,-1.28125000e-04,2.18000000e-02,2.43968750e-02
8.54587500e-08,-1.30937500e-04,2.17859375e-02,2.44156250e-02
8.54987500e-08,-1.33125000e-04,2.17765625e-02,2.44250000e-02
8.55387500e-08,-1.35000000e-04,2.17703125e-02,2.44281250e-02
8.55787500e-08,-1.36250000e-04,2.17687500e-02,2.44218750e-02
8.56187500e-08,-1.37187500e-04,2.17718750e-02,2.44125000e-02
8.56587500e-08,-1.38125000e-04,2.17796875e-02,2.43937500e-02
8.56987500e-08,-1.39062500e-04,2.17921875e-02,2.43718750e-02
8.57387500e-08,-1.40000000e-04,2.18078125e-02,2.43437500e-02
8.57787500e-08,-1.41562500e-04,2.18265625e-02,2.43156250e-02
8.58187500e-08,-1.43437500e-04,2.18468750e-02,2.42843750e-02
8.58587500e-08,-1.45625000e-04,2.18671875e-02,2.42562500e-02
8.58987500e-08,-1.48437500e-04,2.18875000e-02,2.42281250e-02
8.59387500e-08,-1.51562500e-04,2.19062500e-02,2.42000000e-02
8.59787500e-08,-1.55000000e-04,2.19218750e-02,2.41781250e-02
8.60187500e-08,-1.59062500e-04,2.19328125e-02,2.41562500e-02
8.60587500e-08,-1.63125000e-04,2.19375000e-02,2.41375000e-02
8.60987500e-08,-1.67500000e-04,2.19375000e-02,2.41218750e-02
8.61387500e-08,-1.71875000e-04,2.19296875e-02,2.41125000e-02
8.61787500e-08,-1.75937500e-04,2.19156250e-02,2.41000000e-02
8.62187500e-08,-1.79687500e-04,2.18937500e-02,2.40937500e-02
8.62587500e-08,-1.83125000e-04,2.18656250e-02,2.40843750e-02
8.62987500e-08,-1.86250000e-04,2.18328125e-02,2.40781250e-02
8.63387500e-08,-1.88437500e-04,2.17953125e-02,2.40718750e-02
8.63787500e-08,-1.90000000e-04,2.17546875e-02,2.40625000e-02
8.64187500e-08,-1.90937500e-04,2.17125000e-02,2.40531250e-02
8.64587500e-08,-1.90625000e-04,2.16687500e-02,2.40437500e-02
8.64987500e-08,-1.89687500e-04,2.16281250e-02,2.40312500e-02
8.65387500e-08,-1.87812500e-04,2.15890625e-02,2.40187500e-02
8.65787500e-08,-1.84687500e-04,2.15546875e-02,2.40062500e-02
8.66187500e-08,-1.80937500e-04,2.15265625e-02,2.39937500e-02
8.66587500e-08,-1.76250000e-04,2.15046875e-02,2.39812500e-02
8.66987500e-08,-1.70625000e-04,2.14890625e-02,2.39687500e-02
8.67387500e-08,-1.64375000e-04,2.14828125e-02,2.39593750e-02
8.67787500e-08,-1.57500000e-04,2.14828125e-02,2.39500000e-02
8.68187500e-08,-1.50000000e-04,2.14906250e-02,2.39437500e-02
8.68587500e-08,-1.41875000e-04,2.15046875e-02,2.39406250e-02
8.68987500e-08,-1.33750000e-04,2.15234375e-02,2.39406250e-02
8.69387500e-08,-1.25000000e-04,2.15468750e-02,2.39406250e-02
8.69787500e-08,-1.16562500e-04,2.15718750e-02,2.39468750e-02
8.70187500e-08,-1.08125000e-04,2.15984375e-02,2.39531250e-02
8.70587500e-08,-9.96875000e-05,2.16234375e-02,2.39593750e-02
8.70987500e-08,-9.18750000e-05,2.16453125e-02,2.39687500e-02
8.71387500e-08,-8.46875000e-05,2.16640625e-02,2.39781250e-02
8.71787500e-08,-7.81250000e-05,2.16765625e-02,2.39875000e-02
8.72187500e-08,-7.25000000e-05,2.16812500e-02,2.39968750e-02
8.72587500e-08,-6.78125000e-05,2.16796875e-02,2.40031250e-02
8.72987500e-08,-6.40625000e-05,2.16687500e-02,2.40093750e-02
8.73387500e-08,-6.18750000e-05,2.16500000e-02,2.40125000e-02
8.73787500e-08,-6.09375000e-05,2.16234375e-02,2.40156250e-02
8.74187500e-08,-6.12500000e-05,2.15906250e-02,2.40125000e-02
8.74587500e-08,-6.28125000e-05,2.15500000e-02,2.40093750e-02
8.74987500e-08,-6.59375000e-05,2.15062500e-02,2.40031250e-02
8.75387500e-08,-7.03125000e-05,2.14578125e-02,2.39968750e-02
8.75787500e-08,-7.56250000e-05,2.14078125e-02,2.39906250e-02
8.76187500e-08,-8.21875000e-05,2.13578125e-02,2.39812500e-02
8.76587500e-08,-8.96875000e-05,2.13093750e-02,2.39718750e-02
8.76987500e-08,-9.78125000e-05,2.12640625e-02,2.39656250e-02
8.77387500e-08,-1.06250000e-04,2.12250000e-02,2.39593750e-02
8.77787500e-08,-1.15000000e-04,2.11906250e-02,2.39562500e-02
8.78187500e-08,-1.23437500e-04,2.11625000e-02,2.39531250e-02
8.78587500e-08,-1.31562500e-04,2.11437500e-02,2.39562500e-02
8.78987500e-08,-1.39062500e-04,2.11312500e-02,2.39593750e-02
8.79387500e-08,-1.45312500e-04,2.11281250e-02,2.39625000e-02
8.79787500e-08,-1.50625000e-04,2.11312500e-02,2.39718750e-02
8.80187500e-08,-1.54687500e-04,2.11421875e-02,2.39812500e-02
8.80587500e-08,-1.57187500e-04,2.11593750e-02,2.39906250e-02
8.80987500e-08,-1.58125000e-04,2.11812500e-02,2.40031250e-02
8.81387500e-08,-1.57187500e-04,2.12062500e-02,2.40156250e-02
8.81787500e-08,-1.54687500e-04,2.12328125e-02,2.40281250e-02
8.82187500e-08,-1.50937500e-04,2.12609375e-02,2.40406250e-02
8.82587500e-08,-1.45625000e-04,2.12875000e-02,2.40531250e-02
8.82987500e-08,-1.39062500e-04,2.13125000e-02,2.40625000e-02
8.83387500e-08,-1.31562500e-04,2.13359375e-02,2.40718750e-02
8.83787500e-08,-1.23750000e-04,2.13546875e-02,2.40781250e-02
8.84187500e-08,-1.15625000e-04,2.13687500e-02,2.40812500e-02
8.84587500e-08,-1.07500000e-04,2.13796875e-02,2.40843750e-02
8.84987500e-08,-1.00000000e-04,2.13843750e-02,2.40812500e-02
8.85387500e-08,-9.31250000e-05,2.13859375e-02,2.40812500e-02
8.85787500e-08,-8.75000000e-05,2.13812500e-02,2.40750000e-02
8.86187500e-08,-8.34375000e-05,2.13734375e-02,2.40687500e-02
8.86587500e-08,-8.09375000e-05,2.13640625e-02,2.40593750e-02
8.86987500e-08,-8.06250000e-05,2.13500000e-02,2.40468750e-02
8.87387500e-08,-8.21875000e-05,2.13359375e-02,2.40312500e-02
8.87787500e-08,-8.59375000e-05,2.13203125e-02,2.40156250e-02
8.88187500e-08,-9.15625000e-05,2.13031250e-02,2.39937500e-02
8.88587500e-08,-9.90625000e-05,2.12875000e-02,2.39718750e-02
8.88987500e-08,-1.08437500e-04,2.12718750e-02,2.39437500e-02
8.89387500e-08,-1.19375000e-04,2.12578125e-02,2.39125000e-02
8.89787500e-08,-1.31562500e-04,2.12453125e-02,2.38781250e-02
8.90187500e-08,-1.44375000e-04,2.12328125e-02,2.38406250e-02
8.90587500e-08,-1.57812500e-04,2.12218750e-02,2.38000000e-02
8.90987500e-08,-1.71250000e-04,2.12109375e-02,2.37531250e-02
8.91387500e-08,-1.84687500e-04,2.12015625e-02,2.37062500e-02
8.91787500e-08,-1.97187500e-04,2.11921875e-02,2.36593750e-02
8.92187500e-08,-2.08750000e-04,2.11828125e-02,2.36093750e-02
8.92587500e-08,-2.19375000e-04,2.11718750e-02,2.35625000e-02
8.92987500e-08,-2.28125000e-04,2.11625000e-02,2.35156250e-02
8.93387500e-08,-2.35625000e-04,2.11515625e-02,2.34750000e-02
8.93787500e-08,-2.40937500e-04,2.11390625e-02,2.34375000e-02
8.94187500e-08,-2.44687500e-04,2.11265625e-02,2.34062500e-02
8.94587500e-08,-2.46875000e-04,2.11140625e-02,2.33875000e-02
8.94987500e-08,-2.47500000e-04,2.11015625e-02,2.33750000e-02
8.95387500e-08,-2.46250000e-04,2.10906250e-02,2.33750000e-02
8.95787500e-08,-2.44062500e-04,2.10796875e-02,2.33875000e-02
8.96187500e-08,-2.40625000e-04,2.10703125e-02,2.34125000e-02
8.96587500e-08,-2.36562500e-04,2.10640625e-02,2.34468750e-02
8.96987500e-08,-2.31562500e-04,2.10593750e-02,2.34937500e-02
8.97387500e-08,-2.26250000e-04,2.10593750e-02,2.35500000e-02
8.97787500e-08,-2.20937500e-04,2.10625000e-02,2.36156250e-02
8.98187500e-08,-2.15625000e-04,2.10671875e-02,2.36875000e-02
8.98587500e-08,-2.10000000e-04,2.10781250e-02,2.37625000e-02
8.98987500e-08,-2.05000000e-04,2.10906250e-02,2.38375000e-02
8.99387500e-08,-2.00000000e-04,2.11062500e-02,2.39156250e-02
8.99787500e-08,-1.95312500e-04,2.11234375e-02,2.39875000e-02
9.00187500e-08,-1.90937500e-04,2.11421875e-02,2.40500000e-02
9.00587500e-08,-1.86562500e-04,2.11625000e-02,2.41062500e-02
9.00987500e-08,-1.82187500e-04,2.11812500e-02,2.41500000e-02
9.01387500e-08,-1.78125000e-04,2.11984375e-02,2.41812500e-02
9.01787500e-08,-1.73750000e-04,2.12140625e-02,2.42000000e-02
9.02187500e-08,-1.69687500e-04,2.12265625e-02,2.42031250e-02
9.02587500e-08,-1.65312500e-04,2.12359375e-02,2.41906250e-02
9.02987500e-08,-1.60937500e-04,2.12406250e-02,2.41625000e-02
9.03387500e-08,-1.56562500e-04,2.12406250e-02,2.41218750e-02
9.03787500e-08,-1.52187500e-04,2.12359375e-02,2.40718750e-02
9.04187500e-08,-1.48125000e-04,2.12281250e-02,2.40125000e-02
9.04587500e-08,-1.44687500e-04,2.12140625e-02,2.39468750e-02
9.04987500e-08,-1.41875000e-04,2.11984375e-02,2.38812500e-02
9.05387500e-08,-1.40000000e-04,2.11812500e-02,2.38125000e-02
9.05787500e-08,-1.39062500e-04,2.11609375e-02,2.37468750e-02
9.06187500e-08,-1.39687500e-04,2.11406250e-02,2.36843750e-02
9.06587500e-08,-1.41562500e-04,2.11218750e-02,2.36312500e-02
9.06987500e-08,-1.45312500e-04,2.11031250e-02,2.35875000e-02
9.07387500e-08,-1.50625000e-04,2.10890625e-02,2.35562500e-02
9.07787500e-08,-1.57500000e-04,2.10781250e-02,2.35343750e-02
9.08187500e-08,-1.66250000e-04,2.10703125e-02,2.35250000e-02
9.08587500e-08,-1.76250000e-04,2.10671875e-02,2.35281250e-02
9.08987500e-08,-1.87500000e-04,2.10687500e-02,2.35406250e-02
9.09387500e-08,-1.99687500e-04,2.10765625e-02,2.35625000e-02
9.09787500e-08,-2.12187500e-04,2.10859375e-02,2.35875000e-02
9.10187500e-08,-2.25000000e-04,2.10984375e-02,2.36218750e-02
9.10587500e-08,-2.37187500e-04,2.11140625e-02,2.36531250e-02
9.10987500e-08,-2.48750000e-04,2.11312500e-02,2.36843750e-02
9.11387500e-08,-2.59062500e-04,2.11468750e-02,2.37125000e-02
9.11787500e-08,-2.67500000e-04,2.11625000e-02,2.37375000e-02
9.12187500e-08,-2.74062500e-04,2.11750000e-02,2.37500000e-02
9.12587500e-08,-2.78125000e-04,2.11843750e-02,2.37562500e-02
9.12987500e-08,-2.79687500e-04,2.11875000e-02,2.37531250e-02
9.13387500e-08,-2.78750000e-04,2.11875000e-02,2.37406250e-02
9.13787500e-08,-2.75312500e-04,2.11812500e-02,2.37156250e-02
9.14187500e-08,-2.69687500e-04,2.11687500e-02,2.36843750e-02
9.14587500e-08,-2.61875000e-04,2.11515625e-02,2.36437500e-02
9.14987500e-08,-2.51875000e-04,2.11296875e-02,2.36000000e-02
9.15387500e-08,-2.40937500e-04,2.11031250e-02,2.35500000e-02
9.15787500e-08,-2.29062500e-04,2.10734375e-02,2.35031250e-02
9.16187500e-08,-2.16562500e-04,2.10437500e-02,2.34531250e-02
9.16587500e-08,-2.04375000e-04,2.10125000e-02,2.34093750e-02
9.16987500e-08,-1.92812500e-04,2.09828125e-02,2.33718750e-02
9.17387500e-08,-1.82187500e-04,2.09562500e-02,2.33406250e-02
9.17787500e-08,-1.73125000e-04,2.09343750e-02,2.33187500e-02
9.18187500e-08,-1.65625000e-04,2.09156250e-02,2.33093750e-02
9.18587500e-08,-1.60000000e-04,2.09046875e-02,2.33093750e-02
9.18987500e-08,-1.56875000e-04,2.08984375e-02,2.33218750e-02
9.19387500e-08,-1.55312500e-04,2.09000000e-02,2.33437500e-02
9.19787500e-08,-1.55937500e-04,2.09078125e-02,2.33750000e-02
9.20187500e-08,-1.58125000e-04,2.09218750e-02,2.34156250e-02
9.20587500e-08,-1.61562500e-04,2.09390625e-02,2.34625000e-02
9.20987500e-08,-1.66250000e-04,2.09609375e-02,2.35125000e-02
9.21387500e-08,-1.71875000e-04,2.09843750e-02,2.35625000e-02
9.21787500e-08,-1.77500000e-04,2.10093750e-02,2.36125000e-02
9.22187500e-08,-1.83437500e-04,2.10312500e-02,2.36593750e-02
9.22587500e-08,-1.88750000e-04,2.10500000e-02,2.37031250e-02
9.22987500e-08,-1.93437500e-04,2.10640625e-02,2.37375000e-02
9.23387500e-08,-1.97500000e-04,2.10703125e-02,2.37656250e-02
9.23787500e-08,-2.00312500e-04,2.10703125e-02,2.37812500e-02
9.24187500e-08,-2.01875000e-04,2.10593750e-02,2.37906250e-02
9.24587500e-08,-2.02812500e-04,2.10406250e-02,2.37906250e-02
9.24987500e-08,-2.02500000e-04,2.10109375e-02,2.37812500e-02
9.25387500e-08,-2.01562500e-04,2.09734375e-02,2.37625000e-02
9.25787500e-08,-2.00312500e-04,2.09265625e-02,2.37343750e-02
9.26187500e-08,-1.98750000e-04,2.08734375e-02,2.37031250e-02
9.26587500e-08,-1.97187500e-04,2.08156250e-02,2.36687500e-02
9.26987500e-08,-1.95937500e-04,2.07531250e-02,2.36281250e-02
9.27387500e-08,-1.95312500e-04,2.06890625e-02,2.35906250e-02
9.27787500e-08,-1.95312500e-04,2.06250000e-02,2.35500000e-02
9.28187500e-08,-1.96250000e-04,2.05656250e-02,2.35156250e-02
9.28587500e-08,-1.98437500e-04,2.05093750e-02,2.34812500e-02
9.28987500e-08,-2.01250000e-04,2.04625000e-02,2.34531250e-02
9.29387500e-08,-2.05312500e-04,2.04218750e-02,2.34312500e-02
9.29787500e-08,-2.10000000e-04,2.03921875e-02,2.34125000e-02
9.30187500e-08,-2.15312500e-04,2.03750000e-02,2.34000000e-02
9.30587500e-08,-2.20625000e-04,2.03671875e-02,2.33906250e-02
9.30987500e-08,-2.26250000e-04,2.03703125e-02,2.33906250e-02
9.31387500e-08,-2.31250000e-04,2.03843750e-02,2.33906250e-02
9.31787500e-08,-2.35937500e-04,2.04093750e-02,2.33968750e-02
9.32187500e-08,-2.39375000e-04,2.04421875e-02,2.34031250e-02
9.32587500e-08,-2.41875000e-04,2.04812500e-02,2.34125000e-02
9.32987500e-08,-2.43125000e-04,2.05250000e-02,2.34218750e-02
9.33387500e-08,-2.42812500e-04,2.05703125e-02,2.34343750e-02
9.33787500e-08,-2.40937500e-04,2.06171875e-02,2.34437500e-02
9.34187500e-08,-2.37812500e-04,2.06625000e-02,2.34531250e-02
9.34587500e-08,-2.33125000e-04,2.07046875e-02,2.34593750e-02
9.34987500e-08,-2.27500000e-04,2.07406250e-02,2.34687500e-02
9.35387500e-08,-2.21250000e-04,2.07703125e-02,2.34718750e-02
9.35787500e-08,-2.14375000e-04,2.07921875e-02,2.34781250e-02
9.36187500e-08,-2.07187500e-04,2.08062500e-02,2.34812500e-02
9.36587500e-08,-2.00312500e-04,2.08109375e-02,2.34843750e-02
9.36987500e-08,-1.93750000e-04,2.08062500e-02,2.34875000e-02
9.37387500e-08,-1.88125000e-04,2.07937500e-02,2.34906250e-02
9.37787500e-08,-1.83750000e-04,2.07750000e-02,2.34937500e-02
9.38187500e-08,-1.80312500e-04,2.07484375e-02,2.34937500e-02
9.38587500e-08,-1.78750000e-04,2.07187500e-02,2.35000000e-02
9.38987500e-08,-1.78125000e-04,2.06843750e-02,2.35031250e-02
9.39387500e-08,-1.79375000e-04,2.06484375e-02,2.35062500e-02
9.39787500e-08,-1.81875000e-04,2.06109375e-02,2.35093750e-02
9.40187500e-08,-1.85625000e-04,2.05750000e-02,2.35093750e-02
9.40587500e-08,-1.90625000e-04,2.05421875e-02,2.35125000e-02
9.40987500e-08,-1.96250000e-04,2.05109375e-02,2.35125000e-02
9.41387500e-08,-2.02500000e-04,2.04843750e-02,2.35093750e-02
9.41787500e-08,-2.09062500e-04,2.04625000e-02,2.35062500e-02
9.42187500e-08,-2.15625000e-04,2.04453125e-02,2.35000000e-02
9.42587500e-08,-2.22187500e-04,2.04328125e-02,2.34906250e-02
9.42987500e-08,-2.28125000e-04,2.04234375e-02,2.34781250e-02
9.43387500e-08,-2.33437500e-04,2.04187500e-02,2.34625000e-02
9.43787500e-08,-2.38125000e-04,2.04171875e-02,2.34437500e-02
9.44187500e-08,-2.41875000e-04,2.04171875e-02,2.34218750e-02
9.44587500e-08,-2.44687500e-04,2.04187500e-02,2.34000000e-02
9.44987500e-08,-2.46562500e-04,2.04203125e-02,2.33781250e-02
9.45387500e-08,-2.47812500e-04,2.04218750e-02,2.33531250e-02
9.45787500e-08,-2.48125000e-04,2.04234375e-02,2.33312500e-02
9.46187500e-08,-2.47812500e-04,2.04234375e-02,2.33062500e-02
9.46587500e-08,-2.46875000e-04,2.04218750e-02,2.32843750e-02
9.46987500e-08,-2.45625000e-04,2.04171875e-02,2.32625000e-02
9.47387500e-08,-2.43750000e-04,2.04125000e-02,2.32468750e-02
9.47787500e-08,-2.41875000e-04,2.04046875e-02,2.32312500e-02
9.48187500e-08,-2.39375000e-04,2.03968750e-02,2.32187500e-02
9.48587500e-08,-2.36875000e-04,2.03859375e-02,2.32093750e-02
9.48987500e-08,-2.34375000e-04,2.03765625e-02,2.32031250e-02
9.49387500e-08,-2.31875000e-04,2.03656250e-02,2.31968750e-02
9.49787500e-08,-2.29062500e-04,2.03562500e-02,2.31937500e-02
9.50187500e-08,-2.26250000e-04,2.03484375e-02,2.31937500e-02
9.50587500e-08,-2.23437500e-04,2.03421875e-02,2.31937500e-02
9.50987500e-08,-2.20937500e-04,2.03359375e-02,2.31968750e-02
9.51387500e-08,-2.18125000e-04,2.03328125e-02,2.31968750e-02
9.51787500e-08,-2.15625000e-04,2.03312500e-02,2.31968750e-02
9.52187500e-08,-2.13125000e-04,2.03328125e-02,2.31968750e-02
9.52587500e-08,-2.10937500e-04,2.03343750e-02,2.31937500e-02
9.52987500e-08,-2.09062500e-04,2.03375000e-02,2.31906250e-02
9.53387500e-08,-2.07812500e-04,2.03421875e-02,2.31843750e-02
9.53787500e-08,-2.07500000e-04,2.03468750e-02,2.31781250e-02
9.54187500e-08,-2.07500000e-04,2.03515625e-02,2.31687500e-02
9.54587500e-08,-2.08750000e-04,2.03562500e-02,2.31562500e-02
9.54987500e-08,-2.10937500e-04,2.03593750e-02,2.31437500e-02
9.55387500e-08,-2.14062500e-04,2.03609375e-02,2.31312500e-02
9.55787500e-08,-2.18437500e-04,2.03625000e-02,2.31187500e-02
9.56187500e-08,-2.23750000e-04,2.03625000e-02,2.31093750e-02
9.56587500e-08,-2.30000000e-04,2.03609375e-02,2.30968750e-02
9.56987500e-08,-2.37500000e-04,2.03578125e-02,2.30906250e-02
9.57387500e-08,-2.45625000e-04,2.03546875e-02,2.30843750e-02
9.57787500e-08,-2.54375000e-04,2.03515625e-02,2.30843750e-02
9.58187500e-08,-2.63437500e-04,2.03468750e-02,2.30843750e-02
9.58587500e-08,-2.72187500e-04,2.03437500e-02,2.30906250e-02
9.58987500e-08,-2.80937500e-04,2.03421875e-02,2.31000000e-02
9.59387500e-08,-2.89062500e-04,2.03421875e-02,2.31125000e-02
9.59787500e-08,-2.96562500e-04,2.03421875e-02,2.31281250e-02
9.60187500e-08,-3.02812500e-04,2.03453125e-02,2.31468750e-02
9.60587500e-08,-3.07812500e-04,2.03484375e-02,2.31687500e-02
9.60987500e-08,-3.11562500e-04,2.03546875e-02,2.31906250e-02
9.61387500e-08,-3.13750000e-04,2.03609375e-02,2.32156250e-02
9.61787500e-08,-3.14375000e-04,2.03671875e-02,2.32406250e-02
9.62187500e-08,-3.13750000e-04,2.03750000e-02,2.32625000e-02
9.62587500e-08,-3.11875000e-04,2.03796875e-02,2.32812500e-02
9.62987500e-08,-3.08750000e-04,2.03843750e-02,2.33000000e-02
9.63387500e-08,-3.04687500e-04,2.03859375e-02,2.33125000e-02
9.63787500e-08,-3.00000000e-04,2.03843750e-02,2.33187500e-02
9.64187500e-08,-2.95312500e-04,2.03796875e-02,2.33187500e-02
9.64587500e-08,-2.90312500e-04,2.03687500e-02,2.33125000e-02
9.64987500e-08,-2.85937500e-04,2.03546875e-02,2.32968750e-02
9.65387500e-08,-2.81875000e-04,2.03343750e-02,2.32750000e-02
9.65787500e-08,-2.78750000e-04,2.03093750e-02,2.32468750e-02
9.66187500e-08,-2.76250000e-04,2.02781250e-02,2.32093750e-02
9.66587500e-08,-2.75000000e-04,2.02437500e-02,2.31656250e-02
9.66987500e-08,-2.74687500e-04,2.02062500e-02,2.31125000e-02
9.67387500e-08,-2.75312500e-04,2.01656250e-02,2.30531250e-02
9.67787500e-08,-2.76562500e-04,2.01234375e-02,2.29875000e-02
9.68187500e-08,-2.78750000e-04,2.00812500e-02,2.29187500e-02
9.68587500e-08,-2.80937500e-04,2.00406250e-02,2.28468750e-02
9.68987500e-08,-2.83125000e-04,2.00015625e-02,2.27750000e-02
9.69387500e-08,-2.85000000e-04,1.99656250e-02,2.27000000e-02
9.69787500e-08,-2.86250000e-04,1.99359375e-02,2.26281250e-02
9.70187500e-08,-2.86562500e-04,1.99109375e-02,2.25593750e-02
9.70587500e-08,-2.85625000e-04,1.98906250e-02,2.24968750e-02
9.70987500e-08,-2.83437500e-04,1.98781250e-02,2.24375000e-02
9.71387500e-08,-2.79687500e-04,1.98718750e-02,2.23875000e-02
9.71787500e-08,-2.74375000e-04,1.98734375e-02,2.23468750e-02
9.72187500e-08,-2.67500000e-04,1.98796875e-02,2.23156250e-02
9.72587500e-08,-2.59062500e-04,1.98921875e-02,2.22937500e-02
9.72987500e-08,-2.49687500e-04,1.99078125e-02,2.22843750e-02
9.73387500e-08,-2.39687500e-04,1.99281250e-02,2.22875000e-02
9.73787500e-08,-2.28750000e-04,1.99500000e-02,2.23000000e-02
9.74187500e-08,-2.18125000e-04,1.99718750e-02,2.23218750e-02
9.74587500e-08,-2.07500000e-04,1.99937500e-02,2.23531250e-02
9.74987500e-08,-1.97812500e-04,2.00125000e-02,2.23937500e-02
9.75387500e-08,-1.89375000e-04,2.00281250e-02,2.24437500e-02
9.75787500e-08,-1.82187500e-04,2.00406250e-02,2.24968750e-02
9.76187500e-08,-1.77187500e-04,2.00484375e-02,2.25562500e-02
9.76587500e-08,-1.74375000e-04,2.00500000e-02,2.26156250e-02
9.76987500e-08,-1.73750000e-04,2.00453125e-02,2.26718750e-02
9.77387500e-08,-1.75312500e-04,2.00343750e-02,2.27312500e-02
9.77787500e-08,-1.79375000e-04,2.00187500e-02,2.27812500e-02
9.78187500e-08,-1.85625000e-04,1.99984375e-02,2.28281250e-02
9.78587500e-08,-1.93437500e-04,1.99750000e-02,2.28687500e-02
9.78987500e-08,-2.03125000e-04,1.99468750e-02,2.29000000e-02
9.79387500e-08,-2.13750000e-04,1.99171875e-02,2.29187500e-02
9.79787500e-08,-2.25312500e-04,1.98859375e-02,2.29312500e-02
9.80187500e-08,-2.37187500e-04,1.98546875e-02,2.29312500e-02
9.80587500e-08,-2.48750000e-04,1.98250000e-02,2.29218750e-02
9.80987500e-08,-2.59687500e-04,1.97984375e-02,2.29000000e-02
9.81387500e-08,-2.69687500e-04,1.97734375e-02,2.28750000e-02
9.81787500e-08,-2.78437500e-04,1.97531250e-02,2.28375000e-02
9.82187500e-08,-2.85312500e-04,1.97375000e-02,2.28000000e-02
9.82587500e-08,-2.90312500e-04,1.97265625e-02,2.27562500e-02
9.82987500e-08,-2.93437500e-04,1.97203125e-02,2.27125000e-02
9.83387500e-08,-2.94375000e-04,1.97171875e-02,2.26687500e-02
9.83787500e-08,-2.93750000e-04,1.97187500e-02,2.26281250e-02
9.84187500e-08,-2.91250000e-04,1.97250000e-02,2.25906250e-02
9.84587500e-08,-2.87187500e-04,1.97328125e-02,2.25625000e-02
9.84987500e-08,-2.82187500e-04,1.97437500e-02,2.25406250e-02
9.85387500e-08,-2.76250000e-04,1.97562500e-02,2.25281250e-02
9.85787500e-08,-2.70000000e-04,1.97687500e-02,2.25250000e-02
9.86187500e-08,-2.63437500e-04,1.97796875e-02,2.25312500e-02
9.86587500e-08,-2.57500000e-04,1.97906250e-02,2.25468750e-02
9.86987500e-08,-2.52187500e-04,1.98000000e-02,2.25718750e-02
9.87387500e-08,-2.47500000e-04,1.98078125e-02,2.26062500e-02
9.87787500e-08,-2.44375000e-04,1.98109375e-02,2.26437500e-02
9.88187500e-08,-2.42187500e-04,1.98125000e-02,2.26875000e-02
9.88587500e-08,-2.41562500e-04,1.98109375e-02,2.27343750e-02
9.88987500e-08,-2.42187500e-04,1.98062500e-02,2.27843750e-02
9.89387500e-08,-2.44375000e-04,1.98000000e-02,2.28312500e-02
9.89787500e-08,-2.47500000e-04,1.97906250e-02,2.28718750e-02
9.90187500e-08,-2.51562500e-04,1.97796875e-02,2.29093750e-02
9.90587500e-08,-2.56250000e-04,1.97656250e-02,2.29406250e-02
9.90987500e-08,-2.60937500e-04,1.97531250e-02,2.29625000e-02
9.91387500e-08,-2.65937500e-04,1.97390625e-02,2.29750000e-02
9.91787500e-08,-2.70625000e-04,1.97234375e-02,2.29750000e-02
9.92187500e-08,-2.74687500e-04,1.97109375e-02,2.29687500e-02
9.92587500e-08,-2.77500000e-04,1.96984375e-02,2.29500000e-02
9.92987500e-08,-2.79375000e-04,1.96859375e-02,2.29218750e-02
9.93387500e-08,-2.79687500e-04,1.96765625e-02,2.28875000e-02
9.93787500e-08,-2.78125000e-04,1.96671875e-02,2.28468750e-02
9.94187500e-08,-2.75000000e-04,1.96609375e-02,2.28000000e-02
9.94587500e-08,-2.70000000e-04,1.96546875e-02,2.27468750e-02
9.94987500e-08,-2.63125000e-04,1.96515625e-02,2.26968750e-02
9.95387500e-08,-2.55000000e-04,1.96484375e-02,2.26437500e-02
9.95787500e-08,-2.45312500e-04,1.96453125e-02,2.25937500e-02
9.96187500e-08,-2.34375000e-04,1.96437500e-02,2.25468750e-02
9.96587500e-08,-2.22500000e-04,1.96437500e-02,2.25062500e-02
9.96987500e-08,-2.10000000e-04,1.96421875e-02,2.24687500e-02
9.97387500e-08,-1.97500000e-04,1.96406250e-02,2.24406250e-02
9.97787500e-08,-1.85312500e-04,1.96375000e-02,2.24156250e-02
9.98187500e-08,-1.73437500e-04,1.96343750e-02,2.23968750e-02
9.98587500e-08,-1.62812500e-04,1.96296875e-02,2.23843750e-02
9.98987500e-08,-1.53437500e-04,1.96234375e-02,2.23781250e-02
9.99387500e-08,-1.45937500e-04,1.96171875e-02,2.23750000e-02
9.99787500e-08,-1.40625000e-04,1.96093750e-02,2.23750000e-02
1.00018750e-07,-1.37500000e-04,1.96000000e-02,2.23750000e-02
1.00058750e-07,-1.36875000e-04,1.95890625e-02,2.23781250e-02
1.00098750e-07,-1.38750000e-04,1.95796875e-02,2.23812500e-02
1.00138750e-07,-1.43437500e-04,1.95687500e-02,2.23812500e-02
1.00178750e-07,-1.50937500e-04,1.95578125e-02,2.23812500e-02
1.00218750e-07,-1.60937500e-04,1.95468750e-02,2.23781250e-02
1.00258750e-07,-1.73437500e-04,1.95390625e-02,2.23750000e-02
1.00298750e-07,-1.88125000e-04,1.95312500e-02,2.23687500e-02
1.00338750e-07,-2.04687500e-04,1.95250000e-02,2.23625000e-02
1.00378750e-07,-2.22500000e-04,1.95218750e-02,2.23531250e-02
1.00418750e-07,-2.41562500e-04,1.95218750e-02,2.23468750e-02
1.00458750e-07,-2.61250000e-04,1.95234375e-02,2.23406250e-02
1.00498750e-07,-2.80937500e-04,1.95296875e-02,2.23343750e-02
1.00538750e-07,-3.00312500e-04,1.95390625e-02,2.23343750e-02
1.00578750e-07,-3.18750000e-04,1.95531250e-02,2.23343750e-02
1.00618750e-07,-3.35625000e-04,1.95687500e-02,2.23406250e-02
1.00658750e-07,-3.50625000e-04,1.95890625e-02,2.23500000e-02
1.00698750e-07,-3.63125000e-04,1.96109375e-02,2.23656250e-02
1.00738750e-07,-3.73437500e-04,1.96375000e-02,2.23812500e-02
1.00778750e-07,-3.80312500e-04,1.96640625e-02,2.24031250e-02
1.00818750e-07,-3.84375000e-04,1.96937500e-02,2.24250000e-02
1.00858750e-07,-3.85312500e-04,1.97234375e-02,2.24468750e-02
1.00898750e-07,-3.83125000e-04,1.97515625e-02,2.24687500e-02
1.00938750e-07,-3.77812500e-04,1.97796875e-02,2.24875000e-02
1.00978750e-07,-3.70000000e-04,1.98062500e-02,2.25000000e-02
1.01018750e-07,-3.59375000e-04,1.98296875e-02,2.25062500e-02
1.01058750e-07,-3.46875000e-04,1.98484375e-02,2.25062500e-02
1.01098750e-07,-3.32812500e-04,1.98640625e-02,2.25000000e-02
1.01138750e-07,-3.17500000e-04,1.98750000e-02,2.24812500e-02
1.01178750e-07,-3.01562500e-04,1.98781250e-02,2.24531250e-02
1.01218750e-07,-2.85937500e-04,1.98781250e-02,2.24156250e-02
1.01258750e-07,-2.70625000e-04,1.98703125e-02,2.23656250e-02
1.01298750e-07,-2.56562500e-04,1.98562500e-02,2.23093750e-02
1.01338750e-07,-2.44062500e-04,1.98375000e-02,2.22468750e-02
1.01378750e-07,-2.33437500e-04,1.98125000e-02,2.21781250e-02
1.01418750e-07,-2.25000000e-04,1.97828125e-02,2.21062500e-02
1.01458750e-07,-2.19062500e-04,1.97484375e-02,2.20312500e-02
1.01498750e-07,-2.15625000e-04,1.97125000e-02,2.19593750e-02
1.01538750e-07,-2.15000000e-04,1.96734375e-02,2.18906250e-02
1.01578750e-07,-2.16562500e-04,1.96343750e-02,2.18250000e-02
1.01618750e-07,-2.20312500e-04,1.95953125e-02,2.17656250e-02
1.01658750e-07,-2.26250000e-04,1.95578125e-02,2.17156250e-02
1.01698750e-07,-2.33437500e-04,1.95218750e-02,2.16750000e-02
1.01738750e-07,-2.41875000e-04,1.94906250e-02,2.16406250e-02
1.01778750e-07,-2.50937500e-04,1.94640625e-02,2.16187500e-02
1.01818750e-07,-2.60312500e-04,1.94406250e-02,2.16031250e-02
1.01858750e-07,-2.69375000e-04,1.94250000e-02,2.15968750e-02
1.01898750e-07,-2.77812500e-04,1.94125000e-02,2.15968750e-02
1.01938750e-07,-2.85000000e-04,1.94078125e-02,2.16000000e-02
1.01978750e-07,-2.90937500e-04,1.94062500e-02,2.16062500e-02
