Model,MSO64
Channel,CH1,,Channel,CH2,,Channel,CH3
Label,,,Label,,,Label,
Waveform Type,ANALOG,,Waveform Type,ANALOG,,Waveform Type,ANALOG
Digital Type,None,,Digital Type,None,,Digital Type,None
Horizontal Units,s,,Horizontal Units,s,,Horizontal Units,s
Sample Interval,4.00000000e-11,,Sample Interval,4.00000000e-11,,Sample Interval,4.00000000e-11
Record Length,5000,,Record Length,5000,,Record Length,5000
Zero Index,2449.53125000,,Zero Index,2449.53125000,,Zero Index,2449.53125000
Vertical Units,V,,Vertical Units,V,,Vertical Units,V
,,,,,,,
ANALOG_Thumbnail,,,ANALOG_Thumbnail,,,ANALOG_Thumbnail,
yOffset,0.000000,,yOffset,0.000000,,yOffset,0.000000
yPosition,-1.800000,,yPosition,-2.140000,,yPosition,0.000000

Labels,,,
TIME,CH1,CH2,CH3
-9.79812500e-08,2.86562500e-04,3.58281250e-03,3.19687500e-03
-9.79412500e-08,2.75156250e-04,3.55781250e-03,3.20000000e-03
-9.79012500e-08,2.64843750e-04,3.53281250e-03,3.20000000e-03
-9.78612500e-08,2.56406250e-04,3.50468750e-03,3.20312500e-03
-9.78212500e-08,2.50312500e-04,3.47812500e-03,3.20312500e-03
-9.77812500e-08,2.47031250e-04,3.45156250e-03,3.20625000e-03
-9.77412500e-08,2.46875000e-04,3.42812500e-03,3.20625000e-03
-9.77012500e-08,2.50000000e-04,3.40781250e-03,3.20312500e-03
-9.76612500e-08,2.56562500e-04,3.39218750e-03,3.20000000e-03
-9.76212500e-08,2.66093750e-04,3.37968750e-03,3.19375000e-03
-9.75812500e-08,2.78750000e-04,3.37500000e-03,3.18750000e-03
-9.75412500e-08,2.93750000e-04,3.37343750e-03,3.17812500e-03
-9.75012500e-08,3.10625000e-04,3.37968750e-03,3.16562500e-03
-9.74612500e-08,3.28750000e-04,3.38906250e-03,3.15625000e-03
-9.74212500e-08,3.47656250e-04,3.40468750e-03,3.14375000e-03
-9.73812500e-08,3.66406250e-04,3.42187500e-03,3.13125000e-03
-9.73412500e-08,3.84531250e-04,3.44375000e-03,3.11875000e-03
-9.73012500e-08,4.01250000e-04,3.46718750e-03,3.10937500e-03
-9.72612500e-08,4.16250000e-04,3.49062500e-03,3.10312500e-03
-9.72212500e-08,4.28906250e-04,3.51406250e-03,3.10000000e-03
-9.71812500e-08,4.39062500e-04,3.53593750e-03,3.10000000e-03
-9.71412500e-08,4.46562500e-04,3.55625000e-03,3.10312500e-03
-9.71012500e-08,4.51093750e-04,3.57187500e-03,3.10937500e-03
-9.70612500e-08,4.52812500e-04,3.58437500e-03,3.12187500e-03
-9.70212500e-08,4.52031250e-04,3.59218750e-03,3.13750000e-03
-9.69812500e-08,4.49062500e-04,3.59375000e-03,3.15625000e-03
-9.69412500e-08,4.44062500e-04,3.59218750e-03,3.18125000e-03
-9.69012500e-08,4.37656250e-04,3.58593750e-03,3.20625000e-03
-9.68612500e-08,4.30312500e-04,3.57500000e-03,3.23125000e-03
-9.68212500e-08,4.22343750e-04,3.56093750e-03,3.25937500e-03
-9.67812500e-08,4.14218750e-04,3.54375000e-03,3.28437500e-03
-9.67412500e-08,4.06562500e-04,3.52500000e-03,3.30937500e-03
-9.67012500e-08,3.99531250e-04,3.50468750e-03,3.33125000e-03
-9.66612500e-08,3.93593750e-04,3.48437500e-03,3.35000000e-03
-9.66212500e-08,3.88750000e-04,3.46562500e-03,3.36562500e-03
-9.65812500e-08,3.85312500e-04,3.44687500e-03,3.37500000e-03
-9.65412500e-08,3.83125000e-04,3.43125000e-03,3.38125000e-03
-9.65012500e-08,3.82031250e-04,3.41718750e-03,3.38125000e-03
-9.64612500e-08,3.82187500e-04,3.40781250e-03,3.37500000e-03
-9.64212500e-08,3.83125000e-04,3.40156250e-03,3.36562500e-03
-9.63812500e-08,3.84531250e-04,3.39843750e-03,3.35312500e-03
-9.63412500e-08,3.86250000e-04,3.39843750e-03,3.33750000e-03
-9.63012500e-08,3.87812500e-04,3.40156250e-03,3.31875000e-03
-9.62612500e-08,3.89062500e-04,3.40781250e-03,3.30000000e-03
-9.62212500e-08,3.89531250e-04,3.41718750e-03,3.27812500e-03
-9.61812500e-08,3.88906250e-04,3.42812500e-03,3.25625000e-03
-9.61412500e-08,3.87031250e-04,3.43906250e-03,3.23750000e-03
-9.61012500e-08,3.83906250e-04,3.45312500e-03,3.21562500e-03
-9.60612500e-08,3.79375000e-04,3.46718750e-03,3.19687500e-03
-9.60212500e-08,3.73437500e-04,3.48125000e-03,3.18125000e-03
-9.59812500e-08,3.66093750e-04,3.49531250e-03,3.16562500e-03
-9.59412500e-08,3.57656250e-04,3.50781250e-03,3.15000000e-03
-9.59012500e-08,3.48281250e-04,3.52187500e-03,3.13750000e-03
-9.58612500e-08,3.38281250e-04,3.53437500e-03,3.12500000e-03
-9.58212500e-08,3.27968750e-04,3.54687500e-03,3.11250000e-03
-9.57812500e-08,3.17656250e-04,3.55781250e-03,3.10000000e-03
-9.57412500e-08,3.07812500e-04,3.57031250e-03,3.08750000e-03
-9.57012500e-08,2.98750000e-04,3.58125000e-03,3.07187500e-03
-9.56612500e-08,2.90625000e-04,3.59062500e-03,3.05937500e-03
-9.56212500e-08,2.84062500e-04,3.60156250e-03,3.04375000e-03
-9.55812500e-08,2.79062500e-04,3.61093750e-03,3.02812500e-03
-9.55412500e-08,2.75781250e-04,3.62031250e-03,3.01250000e-03
-9.55012500e-08,2.74375000e-04,3.62968750e-03,2.99687500e-03
-9.54612500e-08,2.74843750e-04,3.63750000e-03,2.98125000e-03
-9.54212500e-08,2.77031250e-04,3.64218750e-03,2.97187500e-03
-9.53812500e-08,2.80937500e-04,3.64687500e-03,2.96562500e-03
-9.53412500e-08,2.86406250e-04,3.64843750e-03,2.96250000e-03
-9.53012500e-08,2.92968750e-04,3.64843750e-03,2.96562500e-03
-9.52612500e-08,3.00312500e-04,3.64375000e-03,2.97500000e-03
-9.52212500e-08,3.08281250e-04,3.63750000e-03,2.99375000e-03
-9.51812500e-08,3.16406250e-04,3.62656250e-03,3.01875000e-03
-9.51412500e-08,3.24218750e-04,3.61093750e-03,3.05312500e-03
-9.51012500e-08,3.31562500e-04,3.59375000e-03,3.09375000e-03
-9.50612500e-08,3.37968750e-04,3.57187500e-03,3.14375000e-03
-9.50212500e-08,3.43437500e-04,3.54843750e-03,3.20000000e-03
-9.49812500e-08,3.47500000e-04,3.52187500e-03,3.26250000e-03
-9.49412500e-08,3.50156250e-04,3.49375000e-03,3.32500000e-03
-9.49012500e-08,3.51406250e-04,3.46562500e-03,3.39375000e-03
-9.48612500e-08,3.51250000e-04,3.43750000e-03,3.45937500e-03
-9.48212500e-08,3.49843750e-04,3.41093750e-03,3.52187500e-03
-9.47812500e-08,3.47500000e-04,3.38750000e-03,3.58125000e-03
-9.47412500e-08,3.44218750e-04,3.36718750e-03,3.63125000e-03
-9.47012500e-08,3.40468750e-04,3.35000000e-03,3.67187500e-03
-9.46612500e-08,3.36562500e-04,3.33906250e-03,3.70312500e-03
-9.46212500e-08,3.32968750e-04,3.33281250e-03,3.72187500e-03
-9.45812500e-08,3.29843750e-04,3.33281250e-03,3.72812500e-03
-9.45412500e-08,3.27656250e-04,3.33906250e-03,3.71875000e-03
-9.45012500e-08,3.26718750e-04,3.35000000e-03,3.69687500e-03
-9.44612500e-08,3.27187500e-04,3.36718750e-03,3.66250000e-03
-9.44212500e-08,3.29375000e-04,3.38906250e-03,3.61250000e-03
-9.43812500e-08,3.33281250e-04,3.41406250e-03,3.55625000e-03
-9.43412500e-08,3.39062500e-04,3.44218750e-03,3.49062500e-03
-9.43012500e-08,3.46250000e-04,3.47031250e-03,3.41875000e-03
-9.42612500e-08,3.55156250e-04,3.50000000e-03,3.34375000e-03
-9.42212500e-08,3.65156250e-04,3.52656250e-03,3.26875000e-03
-9.41812500e-08,3.76093750e-04,3.55156250e-03,3.19375000e-03
-9.41412500e-08,3.87500000e-04,3.57187500e-03,3.12500000e-03
-9.41012500e-08,3.99062500e-04,3.58593750e-03,3.05937500e-03
-9.40612500e-08,4.10156250e-04,3.59531250e-03,3.00625000e-03
-9.40212500e-08,4.20625000e-04,3.59843750e-03,2.95937500e-03
-9.39812500e-08,4.29687500e-04,3.59531250e-03,2.92500000e-03
-9.39412500e-08,4.37187500e-04,3.58437500e-03,2.90312500e-03
-9.39012500e-08,4.42812500e-04,3.56718750e-03,2.89062500e-03
-9.38612500e-08,4.46250000e-04,3.54375000e-03,2.88750000e-03
-9.38212500e-08,4.47500000e-04,3.51562500e-03,2.89687500e-03
-9.37812500e-08,4.46250000e-04,3.48437500e-03,2.91250000e-03
-9.37412500e-08,4.42656250e-04,3.45000000e-03,2.93437500e-03
-9.37012500e-08,4.37031250e-04,3.41406250e-03,2.96250000e-03
-9.36612500e-08,4.29375000e-04,3.37812500e-03,2.99062500e-03
-9.36212500e-08,4.20156250e-04,3.34375000e-03,3.02187500e-03
-9.35812500e-08,4.09687500e-04,3.31093750e-03,3.05312500e-03
-9.35412500e-08,3.98281250e-04,3.28281250e-03,3.07812500e-03
-9.35012500e-08,3.86718750e-04,3.25781250e-03,3.10000000e-03
-9.34612500e-08,3.75156250e-04,3.23750000e-03,3.11562500e-03
-9.34212500e-08,3.64218750e-04,3.22343750e-03,3.12812500e-03
-9.33812500e-08,3.54062500e-04,3.21406250e-03,3.13437500e-03
-9.33412500e-08,3.45312500e-04,3.20937500e-03,3.13437500e-03
-9.33012500e-08,3.38125000e-04,3.20937500e-03,3.12812500e-03
-9.32612500e-08,3.32500000e-04,3.21406250e-03,3.11875000e-03
-9.32212500e-08,3.28906250e-04,3.22187500e-03,3.10937500e-03
-9.31812500e-08,3.27031250e-04,3.23281250e-03,3.09687500e-03
-9.31412500e-08,3.27031250e-04,3.24687500e-03,3.08437500e-03
-9.31012500e-08,3.28593750e-04,3.26093750e-03,3.07500000e-03
-9.30612500e-08,3.31562500e-04,3.27500000e-03,3.07187500e-03
-9.30212500e-08,3.35781250e-04,3.29062500e-03,3.07187500e-03
-9.29812500e-08,3.40781250e-04,3.30468750e-03,3.07812500e-03
-9.29412500e-08,3.46250000e-04,3.31875000e-03,3.09062500e-03
-9.29012500e-08,3.51875000e-04,3.33125000e-03,3.11250000e-03
-9.28612500e-08,3.57500000e-04,3.34218750e-03,3.14062500e-03
-9.28212500e-08,3.62656250e-04,3.35312500e-03,3.17500000e-03
-9.27812500e-08,3.67343750e-04,3.36406250e-03,3.21562500e-03
-9.27412500e-08,3.71250000e-04,3.37500000e-03,3.25937500e-03
-9.27012500e-08,3.74218750e-04,3.38593750e-03,3.30937500e-03
-9.26612500e-08,3.76250000e-04,3.39843750e-03,3.35937500e-03
-9.26212500e-08,3.77500000e-04,3.41250000e-03,3.40625000e-03
-9.25812500e-08,3.77968750e-04,3.42812500e-03,3.45312500e-03
-9.25412500e-08,3.77656250e-04,3.44531250e-03,3.49375000e-03
-9.25012500e-08,3.76875000e-04,3.46562500e-03,3.53125000e-03
-9.24612500e-08,3.75937500e-04,3.48593750e-03,3.55937500e-03
-9.24212500e-08,3.74687500e-04,3.50937500e-03,3.57812500e-03
-9.23812500e-08,3.73593750e-04,3.53437500e-03,3.58750000e-03
-9.23412500e-08,3.72500000e-04,3.55937500e-03,3.58750000e-03
-9.23012500e-08,3.71875000e-04,3.58281250e-03,3.57812500e-03
-9.22612500e-08,3.71562500e-04,3.60625000e-03,3.55937500e-03
-9.22212500e-08,3.71718750e-04,3.62656250e-03,3.53125000e-03
-9.21812500e-08,3.72343750e-04,3.64375000e-03,3.49687500e-03
-9.21412500e-08,3.73281250e-04,3.65781250e-03,3.45312500e-03
-9.21012500e-08,3.74531250e-04,3.66718750e-03,3.40937500e-03
-9.20612500e-08,3.75781250e-04,3.67031250e-03,3.36250000e-03
-9.20212500e-08,3.76875000e-04,3.66875000e-03,3.31250000e-03
-9.19812500e-08,3.77812500e-04,3.66093750e-03,3.26562500e-03
-9.19412500e-08,3.78281250e-04,3.64843750e-03,3.22187500e-03
-9.19012500e-08,3.78125000e-04,3.63125000e-03,3.18437500e-03
-9.18612500e-08,3.77187500e-04,3.60937500e-03,3.15000000e-03
-9.18212500e-08,3.75312500e-04,3.58437500e-03,3.12500000e-03
-9.17812500e-08,3.72656250e-04,3.55781250e-03,3.10625000e-03
-9.17412500e-08,3.68906250e-04,3.52968750e-03,3.09687500e-03
-9.17012500e-08,3.64218750e-04,3.50312500e-03,3.09375000e-03
-9.16612500e-08,3.58593750e-04,3.47812500e-03,3.10000000e-03
-9.16212500e-08,3.52343750e-04,3.45625000e-03,3.11250000e-03
-9.15812500e-08,3.45625000e-04,3.43906250e-03,3.13125000e-03
-9.15412500e-08,3.38593750e-04,3.42656250e-03,3.15625000e-03
-9.15012500e-08,3.31562500e-04,3.42031250e-03,3.18437500e-03
-9.14612500e-08,3.24531250e-04,3.41875000e-03,3.21562500e-03
-9.14212500e-08,3.18125000e-04,3.42500000e-03,3.24687500e-03
-9.13812500e-08,3.12500000e-04,3.43750000e-03,3.28125000e-03
-9.13412500e-08,3.07656250e-04,3.45312500e-03,3.30937500e-03
-9.13012500e-08,3.04062500e-04,3.47500000e-03,3.33750000e-03
-9.12612500e-08,3.01562500e-04,3.50000000e-03,3.36250000e-03
-9.12212500e-08,3.00625000e-04,3.52656250e-03,3.38125000e-03
-9.11812500e-08,3.01093750e-04,3.55312500e-03,3.39687500e-03
-9.11412500e-08,3.02968750e-04,3.57968750e-03,3.40312500e-03
-9.11012500e-08,3.06093750e-04,3.60312500e-03,3.40625000e-03
-9.10612500e-08,3.10625000e-04,3.62343750e-03,3.40000000e-03
-9.10212500e-08,3.16093750e-04,3.63906250e-03,3.39062500e-03
-9.09812500e-08,3.22500000e-04,3.64843750e-03,3.37187500e-03
-9.09412500e-08,3.29531250e-04,3.65156250e-03,3.35000000e-03
-9.09012500e-08,3.37031250e-04,3.64843750e-03,3.32500000e-03
-9.08612500e-08,3.44531250e-04,3.63750000e-03,3.29375000e-03
-9.08212500e-08,3.52187500e-04,3.62187500e-03,3.26250000e-03
-9.07812500e-08,3.59375000e-04,3.60000000e-03,3.22812500e-03
-9.07412500e-08,3.66093750e-04,3.57343750e-03,3.19687500e-03
-9.07012500e-08,3.71875000e-04,3.54218750e-03,3.16250000e-03
-9.06612500e-08,3.76875000e-04,3.50937500e-03,3.13125000e-03
-9.06212500e-08,3.80937500e-04,3.47500000e-03,3.10625000e-03
-9.05812500e-08,3.83750000e-04,3.44218750e-03,3.08437500e-03
-9.05412500e-08,3.85468750e-04,3.40937500e-03,3.06562500e-03
-9.05012500e-08,3.85937500e-04,3.38125000e-03,3.05625000e-03
-9.04612500e-08,3.85312500e-04,3.35625000e-03,3.05312500e-03
-9.04212500e-08,3.83593750e-04,3.33437500e-03,3.05937500e-03
-9.03812500e-08,3.81093750e-04,3.32031250e-03,3.07187500e-03
-9.03412500e-08,3.77812500e-04,3.31093750e-03,3.09375000e-03
-9.03012500e-08,3.74062500e-04,3.30781250e-03,3.12500000e-03
-9.02612500e-08,3.70000000e-04,3.30937500e-03,3.16250000e-03
-9.02212500e-08,3.65781250e-04,3.31562500e-03,3.20937500e-03
-9.01812500e-08,3.61875000e-04,3.32656250e-03,3.25937500e-03
-9.01412500e-08,3.58437500e-04,3.34062500e-03,3.31875000e-03
-9.01012500e-08,3.55937500e-04,3.35781250e-03,3.37812500e-03
-9.00612500e-08,3.54218750e-04,3.37656250e-03,3.44375000e-03
-9.00212500e-08,3.53906250e-04,3.39531250e-03,3.50937500e-03
-8.99812500e-08,3.55156250e-04,3.41250000e-03,3.57500000e-03
-8.99412500e-08,3.57968750e-04,3.42968750e-03,3.63750000e-03
-8.99012500e-08,3.62656250e-04,3.44531250e-03,3.69687500e-03
-8.98612500e-08,3.69062500e-04,3.45781250e-03,3.75000000e-03
-8.98212500e-08,3.77500000e-04,3.46718750e-03,3.79687500e-03
-8.97812500e-08,3.87812500e-04,3.47500000e-03,3.83437500e-03
-8.97412500e-08,3.99687500e-04,3.48125000e-03,3.86562500e-03
-8.97012500e-08,4.13125000e-04,3.48437500e-03,3.88437500e-03
-8.96612500e-08,4.27812500e-04,3.48750000e-03,3.89687500e-03
-8.96212500e-08,4.43437500e-04,3.48750000e-03,3.89687500e-03
-8.95812500e-08,4.59531250e-04,3.48906250e-03,3.88750000e-03
-8.95412500e-08,4.75625000e-04,3.49218750e-03,3.87187500e-03
-8.95012500e-08,4.91562500e-04,3.49531250e-03,3.85000000e-03
-8.94612500e-08,5.06562500e-04,3.50000000e-03,3.81875000e-03
-8.94212500e-08,5.20468750e-04,3.50781250e-03,3.78750000e-03
-8.93812500e-08,5.32656250e-04,3.51875000e-03,3.75000000e-03
-8.93412500e-08,5.42812500e-04,3.53125000e-03,3.71250000e-03
-8.93012500e-08,5.50781250e-04,3.54687500e-03,3.67812500e-03
-8.92612500e-08,5.56093750e-04,3.56406250e-03,3.64375000e-03
-8.92212500e-08,5.58750000e-04,3.58281250e-03,3.61250000e-03
-8.91812500e-08,5.58750000e-04,3.60312500e-03,3.58750000e-03
-8.91412500e-08,5.56250000e-04,3.62187500e-03,3.56562500e-03
-8.91012500e-08,5.51093750e-04,3.63906250e-03,3.55312500e-03
-8.90612500e-08,5.44062500e-04,3.65468750e-03,3.54375000e-03
-8.90212500e-08,5.35000000e-04,3.66718750e-03,3.54375000e-03
-8.89812500e-08,5.24687500e-04,3.67500000e-03,3.54687500e-03
-8.89412500e-08,5.13593750e-04,3.67812500e-03,3.55312500e-03
-8.89012500e-08,5.01875000e-04,3.67500000e-03,3.56250000e-03
-8.88612500e-08,4.90468750e-04,3.66718750e-03,3.57500000e-03
-8.88212500e-08,4.79531250e-04,3.65156250e-03,3.58750000e-03
-8.87812500e-08,4.69531250e-04,3.63125000e-03,3.59687500e-03
-8.87412500e-08,4.60781250e-04,3.60312500e-03,3.60312500e-03
-8.87012500e-08,4.53750000e-04,3.57187500e-03,3.60625000e-03
-8.86612500e-08,4.48281250e-04,3.53437500e-03,3.60312500e-03
-8.86212500e-08,4.44687500e-04,3.49531250e-03,3.59375000e-03
-8.85812500e-08,4.42812500e-04,3.45312500e-03,3.57500000e-03
-8.85412500e-08,4.42500000e-04,3.40937500e-03,3.55000000e-03
-8.85012500e-08,4.43437500e-04,3.36718750e-03,3.51562500e-03
-8.84612500e-08,4.45156250e-04,3.32656250e-03,3.47812500e-03
-8.84212500e-08,4.47343750e-04,3.28906250e-03,3.43125000e-03
-8.83812500e-08,4.49687500e-04,3.25468750e-03,3.38437500e-03
-8.83412500e-08,4.51562500e-04,3.22656250e-03,3.33125000e-03
-8.83012500e-08,4.52656250e-04,3.20312500e-03,3.27812500e-03
-8.82612500e-08,4.52500000e-04,3.18437500e-03,3.22812500e-03
-8.82212500e-08,4.50781250e-04,3.17343750e-03,3.17812500e-03
-8.81812500e-08,4.47343750e-04,3.16718750e-03,3.13750000e-03
-8.81412500e-08,4.42031250e-04,3.16562500e-03,3.10000000e-03
-8.81012500e-08,4.34843750e-04,3.17031250e-03,3.07500000e-03
-8.80612500e-08,4.25937500e-04,3.17812500e-03,3.05625000e-03
-8.80212500e-08,4.15625000e-04,3.19062500e-03,3.05000000e-03
-8.79812500e-08,4.04062500e-04,3.20312500e-03,3.05625000e-03
-8.79412500e-08,3.91718750e-04,3.21718750e-03,3.07187500e-03
-8.79012500e-08,3.79062500e-04,3.23125000e-03,3.09687500e-03
-8.78612500e-08,3.66562500e-04,3.24531250e-03,3.13125000e-03
-8.78212500e-08,3.55000000e-04,3.25625000e-03,3.17500000e-03
-8.77812500e-08,3.44375000e-04,3.26562500e-03,3.22187500e-03
-8.77412500e-08,3.35625000e-04,3.27343750e-03,3.27500000e-03
-8.77012500e-08,3.28593750e-04,3.27656250e-03,3.32812500e-03
-8.76612500e-08,3.23906250e-04,3.27656250e-03,3.38437500e-03
-8.76212500e-08,3.21562500e-04,3.27500000e-03,3.43437500e-03
-8.75812500e-08,3.21562500e-04,3.27187500e-03,3.48125000e-03
-8.75412500e-08,3.23750000e-04,3.26562500e-03,3.51875000e-03
-8.75012500e-08,3.27968750e-04,3.26093750e-03,3.55312500e-03
-8.74612500e-08,3.33906250e-04,3.25468750e-03,3.57500000e-03
-8.74212500e-08,3.41093750e-04,3.25000000e-03,3.58437500e-03
-8.73812500e-08,3.48906250e-04,3.24843750e-03,3.58750000e-03
-8.73412500e-08,3.57187500e-04,3.24843750e-03,3.57812500e-03
-8.73012500e-08,3.65312500e-04,3.25156250e-03,3.55937500e-03
-8.72612500e-08,3.72656250e-04,3.25937500e-03,3.53437500e-03
-8.72212500e-08,3.78906250e-04,3.27187500e-03,3.50000000e-03
-8.71812500e-08,3.83906250e-04,3.28750000e-03,3.46250000e-03
-8.71412500e-08,3.87187500e-04,3.30625000e-03,3.41875000e-03
-8.71012500e-08,3.88750000e-04,3.32968750e-03,3.37500000e-03
-8.70612500e-08,3.88750000e-04,3.35468750e-03,3.33125000e-03
-8.70212500e-08,3.87031250e-04,3.38125000e-03,3.28750000e-03
-8.69812500e-08,3.84062500e-04,3.40937500e-03,3.25312500e-03
-8.69412500e-08,3.80000000e-04,3.43593750e-03,3.22187500e-03
-8.69012500e-08,3.75468750e-04,3.45937500e-03,3.19687500e-03
-8.68612500e-08,3.70625000e-04,3.47968750e-03,3.18125000e-03
-8.68212500e-08,3.66093750e-04,3.49687500e-03,3.17187500e-03
-8.67812500e-08,3.62343750e-04,3.50781250e-03,3.17500000e-03
-8.67412500e-08,3.59531250e-04,3.51250000e-03,3.18437500e-03
-8.67012500e-08,3.58125000e-04,3.51093750e-03,3.20312500e-03
-8.66612500e-08,3.58125000e-04,3.50156250e-03,3.22812500e-03
-8.66212500e-08,3.59843750e-04,3.48437500e-03,3.25937500e-03
-8.65812500e-08,3.63281250e-04,3.46250000e-03,3.29687500e-03
-8.65412500e-08,3.67968750e-04,3.43281250e-03,3.33437500e-03
-8.65012500e-08,3.73750000e-04,3.39843750e-03,3.37812500e-03
-8.64612500e-08,3.80312500e-04,3.35937500e-03,3.41875000e-03
-8.64212500e-08,3.87031250e-04,3.31875000e-03,3.46250000e-03
-8.63812500e-08,3.93437500e-04,3.27656250e-03,3.50000000e-03
-8.63412500e-08,3.99062500e-04,3.23437500e-03,3.53750000e-03
-8.63012500e-08,4.03125000e-04,3.19531250e-03,3.56875000e-03
-8.62612500e-08,4.05156250e-04,3.15937500e-03,3.59687500e-03
-8.62212500e-08,4.05000000e-04,3.12812500e-03,3.61875000e-03
-8.61812500e-08,4.01875000e-04,3.10312500e-03,3.63437500e-03
-8.61412500e-08,3.95781250e-04,3.08437500e-03,3.64375000e-03
-8.61012500e-08,3.86718750e-04,3.07343750e-03,3.65000000e-03
-8.60612500e-08,3.74687500e-04,3.07031250e-03,3.65000000e-03
-8.60212500e-08,3.59843750e-04,3.07500000e-03,3.64687500e-03
-8.59812500e-08,3.42656250e-04,3.08750000e-03,3.63750000e-03
-8.59412500e-08,3.23593750e-04,3.10625000e-03,3.62812500e-03
-8.59012500e-08,3.03125000e-04,3.13125000e-03,3.61562500e-03
-8.58612500e-08,2.82187500e-04,3.16093750e-03,3.60000000e-03
-8.58212500e-08,2.61250000e-04,3.19531250e-03,3.58437500e-03
-8.57812500e-08,2.41406250e-04,3.23125000e-03,3.56562500e-03
-8.57412500e-08,2.22968750e-04,3.26718750e-03,3.54687500e-03
-8.57012500e-08,2.06875000e-04,3.30312500e-03,3.53125000e-03
-8.56612500e-08,1.93750000e-04,3.33750000e-03,3.51250000e-03
-8.56212500e-08,1.83750000e-04,3.36875000e-03,3.49375000e-03
-8.55812500e-08,1.77343750e-04,3.39687500e-03,3.47500000e-03
-8.55412500e-08,1.74843750e-04,3.41875000e-03,3.45625000e-03
-8.55012500e-08,1.76093750e-04,3.43750000e-03,3.43750000e-03
-8.54612500e-08,1.80937500e-04,3.45000000e-03,3.41875000e-03
-8.54212500e-08,1.89062500e-04,3.45781250e-03,3.39687500e-03
-8.53812500e-08,2.00312500e-04,3.46093750e-03,3.37812500e-03
-8.53412500e-08,2.13906250e-04,3.45937500e-03,3.35625000e-03
-8.53012500e-08,2.29375000e-04,3.45312500e-03,3.33437500e-03
-8.52612500e-08,2.46093750e-04,3.44531250e-03,3.31250000e-03
-8.52212500e-08,2.63437500e-04,3.43437500e-03,3.29062500e-03
-8.51812500e-08,2.80625000e-04,3.42343750e-03,3.26875000e-03
-8.51412500e-08,2.97187500e-04,3.41250000e-03,3.25000000e-03
-8.51012500e-08,3.12812500e-04,3.40156250e-03,3.23437500e-03
-8.50612500e-08,3.26718750e-04,3.39218750e-03,3.21875000e-03
-8.50212500e-08,3.38906250e-04,3.38281250e-03,3.20625000e-03
-8.49812500e-08,3.48906250e-04,3.37812500e-03,3.20000000e-03
-8.49412500e-08,3.57031250e-04,3.37343750e-03,3.19687500e-03
-8.49012500e-08,3.62968750e-04,3.37343750e-03,3.20000000e-03
-8.48612500e-08,3.66875000e-04,3.37343750e-03,3.20625000e-03
-8.48212500e-08,3.69218750e-04,3.37656250e-03,3.21875000e-03
-8.47812500e-08,3.70000000e-04,3.38125000e-03,3.23750000e-03
-8.47412500e-08,3.69843750e-04,3.38750000e-03,3.25937500e-03
-8.47012500e-08,3.68906250e-04,3.39375000e-03,3.28437500e-03
-8.46612500e-08,3.67500000e-04,3.40000000e-03,3.31250000e-03
-8.46212500e-08,3.66093750e-04,3.40468750e-03,3.34687500e-03
-8.45812500e-08,3.65156250e-04,3.41093750e-03,3.37812500e-03
-8.45412500e-08,3.64531250e-04,3.41406250e-03,3.41250000e-03
-8.45012500e-08,3.64843750e-04,3.41718750e-03,3.44375000e-03
-8.44612500e-08,3.65937500e-04,3.41875000e-03,3.47500000e-03
-8.44212500e-08,3.67968750e-04,3.41875000e-03,3.50312500e-03
-8.43812500e-08,3.70937500e-04,3.41718750e-03,3.52500000e-03
-8.43412500e-08,3.74687500e-04,3.41406250e-03,3.54375000e-03
-8.43012500e-08,3.79375000e-04,3.41093750e-03,3.55625000e-03
-8.42612500e-08,3.84375000e-04,3.40625000e-03,3.56250000e-03
-8.42212500e-08,3.90000000e-04,3.40156250e-03,3.56250000e-03
-8.41812500e-08,3.95625000e-04,3.39687500e-03,3.55312500e-03
-8.41412500e-08,4.01093750e-04,3.39375000e-03,3.54062500e-03
-8.41012500e-08,4.06406250e-04,3.38906250e-03,3.52187500e-03
-8.40612500e-08,4.11250000e-04,3.38593750e-03,3.49687500e-03
-8.40212500e-08,4.15468750e-04,3.38437500e-03,3.46875000e-03
-8.39812500e-08,4.18906250e-04,3.38125000e-03,3.43750000e-03
-8.39412500e-08,4.21406250e-04,3.37968750e-03,3.40312500e-03
-8.39012500e-08,4.22968750e-04,3.37656250e-03,3.36875000e-03
-8.38612500e-08,4.23593750e-04,3.37343750e-03,3.33125000e-03
-8.38212500e-08,4.23125000e-04,3.37031250e-03,3.29687500e-03
-8.37812500e-08,4.21875000e-04,3.36562500e-03,3.26562500e-03
-8.37412500e-08,4.19531250e-04,3.35937500e-03,3.23750000e-03
-8.37012500e-08,4.16562500e-04,3.35156250e-03,3.21250000e-03
-8.36612500e-08,4.12656250e-04,3.34062500e-03,3.19062500e-03
-8.36212500e-08,4.08281250e-04,3.32812500e-03,3.17500000e-03
-8.35812500e-08,4.03281250e-04,3.31406250e-03,3.16250000e-03
-8.35412500e-08,3.97812500e-04,3.29687500e-03,3.15625000e-03
-8.35012500e-08,3.91875000e-04,3.27968750e-03,3.15312500e-03
-8.34612500e-08,3.85937500e-04,3.26093750e-03,3.15000000e-03
-8.34212500e-08,3.79687500e-04,3.24062500e-03,3.15312500e-03
-8.33812500e-08,3.73437500e-04,3.22187500e-03,3.15625000e-03
-8.33412500e-08,3.67187500e-04,3.20468750e-03,3.16250000e-03
-8.33012500e-08,3.61250000e-04,3.18906250e-03,3.16562500e-03
-8.32612500e-08,3.55468750e-04,3.17656250e-03,3.17187500e-03
-8.32212500e-08,3.50156250e-04,3.16718750e-03,3.17187500e-03
-8.31812500e-08,3.45468750e-04,3.16250000e-03,3.17187500e-03
-8.31412500e-08,3.41406250e-04,3.16250000e-03,3.16875000e-03
-8.31012500e-08,3.38125000e-04,3.16718750e-03,3.16250000e-03
-8.30612500e-08,3.35937500e-04,3.17656250e-03,3.15312500e-03
-8.30212500e-08,3.34687500e-04,3.19062500e-03,3.14062500e-03
-8.29812500e-08,3.34687500e-04,3.20937500e-03,3.12500000e-03
-8.29412500e-08,3.35781250e-04,3.23281250e-03,3.10625000e-03
-8.29012500e-08,3.38281250e-04,3.25937500e-03,3.08750000e-03
-8.28612500e-08,3.42031250e-04,3.28750000e-03,3.06562500e-03
-8.28212500e-08,3.47031250e-04,3.31718750e-03,3.04375000e-03
-8.27812500e-08,3.53281250e-04,3.34687500e-03,3.02187500e-03
-8.27412500e-08,3.60625000e-04,3.37656250e-03,3.00312500e-03
-8.27012500e-08,3.68750000e-04,3.40312500e-03,2.98437500e-03
-8.26612500e-08,3.77656250e-04,3.42656250e-03,2.97187500e-03
-8.26212500e-08,3.86875000e-04,3.44687500e-03,2.96562500e-03
-8.25812500e-08,3.96406250e-04,3.46250000e-03,2.96250000e-03
-8.25412500e-08,4.05781250e-04,3.47500000e-03,2.96875000e-03
-8.25012500e-08,4.14843750e-04,3.48125000e-03,2.98125000e-03
-8.24612500e-08,4.23281250e-04,3.48281250e-03,3.00000000e-03
-8.24212500e-08,4.30625000e-04,3.47968750e-03,3.02812500e-03
-8.23812500e-08,4.36875000e-04,3.47343750e-03,3.06250000e-03
-8.23412500e-08,4.41562500e-04,3.46406250e-03,3.10312500e-03
-8.23012500e-08,4.44687500e-04,3.45156250e-03,3.15000000e-03
-8.22612500e-08,4.46093750e-04,3.43750000e-03,3.20312500e-03
-8.22212500e-08,4.45781250e-04,3.42343750e-03,3.25937500e-03
-8.21812500e-08,4.43750000e-04,3.41093750e-03,3.31562500e-03
-8.21412500e-08,4.39843750e-04,3.39843750e-03,3.37187500e-03
-8.21012500e-08,4.34531250e-04,3.38906250e-03,3.42500000e-03
-8.20612500e-08,4.27656250e-04,3.38125000e-03,3.47500000e-03
-8.20212500e-08,4.19687500e-04,3.37812500e-03,3.52187500e-03
-8.19812500e-08,4.10781250e-04,3.37656250e-03,3.55937500e-03
-8.19412500e-08,4.01406250e-04,3.37812500e-03,3.58750000e-03
-8.19012500e-08,3.91562500e-04,3.38281250e-03,3.60625000e-03
-8.18612500e-08,3.81718750e-04,3.39062500e-03,3.61250000e-03
-8.18212500e-08,3.72187500e-04,3.39843750e-03,3.60937500e-03
-8.17812500e-08,3.63281250e-04,3.40781250e-03,3.59062500e-03
-8.17412500e-08,3.55312500e-04,3.41718750e-03,3.56250000e-03
-8.17012500e-08,3.48125000e-04,3.42500000e-03,3.52187500e-03
-8.16612500e-08,3.42343750e-04,3.43125000e-03,3.46875000e-03
-8.16212500e-08,3.37812500e-04,3.43593750e-03,3.40625000e-03
-8.15812500e-08,3.34531250e-04,3.43593750e-03,3.33750000e-03
-8.15412500e-08,3.32656250e-04,3.43281250e-03,3.26250000e-03
-8.15012500e-08,3.32187500e-04,3.42500000e-03,3.18437500e-03
-8.14612500e-08,3.32812500e-04,3.41406250e-03,3.10625000e-03
-8.14212500e-08,3.34687500e-04,3.40000000e-03,3.03125000e-03
-8.13812500e-08,3.37343750e-04,3.38281250e-03,2.95625000e-03
-8.13412500e-08,3.40625000e-04,3.36250000e-03,2.89062500e-03
-8.13012500e-08,3.44375000e-04,3.34218750e-03,2.83437500e-03
-8.12612500e-08,3.48437500e-04,3.32031250e-03,2.78750000e-03
-8.12212500e-08,3.52500000e-04,3.29843750e-03,2.75312500e-03
-8.11812500e-08,3.56406250e-04,3.27968750e-03,2.73125000e-03
-8.11412500e-08,3.59843750e-04,3.26250000e-03,2.72187500e-03
-8.11012500e-08,3.62812500e-04,3.24843750e-03,2.72812500e-03
-8.10612500e-08,3.64843750e-04,3.23906250e-03,2.74375000e-03
-8.10212500e-08,3.66093750e-04,3.23437500e-03,2.77187500e-03
-8.09812500e-08,3.66562500e-04,3.23437500e-03,2.80937500e-03
-8.09412500e-08,3.65937500e-04,3.24062500e-03,2.85312500e-03
-8.09012500e-08,3.64375000e-04,3.25156250e-03,2.90312500e-03
-8.08612500e-08,3.62031250e-04,3.26718750e-03,2.95937500e-03
-8.08212500e-08,3.58750000e-04,3.28593750e-03,3.01250000e-03
-8.07812500e-08,3.55000000e-04,3.30781250e-03,3.06562500e-03
-8.07412500e-08,3.50781250e-04,3.33125000e-03,3.11250000e-03
-8.07012500e-08,3.46250000e-04,3.35625000e-03,3.15625000e-03
-8.06612500e-08,3.41562500e-04,3.37968750e-03,3.19062500e-03
-8.06212500e-08,3.37187500e-04,3.40156250e-03,3.21875000e-03
-8.05812500e-08,3.33281250e-04,3.42187500e-03,3.23437500e-03
-8.05412500e-08,3.30000000e-04,3.43750000e-03,3.24375000e-03
-8.05012500e-08,3.27812500e-04,3.44687500e-03,3.24375000e-03
-8.04612500e-08,3.26718750e-04,3.45312500e-03,3.23750000e-03
-8.04212500e-08,3.26875000e-04,3.45156250e-03,3.22187500e-03
-8.03812500e-08,3.28750000e-04,3.44687500e-03,3.20312500e-03
-8.03412500e-08,3.32343750e-04,3.43437500e-03,3.18437500e-03
-8.03012500e-08,3.37656250e-04,3.41718750e-03,3.16250000e-03
-8.02612500e-08,3.44843750e-04,3.39687500e-03,3.14375000e-03
-8.02212500e-08,3.53750000e-04,3.37187500e-03,3.12812500e-03
-8.01812500e-08,3.64531250e-04,3.34531250e-03,3.11875000e-03
-8.01412500e-08,3.77031250e-04,3.31875000e-03,3.11875000e-03
-8.01012500e-08,3.91093750e-04,3.29062500e-03,3.12500000e-03
-8.00612500e-08,4.06406250e-04,3.26406250e-03,3.14062500e-03
-8.00212500e-08,4.22812500e-04,3.24062500e-03,3.16562500e-03
-7.99812500e-08,4.39843750e-04,3.22031250e-03,3.20000000e-03
-7.99412500e-08,4.57500000e-04,3.20468750e-03,3.24062500e-03
-7.99012500e-08,4.75312500e-04,3.19531250e-03,3.28750000e-03
-7.98612500e-08,4.92812500e-04,3.19062500e-03,3.34062500e-03
-7.98212500e-08,5.09687500e-04,3.19062500e-03,3.39375000e-03
-7.97812500e-08,5.25781250e-04,3.19843750e-03,3.44687500e-03
-7.97412500e-08,5.40781250e-04,3.21093750e-03,3.49687500e-03
-7.97012500e-08,5.54062500e-04,3.22968750e-03,3.54375000e-03
-7.96612500e-08,5.65781250e-04,3.25156250e-03,3.58125000e-03
-7.96212500e-08,5.75625000e-04,3.27656250e-03,3.61250000e-03
-7.95812500e-08,5.83437500e-04,3.30468750e-03,3.63125000e-03
-7.95412500e-08,5.88906250e-04,3.33437500e-03,3.64062500e-03
-7.95012500e-08,5.92500000e-04,3.36406250e-03,3.63750000e-03
-7.94612500e-08,5.93750000e-04,3.39218750e-03,3.62500000e-03
-7.94212500e-08,5.92968750e-04,3.41875000e-03,3.60000000e-03
-7.93812500e-08,5.90312500e-04,3.44218750e-03,3.56562500e-03
-7.93412500e-08,5.85781250e-04,3.46250000e-03,3.52500000e-03
-7.93012500e-08,5.79687500e-04,3.47812500e-03,3.47812500e-03
-7.92612500e-08,5.72187500e-04,3.49062500e-03,3.42500000e-03
-7.92212500e-08,5.63437500e-04,3.49531250e-03,3.37187500e-03
-7.91812500e-08,5.53750000e-04,3.49687500e-03,3.32187500e-03
-7.91412500e-08,5.43437500e-04,3.49375000e-03,3.27187500e-03
-7.91012500e-08,5.32656250e-04,3.48437500e-03,3.22500000e-03
-7.90612500e-08,5.21562500e-04,3.47343750e-03,3.18750000e-03
-7.90212500e-08,5.10312500e-04,3.45625000e-03,3.15625000e-03
-7.89812500e-08,4.99218750e-04,3.43750000e-03,3.13125000e-03
-7.89412500e-08,4.88281250e-04,3.41718750e-03,3.11562500e-03
-7.89012500e-08,4.77812500e-04,3.39531250e-03,3.10937500e-03
-7.88612500e-08,4.67656250e-04,3.37343750e-03,3.10937500e-03
-7.88212500e-08,4.58125000e-04,3.35156250e-03,3.11562500e-03
-7.87812500e-08,4.49062500e-04,3.32968750e-03,3.12500000e-03
-7.87412500e-08,4.40781250e-04,3.30937500e-03,3.14062500e-03
-7.87012500e-08,4.33125000e-04,3.29218750e-03,3.15625000e-03
-7.86612500e-08,4.26250000e-04,3.27500000e-03,3.17500000e-03
-7.86212500e-08,4.20312500e-04,3.26250000e-03,3.19062500e-03
-7.85812500e-08,4.15156250e-04,3.25000000e-03,3.20625000e-03
-7.85412500e-08,4.10937500e-04,3.24062500e-03,3.21875000e-03
-7.85012500e-08,4.07812500e-04,3.23437500e-03,3.22500000e-03
-7.84612500e-08,4.05781250e-04,3.22812500e-03,3.23125000e-03
-7.84212500e-08,4.05000000e-04,3.22343750e-03,3.23125000e-03
-7.83812500e-08,4.05312500e-04,3.22031250e-03,3.22500000e-03
-7.83412500e-08,4.06875000e-04,3.21718750e-03,3.21875000e-03
-7.83012500e-08,4.09843750e-04,3.21406250e-03,3.20937500e-03
-7.82612500e-08,4.14062500e-04,3.21093750e-03,3.20000000e-03
-7.82212500e-08,4.19531250e-04,3.20625000e-03,3.18750000e-03
-7.81812500e-08,4.26250000e-04,3.20156250e-03,3.17812500e-03
-7.81412500e-08,4.34062500e-04,3.19375000e-03,3.17187500e-03
-7.81012500e-08,4.42656250e-04,3.18593750e-03,3.16875000e-03
-7.80612500e-08,4.52187500e-04,3.17812500e-03,3.16562500e-03
-7.80212500e-08,4.62031250e-04,3.16875000e-03,3.16875000e-03
-7.79812500e-08,4.72187500e-04,3.15781250e-03,3.17812500e-03
-7.79412500e-08,4.82343750e-04,3.14843750e-03,3.19062500e-03
-7.79012500e-08,4.92187500e-04,3.13906250e-03,3.20625000e-03
-7.78612500e-08,5.01406250e-04,3.12968750e-03,3.22500000e-03
-7.78212500e-08,5.09687500e-04,3.12343750e-03,3.24687500e-03
-7.77812500e-08,5.16718750e-04,3.11875000e-03,3.27187500e-03
-7.77412500e-08,5.22187500e-04,3.11562500e-03,3.29687500e-03
-7.77012500e-08,5.26250000e-04,3.11718750e-03,3.31875000e-03
-7.76612500e-08,5.28593750e-04,3.12031250e-03,3.34062500e-03
-7.76212500e-08,5.28906250e-04,3.12968750e-03,3.35937500e-03
-7.75812500e-08,5.27656250e-04,3.14062500e-03,3.37500000e-03
-7.75412500e-08,5.24531250e-04,3.15625000e-03,3.38750000e-03
-7.75012500e-08,5.20000000e-04,3.17656250e-03,3.39687500e-03
-7.74612500e-08,5.13906250e-04,3.19843750e-03,3.40000000e-03
-7.74212500e-08,5.06875000e-04,3.22500000e-03,3.40000000e-03
-7.73812500e-08,4.99062500e-04,3.25156250e-03,3.39375000e-03
-7.73412500e-08,4.90937500e-04,3.28125000e-03,3.38750000e-03
-7.73012500e-08,4.82656250e-04,3.31250000e-03,3.37812500e-03
-7.72612500e-08,4.74687500e-04,3.34218750e-03,3.36562500e-03
-7.72212500e-08,4.67343750e-04,3.37031250e-03,3.35000000e-03
-7.71812500e-08,4.60937500e-04,3.39843750e-03,3.33437500e-03
-7.71412500e-08,4.55781250e-04,3.42343750e-03,3.31875000e-03
-7.71012500e-08,4.51875000e-04,3.44531250e-03,3.30000000e-03
-7.70612500e-08,4.49687500e-04,3.46250000e-03,3.28437500e-03
-7.70212500e-08,4.48750000e-04,3.47812500e-03,3.26562500e-03
-7.69812500e-08,4.49531250e-04,3.48750000e-03,3.24687500e-03
-7.69412500e-08,4.51406250e-04,3.49218750e-03,3.22500000e-03
-7.69012500e-08,4.54531250e-04,3.49375000e-03,3.20312500e-03
-7.68612500e-08,4.58437500e-04,3.49062500e-03,3.17812500e-03
-7.68212500e-08,4.62968750e-04,3.48281250e-03,3.15000000e-03
-7.67812500e-08,4.67656250e-04,3.47343750e-03,3.12187500e-03
-7.67412500e-08,4.72187500e-04,3.45937500e-03,3.08437500e-03
-7.67012500e-08,4.76093750e-04,3.44375000e-03,3.04687500e-03
-7.66612500e-08,4.79218750e-04,3.42656250e-03,3.00312500e-03
-7.66212500e-08,4.81250000e-04,3.40781250e-03,2.95937500e-03
-7.65812500e-08,4.81718750e-04,3.38906250e-03,2.90937500e-03
-7.65412500e-08,4.80937500e-04,3.36875000e-03,2.86250000e-03
-7.65012500e-08,4.78437500e-04,3.35000000e-03,2.81250000e-03
-7.64612500e-08,4.74375000e-04,3.33125000e-03,2.76562500e-03
-7.64212500e-08,4.68906250e-04,3.31250000e-03,2.72187500e-03
-7.63812500e-08,4.62343750e-04,3.29687500e-03,2.68125000e-03
-7.63412500e-08,4.54687500e-04,3.27968750e-03,2.65000000e-03
-7.63012500e-08,4.46406250e-04,3.26562500e-03,2.63125000e-03
-7.62612500e-08,4.37812500e-04,3.25156250e-03,2.61875000e-03
-7.62212500e-08,4.29531250e-04,3.23750000e-03,2.61875000e-03
-7.61812500e-08,4.21562500e-04,3.22656250e-03,2.63437500e-03
-7.61412500e-08,4.14687500e-04,3.21406250e-03,2.66250000e-03
-7.61012500e-08,4.08906250e-04,3.20468750e-03,2.70625000e-03
-7.60612500e-08,4.04843750e-04,3.19531250e-03,2.75937500e-03
-7.60212500e-08,4.02500000e-04,3.18750000e-03,2.82812500e-03
-7.59812500e-08,4.02031250e-04,3.18125000e-03,2.90312500e-03
-7.59412500e-08,4.03437500e-04,3.17812500e-03,2.99062500e-03
-7.59012500e-08,4.06875000e-04,3.17500000e-03,3.08437500e-03
-7.58612500e-08,4.12031250e-04,3.17500000e-03,3.17812500e-03
-7.58212500e-08,4.18593750e-04,3.17812500e-03,3.27500000e-03
-7.57812500e-08,4.26562500e-04,3.18437500e-03,3.37187500e-03
-7.57412500e-08,4.35312500e-04,3.19375000e-03,3.46250000e-03
-7.57012500e-08,4.44531250e-04,3.20625000e-03,3.54687500e-03
-7.56612500e-08,4.53906250e-04,3.22343750e-03,3.61875000e-03
-7.56212500e-08,4.63125000e-04,3.24375000e-03,3.68125000e-03
-7.55812500e-08,4.71562500e-04,3.26562500e-03,3.73125000e-03
-7.55412500e-08,4.78906250e-04,3.29062500e-03,3.76875000e-03
-7.55012500e-08,4.85156250e-04,3.31875000e-03,3.79062500e-03
-7.54612500e-08,4.90000000e-04,3.34843750e-03,3.80000000e-03
-7.54212500e-08,4.93437500e-04,3.37812500e-03,3.79687500e-03
-7.53812500e-08,4.95156250e-04,3.40625000e-03,3.78125000e-03
-7.53412500e-08,4.95625000e-04,3.43437500e-03,3.75625000e-03
-7.53012500e-08,4.95000000e-04,3.45937500e-03,3.72187500e-03
-7.52612500e-08,4.93281250e-04,3.48125000e-03,3.68125000e-03
-7.52212500e-08,4.90781250e-04,3.50000000e-03,3.63750000e-03
-7.51812500e-08,4.88125000e-04,3.51250000e-03,3.59375000e-03
-7.51412500e-08,4.85625000e-04,3.52031250e-03,3.54687500e-03
-7.51012500e-08,4.83437500e-04,3.52187500e-03,3.50625000e-03
-7.50612500e-08,4.82031250e-04,3.51875000e-03,3.46562500e-03
-7.50212500e-08,4.81718750e-04,3.50937500e-03,3.43437500e-03
-7.49812500e-08,4.82812500e-04,3.49375000e-03,3.40625000e-03
-7.49412500e-08,4.85468750e-04,3.47500000e-03,3.38750000e-03
-7.49012500e-08,4.89687500e-04,3.45156250e-03,3.37500000e-03
-7.48612500e-08,4.95468750e-04,3.42656250e-03,3.37187500e-03
-7.48212500e-08,5.02812500e-04,3.40000000e-03,3.37500000e-03
-7.47812500e-08,5.11718750e-04,3.37187500e-03,3.38437500e-03
-7.47412500e-08,5.21562500e-04,3.34531250e-03,3.40000000e-03
-7.47012500e-08,5.32343750e-04,3.32187500e-03,3.42187500e-03
-7.46612500e-08,5.43750000e-04,3.30000000e-03,3.44687500e-03
-7.46212500e-08,5.55156250e-04,3.28281250e-03,3.47812500e-03
-7.45812500e-08,5.66406250e-04,3.27031250e-03,3.50937500e-03
-7.45412500e-08,5.76875000e-04,3.26250000e-03,3.54375000e-03
-7.45012500e-08,5.86562500e-04,3.26093750e-03,3.57812500e-03
-7.44612500e-08,5.95000000e-04,3.26406250e-03,3.61250000e-03
-7.44212500e-08,6.02187500e-04,3.27187500e-03,3.65000000e-03
-7.43812500e-08,6.07656250e-04,3.28437500e-03,3.68437500e-03
-7.43412500e-08,6.11406250e-04,3.30000000e-03,3.71875000e-03
-7.43012500e-08,6.13593750e-04,3.31875000e-03,3.75000000e-03
-7.42612500e-08,6.14218750e-04,3.33906250e-03,3.78125000e-03
-7.42212500e-08,6.13437500e-04,3.35937500e-03,3.80937500e-03
-7.41812500e-08,6.11562500e-04,3.37968750e-03,3.83437500e-03
-7.41412500e-08,6.08593750e-04,3.39843750e-03,3.85625000e-03
-7.41012500e-08,6.05000000e-04,3.41406250e-03,3.87500000e-03
-7.40612500e-08,6.00937500e-04,3.42656250e-03,3.89062500e-03
-7.40212500e-08,5.96718750e-04,3.43750000e-03,3.90000000e-03
-7.39812500e-08,5.92656250e-04,3.44218750e-03,3.90625000e-03
-7.39412500e-08,5.88906250e-04,3.44375000e-03,3.90312500e-03
-7.39012500e-08,5.85468750e-04,3.44218750e-03,3.89375000e-03
-7.38612500e-08,5.82656250e-04,3.43750000e-03,3.87812500e-03
-7.38212500e-08,5.80468750e-04,3.42812500e-03,3.85625000e-03
-7.37812500e-08,5.78750000e-04,3.41875000e-03,3.82500000e-03
-7.37412500e-08,5.77656250e-04,3.40781250e-03,3.78750000e-03
-7.37012500e-08,5.76875000e-04,3.39531250e-03,3.74375000e-03
-7.36612500e-08,5.76406250e-04,3.38437500e-03,3.69375000e-03
-7.36212500e-08,5.76093750e-04,3.37343750e-03,3.63750000e-03
-7.35812500e-08,5.75625000e-04,3.36406250e-03,3.58125000e-03
-7.35412500e-08,5.75156250e-04,3.35781250e-03,3.51875000e-03
-7.35012500e-08,5.74375000e-04,3.35312500e-03,3.45937500e-03
-7.34612500e-08,5.73281250e-04,3.35156250e-03,3.40000000e-03
-7.34212500e-08,5.71718750e-04,3.35312500e-03,3.34375000e-03
-7.33812500e-08,5.70000000e-04,3.35625000e-03,3.29375000e-03
-7.33412500e-08,5.67812500e-04,3.36093750e-03,3.25000000e-03
-7.33012500e-08,5.65625000e-04,3.36718750e-03,3.21250000e-03
-7.32612500e-08,5.63437500e-04,3.37343750e-03,3.18437500e-03
-7.32212500e-08,5.61406250e-04,3.38125000e-03,3.16250000e-03
-7.31812500e-08,5.59843750e-04,3.38906250e-03,3.15312500e-03
-7.31412500e-08,5.58906250e-04,3.39375000e-03,3.15312500e-03
-7.31012500e-08,5.58906250e-04,3.39843750e-03,3.15937500e-03
-7.30612500e-08,5.60000000e-04,3.40156250e-03,3.17500000e-03
-7.30212500e-08,5.62031250e-04,3.40312500e-03,3.19687500e-03
-7.29812500e-08,5.65468750e-04,3.40312500e-03,3.22187500e-03
-7.29412500e-08,5.70156250e-04,3.40000000e-03,3.25000000e-03
-7.29012500e-08,5.76093750e-04,3.39531250e-03,3.27500000e-03
-7.28612500e-08,5.82968750e-04,3.39062500e-03,3.30000000e-03
-7.28212500e-08,5.90781250e-04,3.38437500e-03,3.32187500e-03
-7.27812500e-08,5.99218750e-04,3.37968750e-03,3.33750000e-03
-7.27412500e-08,6.07968750e-04,3.37343750e-03,3.34375000e-03
-7.27012500e-08,6.16718750e-04,3.36875000e-03,3.34375000e-03
-7.26612500e-08,6.25000000e-04,3.36562500e-03,3.33437500e-03
-7.26212500e-08,6.32500000e-04,3.36562500e-03,3.31562500e-03
-7.25812500e-08,6.38906250e-04,3.36562500e-03,3.28750000e-03
-7.25412500e-08,6.43906250e-04,3.36875000e-03,3.25000000e-03
-7.25012500e-08,6.47343750e-04,3.37343750e-03,3.20625000e-03
-7.24612500e-08,6.49062500e-04,3.38125000e-03,3.15937500e-03
-7.24212500e-08,6.48750000e-04,3.38906250e-03,3.10937500e-03
-7.23812500e-08,6.46718750e-04,3.39687500e-03,3.05625000e-03
-7.23412500e-08,6.43125000e-04,3.40625000e-03,3.00937500e-03
-7.23012500e-08,6.37968750e-04,3.41406250e-03,2.96250000e-03
-7.22612500e-08,6.31562500e-04,3.41875000e-03,2.92187500e-03
-7.22212500e-08,6.24375000e-04,3.42343750e-03,2.89375000e-03
-7.21812500e-08,6.16875000e-04,3.42343750e-03,2.87187500e-03
-7.21412500e-08,6.09531250e-04,3.42031250e-03,2.85937500e-03
-7.21012500e-08,6.02500000e-04,3.41250000e-03,2.86250000e-03
-7.20612500e-08,5.96562500e-04,3.40000000e-03,2.87500000e-03
-7.20212500e-08,5.91875000e-04,3.38281250e-03,2.89687500e-03
-7.19812500e-08,5.88906250e-04,3.36250000e-03,2.93125000e-03
-7.19412500e-08,5.87812500e-04,3.33750000e-03,2.97187500e-03
-7.19012500e-08,5.88750000e-04,3.30937500e-03,3.01875000e-03
-7.18612500e-08,5.91875000e-04,3.27968750e-03,3.06875000e-03
-7.18212500e-08,5.96875000e-04,3.24687500e-03,3.12187500e-03
-7.17812500e-08,6.03750000e-04,3.21562500e-03,3.17500000e-03
-7.17412500e-08,6.12187500e-04,3.18281250e-03,3.22187500e-03
-7.17012500e-08,6.21875000e-04,3.15312500e-03,3.26562500e-03
-7.16612500e-08,6.32187500e-04,3.12500000e-03,3.30000000e-03
-7.16212500e-08,6.42812500e-04,3.10000000e-03,3.32812500e-03
-7.15812500e-08,6.53125000e-04,3.08125000e-03,3.34375000e-03
-7.15412500e-08,6.62656250e-04,3.06562500e-03,3.34687500e-03
-7.15012500e-08,6.70781250e-04,3.05625000e-03,3.34375000e-03
-7.14612500e-08,6.77343750e-04,3.05156250e-03,3.32812500e-03
-7.14212500e-08,6.81875000e-04,3.05312500e-03,3.30312500e-03
-7.13812500e-08,6.83906250e-04,3.05781250e-03,3.27187500e-03
-7.13412500e-08,6.83593750e-04,3.06875000e-03,3.23750000e-03
-7.13012500e-08,6.80468750e-04,3.08281250e-03,3.20000000e-03
-7.12612500e-08,6.75000000e-04,3.09843750e-03,3.15937500e-03
-7.12212500e-08,6.67031250e-04,3.11875000e-03,3.12500000e-03
-7.11812500e-08,6.57031250e-04,3.13750000e-03,3.09375000e-03
-7.11412500e-08,6.45312500e-04,3.15781250e-03,3.06875000e-03
-7.11012500e-08,6.32187500e-04,3.17812500e-03,3.05312500e-03
-7.10612500e-08,6.18125000e-04,3.19531250e-03,3.05000000e-03
-7.10212500e-08,6.03906250e-04,3.21250000e-03,3.05625000e-03
-7.09812500e-08,5.89687500e-04,3.22500000e-03,3.07500000e-03
-7.09412500e-08,5.76093750e-04,3.23593750e-03,3.10312500e-03
-7.09012500e-08,5.63750000e-04,3.24218750e-03,3.14375000e-03
-7.08612500e-08,5.52656250e-04,3.24531250e-03,3.19375000e-03
-7.08212500e-08,5.43437500e-04,3.24687500e-03,3.25000000e-03
-7.07812500e-08,5.36250000e-04,3.24531250e-03,3.30937500e-03
-7.07412500e-08,5.31093750e-04,3.24062500e-03,3.37500000e-03
-7.07012500e-08,5.28281250e-04,3.23437500e-03,3.43750000e-03
-7.06612500e-08,5.27500000e-04,3.22812500e-03,3.49375000e-03
-7.06212500e-08,5.28750000e-04,3.22031250e-03,3.54687500e-03
-7.05812500e-08,5.31718750e-04,3.21250000e-03,3.59062500e-03
-7.05412500e-08,5.36250000e-04,3.20468750e-03,3.62500000e-03
-7.05012500e-08,5.42187500e-04,3.19843750e-03,3.64687500e-03
-7.04612500e-08,5.48750000e-04,3.19375000e-03,3.65312500e-03
-7.04212500e-08,5.56093750e-04,3.19062500e-03,3.64687500e-03
-7.03812500e-08,5.63593750e-04,3.19062500e-03,3.62500000e-03
-7.03412500e-08,5.71250000e-04,3.19062500e-03,3.59062500e-03
-7.03012500e-08,5.78437500e-04,3.19375000e-03,3.54687500e-03
-7.02612500e-08,5.85156250e-04,3.19843750e-03,3.49062500e-03
-7.02212500e-08,5.91406250e-04,3.20625000e-03,3.42812500e-03
-7.01812500e-08,5.96718750e-04,3.21406250e-03,3.35937500e-03
-7.01412500e-08,6.01562500e-04,3.22187500e-03,3.29062500e-03
-7.01012500e-08,6.05468750e-04,3.23281250e-03,3.22187500e-03
-7.00612500e-08,6.08906250e-04,3.24218750e-03,3.15937500e-03
-7.00212500e-08,6.11718750e-04,3.25156250e-03,3.10312500e-03
-6.99812500e-08,6.14218750e-04,3.26093750e-03,3.05625000e-03
-6.99412500e-08,6.16562500e-04,3.27031250e-03,3.02187500e-03
-6.99012500e-08,6.18750000e-04,3.27812500e-03,3.00000000e-03
-6.98612500e-08,6.20937500e-04,3.28437500e-03,2.99687500e-03
-6.98212500e-08,6.23437500e-04,3.29062500e-03,3.00625000e-03
-6.97812500e-08,6.26093750e-04,3.29375000e-03,3.03125000e-03
-6.97412500e-08,6.29062500e-04,3.29687500e-03,3.06875000e-03
-6.97012500e-08,6.32343750e-04,3.29843750e-03,3.12187500e-03
-6.96612500e-08,6.35937500e-04,3.29687500e-03,3.18750000e-03
-6.96212500e-08,6.39687500e-04,3.29531250e-03,3.25937500e-03
-6.95812500e-08,6.43437500e-04,3.29218750e-03,3.34062500e-03
-6.95412500e-08,6.47187500e-04,3.28750000e-03,3.42187500e-03
-6.95012500e-08,6.50625000e-04,3.28281250e-03,3.50625000e-03
-6.94612500e-08,6.53750000e-04,3.27656250e-03,3.58750000e-03
-6.94212500e-08,6.56093750e-04,3.27031250e-03,3.66250000e-03
-6.93812500e-08,6.57812500e-04,3.26406250e-03,3.72812500e-03
-6.93412500e-08,6.58437500e-04,3.25781250e-03,3.78437500e-03
-6.93012500e-08,6.57968750e-04,3.25156250e-03,3.82812500e-03
-6.92612500e-08,6.56406250e-04,3.24531250e-03,3.85937500e-03
-6.92212500e-08,6.53437500e-04,3.24062500e-03,3.87500000e-03
-6.91812500e-08,6.49375000e-04,3.23750000e-03,3.87500000e-03
-6.91412500e-08,6.44218750e-04,3.23437500e-03,3.86250000e-03
-6.91012500e-08,6.37812500e-04,3.23281250e-03,3.83750000e-03
-6.90612500e-08,6.30625000e-04,3.23437500e-03,3.79687500e-03
-6.90212500e-08,6.22500000e-04,3.23593750e-03,3.75000000e-03
-6.89812500e-08,6.13906250e-04,3.24062500e-03,3.69375000e-03
-6.89412500e-08,6.05000000e-04,3.24531250e-03,3.63437500e-03
-6.89012500e-08,5.95937500e-04,3.25312500e-03,3.57187500e-03
-6.88612500e-08,5.87031250e-04,3.26093750e-03,3.50937500e-03
-6.88212500e-08,5.78593750e-04,3.27031250e-03,3.44687500e-03
-6.87812500e-08,5.70781250e-04,3.27968750e-03,3.39375000e-03
-6.87412500e-08,5.63750000e-04,3.29062500e-03,3.34687500e-03
-6.87012500e-08,5.57812500e-04,3.30000000e-03,3.30937500e-03
-6.86612500e-08,5.53125000e-04,3.30937500e-03,3.28125000e-03
-6.86212500e-08,5.49687500e-04,3.31718750e-03,3.26562500e-03
-6.85812500e-08,5.47500000e-04,3.32343750e-03,3.26250000e-03
-6.85412500e-08,5.46875000e-04,3.32656250e-03,3.26875000e-03
-6.85012500e-08,5.47656250e-04,3.32656250e-03,3.28750000e-03
-6.84612500e-08,5.49687500e-04,3.32500000e-03,3.31562500e-03
-6.84212500e-08,5.52968750e-04,3.31875000e-03,3.35312500e-03
-6.83812500e-08,5.57343750e-04,3.31093750e-03,3.39687500e-03
-6.83412500e-08,5.62812500e-04,3.29843750e-03,3.44375000e-03
-6.83012500e-08,5.69062500e-04,3.28281250e-03,3.49375000e-03
-6.82612500e-08,5.75781250e-04,3.26562500e-03,3.54062500e-03
-6.82212500e-08,5.83125000e-04,3.24531250e-03,3.58750000e-03
-6.81812500e-08,5.90468750e-04,3.22343750e-03,3.62812500e-03
-6.81412500e-08,5.97812500e-04,3.20156250e-03,3.66250000e-03
-6.81012500e-08,6.04843750e-04,3.17968750e-03,3.68750000e-03
-6.80612500e-08,6.11406250e-04,3.15781250e-03,3.70312500e-03
-6.80212500e-08,6.17187500e-04,3.13906250e-03,3.70625000e-03
-6.79812500e-08,6.22031250e-04,3.12187500e-03,3.70000000e-03
-6.79412500e-08,6.25781250e-04,3.10937500e-03,3.67812500e-03
-6.79012500e-08,6.28281250e-04,3.10000000e-03,3.65000000e-03
-6.78612500e-08,6.29375000e-04,3.09531250e-03,3.60937500e-03
-6.78212500e-08,6.29062500e-04,3.09531250e-03,3.55937500e-03
-6.77812500e-08,6.27031250e-04,3.10000000e-03,3.50625000e-03
-6.77412500e-08,6.23593750e-04,3.10937500e-03,3.44375000e-03
-6.77012500e-08,6.18437500e-04,3.12343750e-03,3.38125000e-03
-6.76612500e-08,6.12031250e-04,3.14062500e-03,3.31562500e-03
-6.76212500e-08,6.04062500e-04,3.16093750e-03,3.25312500e-03
-6.75812500e-08,5.95156250e-04,3.18437500e-03,3.19375000e-03
-6.75412500e-08,5.85000000e-04,3.20781250e-03,3.14062500e-03
-6.75012500e-08,5.74375000e-04,3.23281250e-03,3.09687500e-03
-6.74612500e-08,5.63281250e-04,3.25468750e-03,3.05937500e-03
-6.74212500e-08,5.51875000e-04,3.27656250e-03,3.03437500e-03
-6.73812500e-08,5.40937500e-04,3.29375000e-03,3.02187500e-03
-6.73412500e-08,5.30312500e-04,3.30937500e-03,3.01875000e-03
-6.73012500e-08,5.20781250e-04,3.31875000e-03,3.02812500e-03
-6.72612500e-08,5.12343750e-04,3.32343750e-03,3.05000000e-03
-6.72212500e-08,5.05468750e-04,3.32500000e-03,3.08125000e-03
-6.71812500e-08,5.00156250e-04,3.32031250e-03,3.12187500e-03
-6.71412500e-08,4.96875000e-04,3.31250000e-03,3.17187500e-03
-6.71012500e-08,4.95781250e-04,3.29843750e-03,3.22500000e-03
-6.70612500e-08,4.96562500e-04,3.28281250e-03,3.28125000e-03
-6.70212500e-08,4.99531250e-04,3.26562500e-03,3.34062500e-03
-6.69812500e-08,5.04375000e-04,3.24687500e-03,3.40000000e-03
-6.69412500e-08,5.11093750e-04,3.22656250e-03,3.45312500e-03
-6.69012500e-08,5.19218750e-04,3.20937500e-03,3.50312500e-03
-6.68612500e-08,5.28593750e-04,3.19375000e-03,3.54375000e-03
-6.68212500e-08,5.38750000e-04,3.17968750e-03,3.57812500e-03
-6.67812500e-08,5.49375000e-04,3.17187500e-03,3.60312500e-03
-6.67412500e-08,5.60000000e-04,3.16718750e-03,3.61562500e-03
-6.67012500e-08,5.70156250e-04,3.16718750e-03,3.61562500e-03
-6.66612500e-08,5.79531250e-04,3.17187500e-03,3.60625000e-03
-6.66212500e-08,5.87500000e-04,3.18281250e-03,3.58750000e-03
-6.65812500e-08,5.93906250e-04,3.19843750e-03,3.55625000e-03
-6.65412500e-08,5.98281250e-04,3.21718750e-03,3.51875000e-03
-6.65012500e-08,6.00781250e-04,3.24062500e-03,3.47187500e-03
-6.64612500e-08,6.00937500e-04,3.26406250e-03,3.42187500e-03
-6.64212500e-08,5.98906250e-04,3.29062500e-03,3.36562500e-03
-6.63812500e-08,5.94687500e-04,3.31562500e-03,3.30937500e-03
-6.63412500e-08,5.88593750e-04,3.34062500e-03,3.25312500e-03
-6.63012500e-08,5.80781250e-04,3.36093750e-03,3.20000000e-03
-6.62612500e-08,5.71406250e-04,3.37968750e-03,3.15312500e-03
-6.62212500e-08,5.61093750e-04,3.39375000e-03,3.11250000e-03
-6.61812500e-08,5.50156250e-04,3.40156250e-03,3.07812500e-03
-6.61412500e-08,5.39062500e-04,3.40468750e-03,3.05625000e-03
-6.61012500e-08,5.28281250e-04,3.40156250e-03,3.04375000e-03
-6.60612500e-08,5.18125000e-04,3.39218750e-03,3.04062500e-03
-6.60212500e-08,5.08906250e-04,3.37812500e-03,3.05000000e-03
-6.59812500e-08,5.01093750e-04,3.35781250e-03,3.06875000e-03
-6.59412500e-08,4.94843750e-04,3.33281250e-03,3.09687500e-03
-6.59012500e-08,4.90156250e-04,3.30625000e-03,3.13437500e-03
-6.58612500e-08,4.87500000e-04,3.27656250e-03,3.18125000e-03
-6.58212500e-08,4.86562500e-04,3.24531250e-03,3.23125000e-03
-6.57812500e-08,4.87187500e-04,3.21562500e-03,3.28750000e-03
-6.57412500e-08,4.89531250e-04,3.18593750e-03,3.34375000e-03
-6.57012500e-08,4.92968750e-04,3.16093750e-03,3.40312500e-03
-6.56612500e-08,4.97656250e-04,3.13906250e-03,3.45625000e-03
-6.56212500e-08,5.02812500e-04,3.12343750e-03,3.50625000e-03
-6.55812500e-08,5.08437500e-04,3.11250000e-03,3.55312500e-03
-6.55412500e-08,5.14218750e-04,3.10937500e-03,3.59062500e-03
-6.55012500e-08,5.19531250e-04,3.11250000e-03,3.61875000e-03
-6.54612500e-08,5.24531250e-04,3.12187500e-03,3.63750000e-03
-6.54212500e-08,5.28906250e-04,3.13906250e-03,3.64687500e-03
-6.53812500e-08,5.32343750e-04,3.16406250e-03,3.64687500e-03
-6.53412500e-08,5.34843750e-04,3.19375000e-03,3.63750000e-03
-6.53012500e-08,5.36406250e-04,3.22812500e-03,3.61875000e-03
-6.52612500e-08,5.37187500e-04,3.26562500e-03,3.59062500e-03
-6.52212500e-08,5.37031250e-04,3.30781250e-03,3.55625000e-03
-6.51812500e-08,5.36406250e-04,3.35000000e-03,3.51562500e-03
-6.51412500e-08,5.35312500e-04,3.39375000e-03,3.47187500e-03
-6.51012500e-08,5.33906250e-04,3.43437500e-03,3.42812500e-03
-6.50612500e-08,5.32500000e-04,3.47343750e-03,3.38437500e-03
-6.50212500e-08,5.31093750e-04,3.50937500e-03,3.34062500e-03
-6.49812500e-08,5.30156250e-04,3.54062500e-03,3.30312500e-03
-6.49412500e-08,5.29531250e-04,3.56562500e-03,3.26875000e-03
-6.49012500e-08,5.29375000e-04,3.58281250e-03,3.24062500e-03
-6.48612500e-08,5.29687500e-04,3.59531250e-03,3.22187500e-03
-6.48212500e-08,5.30468750e-04,3.59843750e-03,3.20937500e-03
-6.47812500e-08,5.31562500e-04,3.59531250e-03,3.20625000e-03
-6.47412500e-08,5.32968750e-04,3.58437500e-03,3.20937500e-03
-6.47012500e-08,5.34531250e-04,3.56718750e-03,3.22187500e-03
-6.46612500e-08,5.35937500e-04,3.54375000e-03,3.24062500e-03
-6.46212500e-08,5.37187500e-04,3.51406250e-03,3.26562500e-03
-6.45812500e-08,5.37968750e-04,3.48125000e-03,3.29375000e-03
-6.45412500e-08,5.38125000e-04,3.44375000e-03,3.32500000e-03
-6.45012500e-08,5.37656250e-04,3.40468750e-03,3.35937500e-03
-6.44612500e-08,5.36406250e-04,3.36562500e-03,3.39375000e-03
-6.44212500e-08,5.34531250e-04,3.32656250e-03,3.42812500e-03
-6.43812500e-08,5.31875000e-04,3.28906250e-03,3.45937500e-03
-6.43412500e-08,5.28750000e-04,3.25468750e-03,3.48437500e-03
-6.43012500e-08,5.25312500e-04,3.22500000e-03,3.50625000e-03
-6.42612500e-08,5.21718750e-04,3.19843750e-03,3.52187500e-03
-6.42212500e-08,5.18437500e-04,3.17968750e-03,3.52812500e-03
-6.41812500e-08,5.15468750e-04,3.16562500e-03,3.53125000e-03
-6.41412500e-08,5.13437500e-04,3.15937500e-03,3.52500000e-03
-6.41012500e-08,5.12343750e-04,3.15937500e-03,3.51250000e-03
-6.40612500e-08,5.12812500e-04,3.16562500e-03,3.49375000e-03
-6.40212500e-08,5.14687500e-04,3.17656250e-03,3.47187500e-03
-6.39812500e-08,5.18437500e-04,3.19531250e-03,3.44375000e-03
-6.39412500e-08,5.23906250e-04,3.21718750e-03,3.40937500e-03
-6.39012500e-08,5.31250000e-04,3.24218750e-03,3.37500000e-03
-6.38612500e-08,5.40312500e-04,3.27031250e-03,3.33750000e-03
-6.38212500e-08,5.50781250e-04,3.30000000e-03,3.30312500e-03
-6.37812500e-08,5.62656250e-04,3.32812500e-03,3.26562500e-03
-6.37412500e-08,5.75312500e-04,3.35625000e-03,3.23437500e-03
-6.37012500e-08,5.88593750e-04,3.37968750e-03,3.20312500e-03
-6.36612500e-08,6.01875000e-04,3.40000000e-03,3.17500000e-03
-6.36212500e-08,6.14843750e-04,3.41562500e-03,3.15312500e-03
-6.35812500e-08,6.27031250e-04,3.42500000e-03,3.13437500e-03
-6.35412500e-08,6.37812500e-04,3.42656250e-03,3.12187500e-03
-6.35012500e-08,6.47187500e-04,3.42343750e-03,3.11250000e-03
-6.34612500e-08,6.54687500e-04,3.41250000e-03,3.11250000e-03
-6.34212500e-08,6.60000000e-04,3.39375000e-03,3.11250000e-03
-6.33812500e-08,6.63125000e-04,3.37031250e-03,3.12187500e-03
-6.33412500e-08,6.64062500e-04,3.34062500e-03,3.13125000e-03
-6.33012500e-08,6.62812500e-04,3.30781250e-03,3.14687500e-03
-6.32612500e-08,6.59375000e-04,3.27031250e-03,3.16562500e-03
-6.32212500e-08,6.54218750e-04,3.23125000e-03,3.18437500e-03
-6.31812500e-08,6.47656250e-04,3.19218750e-03,3.20625000e-03
-6.31412500e-08,6.39687500e-04,3.15312500e-03,3.22812500e-03
-6.31012500e-08,6.31093750e-04,3.11718750e-03,3.25000000e-03
-6.30612500e-08,6.21875000e-04,3.08437500e-03,3.27187500e-03
-6.30212500e-08,6.12500000e-04,3.05625000e-03,3.29062500e-03
-6.29812500e-08,6.03437500e-04,3.03437500e-03,3.30625000e-03
-6.29412500e-08,5.94531250e-04,3.01875000e-03,3.31875000e-03
-6.29012500e-08,5.86250000e-04,3.00937500e-03,3.33125000e-03
-6.28612500e-08,5.78593750e-04,3.00781250e-03,3.33437500e-03
-6.28212500e-08,5.71562500e-04,3.01406250e-03,3.33750000e-03
-6.27812500e-08,5.65156250e-04,3.02656250e-03,3.33437500e-03
-6.27412500e-08,5.59062500e-04,3.04531250e-03,3.32500000e-03
-6.27012500e-08,5.53125000e-04,3.06875000e-03,3.31250000e-03
-6.26612500e-08,5.47343750e-04,3.09687500e-03,3.29687500e-03
-6.26212500e-08,5.41250000e-04,3.12812500e-03,3.27500000e-03
-6.25812500e-08,5.34843750e-04,3.15937500e-03,3.25000000e-03
-6.25412500e-08,5.27500000e-04,3.19218750e-03,3.22187500e-03
-6.25012500e-08,5.19531250e-04,3.22343750e-03,3.19375000e-03
-6.24612500e-08,5.10625000e-04,3.25156250e-03,3.16250000e-03
-6.24212500e-08,5.00625000e-04,3.27500000e-03,3.13437500e-03
-6.23812500e-08,4.89843750e-04,3.29531250e-03,3.10312500e-03
-6.23412500e-08,4.78437500e-04,3.30937500e-03,3.07812500e-03
-6.23012500e-08,4.66406250e-04,3.31875000e-03,3.05312500e-03
-6.22612500e-08,4.54218750e-04,3.32031250e-03,3.03437500e-03
-6.22212500e-08,4.42187500e-04,3.31562500e-03,3.01875000e-03
-6.21812500e-08,4.30781250e-04,3.30625000e-03,3.00937500e-03
-6.21412500e-08,4.20468750e-04,3.28906250e-03,3.00625000e-03
-6.21012500e-08,4.11406250e-04,3.26875000e-03,3.00937500e-03
-6.20612500e-08,4.04218750e-04,3.24375000e-03,3.01875000e-03
-6.20212500e-08,3.99218750e-04,3.21562500e-03,3.03125000e-03
-6.19812500e-08,3.96406250e-04,3.18437500e-03,3.05312500e-03
-6.19412500e-08,3.95937500e-04,3.15312500e-03,3.07812500e-03
-6.19012500e-08,3.97968750e-04,3.12187500e-03,3.10625000e-03
-6.18612500e-08,4.02343750e-04,3.09218750e-03,3.13437500e-03
-6.18212500e-08,4.08750000e-04,3.06250000e-03,3.16562500e-03
-6.17812500e-08,4.16875000e-04,3.03593750e-03,3.20000000e-03
-6.17412500e-08,4.26250000e-04,3.01406250e-03,3.22812500e-03
-6.17012500e-08,4.36250000e-04,2.99375000e-03,3.25625000e-03
-6.16612500e-08,4.46562500e-04,2.97656250e-03,3.27812500e-03
-6.16212500e-08,4.56562500e-04,2.96406250e-03,3.29687500e-03
-6.15812500e-08,4.65468750e-04,2.95468750e-03,3.30937500e-03
-6.15412500e-08,4.72968750e-04,2.94843750e-03,3.31562500e-03
-6.15012500e-08,4.78593750e-04,2.94531250e-03,3.31562500e-03
-6.14612500e-08,4.81875000e-04,2.94375000e-03,3.30937500e-03
-6.14212500e-08,4.82812500e-04,2.94218750e-03,3.29687500e-03
-6.13812500e-08,4.81250000e-04,2.94218750e-03,3.28125000e-03
-6.13412500e-08,4.77187500e-04,2.94218750e-03,3.25937500e-03
-6.13012500e-08,4.70937500e-04,2.94218750e-03,3.23750000e-03
-6.12612500e-08,4.62968750e-04,2.93906250e-03,3.21250000e-03
-6.12212500e-08,4.53593750e-04,2.93593750e-03,3.18750000e-03
-6.11812500e-08,4.43593750e-04,2.92968750e-03,3.16562500e-03
-6.11412500e-08,4.33437500e-04,2.92187500e-03,3.14687500e-03
-6.11012500e-08,4.23906250e-04,2.91093750e-03,3.13437500e-03
-6.10612500e-08,4.15468750e-04,2.89687500e-03,3.12500000e-03
-6.10212500e-08,4.08906250e-04,2.88125000e-03,3.12187500e-03
-6.09812500e-08,4.04843750e-04,2.86250000e-03,3.12812500e-03
-6.09412500e-08,4.03437500e-04,2.84218750e-03,3.13750000e-03
-6.09012500e-08,4.05000000e-04,2.82031250e-03,3.15625000e-03
-6.08612500e-08,4.09687500e-04,2.79687500e-03,3.18125000e-03
-6.08212500e-08,4.17500000e-04,2.77187500e-03,3.20937500e-03
-6.07812500e-08,4.28125000e-04,2.74531250e-03,3.24375000e-03
-6.07412500e-08,4.40937500e-04,2.71875000e-03,3.28125000e-03
-6.07012500e-08,4.55781250e-04,2.69218750e-03,3.31875000e-03
-6.06612500e-08,4.71718750e-04,2.66562500e-03,3.35625000e-03
-6.06212500e-08,4.87968750e-04,2.63906250e-03,3.39375000e-03
-6.05812500e-08,5.03906250e-04,2.61250000e-03,3.42500000e-03
-6.05412500e-08,5.18750000e-04,2.58750000e-03,3.45312500e-03
-6.05012500e-08,5.31406250e-04,2.56250000e-03,3.47500000e-03
-6.04612500e-08,5.41406250e-04,2.53906250e-03,3.49062500e-03
-6.04212500e-08,5.48281250e-04,2.51562500e-03,3.49687500e-03
-6.03812500e-08,5.51250000e-04,2.49375000e-03,3.50000000e-03
-6.03412500e-08,5.50156250e-04,2.47343750e-03,3.49062500e-03
-6.03012500e-08,5.45000000e-04,2.45312500e-03,3.47812500e-03
-6.02612500e-08,5.35781250e-04,2.43437500e-03,3.45625000e-03
-6.02212500e-08,5.22656250e-04,2.41718750e-03,3.43125000e-03
-6.01812500e-08,5.06093750e-04,2.40156250e-03,3.40000000e-03
-6.01412500e-08,4.86562500e-04,2.38593750e-03,3.36562500e-03
-6.01012500e-08,4.64843750e-04,2.37343750e-03,3.33125000e-03
-6.00612500e-08,4.41718750e-04,2.36250000e-03,3.29687500e-03
-6.00212500e-08,4.17968750e-04,2.35312500e-03,3.26250000e-03
-5.99812500e-08,3.94218750e-04,2.34531250e-03,3.22812500e-03
-5.99412500e-08,3.71562500e-04,2.33906250e-03,3.20000000e-03
-5.99012500e-08,3.50312500e-04,2.33593750e-03,3.17500000e-03
-5.98612500e-08,3.31406250e-04,2.33281250e-03,3.15625000e-03
-5.98212500e-08,3.15312500e-04,2.33281250e-03,3.14062500e-03
-5.97812500e-08,3.02187500e-04,2.33593750e-03,3.12812500e-03
-5.97412500e-08,2.92500000e-04,2.33906250e-03,3.12500000e-03
-5.97012500e-08,2.86250000e-04,2.34375000e-03,3.12187500e-03
-5.96612500e-08,2.83281250e-04,2.35000000e-03,3.12500000e-03
-5.96212500e-08,2.83593750e-04,2.35781250e-03,3.13125000e-03
-5.95812500e-08,2.86875000e-04,2.36562500e-03,3.14062500e-03
-5.95412500e-08,2.92656250e-04,2.37656250e-03,3.15000000e-03
-5.95012500e-08,3.00468750e-04,2.38593750e-03,3.16250000e-03
-5.94612500e-08,3.10000000e-04,2.39843750e-03,3.17500000e-03
-5.94212500e-08,3.20781250e-04,2.40937500e-03,3.18750000e-03
-5.93812500e-08,3.32343750e-04,2.42343750e-03,3.19687500e-03
-5.93412500e-08,3.44218750e-04,2.43750000e-03,3.20625000e-03
-5.93012500e-08,3.56250000e-04,2.45156250e-03,3.21562500e-03
-5.92612500e-08,3.67968750e-04,2.46718750e-03,3.22187500e-03
-5.92212500e-08,3.79375000e-04,2.48437500e-03,3.22812500e-03
-5.91812500e-08,3.90156250e-04,2.50312500e-03,3.23125000e-03
-5.91412500e-08,4.00312500e-04,2.52343750e-03,3.23437500e-03
-5.91012500e-08,4.09687500e-04,2.54375000e-03,3.23437500e-03
-5.90612500e-08,4.18593750e-04,2.56562500e-03,3.23437500e-03
-5.90212500e-08,4.26875000e-04,2.58906250e-03,3.23437500e-03
-5.89812500e-08,4.34687500e-04,2.61406250e-03,3.23437500e-03
-5.89412500e-08,4.42187500e-04,2.63906250e-03,3.23437500e-03
-5.89012500e-08,4.49218750e-04,2.66406250e-03,3.23125000e-03
-5.88612500e-08,4.55937500e-04,2.68906250e-03,3.22812500e-03
-5.88212500e-08,4.62500000e-04,2.71406250e-03,3.22500000e-03
-5.87812500e-08,4.68437500e-04,2.73593750e-03,3.22187500e-03
-5.87412500e-08,4.74062500e-04,2.75781250e-03,3.21875000e-03
-5.87012500e-08,4.79218750e-04,2.77500000e-03,3.21250000e-03
-5.86612500e-08,4.83593750e-04,2.79062500e-03,3.20937500e-03
-5.86212500e-08,4.87187500e-04,2.80000000e-03,3.20000000e-03
-5.85812500e-08,4.89687500e-04,2.80625000e-03,3.19062500e-03
-5.85412500e-08,4.91250000e-04,2.80781250e-03,3.18125000e-03
-5.85012500e-08,4.91718750e-04,2.80312500e-03,3.16875000e-03
-5.84612500e-08,4.90781250e-04,2.79375000e-03,3.15625000e-03
-5.84212500e-08,4.88593750e-04,2.77968750e-03,3.14062500e-03
-5.83812500e-08,4.85312500e-04,2.75937500e-03,3.12812500e-03
-5.83412500e-08,4.80937500e-04,2.73437500e-03,3.11250000e-03
-5.83012500e-08,4.75625000e-04,2.70625000e-03,3.09687500e-03
-5.82612500e-08,4.69687500e-04,2.67500000e-03,3.08125000e-03
-5.82212500e-08,4.63125000e-04,2.64062500e-03,3.06875000e-03
-5.81812500e-08,4.56406250e-04,2.60312500e-03,3.05625000e-03
-5.81412500e-08,4.49687500e-04,2.56562500e-03,3.05000000e-03
-5.81012500e-08,4.43437500e-04,2.52812500e-03,3.04375000e-03
-5.80612500e-08,4.37656250e-04,2.49062500e-03,3.04062500e-03
-5.80212500e-08,4.32812500e-04,2.45468750e-03,3.04062500e-03
-5.79812500e-08,4.28906250e-04,2.41875000e-03,3.04375000e-03
-5.79412500e-08,4.25937500e-04,2.38593750e-03,3.05312500e-03
-5.79012500e-08,4.24218750e-04,2.35312500e-03,3.06562500e-03
-5.78612500e-08,4.23437500e-04,2.32187500e-03,3.07812500e-03
-5.78212500e-08,4.23750000e-04,2.29218750e-03,3.09687500e-03
-5.77812500e-08,4.24687500e-04,2.26250000e-03,3.11562500e-03
-5.77412500e-08,4.26250000e-04,2.23125000e-03,3.13750000e-03
-5.77012500e-08,4.28125000e-04,2.20000000e-03,3.15625000e-03
-5.76612500e-08,4.30000000e-04,2.16718750e-03,3.17812500e-03
-5.76212500e-08,4.31718750e-04,2.13281250e-03,3.20000000e-03
-5.75812500e-08,4.32968750e-04,2.09531250e-03,3.21875000e-03
-5.75412500e-08,4.33593750e-04,2.05312500e-03,3.23437500e-03
-5.75012500e-08,4.33437500e-04,2.00781250e-03,3.24687500e-03
-5.74612500e-08,4.32187500e-04,1.95937500e-03,3.25625000e-03
-5.74212500e-08,4.30156250e-04,1.90937500e-03,3.26562500e-03
-5.73812500e-08,4.27343750e-04,1.85468750e-03,3.26562500e-03
-5.73412500e-08,4.23750000e-04,1.80000000e-03,3.26562500e-03
-5.73012500e-08,4.19687500e-04,1.74375000e-03,3.26250000e-03
-5.72612500e-08,4.15312500e-04,1.68906250e-03,3.25312500e-03
-5.72212500e-08,4.11093750e-04,1.63593750e-03,3.24375000e-03
-5.71812500e-08,4.07343750e-04,1.58750000e-03,3.23125000e-03
-5.71412500e-08,4.04218750e-04,1.54375000e-03,3.21875000e-03
-5.71012500e-08,4.02031250e-04,1.50781250e-03,3.20625000e-03
-5.70612500e-08,4.01250000e-04,1.47968750e-03,3.19062500e-03
-5.70212500e-08,4.01718750e-04,1.46093750e-03,3.17812500e-03
-5.69812500e-08,4.03906250e-04,1.45156250e-03,3.16562500e-03
-5.69412500e-08,4.07656250e-04,1.45156250e-03,3.15625000e-03
-5.69012500e-08,4.12812500e-04,1.46250000e-03,3.15000000e-03
-5.68612500e-08,4.19375000e-04,1.48437500e-03,3.14687500e-03
-5.68212500e-08,4.27031250e-04,1.51406250e-03,3.14687500e-03
-5.67812500e-08,4.35468750e-04,1.55312500e-03,3.14687500e-03
-5.67412500e-08,4.44375000e-04,1.59843750e-03,3.15312500e-03
-5.67012500e-08,4.53125000e-04,1.64843750e-03,3.15937500e-03
-5.66612500e-08,4.61406250e-04,1.70156250e-03,3.17187500e-03
-5.66212500e-08,4.68750000e-04,1.75625000e-03,3.18125000e-03
-5.65812500e-08,4.74843750e-04,1.81250000e-03,3.19375000e-03
-5.65412500e-08,4.79218750e-04,1.86562500e-03,3.20625000e-03
-5.65012500e-08,4.81875000e-04,1.91406250e-03,3.21875000e-03
-5.64612500e-08,4.82187500e-04,1.96093750e-03,3.23125000e-03
-5.64212500e-08,4.80625000e-04,2.00156250e-03,3.24062500e-03
-5.63812500e-08,4.76875000e-04,2.03593750e-03,3.24687500e-03
-5.63412500e-08,4.71250000e-04,2.06562500e-03,3.25312500e-03
-5.63012500e-08,4.63906250e-04,2.09062500e-03,3.25312500e-03
-5.62612500e-08,4.55468750e-04,2.11093750e-03,3.25000000e-03
-5.62212500e-08,4.46093750e-04,2.12812500e-03,3.24375000e-03
-5.61812500e-08,4.36406250e-04,2.14375000e-03,3.23437500e-03
-5.61412500e-08,4.27031250e-04,2.15781250e-03,3.22500000e-03
-5.61012500e-08,4.18281250e-04,2.17187500e-03,3.20937500e-03
-5.60612500e-08,4.10625000e-04,2.18750000e-03,3.19375000e-03
-5.60212500e-08,4.04687500e-04,2.20625000e-03,3.17812500e-03
-5.59812500e-08,4.00781250e-04,2.22812500e-03,3.16250000e-03
-5.59412500e-08,3.99062500e-04,2.25312500e-03,3.15000000e-03
-5.59012500e-08,3.99687500e-04,2.28281250e-03,3.13750000e-03
-5.58612500e-08,4.02656250e-04,2.31562500e-03,3.12812500e-03
-5.58212500e-08,4.07968750e-04,2.35156250e-03,3.12500000e-03
-5.57812500e-08,4.15156250e-04,2.38906250e-03,3.12500000e-03
-5.57412500e-08,4.24218750e-04,2.42812500e-03,3.12812500e-03
-5.57012500e-08,4.34531250e-04,2.46718750e-03,3.14062500e-03
-5.56612500e-08,4.45781250e-04,2.50312500e-03,3.15625000e-03
-5.56212500e-08,4.57187500e-04,2.53750000e-03,3.17812500e-03
-5.55812500e-08,4.68437500e-04,2.56562500e-03,3.20312500e-03
-5.55412500e-08,4.78906250e-04,2.58906250e-03,3.23437500e-03
-5.55012500e-08,4.88125000e-04,2.60468750e-03,3.26562500e-03
-5.54612500e-08,4.95625000e-04,2.61562500e-03,3.30000000e-03
-5.54212500e-08,5.01093750e-04,2.61875000e-03,3.33750000e-03
-5.53812500e-08,5.04531250e-04,2.61562500e-03,3.37187500e-03
-5.53412500e-08,5.05625000e-04,2.60625000e-03,3.40312500e-03
-5.53012500e-08,5.04375000e-04,2.59375000e-03,3.43125000e-03
-5.52612500e-08,5.01093750e-04,2.57812500e-03,3.45312500e-03
-5.52212500e-08,4.95781250e-04,2.56093750e-03,3.46875000e-03
-5.51812500e-08,4.89062500e-04,2.54531250e-03,3.47500000e-03
-5.51412500e-08,4.81250000e-04,2.53281250e-03,3.47500000e-03
-5.51012500e-08,4.72812500e-04,2.52500000e-03,3.46562500e-03
-5.50612500e-08,4.64375000e-04,2.52500000e-03,3.45000000e-03
-5.50212500e-08,4.56250000e-04,2.53125000e-03,3.42500000e-03
-5.49812500e-08,4.48906250e-04,2.54531250e-03,3.39062500e-03
-5.49412500e-08,4.42968750e-04,2.57031250e-03,3.35312500e-03
-5.49012500e-08,4.38750000e-04,2.60312500e-03,3.30937500e-03
-5.48612500e-08,4.36250000e-04,2.64375000e-03,3.26562500e-03
-5.48212500e-08,4.35937500e-04,2.69218750e-03,3.21875000e-03
-5.47812500e-08,4.37656250e-04,2.74687500e-03,3.17187500e-03
-5.47412500e-08,4.41406250e-04,2.80625000e-03,3.13125000e-03
-5.47012500e-08,4.46718750e-04,2.86718750e-03,3.09687500e-03
-5.46612500e-08,4.53593750e-04,2.93125000e-03,3.06875000e-03
-5.46212500e-08,4.61562500e-04,2.99375000e-03,3.04687500e-03
-5.45812500e-08,4.70000000e-04,3.05312500e-03,3.03750000e-03
-5.45412500e-08,4.78593750e-04,3.11093750e-03,3.04062500e-03
-5.45012500e-08,4.86718750e-04,3.16562500e-03,3.05625000e-03
-5.44612500e-08,4.93750000e-04,3.21718750e-03,3.08125000e-03
-5.44212500e-08,4.99375000e-04,3.26718750e-03,3.11562500e-03
-5.43812500e-08,5.03281250e-04,3.31406250e-03,3.16250000e-03
-5.43412500e-08,5.05000000e-04,3.36093750e-03,3.21875000e-03
-5.43012500e-08,5.04375000e-04,3.40937500e-03,3.27812500e-03
-5.42612500e-08,5.01250000e-04,3.46250000e-03,3.34375000e-03
-5.42212500e-08,4.95937500e-04,3.52187500e-03,3.40937500e-03
-5.41812500e-08,4.88437500e-04,3.59062500e-03,3.47500000e-03
-5.41412500e-08,4.78906250e-04,3.66718750e-03,3.53750000e-03
-5.41012500e-08,4.67968750e-04,3.75625000e-03,3.59375000e-03
-5.40612500e-08,4.56093750e-04,3.85468750e-03,3.64062500e-03
-5.40212500e-08,4.43750000e-04,3.96562500e-03,3.68125000e-03
-5.39812500e-08,4.31562500e-04,4.08593750e-03,3.70625000e-03
-5.39412500e-08,4.20156250e-04,4.21406250e-03,3.72187500e-03
-5.39012500e-08,4.10000000e-04,4.34687500e-03,3.72500000e-03
-5.38612500e-08,4.01718750e-04,4.47812500e-03,3.71250000e-03
-5.38212500e-08,3.95625000e-04,4.60625000e-03,3.68750000e-03
-5.37812500e-08,3.92187500e-04,4.72187500e-03,3.65312500e-03
-5.37412500e-08,3.91718750e-04,4.82343750e-03,3.60937500e-03
-5.37012500e-08,3.93906250e-04,4.90156250e-03,3.55625000e-03
-5.36612500e-08,3.99062500e-04,4.95156250e-03,3.50000000e-03
-5.36212500e-08,4.06875000e-04,4.96875000e-03,3.43750000e-03
-5.35812500e-08,4.17031250e-04,4.94843750e-03,3.37500000e-03
-5.35412500e-08,4.29062500e-04,4.88593750e-03,3.31562500e-03
-5.35012500e-08,4.42500000e-04,4.78125000e-03,3.25937500e-03
-5.34612500e-08,4.56562500e-04,4.63281250e-03,3.20625000e-03
-5.34212500e-08,4.70625000e-04,4.44218750e-03,3.16250000e-03
-5.33812500e-08,4.84218750e-04,4.20937500e-03,3.12500000e-03
-5.33412500e-08,4.96406250e-04,3.94218750e-03,3.10000000e-03
-5.33012500e-08,5.06875000e-04,3.64375000e-03,3.08125000e-03
-5.32612500e-08,5.14843750e-04,3.32187500e-03,3.07500000e-03
-5.32212500e-08,5.20156250e-04,2.98593750e-03,3.07500000e-03
-5.31812500e-08,5.22343750e-04,2.64218750e-03,3.08437500e-03
-5.31412500e-08,5.21406250e-04,2.30000000e-03,3.09687500e-03
-5.31012500e-08,5.17343750e-04,1.96875000e-03,3.11875000e-03
-5.30612500e-08,5.10156250e-04,1.65781250e-03,3.14062500e-03
-5.30212500e-08,5.00312500e-04,1.37500000e-03,3.16562500e-03
-5.29812500e-08,4.88281250e-04,1.12500000e-03,3.18750000e-03
-5.29412500e-08,4.74531250e-04,9.15625000e-04,3.20937500e-03
-5.29012500e-08,4.59531250e-04,7.48437500e-04,3.22812500e-03
-5.28612500e-08,4.44218750e-04,6.28125000e-04,3.24375000e-03
-5.28212500e-08,4.29062500e-04,5.53125000e-04,3.25000000e-03
-5.27812500e-08,4.14687500e-04,5.23437500e-04,3.25625000e-03
-5.27412500e-08,4.02031250e-04,5.35937500e-04,3.25312500e-03
-5.27012500e-08,3.91250000e-04,5.85937500e-04,3.24687500e-03
-5.26612500e-08,3.82812500e-04,6.68750000e-04,3.23437500e-03
-5.26212500e-08,3.77031250e-04,7.78125000e-04,3.22187500e-03
-5.25812500e-08,3.74218750e-04,9.07812500e-04,3.20312500e-03
-5.25412500e-08,3.74062500e-04,1.05312500e-03,3.18750000e-03
-5.25012500e-08,3.76406250e-04,1.20468750e-03,3.17187500e-03
-5.24612500e-08,3.80937500e-04,1.35937500e-03,3.15625000e-03
-5.24212500e-08,3.87343750e-04,1.51093750e-03,3.14687500e-03
-5.23812500e-08,3.95000000e-04,1.65781250e-03,3.14062500e-03
-5.23412500e-08,4.03125000e-04,1.79687500e-03,3.13750000e-03
-5.23012500e-08,4.11093750e-04,1.92656250e-03,3.14375000e-03
-5.22612500e-08,4.18281250e-04,2.04843750e-03,3.15312500e-03
-5.22212500e-08,4.24062500e-04,2.16250000e-03,3.16875000e-03
-5.21812500e-08,4.27656250e-04,2.27187500e-03,3.18750000e-03
-5.21412500e-08,4.28750000e-04,2.37968750e-03,3.21250000e-03
-5.21012500e-08,4.26875000e-04,2.48906250e-03,3.24062500e-03
-5.20612500e-08,4.21718750e-04,2.60468750e-03,3.26875000e-03
-5.20212500e-08,4.13437500e-04,2.72968750e-03,3.30000000e-03
-5.19812500e-08,4.02031250e-04,2.86562500e-03,3.32812500e-03
-5.19412500e-08,3.87812500e-04,3.01718750e-03,3.35312500e-03
-5.19012500e-08,3.71093750e-04,3.18281250e-03,3.37500000e-03
-5.18612500e-08,3.52656250e-04,3.36250000e-03,3.39062500e-03
-5.18212500e-08,3.32812500e-04,3.55781250e-03,3.40000000e-03
-5.17812500e-08,3.12656250e-04,3.76250000e-03,3.40625000e-03
-5.17412500e-08,2.92812500e-04,3.97500000e-03,3.40312500e-03
-5.17012500e-08,2.74218750e-04,4.18750000e-03,3.39375000e-03
-5.16612500e-08,2.57343750e-04,4.39687500e-03,3.37812500e-03
-5.16212500e-08,2.43125000e-04,4.59531250e-03,3.35625000e-03
-5.15812500e-08,2.32031250e-04,4.77500000e-03,3.33125000e-03
-5.15412500e-08,2.24531250e-04,4.92968750e-03,3.30312500e-03
-5.15012500e-08,2.20937500e-04,5.05468750e-03,3.27500000e-03
-5.14612500e-08,2.21406250e-04,5.14218750e-03,3.24375000e-03
-5.14212500e-08,2.25781250e-04,5.18906250e-03,3.21250000e-03
-5.13812500e-08,2.33906250e-04,5.19218750e-03,3.18437500e-03
-5.13412500e-08,2.45312500e-04,5.15000000e-03,3.16250000e-03
-5.13012500e-08,2.59687500e-04,5.06093750e-03,3.14062500e-03
-5.12612500e-08,2.76250000e-04,4.92968750e-03,3.12500000e-03
-5.12212500e-08,2.94218750e-04,4.75781250e-03,3.11562500e-03
-5.11812500e-08,3.12812500e-04,4.55000000e-03,3.10937500e-03
-5.11412500e-08,3.31406250e-04,4.31250000e-03,3.10625000e-03
-5.11012500e-08,3.49218750e-04,4.05468750e-03,3.10937500e-03
-5.10612500e-08,3.65312500e-04,3.78125000e-03,3.11250000e-03
-5.10212500e-08,3.79375000e-04,3.50156250e-03,3.12187500e-03
-5.09812500e-08,3.90625000e-04,3.22500000e-03,3.12812500e-03
-5.09412500e-08,3.98906250e-04,2.95781250e-03,3.13750000e-03
-5.09012500e-08,4.03906250e-04,2.70625000e-03,3.14375000e-03
-5.08612500e-08,4.05625000e-04,2.47812500e-03,3.14687500e-03
-5.08212500e-08,4.04218750e-04,2.27656250e-03,3.14687500e-03
-5.07812500e-08,3.99843750e-04,2.10625000e-03,3.14375000e-03
-5.07412500e-08,3.92812500e-04,1.96875000e-03,3.13750000e-03
-5.07012500e-08,3.83750000e-04,1.86250000e-03,3.12500000e-03
-5.06612500e-08,3.73125000e-04,1.78750000e-03,3.11250000e-03
-5.06212500e-08,3.61562500e-04,1.74375000e-03,3.09687500e-03
-5.05812500e-08,3.49687500e-04,1.72500000e-03,3.07812500e-03
-5.05412500e-08,3.38281250e-04,1.72968750e-03,3.05937500e-03
-5.05012500e-08,3.27968750e-04,1.75156250e-03,3.04375000e-03
-5.04612500e-08,3.19062500e-04,1.78593750e-03,3.02812500e-03
-5.04212500e-08,3.12187500e-04,1.83125000e-03,3.01562500e-03
-5.03812500e-08,3.07656250e-04,1.87968750e-03,3.00937500e-03
-5.03412500e-08,3.05937500e-04,1.93125000e-03,3.00937500e-03
-5.03012500e-08,3.06875000e-04,1.98125000e-03,3.01562500e-03
-5.02612500e-08,3.10781250e-04,2.02812500e-03,3.02812500e-03
-5.02212500e-08,3.17343750e-04,2.07031250e-03,3.05000000e-03
-5.01812500e-08,3.26406250e-04,2.11093750e-03,3.07500000e-03
-5.01412500e-08,3.37968750e-04,2.14843750e-03,3.10937500e-03
-5.01012500e-08,3.51406250e-04,2.18437500e-03,3.14375000e-03
-5.00612500e-08,3.66562500e-04,2.22187500e-03,3.18437500e-03
-5.00212500e-08,3.82812500e-04,2.26250000e-03,3.22500000e-03
-4.99812500e-08,3.99843750e-04,2.31093750e-03,3.26562500e-03
-4.99412500e-08,4.17187500e-04,2.36718750e-03,3.30312500e-03
-4.99012500e-08,4.34375000e-04,2.43437500e-03,3.33437500e-03
-4.98612500e-08,4.51093750e-04,2.51250000e-03,3.35937500e-03
-4.98212500e-08,4.67031250e-04,2.60468750e-03,3.37812500e-03
-4.97812500e-08,4.81875000e-04,2.70937500e-03,3.38750000e-03
-4.97412500e-08,4.95312500e-04,2.82500000e-03,3.38437500e-03
-4.97012500e-08,5.07187500e-04,2.95156250e-03,3.37187500e-03
-4.96612500e-08,5.17343750e-04,3.08437500e-03,3.35000000e-03
-4.96212500e-08,5.25781250e-04,3.22187500e-03,3.31875000e-03
-4.95812500e-08,5.32500000e-04,3.35781250e-03,3.27500000e-03
-4.95412500e-08,5.37343750e-04,3.49062500e-03,3.22812500e-03
-4.95012500e-08,5.40312500e-04,3.61562500e-03,3.17500000e-03
-4.94612500e-08,5.41718750e-04,3.72656250e-03,3.11875000e-03
-4.94212500e-08,5.41406250e-04,3.82187500e-03,3.06562500e-03
-4.93812500e-08,5.39531250e-04,3.89843750e-03,3.00937500e-03
-4.93412500e-08,5.36250000e-04,3.95156250e-03,2.95937500e-03
-4.93012500e-08,5.31718750e-04,3.98125000e-03,2.91562500e-03
-4.92612500e-08,5.26093750e-04,3.98593750e-03,2.88125000e-03
-4.92212500e-08,5.19218750e-04,3.96718750e-03,2.85625000e-03
-4.91812500e-08,5.11718750e-04,3.92656250e-03,2.84062500e-03
-4.91412500e-08,5.03281250e-04,3.86406250e-03,2.83750000e-03
-4.91012500e-08,4.94375000e-04,3.78437500e-03,2.84687500e-03
-4.90612500e-08,4.85156250e-04,3.68906250e-03,2.86562500e-03
-4.90212500e-08,4.75625000e-04,3.58281250e-03,2.89375000e-03
-4.89812500e-08,4.66250000e-04,3.47187500e-03,2.92812500e-03
-4.89412500e-08,4.56875000e-04,3.35625000e-03,2.97187500e-03
-4.89012500e-08,4.48125000e-04,3.24218750e-03,3.01875000e-03
-4.88612500e-08,4.39843750e-04,3.13281250e-03,3.06562500e-03
-4.88212500e-08,4.32343750e-04,3.02968750e-03,3.11562500e-03
-4.87812500e-08,4.25937500e-04,2.93750000e-03,3.16250000e-03
-4.87412500e-08,4.20625000e-04,2.85468750e-03,3.20312500e-03
-4.87012500e-08,4.16562500e-04,2.78437500e-03,3.24062500e-03
-4.86612500e-08,4.13750000e-04,2.72656250e-03,3.26875000e-03
-4.86212500e-08,4.12500000e-04,2.67812500e-03,3.28750000e-03
-4.85812500e-08,4.12656250e-04,2.64062500e-03,3.30000000e-03
-4.85412500e-08,4.14375000e-04,2.61250000e-03,3.30312500e-03
-4.85012500e-08,4.17343750e-04,2.59062500e-03,3.30000000e-03
-4.84612500e-08,4.21718750e-04,2.57343750e-03,3.28750000e-03
-4.84212500e-08,4.27187500e-04,2.56093750e-03,3.27187500e-03
-4.83812500e-08,4.33750000e-04,2.55156250e-03,3.25000000e-03
-4.83412500e-08,4.41093750e-04,2.54218750e-03,3.22500000e-03
-4.83012500e-08,4.49062500e-04,2.53281250e-03,3.20000000e-03
-4.82612500e-08,4.57656250e-04,2.52343750e-03,3.17500000e-03
-4.82212500e-08,4.66250000e-04,2.51562500e-03,3.15625000e-03
-4.81812500e-08,4.75000000e-04,2.50625000e-03,3.13750000e-03
-4.81412500e-08,4.83593750e-04,2.50156250e-03,3.12500000e-03
-4.81012500e-08,4.91875000e-04,2.49687500e-03,3.12187500e-03
-4.80612500e-08,4.99687500e-04,2.49843750e-03,3.12187500e-03
-4.80212500e-08,5.06875000e-04,2.50468750e-03,3.13125000e-03
-4.79812500e-08,5.13437500e-04,2.51875000e-03,3.14687500e-03
-4.79412500e-08,5.19375000e-04,2.54062500e-03,3.17187500e-03
-4.79012500e-08,5.24531250e-04,2.57187500e-03,3.20000000e-03
-4.78612500e-08,5.28750000e-04,2.61093750e-03,3.23125000e-03
-4.78212500e-08,5.32343750e-04,2.65937500e-03,3.26875000e-03
-4.77812500e-08,5.35312500e-04,2.71562500e-03,3.30625000e-03
-4.77412500e-08,5.37500000e-04,2.77968750e-03,3.34375000e-03
-4.77012500e-08,5.39218750e-04,2.84843750e-03,3.38125000e-03
-4.76612500e-08,5.40312500e-04,2.92031250e-03,3.41875000e-03
-4.76212500e-08,5.40937500e-04,2.99375000e-03,3.45000000e-03
-4.75812500e-08,5.41093750e-04,3.06562500e-03,3.48125000e-03
-4.75412500e-08,5.40937500e-04,3.13437500e-03,3.50312500e-03
-4.75012500e-08,5.40312500e-04,3.19687500e-03,3.52500000e-03
-4.74612500e-08,5.39531250e-04,3.25156250e-03,3.53750000e-03
-4.74212500e-08,5.38437500e-04,3.29843750e-03,3.54687500e-03
-4.73812500e-08,5.37187500e-04,3.33437500e-03,3.55000000e-03
-4.73412500e-08,5.35781250e-04,3.35937500e-03,3.54687500e-03
-4.73012500e-08,5.34375000e-04,3.37343750e-03,3.54375000e-03
-4.72612500e-08,5.32812500e-04,3.37812500e-03,3.53437500e-03
-4.72212500e-08,5.31406250e-04,3.37343750e-03,3.52187500e-03
-4.71812500e-08,5.30000000e-04,3.36250000e-03,3.50937500e-03
-4.71412500e-08,5.28906250e-04,3.34531250e-03,3.49375000e-03
-4.71012500e-08,5.27968750e-04,3.32656250e-03,3.47812500e-03
-4.70612500e-08,5.27500000e-04,3.30625000e-03,3.46250000e-03
-4.70212500e-08,5.27500000e-04,3.28750000e-03,3.44687500e-03
-4.69812500e-08,5.27968750e-04,3.27031250e-03,3.42812500e-03
-4.69412500e-08,5.29062500e-04,3.25781250e-03,3.41250000e-03
-4.69012500e-08,5.30781250e-04,3.25156250e-03,3.39375000e-03
-4.68612500e-08,5.33125000e-04,3.25000000e-03,3.37500000e-03
-4.68212500e-08,5.36093750e-04,3.25468750e-03,3.35625000e-03
-4.67812500e-08,5.39687500e-04,3.26406250e-03,3.33750000e-03
-4.67412500e-08,5.43593750e-04,3.27500000e-03,3.31875000e-03
-4.67012500e-08,5.47812500e-04,3.28906250e-03,3.29687500e-03
-4.66612500e-08,5.52187500e-04,3.30312500e-03,3.27187500e-03
-4.66212500e-08,5.56562500e-04,3.31406250e-03,3.25000000e-03
-4.65812500e-08,5.60625000e-04,3.32031250e-03,3.22187500e-03
-4.65412500e-08,5.64218750e-04,3.31875000e-03,3.19687500e-03
-4.65012500e-08,5.66875000e-04,3.30937500e-03,3.17187500e-03
-4.64612500e-08,5.68750000e-04,3.28906250e-03,3.14687500e-03
-4.64212500e-08,5.69218750e-04,3.25625000e-03,3.12187500e-03
-4.63812500e-08,5.68281250e-04,3.21406250e-03,3.10000000e-03
-4.63412500e-08,5.65781250e-04,3.15937500e-03,3.07812500e-03
-4.63012500e-08,5.61718750e-04,3.09375000e-03,3.06250000e-03
-4.62612500e-08,5.55937500e-04,3.02187500e-03,3.05312500e-03
-4.62212500e-08,5.48437500e-04,2.94218750e-03,3.04687500e-03
-4.61812500e-08,5.39375000e-04,2.86093750e-03,3.04375000e-03
-4.61412500e-08,5.28906250e-04,2.77968750e-03,3.05000000e-03
-4.61012500e-08,5.17343750e-04,2.70156250e-03,3.06250000e-03
-4.60612500e-08,5.05000000e-04,2.63125000e-03,3.07812500e-03
-4.60212500e-08,4.92187500e-04,2.57031250e-03,3.10312500e-03
-4.59812500e-08,4.79062500e-04,2.52343750e-03,3.13125000e-03
-4.59412500e-08,4.66250000e-04,2.49218750e-03,3.16562500e-03
-4.59012500e-08,4.54062500e-04,2.47812500e-03,3.20000000e-03
-4.58612500e-08,4.42812500e-04,2.48125000e-03,3.24062500e-03
-4.58212500e-08,4.32968750e-04,2.50312500e-03,3.28125000e-03
-4.57812500e-08,4.24687500e-04,2.54062500e-03,3.31875000e-03
-4.57412500e-08,4.18281250e-04,2.59531250e-03,3.35625000e-03
-4.57012500e-08,4.13750000e-04,2.66406250e-03,3.39062500e-03
-4.56612500e-08,4.11250000e-04,2.74218750e-03,3.41875000e-03
-4.56212500e-08,4.10625000e-04,2.82656250e-03,3.44062500e-03
-4.55812500e-08,4.12031250e-04,2.91562500e-03,3.45312500e-03
-4.55412500e-08,4.15000000e-04,3.00312500e-03,3.45937500e-03
-4.55012500e-08,4.19375000e-04,3.08750000e-03,3.45937500e-03
-4.54612500e-08,4.24687500e-04,3.16250000e-03,3.44687500e-03
-4.54212500e-08,4.30781250e-04,3.22812500e-03,3.42500000e-03
-4.53812500e-08,4.37187500e-04,3.27968750e-03,3.39687500e-03
-4.53412500e-08,4.43437500e-04,3.31562500e-03,3.36250000e-03
-4.53012500e-08,4.48906250e-04,3.33593750e-03,3.32187500e-03
-4.52612500e-08,4.53593750e-04,3.34062500e-03,3.27500000e-03
-4.52212500e-08,4.56875000e-04,3.32968750e-03,3.22500000e-03
-4.51812500e-08,4.58437500e-04,3.30468750e-03,3.17500000e-03
-4.51412500e-08,4.58281250e-04,3.26718750e-03,3.12812500e-03
-4.51012500e-08,4.55937500e-04,3.21875000e-03,3.08125000e-03
-4.50612500e-08,4.51562500e-04,3.16562500e-03,3.04062500e-03
-4.50212500e-08,4.45000000e-04,3.10781250e-03,3.00625000e-03
-4.49812500e-08,4.36562500e-04,3.05000000e-03,2.97812500e-03
-4.49412500e-08,4.26250000e-04,2.99531250e-03,2.96250000e-03
-4.49012500e-08,4.14375000e-04,2.94687500e-03,2.95625000e-03
-4.48612500e-08,4.01250000e-04,2.90625000e-03,2.95937500e-03
-4.48212500e-08,3.87343750e-04,2.87500000e-03,2.97187500e-03
-4.47812500e-08,3.72812500e-04,2.85625000e-03,2.99375000e-03
-4.47412500e-08,3.58281250e-04,2.84687500e-03,3.02812500e-03
-4.47012500e-08,3.44218750e-04,2.85156250e-03,3.06875000e-03
-4.46612500e-08,3.30937500e-04,2.86562500e-03,3.11562500e-03
-4.46212500e-08,3.18750000e-04,2.88906250e-03,3.16562500e-03
-4.45812500e-08,3.08281250e-04,2.91875000e-03,3.21875000e-03
-4.45412500e-08,2.99843750e-04,2.95468750e-03,3.27500000e-03
-4.45012500e-08,2.93437500e-04,2.99218750e-03,3.32500000e-03
-4.44612500e-08,2.89531250e-04,3.03125000e-03,3.37500000e-03
-4.44212500e-08,2.88125000e-04,3.06562500e-03,3.41562500e-03
-4.43812500e-08,2.89375000e-04,3.09531250e-03,3.45312500e-03
-4.43412500e-08,2.93281250e-04,3.11875000e-03,3.47812500e-03
-4.43012500e-08,2.99687500e-04,3.13125000e-03,3.49375000e-03
-4.42612500e-08,3.08281250e-04,3.13437500e-03,3.50312500e-03
-4.42212500e-08,3.19218750e-04,3.12656250e-03,3.50000000e-03
-4.41812500e-08,3.31875000e-04,3.10625000e-03,3.48750000e-03
-4.41412500e-08,3.45937500e-04,3.07812500e-03,3.46562500e-03
-4.41012500e-08,3.61093750e-04,3.03906250e-03,3.43750000e-03
-4.40612500e-08,3.76875000e-04,2.99218750e-03,3.40625000e-03
-4.40212500e-08,3.92812500e-04,2.94062500e-03,3.36875000e-03
-4.39812500e-08,4.08437500e-04,2.88593750e-03,3.33125000e-03
-4.39412500e-08,4.23281250e-04,2.82968750e-03,3.29375000e-03
-4.39012500e-08,4.36562500e-04,2.77500000e-03,3.25937500e-03
-4.38612500e-08,4.48281250e-04,2.72656250e-03,3.22812500e-03
-4.38212500e-08,4.57656250e-04,2.68281250e-03,3.20625000e-03
-4.37812500e-08,4.64375000e-04,2.64843750e-03,3.19062500e-03
-4.37412500e-08,4.68125000e-04,2.62500000e-03,3.18437500e-03
-4.37012500e-08,4.68906250e-04,2.61406250e-03,3.18750000e-03
-4.36612500e-08,4.66250000e-04,2.61406250e-03,3.20000000e-03
-4.36212500e-08,4.60312500e-04,2.62656250e-03,3.22187500e-03
-4.35812500e-08,4.51250000e-04,2.65156250e-03,3.25312500e-03
-4.35412500e-08,4.38906250e-04,2.68906250e-03,3.28750000e-03
-4.35012500e-08,4.23906250e-04,2.73593750e-03,3.33125000e-03
-4.34612500e-08,4.06562500e-04,2.79062500e-03,3.37812500e-03
-4.34212500e-08,3.87343750e-04,2.85156250e-03,3.42500000e-03
-4.33812500e-08,3.66718750e-04,2.91562500e-03,3.47187500e-03
-4.33412500e-08,3.45468750e-04,2.98281250e-03,3.51562500e-03
-4.33012500e-08,3.24218750e-04,3.04843750e-03,3.55625000e-03
-4.32612500e-08,3.03750000e-04,3.11093750e-03,3.58750000e-03
-4.32212500e-08,2.84687500e-04,3.16718750e-03,3.61250000e-03
-4.31812500e-08,2.67812500e-04,3.21718750e-03,3.62812500e-03
-4.31412500e-08,2.53437500e-04,3.25937500e-03,3.63125000e-03
-4.31012500e-08,2.42500000e-04,3.29062500e-03,3.62812500e-03
-4.30612500e-08,2.35156250e-04,3.31093750e-03,3.61250000e-03
-4.30212500e-08,2.31718750e-04,3.32187500e-03,3.58437500e-03
-4.29812500e-08,2.32343750e-04,3.32031250e-03,3.55000000e-03
-4.29412500e-08,2.37187500e-04,3.31093750e-03,3.50937500e-03
-4.29012500e-08,2.45937500e-04,3.29062500e-03,3.46250000e-03
-4.28612500e-08,2.58437500e-04,3.26406250e-03,3.41250000e-03
-4.28212500e-08,2.74062500e-04,3.23125000e-03,3.35937500e-03
-4.27812500e-08,2.92343750e-04,3.19531250e-03,3.30625000e-03
-4.27412500e-08,3.12656250e-04,3.15781250e-03,3.25312500e-03
-4.27012500e-08,3.34218750e-04,3.11875000e-03,3.20625000e-03
-4.26612500e-08,3.56250000e-04,3.08125000e-03,3.16562500e-03
-4.26212500e-08,3.77812500e-04,3.04843750e-03,3.13125000e-03
-4.25812500e-08,3.98281250e-04,3.02187500e-03,3.10312500e-03
-4.25412500e-08,4.16875000e-04,3.00000000e-03,3.08437500e-03
-4.25012500e-08,4.32968750e-04,2.98593750e-03,3.07500000e-03
-4.24612500e-08,4.45937500e-04,2.97812500e-03,3.07500000e-03
-4.24212500e-08,4.55468750e-04,2.97968750e-03,3.08437500e-03
-4.23812500e-08,4.61250000e-04,2.98906250e-03,3.10000000e-03
-4.23412500e-08,4.63281250e-04,3.00468750e-03,3.12187500e-03
-4.23012500e-08,4.61406250e-04,3.02812500e-03,3.14687500e-03
-4.22612500e-08,4.55781250e-04,3.05468750e-03,3.17812500e-03
-4.22212500e-08,4.47031250e-04,3.08437500e-03,3.21250000e-03
-4.21812500e-08,4.35468750e-04,3.11718750e-03,3.24687500e-03
-4.21412500e-08,4.21562500e-04,3.14843750e-03,3.27812500e-03
-4.21012500e-08,4.06093750e-04,3.17968750e-03,3.30937500e-03
-4.20612500e-08,3.89531250e-04,3.20625000e-03,3.33750000e-03
-4.20212500e-08,3.72656250e-04,3.22968750e-03,3.35937500e-03
-4.19812500e-08,3.55937500e-04,3.24687500e-03,3.37812500e-03
-4.19412500e-08,3.40156250e-04,3.25781250e-03,3.39062500e-03
-4.19012500e-08,3.25781250e-04,3.26093750e-03,3.39375000e-03
-4.18612500e-08,3.13281250e-04,3.25781250e-03,3.39375000e-03
-4.18212500e-08,3.02812500e-04,3.24531250e-03,3.38750000e-03
-4.17812500e-08,2.94687500e-04,3.22812500e-03,3.37500000e-03
-4.17412500e-08,2.89062500e-04,3.20312500e-03,3.35937500e-03
-4.17012500e-08,2.86093750e-04,3.17500000e-03,3.33750000e-03
-4.16612500e-08,2.85312500e-04,3.14218750e-03,3.31250000e-03
-4.16212500e-08,2.86875000e-04,3.10625000e-03,3.28750000e-03
-4.15812500e-08,2.90468750e-04,3.07031250e-03,3.25937500e-03
-4.15412500e-08,2.95937500e-04,3.03593750e-03,3.23437500e-03
-4.15012500e-08,3.02812500e-04,3.00156250e-03,3.20937500e-03
-4.14612500e-08,3.11093750e-04,2.97187500e-03,3.18750000e-03
-4.14212500e-08,3.20156250e-04,2.94687500e-03,3.16562500e-03
-4.13812500e-08,3.30156250e-04,2.92656250e-03,3.15000000e-03
-4.13412500e-08,3.40625000e-04,2.91250000e-03,3.13750000e-03
-4.13012500e-08,3.51718750e-04,2.90625000e-03,3.13125000e-03
-4.12612500e-08,3.63125000e-04,2.90468750e-03,3.12812500e-03
-4.12212500e-08,3.74843750e-04,2.90937500e-03,3.12812500e-03
-4.11812500e-08,3.86875000e-04,2.92031250e-03,3.13437500e-03
-4.11412500e-08,3.99375000e-04,2.93750000e-03,3.14375000e-03
-4.11012500e-08,4.12187500e-04,2.95781250e-03,3.15937500e-03
-4.10612500e-08,4.25468750e-04,2.98125000e-03,3.17500000e-03
-4.10212500e-08,4.39218750e-04,3.00625000e-03,3.19375000e-03
-4.09812500e-08,4.53281250e-04,3.03281250e-03,3.21562500e-03
-4.09412500e-08,4.67812500e-04,3.06093750e-03,3.23750000e-03
-4.09012500e-08,4.82656250e-04,3.08750000e-03,3.25937500e-03
-4.08612500e-08,4.97500000e-04,3.11250000e-03,3.28125000e-03
-4.08212500e-08,5.12031250e-04,3.13593750e-03,3.30000000e-03
-4.07812500e-08,5.26250000e-04,3.15781250e-03,3.31875000e-03
-4.07412500e-08,5.39843750e-04,3.17656250e-03,3.33125000e-03
-4.07012500e-08,5.52187500e-04,3.19375000e-03,3.34375000e-03
-4.06612500e-08,5.63125000e-04,3.20937500e-03,3.35312500e-03
-4.06212500e-08,5.72187500e-04,3.22187500e-03,3.35625000e-03
-4.05812500e-08,5.79218750e-04,3.23437500e-03,3.35625000e-03
-4.05412500e-08,5.83906250e-04,3.24687500e-03,3.35312500e-03
-4.05012500e-08,5.85937500e-04,3.25625000e-03,3.34687500e-03
-4.04612500e-08,5.85468750e-04,3.26718750e-03,3.33437500e-03
-4.04212500e-08,5.82187500e-04,3.27812500e-03,3.32187500e-03
-4.03812500e-08,5.76562500e-04,3.28906250e-03,3.30625000e-03
-4.03412500e-08,5.68437500e-04,3.30156250e-03,3.28750000e-03
-4.03012500e-08,5.58437500e-04,3.31250000e-03,3.26875000e-03
-4.02612500e-08,5.46718750e-04,3.32187500e-03,3.25000000e-03
-4.02212500e-08,5.33750000e-04,3.33125000e-03,3.23125000e-03
-4.01812500e-08,5.20312500e-04,3.33906250e-03,3.21250000e-03
-4.01412500e-08,5.06875000e-04,3.34375000e-03,3.19687500e-03
-4.01012500e-08,4.93750000e-04,3.34531250e-03,3.18437500e-03
-4.00612500e-08,4.81718750e-04,3.34375000e-03,3.17187500e-03
-4.00212500e-08,4.71250000e-04,3.33750000e-03,3.16562500e-03
-3.99812500e-08,4.62656250e-04,3.32500000e-03,3.15937500e-03
-3.99412500e-08,4.56250000e-04,3.30937500e-03,3.15937500e-03
-3.99012500e-08,4.52187500e-04,3.28593750e-03,3.15937500e-03
-3.98612500e-08,4.50625000e-04,3.25937500e-03,3.16250000e-03
-3.98212500e-08,4.51406250e-04,3.22656250e-03,3.16875000e-03
-3.97812500e-08,4.54375000e-04,3.18906250e-03,3.17812500e-03
-3.97412500e-08,4.59218750e-04,3.15000000e-03,3.18750000e-03
-3.97012500e-08,4.65625000e-04,3.10937500e-03,3.19687500e-03
-3.96612500e-08,4.72968750e-04,3.06562500e-03,3.20625000e-03
-3.96212500e-08,4.80781250e-04,3.02500000e-03,3.21562500e-03
-3.95812500e-08,4.88593750e-04,2.98593750e-03,3.22187500e-03
-3.95412500e-08,4.95781250e-04,2.95000000e-03,3.22500000e-03
-3.95012500e-08,5.01875000e-04,2.91875000e-03,3.22812500e-03
-3.94612500e-08,5.06406250e-04,2.89375000e-03,3.22812500e-03
-3.94212500e-08,5.09062500e-04,2.87656250e-03,3.22500000e-03
-3.93812500e-08,5.09843750e-04,2.86718750e-03,3.21875000e-03
-3.93412500e-08,5.08125000e-04,2.86406250e-03,3.21250000e-03
-3.93012500e-08,5.04531250e-04,2.87031250e-03,3.20312500e-03
-3.92612500e-08,4.98750000e-04,2.88437500e-03,3.19062500e-03
-3.92212500e-08,4.91093750e-04,2.90468750e-03,3.18125000e-03
-3.91812500e-08,4.82187500e-04,2.93125000e-03,3.16875000e-03
-3.91412500e-08,4.72343750e-04,2.96250000e-03,3.16250000e-03
-3.91012500e-08,4.62031250e-04,2.99687500e-03,3.15312500e-03
-3.90612500e-08,4.51718750e-04,3.03437500e-03,3.15000000e-03
-3.90212500e-08,4.42187500e-04,3.07187500e-03,3.15312500e-03
-3.89812500e-08,4.33593750e-04,3.10937500e-03,3.15937500e-03
-3.89412500e-08,4.26718750e-04,3.14531250e-03,3.16875000e-03
-3.89012500e-08,4.21718750e-04,3.17656250e-03,3.18437500e-03
-3.88612500e-08,4.18906250e-04,3.20468750e-03,3.20625000e-03
-3.88212500e-08,4.18437500e-04,3.22812500e-03,3.23125000e-03
-3.87812500e-08,4.20312500e-04,3.24531250e-03,3.25937500e-03
-3.87412500e-08,4.24375000e-04,3.25937500e-03,3.29062500e-03
-3.87012500e-08,4.30468750e-04,3.26562500e-03,3.32500000e-03
-3.86612500e-08,4.38125000e-04,3.26875000e-03,3.35937500e-03
-3.86212500e-08,4.47031250e-04,3.26875000e-03,3.39375000e-03
-3.85812500e-08,4.56718750e-04,3.26406250e-03,3.42500000e-03
-3.85412500e-08,4.66562500e-04,3.25781250e-03,3.45000000e-03
-3.85012500e-08,4.76093750e-04,3.24843750e-03,3.47187500e-03
-3.84612500e-08,4.84687500e-04,3.24062500e-03,3.48437500e-03
-3.84212500e-08,4.92031250e-04,3.23125000e-03,3.49062500e-03
-3.83812500e-08,4.97656250e-04,3.22187500e-03,3.48437500e-03
-3.83412500e-08,5.01093750e-04,3.21562500e-03,3.47187500e-03
-3.83012500e-08,5.02187500e-04,3.20937500e-03,3.45000000e-03
-3.82612500e-08,5.01093750e-04,3.20468750e-03,3.41562500e-03
-3.82212500e-08,4.97500000e-04,3.20156250e-03,3.37500000e-03
-3.81812500e-08,4.91718750e-04,3.20000000e-03,3.32500000e-03
-3.81412500e-08,4.83906250e-04,3.19687500e-03,3.27187500e-03
-3.81012500e-08,4.74531250e-04,3.19531250e-03,3.21250000e-03
-3.80612500e-08,4.63906250e-04,3.19218750e-03,3.15000000e-03
-3.80212500e-08,4.52343750e-04,3.18750000e-03,3.08750000e-03
-3.79812500e-08,4.40468750e-04,3.18125000e-03,3.02812500e-03
-3.79412500e-08,4.28593750e-04,3.17187500e-03,2.97500000e-03
-3.79012500e-08,4.17343750e-04,3.15937500e-03,2.92812500e-03
-3.78612500e-08,4.06718750e-04,3.14375000e-03,2.88750000e-03
-3.78212500e-08,3.97343750e-04,3.12500000e-03,2.85937500e-03
-3.77812500e-08,3.89062500e-04,3.10156250e-03,2.84375000e-03
-3.77412500e-08,3.82343750e-04,3.07656250e-03,2.84062500e-03
-3.77012500e-08,3.76718750e-04,3.04843750e-03,2.85312500e-03
-3.76612500e-08,3.72500000e-04,3.01875000e-03,2.87812500e-03
-3.76212500e-08,3.69218750e-04,2.98906250e-03,2.91562500e-03
-3.75812500e-08,3.66562500e-04,2.95937500e-03,2.96562500e-03
-3.75412500e-08,3.64375000e-04,2.92968750e-03,3.02500000e-03
-3.75012500e-08,3.62031250e-04,2.90156250e-03,3.09687500e-03
-3.74612500e-08,3.59531250e-04,2.87812500e-03,3.17187500e-03
-3.74212500e-08,3.56093750e-04,2.85625000e-03,3.25312500e-03
-3.73812500e-08,3.51718750e-04,2.84062500e-03,3.33437500e-03
-3.73412500e-08,3.45937500e-04,2.82812500e-03,3.41875000e-03
-3.73012500e-08,3.38750000e-04,2.82031250e-03,3.49687500e-03
-3.72612500e-08,3.30000000e-04,2.81718750e-03,3.56875000e-03
-3.72212500e-08,3.19687500e-04,2.82031250e-03,3.63437500e-03
-3.71812500e-08,3.07968750e-04,2.82656250e-03,3.68750000e-03
-3.71412500e-08,2.95000000e-04,2.83593750e-03,3.73125000e-03
-3.71012500e-08,2.81250000e-04,2.84843750e-03,3.76250000e-03
-3.70612500e-08,2.67187500e-04,2.86406250e-03,3.78125000e-03
-3.70212500e-08,2.53125000e-04,2.88281250e-03,3.78437500e-03
-3.69812500e-08,2.39687500e-04,2.90000000e-03,3.77812500e-03
-3.69412500e-08,2.27343750e-04,2.91875000e-03,3.75625000e-03
-3.69012500e-08,2.16562500e-04,2.93750000e-03,3.72187500e-03
-3.68612500e-08,2.07968750e-04,2.95625000e-03,3.67812500e-03
-3.68212500e-08,2.01718750e-04,2.97343750e-03,3.62812500e-03
-3.67812500e-08,1.98437500e-04,2.98906250e-03,3.56875000e-03
-3.67412500e-08,1.97968750e-04,3.00468750e-03,3.50312500e-03
-3.67012500e-08,2.00625000e-04,3.01875000e-03,3.43750000e-03
-3.66612500e-08,2.06250000e-04,3.03281250e-03,3.36875000e-03
-3.66212500e-08,2.14843750e-04,3.04687500e-03,3.30000000e-03
-3.65812500e-08,2.26093750e-04,3.05937500e-03,3.23437500e-03
-3.65412500e-08,2.39375000e-04,3.07187500e-03,3.17187500e-03
-3.65012500e-08,2.54687500e-04,3.08593750e-03,3.11562500e-03
-3.64612500e-08,2.71093750e-04,3.10000000e-03,3.06562500e-03
-3.64212500e-08,2.88281250e-04,3.11562500e-03,3.02187500e-03
-3.63812500e-08,3.05468750e-04,3.13125000e-03,2.98437500e-03
-3.63412500e-08,3.22187500e-04,3.14843750e-03,2.95625000e-03
-3.63012500e-08,3.37968750e-04,3.16406250e-03,2.93437500e-03
-3.62612500e-08,3.52187500e-04,3.18125000e-03,2.92187500e-03
-3.62212500e-08,3.64531250e-04,3.19687500e-03,2.91562500e-03
-3.61812500e-08,3.74687500e-04,3.21250000e-03,2.91875000e-03
-3.61412500e-08,3.82500000e-04,3.22500000e-03,2.92812500e-03
-3.61012500e-08,3.87812500e-04,3.23750000e-03,2.94062500e-03
-3.60612500e-08,3.90781250e-04,3.24531250e-03,2.96250000e-03
-3.60212500e-08,3.91406250e-04,3.25000000e-03,2.99062500e-03
-3.59812500e-08,3.90000000e-04,3.25156250e-03,3.01875000e-03
-3.59412500e-08,3.86875000e-04,3.24687500e-03,3.05625000e-03
-3.59012500e-08,3.82500000e-04,3.24062500e-03,3.09375000e-03
-3.58612500e-08,3.77031250e-04,3.22812500e-03,3.13437500e-03
-3.58212500e-08,3.71250000e-04,3.21250000e-03,3.17812500e-03
-3.57812500e-08,3.65468750e-04,3.19218750e-03,3.22500000e-03
-3.57412500e-08,3.60156250e-04,3.16875000e-03,3.26875000e-03
-3.57012500e-08,3.55468750e-04,3.14375000e-03,3.31562500e-03
-3.56612500e-08,3.51875000e-04,3.11562500e-03,3.35937500e-03
-3.56212500e-08,3.49687500e-04,3.08750000e-03,3.40312500e-03
-3.55812500e-08,3.48906250e-04,3.05781250e-03,3.44687500e-03
-3.55412500e-08,3.49687500e-04,3.02968750e-03,3.48437500e-03
-3.55012500e-08,3.52031250e-04,3.00312500e-03,3.51875000e-03
-3.54612500e-08,3.55781250e-04,2.97812500e-03,3.54687500e-03
-3.54212500e-08,3.60781250e-04,2.95625000e-03,3.56875000e-03
-3.53812500e-08,3.66718750e-04,2.93906250e-03,3.58437500e-03
-3.53412500e-08,3.73437500e-04,2.92500000e-03,3.59062500e-03
-3.53012500e-08,3.80468750e-04,2.91562500e-03,3.59062500e-03
-3.52612500e-08,3.87656250e-04,2.91093750e-03,3.58437500e-03
-3.52212500e-08,3.94531250e-04,2.90937500e-03,3.56875000e-03
-3.51812500e-08,4.00781250e-04,2.91406250e-03,3.54375000e-03
-3.51412500e-08,4.06093750e-04,2.92031250e-03,3.51250000e-03
-3.51012500e-08,4.10312500e-04,2.93125000e-03,3.47500000e-03
-3.50612500e-08,4.13437500e-04,2.94687500e-03,3.43125000e-03
-3.50212500e-08,4.15000000e-04,2.96250000e-03,3.38437500e-03
-3.49812500e-08,4.15312500e-04,2.98125000e-03,3.33437500e-03
-3.49412500e-08,4.14218750e-04,3.00156250e-03,3.28125000e-03
-3.49012500e-08,4.11718750e-04,3.02343750e-03,3.23125000e-03
-3.48612500e-08,4.08125000e-04,3.04531250e-03,3.18125000e-03
-3.48212500e-08,4.03593750e-04,3.06718750e-03,3.13750000e-03
-3.47812500e-08,3.98281250e-04,3.08750000e-03,3.10000000e-03
-3.47412500e-08,3.92656250e-04,3.10781250e-03,3.06875000e-03
-3.47012500e-08,3.86718750e-04,3.12812500e-03,3.04375000e-03
-3.46612500e-08,3.80937500e-04,3.14531250e-03,3.02812500e-03
-3.46212500e-08,3.75312500e-04,3.16250000e-03,3.02500000e-03
-3.45812500e-08,3.70468750e-04,3.17656250e-03,3.02812500e-03
-3.45412500e-08,3.66250000e-04,3.19062500e-03,3.04375000e-03
-3.45012500e-08,3.62968750e-04,3.20156250e-03,3.06562500e-03
-3.44612500e-08,3.60781250e-04,3.21093750e-03,3.09687500e-03
-3.44212500e-08,3.59843750e-04,3.21875000e-03,3.13125000e-03
-3.43812500e-08,3.59843750e-04,3.22500000e-03,3.17187500e-03
-3.43412500e-08,3.61093750e-04,3.22968750e-03,3.21562500e-03
-3.43012500e-08,3.63281250e-04,3.23125000e-03,3.26250000e-03
-3.42612500e-08,3.66406250e-04,3.23281250e-03,3.30312500e-03
-3.42212500e-08,3.70312500e-04,3.23125000e-03,3.34375000e-03
-3.41812500e-08,3.74843750e-04,3.22812500e-03,3.37812500e-03
-3.41412500e-08,3.79843750e-04,3.22187500e-03,3.40625000e-03
-3.41012500e-08,3.84843750e-04,3.21562500e-03,3.42812500e-03
-3.40612500e-08,3.90000000e-04,3.20625000e-03,3.44062500e-03
-3.40212500e-08,3.94843750e-04,3.19531250e-03,3.44375000e-03
-3.39812500e-08,3.99062500e-04,3.18125000e-03,3.43437500e-03
-3.39412500e-08,4.02812500e-04,3.16562500e-03,3.41875000e-03
-3.39012500e-08,4.05625000e-04,3.15000000e-03,3.39687500e-03
-3.38612500e-08,4.07500000e-04,3.13125000e-03,3.36562500e-03
-3.38212500e-08,4.08281250e-04,3.11093750e-03,3.33125000e-03
-3.37812500e-08,4.07812500e-04,3.08906250e-03,3.29375000e-03
-3.37412500e-08,4.05937500e-04,3.06718750e-03,3.25312500e-03
-3.37012500e-08,4.02968750e-04,3.04375000e-03,3.21250000e-03
-3.36612500e-08,3.98750000e-04,3.02031250e-03,3.17500000e-03
-3.36212500e-08,3.93125000e-04,2.99843750e-03,3.14375000e-03
-3.35812500e-08,3.86562500e-04,2.97500000e-03,3.11562500e-03
-3.35412500e-08,3.79062500e-04,2.95468750e-03,3.09687500e-03
-3.35012500e-08,3.70625000e-04,2.93593750e-03,3.08437500e-03
-3.34612500e-08,3.61718750e-04,2.92031250e-03,3.08437500e-03
-3.34212500e-08,3.52343750e-04,2.90625000e-03,3.09062500e-03
-3.33812500e-08,3.42812500e-04,2.89687500e-03,3.10312500e-03
-3.33412500e-08,3.33593750e-04,2.89062500e-03,3.12500000e-03
-3.33012500e-08,3.24531250e-04,2.88906250e-03,3.15625000e-03
-3.32612500e-08,3.16250000e-04,2.89218750e-03,3.19062500e-03
-3.32212500e-08,3.08906250e-04,2.89843750e-03,3.22812500e-03
-3.31812500e-08,3.02812500e-04,2.90937500e-03,3.26562500e-03
-3.31412500e-08,2.97968750e-04,2.92500000e-03,3.30625000e-03
-3.31012500e-08,2.94687500e-04,2.94531250e-03,3.34375000e-03
-3.30612500e-08,2.93125000e-04,2.96875000e-03,3.37500000e-03
-3.30212500e-08,2.93281250e-04,2.99375000e-03,3.40312500e-03
-3.29812500e-08,2.95312500e-04,3.02031250e-03,3.42500000e-03
-3.29412500e-08,2.99062500e-04,3.04843750e-03,3.44062500e-03
-3.29012500e-08,3.04531250e-04,3.07656250e-03,3.44687500e-03
-3.28612500e-08,3.11562500e-04,3.10312500e-03,3.45000000e-03
-3.28212500e-08,3.19843750e-04,3.12656250e-03,3.44375000e-03
-3.27812500e-08,3.29375000e-04,3.14531250e-03,3.43125000e-03
-3.27412500e-08,3.39687500e-04,3.16093750e-03,3.41562500e-03
-3.27012500e-08,3.50468750e-04,3.17187500e-03,3.39687500e-03
-3.26612500e-08,3.61406250e-04,3.17500000e-03,3.37500000e-03
-3.26212500e-08,3.72187500e-04,3.17187500e-03,3.35625000e-03
-3.25812500e-08,3.82343750e-04,3.16250000e-03,3.33750000e-03
-3.25412500e-08,3.91875000e-04,3.14531250e-03,3.32500000e-03
-3.25012500e-08,4.00156250e-04,3.12187500e-03,3.31250000e-03
-3.24612500e-08,4.07031250e-04,3.09375000e-03,3.30937500e-03
-3.24212500e-08,4.12187500e-04,3.06093750e-03,3.30937500e-03
-3.23812500e-08,4.15781250e-04,3.02500000e-03,3.31562500e-03
-3.23412500e-08,4.17500000e-04,2.98750000e-03,3.32812500e-03
-3.23012500e-08,4.17343750e-04,2.94843750e-03,3.34687500e-03
-3.22612500e-08,4.15625000e-04,2.91250000e-03,3.36875000e-03
-3.22212500e-08,4.12031250e-04,2.88125000e-03,3.39375000e-03
-3.21812500e-08,4.07187500e-04,2.85468750e-03,3.41562500e-03
-3.21412500e-08,4.01093750e-04,2.83437500e-03,3.44062500e-03
-3.21012500e-08,3.94062500e-04,2.82343750e-03,3.45937500e-03
-3.20612500e-08,3.86250000e-04,2.82187500e-03,3.47187500e-03
-3.20212500e-08,3.78281250e-04,2.82968750e-03,3.48125000e-03
-3.19812500e-08,3.70312500e-04,2.84843750e-03,3.48125000e-03
-3.19412500e-08,3.62812500e-04,2.87656250e-03,3.46875000e-03
-3.19012500e-08,3.55781250e-04,2.91406250e-03,3.45000000e-03
-3.18612500e-08,3.49687500e-04,2.95937500e-03,3.42187500e-03
-3.18212500e-08,3.44687500e-04,3.01250000e-03,3.38125000e-03
-3.17812500e-08,3.40781250e-04,3.06875000e-03,3.33437500e-03
-3.17412500e-08,3.38437500e-04,3.12812500e-03,3.27812500e-03
-3.17012500e-08,3.37343750e-04,3.18750000e-03,3.21875000e-03
-3.16612500e-08,3.37812500e-04,3.24375000e-03,3.15312500e-03
-3.16212500e-08,3.39375000e-04,3.29375000e-03,3.08750000e-03
-3.15812500e-08,3.42343750e-04,3.33750000e-03,3.02500000e-03
-3.15412500e-08,3.46093750e-04,3.37031250e-03,2.96562500e-03
-3.15012500e-08,3.50937500e-04,3.39218750e-03,2.91562500e-03
-3.14612500e-08,3.56250000e-04,3.40156250e-03,2.87187500e-03
-3.14212500e-08,3.61875000e-04,3.39843750e-03,2.83750000e-03
-3.13812500e-08,3.67500000e-04,3.37968750e-03,2.81562500e-03
-3.13412500e-08,3.73125000e-04,3.34843750e-03,2.80625000e-03
-3.13012500e-08,3.78125000e-04,3.30625000e-03,2.80937500e-03
-3.12612500e-08,3.82500000e-04,3.25156250e-03,2.82500000e-03
-3.12212500e-08,3.86093750e-04,3.19062500e-03,2.85312500e-03
-3.11812500e-08,3.88437500e-04,3.12343750e-03,2.89062500e-03
-3.11412500e-08,3.89531250e-04,3.05156250e-03,2.93750000e-03
-3.11012500e-08,3.89218750e-04,2.98125000e-03,2.99062500e-03
-3.10612500e-08,3.87500000e-04,2.91406250e-03,3.05000000e-03
-3.10212500e-08,3.84062500e-04,2.85156250e-03,3.10937500e-03
-3.09812500e-08,3.79062500e-04,2.79843750e-03,3.16875000e-03
-3.09412500e-08,3.72343750e-04,2.75468750e-03,3.22187500e-03
-3.09012500e-08,3.64218750e-04,2.72343750e-03,3.27187500e-03
-3.08612500e-08,3.54375000e-04,2.70625000e-03,3.31562500e-03
-3.08212500e-08,3.43281250e-04,2.70312500e-03,3.35000000e-03
-3.07812500e-08,3.30937500e-04,2.71406250e-03,3.37187500e-03
-3.07412500e-08,3.17500000e-04,2.73750000e-03,3.38750000e-03
-3.07012500e-08,3.03281250e-04,2.77343750e-03,3.39062500e-03
-3.06612500e-08,2.88437500e-04,2.81875000e-03,3.38125000e-03
-3.06212500e-08,2.73281250e-04,2.87187500e-03,3.36562500e-03
-3.05812500e-08,2.58125000e-04,2.93125000e-03,3.34062500e-03
-3.05412500e-08,2.43281250e-04,2.99218750e-03,3.30937500e-03
-3.05012500e-08,2.29218750e-04,3.05156250e-03,3.27187500e-03
-3.04612500e-08,2.16093750e-04,3.10781250e-03,3.23125000e-03
-3.04212500e-08,2.04531250e-04,3.15937500e-03,3.19062500e-03
-3.03812500e-08,1.94687500e-04,3.20156250e-03,3.15000000e-03
-3.03412500e-08,1.87031250e-04,3.23437500e-03,3.10937500e-03
-3.03012500e-08,1.81718750e-04,3.25625000e-03,3.07187500e-03
-3.02612500e-08,1.78906250e-04,3.26562500e-03,3.04062500e-03
-3.02212500e-08,1.79062500e-04,3.26250000e-03,3.01250000e-03
-3.01812500e-08,1.82031250e-04,3.24843750e-03,2.99062500e-03
-3.01412500e-08,1.87812500e-04,3.22187500e-03,2.97500000e-03
-3.01012500e-08,1.96562500e-04,3.18750000e-03,2.96562500e-03
-3.00612500e-08,2.07812500e-04,3.14531250e-03,2.96250000e-03
-3.00212500e-08,2.21562500e-04,3.09843750e-03,2.96250000e-03
-2.99812500e-08,2.37187500e-04,3.04687500e-03,2.96875000e-03
-2.99412500e-08,2.54375000e-04,2.99687500e-03,2.97812500e-03
-2.99012500e-08,2.72656250e-04,2.94843750e-03,2.99062500e-03
-2.98612500e-08,2.91250000e-04,2.90312500e-03,3.00625000e-03
-2.98212500e-08,3.09687500e-04,2.86406250e-03,3.02187500e-03
-2.97812500e-08,3.27187500e-04,2.83281250e-03,3.04062500e-03
-2.97412500e-08,3.43125000e-04,2.80937500e-03,3.06250000e-03
-2.97012500e-08,3.56875000e-04,2.79531250e-03,3.08125000e-03
-2.96612500e-08,3.67968750e-04,2.79218750e-03,3.10312500e-03
-2.96212500e-08,3.75937500e-04,2.79687500e-03,3.12187500e-03
-2.95812500e-08,3.80312500e-04,2.81093750e-03,3.14375000e-03
-2.95412500e-08,3.80937500e-04,2.83125000e-03,3.16562500e-03
-2.95012500e-08,3.77500000e-04,2.85781250e-03,3.18750000e-03
-2.94612500e-08,3.70312500e-04,2.88750000e-03,3.20937500e-03
-2.94212500e-08,3.59375000e-04,2.92187500e-03,3.23125000e-03
-2.93812500e-08,3.45000000e-04,2.95468750e-03,3.25312500e-03
-2.93412500e-08,3.27656250e-04,2.98750000e-03,3.27187500e-03
-2.93012500e-08,3.07968750e-04,3.01875000e-03,3.29375000e-03
-2.92612500e-08,2.86718750e-04,3.04375000e-03,3.31250000e-03
-2.92212500e-08,2.64375000e-04,3.06562500e-03,3.33125000e-03
-2.91812500e-08,2.41875000e-04,3.08125000e-03,3.34687500e-03
-2.91412500e-08,2.19843750e-04,3.09062500e-03,3.36250000e-03
-2.91012500e-08,1.99218750e-04,3.09375000e-03,3.37187500e-03
-2.90612500e-08,1.80625000e-04,3.09062500e-03,3.38125000e-03
-2.90212500e-08,1.64687500e-04,3.08125000e-03,3.38437500e-03
-2.89812500e-08,1.52031250e-04,3.06875000e-03,3.38750000e-03
-2.89412500e-08,1.42812500e-04,3.05312500e-03,3.38750000e-03
-2.89012500e-08,1.37343750e-04,3.03437500e-03,3.38437500e-03
-2.88612500e-08,1.35781250e-04,3.01562500e-03,3.37812500e-03
-2.88212500e-08,1.37968750e-04,2.99531250e-03,3.37500000e-03
-2.87812500e-08,1.43593750e-04,2.97812500e-03,3.36875000e-03
-2.87412500e-08,1.52343750e-04,2.96250000e-03,3.36562500e-03
-2.87012500e-08,1.63750000e-04,2.94843750e-03,3.36250000e-03
-2.86612500e-08,1.77343750e-04,2.93906250e-03,3.36562500e-03
-2.86212500e-08,1.92187500e-04,2.93437500e-03,3.37500000e-03
-2.85812500e-08,2.07656250e-04,2.93281250e-03,3.38750000e-03
-2.85412500e-08,2.23125000e-04,2.93593750e-03,3.40625000e-03
-2.85012500e-08,2.37812500e-04,2.94218750e-03,3.42812500e-03
-2.84612500e-08,2.51093750e-04,2.95156250e-03,3.45937500e-03
-2.84212500e-08,2.62500000e-04,2.96250000e-03,3.49375000e-03
-2.83812500e-08,2.71406250e-04,2.97656250e-03,3.53437500e-03
-2.83412500e-08,2.77656250e-04,2.99062500e-03,3.57812500e-03
-2.83012500e-08,2.80937500e-04,3.00468750e-03,3.61875000e-03
-2.82612500e-08,2.81250000e-04,3.01718750e-03,3.66250000e-03
-2.82212500e-08,2.78593750e-04,3.02968750e-03,3.70000000e-03
-2.81812500e-08,2.73281250e-04,3.03906250e-03,3.73437500e-03
-2.81412500e-08,2.65625000e-04,3.04687500e-03,3.75937500e-03
-2.81012500e-08,2.56093750e-04,3.05000000e-03,3.77500000e-03
-2.80612500e-08,2.45156250e-04,3.05156250e-03,3.77812500e-03
-2.80212500e-08,2.33437500e-04,3.05000000e-03,3.76875000e-03
-2.79812500e-08,2.21406250e-04,3.04687500e-03,3.74687500e-03
-2.79412500e-08,2.10000000e-04,3.03906250e-03,3.71250000e-03
-2.79012500e-08,1.99531250e-04,3.03125000e-03,3.66250000e-03
-2.78612500e-08,1.90625000e-04,3.02031250e-03,3.60312500e-03
-2.78212500e-08,1.83750000e-04,3.00781250e-03,3.53125000e-03
-2.77812500e-08,1.79375000e-04,2.99531250e-03,3.45000000e-03
-2.77412500e-08,1.77656250e-04,2.98281250e-03,3.36562500e-03
-2.77012500e-08,1.78906250e-04,2.96875000e-03,3.28125000e-03
-2.76612500e-08,1.83281250e-04,2.95625000e-03,3.19687500e-03
-2.76212500e-08,1.90468750e-04,2.94375000e-03,3.11875000e-03
-2.75812500e-08,2.00625000e-04,2.93125000e-03,3.04687500e-03
-2.75412500e-08,2.13281250e-04,2.92031250e-03,2.98750000e-03
-2.75012500e-08,2.28281250e-04,2.91093750e-03,2.94375000e-03
-2.74612500e-08,2.45000000e-04,2.90156250e-03,2.91562500e-03
-2.74212500e-08,2.63281250e-04,2.89375000e-03,2.90625000e-03
-2.73812500e-08,2.82500000e-04,2.88593750e-03,2.91562500e-03
-2.73412500e-08,3.02187500e-04,2.87968750e-03,2.94375000e-03
-2.73012500e-08,3.21718750e-04,2.87500000e-03,2.98750000e-03
-2.72612500e-08,3.40625000e-04,2.87031250e-03,3.04687500e-03
-2.72212500e-08,3.58750000e-04,2.86718750e-03,3.11875000e-03
-2.71812500e-08,3.75468750e-04,2.86250000e-03,3.20000000e-03
-2.71412500e-08,3.90468750e-04,2.86093750e-03,3.28750000e-03
-2.71012500e-08,4.03437500e-04,2.85781250e-03,3.37500000e-03
-2.70612500e-08,4.14375000e-04,2.85625000e-03,3.46250000e-03
-2.70212500e-08,4.23125000e-04,2.85468750e-03,3.54062500e-03
-2.69812500e-08,4.29531250e-04,2.85312500e-03,3.60937500e-03
-2.69412500e-08,4.33593750e-04,2.85312500e-03,3.66562500e-03
-2.69012500e-08,4.35625000e-04,2.85312500e-03,3.70312500e-03
-2.68612500e-08,4.35468750e-04,2.85312500e-03,3.72500000e-03
-2.68212500e-08,4.33593750e-04,2.85156250e-03,3.72500000e-03
-2.67812500e-08,4.30312500e-04,2.85156250e-03,3.70625000e-03
-2.67412500e-08,4.25625000e-04,2.85156250e-03,3.66562500e-03
-2.67012500e-08,4.19843750e-04,2.85000000e-03,3.60937500e-03
-2.66612500e-08,4.13437500e-04,2.84843750e-03,3.53437500e-03
-2.66212500e-08,4.06718750e-04,2.84687500e-03,3.44687500e-03
-2.65812500e-08,3.99687500e-04,2.84375000e-03,3.35000000e-03
-2.65412500e-08,3.92812500e-04,2.84062500e-03,3.25000000e-03
-2.65012500e-08,3.86250000e-04,2.83593750e-03,3.14375000e-03
-2.64612500e-08,3.80000000e-04,2.83125000e-03,3.04062500e-03
-2.64212500e-08,3.74531250e-04,2.82656250e-03,2.94375000e-03
-2.63812500e-08,3.69531250e-04,2.82187500e-03,2.85625000e-03
-2.63412500e-08,3.65312500e-04,2.81718750e-03,2.77812500e-03
-2.63012500e-08,3.61718750e-04,2.81406250e-03,2.71562500e-03
-2.62612500e-08,3.58593750e-04,2.81093750e-03,2.66875000e-03
-2.62212500e-08,3.55937500e-04,2.81093750e-03,2.64062500e-03
-2.61812500e-08,3.53437500e-04,2.81250000e-03,2.62500000e-03
-2.61412500e-08,3.51093750e-04,2.81718750e-03,2.63125000e-03
-2.61012500e-08,3.48750000e-04,2.82500000e-03,2.65000000e-03
-2.60612500e-08,3.45937500e-04,2.83593750e-03,2.68437500e-03
-2.60212500e-08,3.42656250e-04,2.85156250e-03,2.72812500e-03
-2.59812500e-08,3.38750000e-04,2.87031250e-03,2.78437500e-03
-2.59412500e-08,3.33906250e-04,2.89375000e-03,2.84687500e-03
-2.59012500e-08,3.27968750e-04,2.92031250e-03,2.91562500e-03
-2.58612500e-08,3.21250000e-04,2.94843750e-03,2.98437500e-03
-2.58212500e-08,3.13281250e-04,2.97968750e-03,3.05625000e-03
-2.57812500e-08,3.04531250e-04,3.01093750e-03,3.12500000e-03
-2.57412500e-08,2.94843750e-04,3.04375000e-03,3.18750000e-03
-2.57012500e-08,2.84375000e-04,3.07656250e-03,3.24687500e-03
-2.56612500e-08,2.73593750e-04,3.10781250e-03,3.30312500e-03
-2.56212500e-08,2.62656250e-04,3.13593750e-03,3.35000000e-03
-2.55812500e-08,2.52031250e-04,3.15937500e-03,3.39062500e-03
-2.55412500e-08,2.41875000e-04,3.17968750e-03,3.42500000e-03
-2.55012500e-08,2.32812500e-04,3.19531250e-03,3.45312500e-03
-2.54612500e-08,2.25156250e-04,3.20625000e-03,3.47812500e-03
-2.54212500e-08,2.19062500e-04,3.20937500e-03,3.49375000e-03
-2.53812500e-08,2.15156250e-04,3.20781250e-03,3.50625000e-03
-2.53412500e-08,2.13593750e-04,3.20156250e-03,3.51562500e-03
-2.53012500e-08,2.14531250e-04,3.19062500e-03,3.51875000e-03
-2.52612500e-08,2.18125000e-04,3.17500000e-03,3.52187500e-03
-2.52212500e-08,2.24375000e-04,3.15625000e-03,3.51875000e-03
-2.51812500e-08,2.33125000e-04,3.13437500e-03,3.51250000e-03
-2.51412500e-08,2.44218750e-04,3.11250000e-03,3.50312500e-03
-2.51012500e-08,2.57500000e-04,3.09062500e-03,3.49062500e-03
-2.50612500e-08,2.72343750e-04,3.06875000e-03,3.47187500e-03
-2.50212500e-08,2.88281250e-04,3.05156250e-03,3.45312500e-03
-2.49812500e-08,3.04843750e-04,3.03593750e-03,3.42812500e-03
-2.49412500e-08,3.21406250e-04,3.02343750e-03,3.40000000e-03
-2.49012500e-08,3.37343750e-04,3.01562500e-03,3.36875000e-03
-2.48612500e-08,3.52031250e-04,3.01250000e-03,3.33750000e-03
-2.48212500e-08,3.64843750e-04,3.01406250e-03,3.30000000e-03
-2.47812500e-08,3.75156250e-04,3.01718750e-03,3.26562500e-03
-2.47412500e-08,3.82656250e-04,3.02500000e-03,3.22812500e-03
-2.47012500e-08,3.86718750e-04,3.03593750e-03,3.19375000e-03
-2.46612500e-08,3.87343750e-04,3.04687500e-03,3.15937500e-03
-2.46212500e-08,3.84375000e-04,3.05781250e-03,3.13125000e-03
-2.45812500e-08,3.77656250e-04,3.06718750e-03,3.10937500e-03
-2.45412500e-08,3.67343750e-04,3.07656250e-03,3.09062500e-03
-2.45012500e-08,3.54062500e-04,3.08125000e-03,3.08437500e-03
-2.44612500e-08,3.37812500e-04,3.08437500e-03,3.08125000e-03
-2.44212500e-08,3.19531250e-04,3.08125000e-03,3.09062500e-03
-2.43812500e-08,2.99531250e-04,3.07500000e-03,3.10625000e-03
-2.43412500e-08,2.78593750e-04,3.06562500e-03,3.13125000e-03
-2.43012500e-08,2.57343750e-04,3.05156250e-03,3.16250000e-03
-2.42612500e-08,2.36718750e-04,3.03437500e-03,3.20000000e-03
-2.42212500e-08,2.17343750e-04,3.01406250e-03,3.24062500e-03
-2.41812500e-08,1.99843750e-04,2.99375000e-03,3.28437500e-03
-2.41412500e-08,1.84687500e-04,2.97500000e-03,3.32812500e-03
-2.41012500e-08,1.72500000e-04,2.95625000e-03,3.37187500e-03
-2.40612500e-08,1.63437500e-04,2.94218750e-03,3.40937500e-03
-2.40212500e-08,1.57812500e-04,2.93125000e-03,3.44375000e-03
-2.39812500e-08,1.55468750e-04,2.92656250e-03,3.46875000e-03
-2.39412500e-08,1.56406250e-04,2.92812500e-03,3.48750000e-03
-2.39012500e-08,1.60468750e-04,2.93593750e-03,3.49375000e-03
-2.38612500e-08,1.67187500e-04,2.95156250e-03,3.49062500e-03
-2.38212500e-08,1.75937500e-04,2.97343750e-03,3.47812500e-03
-2.37812500e-08,1.86562500e-04,3.00000000e-03,3.45625000e-03
-2.37412500e-08,1.98125000e-04,3.03437500e-03,3.42187500e-03
-2.37012500e-08,2.10000000e-04,3.07031250e-03,3.38437500e-03
-2.36612500e-08,2.21875000e-04,3.10937500e-03,3.34062500e-03
-2.36212500e-08,2.32968750e-04,3.14843750e-03,3.29062500e-03
-2.35812500e-08,2.42656250e-04,3.18593750e-03,3.24375000e-03
-2.35412500e-08,2.50781250e-04,3.21875000e-03,3.19687500e-03
-2.35012500e-08,2.57031250e-04,3.24687500e-03,3.15312500e-03
-2.34612500e-08,2.60937500e-04,3.26875000e-03,3.11562500e-03
-2.34212500e-08,2.62656250e-04,3.28125000e-03,3.08437500e-03
-2.33812500e-08,2.62343750e-04,3.28281250e-03,3.06562500e-03
-2.33412500e-08,2.60000000e-04,3.27656250e-03,3.05625000e-03
-2.33012500e-08,2.55937500e-04,3.25781250e-03,3.05625000e-03
-2.32612500e-08,2.50625000e-04,3.22968750e-03,3.06875000e-03
-2.32212500e-08,2.44375000e-04,3.19218750e-03,3.09062500e-03
-2.31812500e-08,2.37656250e-04,3.14687500e-03,3.12187500e-03
-2.31412500e-08,2.30937500e-04,3.09375000e-03,3.15937500e-03
-2.31012500e-08,2.24843750e-04,3.03750000e-03,3.20312500e-03
-2.30612500e-08,2.19687500e-04,2.97812500e-03,3.25000000e-03
-2.30212500e-08,2.15625000e-04,2.91875000e-03,3.30000000e-03
-2.29812500e-08,2.13125000e-04,2.86250000e-03,3.35000000e-03
-2.29412500e-08,2.12187500e-04,2.80937500e-03,3.39375000e-03
-2.29012500e-08,2.13125000e-04,2.76250000e-03,3.43437500e-03
-2.28612500e-08,2.15625000e-04,2.72500000e-03,3.46875000e-03
-2.28212500e-08,2.19843750e-04,2.69531250e-03,3.49375000e-03
-2.27812500e-08,2.25156250e-04,2.67656250e-03,3.50937500e-03
-2.27412500e-08,2.31718750e-04,2.66718750e-03,3.51562500e-03
-2.27012500e-08,2.38750000e-04,2.67031250e-03,3.51250000e-03
-2.26612500e-08,2.46250000e-04,2.68281250e-03,3.50000000e-03
-2.26212500e-08,2.53593750e-04,2.70468750e-03,3.48125000e-03
-2.25812500e-08,2.60625000e-04,2.73437500e-03,3.45312500e-03
-2.25412500e-08,2.66875000e-04,2.77031250e-03,3.42187500e-03
-2.25012500e-08,2.72187500e-04,2.80937500e-03,3.38750000e-03
-2.24612500e-08,2.76250000e-04,2.85312500e-03,3.35312500e-03
-2.24212500e-08,2.79062500e-04,2.89687500e-03,3.31875000e-03
-2.23812500e-08,2.80468750e-04,2.94062500e-03,3.28437500e-03
-2.23412500e-08,2.80781250e-04,2.97968750e-03,3.25625000e-03
-2.23012500e-08,2.80000000e-04,3.01562500e-03,3.23125000e-03
-2.22612500e-08,2.78281250e-04,3.04687500e-03,3.21250000e-03
-2.22212500e-08,2.75937500e-04,3.07343750e-03,3.20000000e-03
-2.21812500e-08,2.73281250e-04,3.09218750e-03,3.19687500e-03
-2.21412500e-08,2.70625000e-04,3.10468750e-03,3.19687500e-03
-2.21012500e-08,2.68281250e-04,3.11093750e-03,3.20312500e-03
-2.20612500e-08,2.66406250e-04,3.11250000e-03,3.21562500e-03
-2.20212500e-08,2.65468750e-04,3.11093750e-03,3.23125000e-03
-2.19812500e-08,2.65312500e-04,3.10468750e-03,3.25000000e-03
-2.19412500e-08,2.66093750e-04,3.09687500e-03,3.26875000e-03
-2.19012500e-08,2.67968750e-04,3.08750000e-03,3.29062500e-03
-2.18612500e-08,2.70625000e-04,3.07812500e-03,3.30625000e-03
-2.18212500e-08,2.74218750e-04,3.07031250e-03,3.32187500e-03
-2.17812500e-08,2.78281250e-04,3.06406250e-03,3.33125000e-03
-2.17412500e-08,2.82812500e-04,3.05937500e-03,3.33750000e-03
-2.17012500e-08,2.87187500e-04,3.05781250e-03,3.34062500e-03
-2.16612500e-08,2.91250000e-04,3.05937500e-03,3.33750000e-03
-2.16212500e-08,2.94843750e-04,3.06406250e-03,3.32812500e-03
-2.15812500e-08,2.97500000e-04,3.06875000e-03,3.31562500e-03
-2.15412500e-08,2.98906250e-04,3.07656250e-03,3.30000000e-03
-2.15012500e-08,2.99218750e-04,3.08281250e-03,3.28125000e-03
-2.14612500e-08,2.98281250e-04,3.09062500e-03,3.26250000e-03
-2.14212500e-08,2.95937500e-04,3.09531250e-03,3.24062500e-03
-2.13812500e-08,2.92187500e-04,3.09843750e-03,3.22187500e-03
-2.13412500e-08,2.87500000e-04,3.09687500e-03,3.20000000e-03
-2.13012500e-08,2.81718750e-04,3.09375000e-03,3.18437500e-03
-2.12612500e-08,2.75468750e-04,3.08593750e-03,3.16875000e-03
-2.12212500e-08,2.68906250e-04,3.07343750e-03,3.15937500e-03
-2.11812500e-08,2.62500000e-04,3.05781250e-03,3.15312500e-03
-2.11412500e-08,2.56406250e-04,3.03906250e-03,3.15000000e-03
-2.11012500e-08,2.50937500e-04,3.01875000e-03,3.15000000e-03
-2.10612500e-08,2.46406250e-04,2.99531250e-03,3.15312500e-03
-2.10212500e-08,2.43125000e-04,2.97187500e-03,3.15625000e-03
-2.09812500e-08,2.41250000e-04,2.95000000e-03,3.16250000e-03
-2.09412500e-08,2.40468750e-04,2.92968750e-03,3.16875000e-03
-2.09012500e-08,2.41250000e-04,2.91250000e-03,3.17500000e-03
-2.08612500e-08,2.43125000e-04,2.90000000e-03,3.17812500e-03
-2.08212500e-08,2.45781250e-04,2.89375000e-03,3.18125000e-03
-2.07812500e-08,2.49375000e-04,2.89375000e-03,3.17812500e-03
-2.07412500e-08,2.53125000e-04,2.90000000e-03,3.17187500e-03
-2.07012500e-08,2.57031250e-04,2.91250000e-03,3.15937500e-03
-2.06612500e-08,2.60468750e-04,2.93281250e-03,3.14375000e-03
-2.06212500e-08,2.62968750e-04,2.95781250e-03,3.12187500e-03
-2.05812500e-08,2.64531250e-04,2.98906250e-03,3.09687500e-03
-2.05412500e-08,2.64843750e-04,3.02343750e-03,3.06562500e-03
-2.05012500e-08,2.63437500e-04,3.05937500e-03,3.03125000e-03
-2.04612500e-08,2.60312500e-04,3.09687500e-03,2.99375000e-03
-2.04212500e-08,2.55625000e-04,3.13437500e-03,2.95625000e-03
-2.03812500e-08,2.49375000e-04,3.16875000e-03,2.91875000e-03
-2.03412500e-08,2.41562500e-04,3.20000000e-03,2.88125000e-03
-2.03012500e-08,2.32812500e-04,3.22656250e-03,2.84687500e-03
-2.02612500e-08,2.23125000e-04,3.24531250e-03,2.81562500e-03
-2.02212500e-08,2.13125000e-04,3.25937500e-03,2.79062500e-03
-2.01812500e-08,2.03125000e-04,3.26406250e-03,2.77187500e-03
-2.01412500e-08,1.93593750e-04,3.26250000e-03,2.75937500e-03
-2.01012500e-08,1.85156250e-04,3.25312500e-03,2.75625000e-03
-2.00612500e-08,1.77812500e-04,3.23593750e-03,2.76250000e-03
-2.00212500e-08,1.72343750e-04,3.21562500e-03,2.77812500e-03
-1.99812500e-08,1.68750000e-04,3.18906250e-03,2.80000000e-03
-1.99412500e-08,1.67343750e-04,3.15937500e-03,2.83125000e-03
-1.99012500e-08,1.67968750e-04,3.12968750e-03,2.87187500e-03
-1.98612500e-08,1.70937500e-04,3.09843750e-03,2.92187500e-03
-1.98212500e-08,1.75781250e-04,3.07031250e-03,2.97500000e-03
-1.97812500e-08,1.82500000e-04,3.04375000e-03,3.03437500e-03
-1.97412500e-08,1.90781250e-04,3.02187500e-03,3.10000000e-03
-1.97012500e-08,2.00312500e-04,3.00625000e-03,3.16250000e-03
-1.96612500e-08,2.10468750e-04,2.99687500e-03,3.22812500e-03
-1.96212500e-08,2.21093750e-04,2.99375000e-03,3.29375000e-03
-1.95812500e-08,2.31718750e-04,2.99687500e-03,3.35312500e-03
-1.95412500e-08,2.42031250e-04,3.00625000e-03,3.40625000e-03
-1.95012500e-08,2.51718750e-04,3.02187500e-03,3.45625000e-03
-1.94612500e-08,2.60625000e-04,3.04062500e-03,3.49687500e-03
-1.94212500e-08,2.68437500e-04,3.06406250e-03,3.52500000e-03
-1.93812500e-08,2.75156250e-04,3.09062500e-03,3.54687500e-03
-1.93412500e-08,2.81093750e-04,3.11718750e-03,3.55625000e-03
-1.93012500e-08,2.86250000e-04,3.14375000e-03,3.55312500e-03
-1.92612500e-08,2.90781250e-04,3.16718750e-03,3.54062500e-03
-1.92212500e-08,2.95156250e-04,3.18906250e-03,3.51875000e-03
-1.91812500e-08,2.99843750e-04,3.20781250e-03,3.48437500e-03
-1.91412500e-08,3.05000000e-04,3.22187500e-03,3.44375000e-03
-1.91012500e-08,3.11406250e-04,3.22968750e-03,3.39687500e-03
-1.90612500e-08,3.19062500e-04,3.23437500e-03,3.34687500e-03
-1.90212500e-08,3.28593750e-04,3.23281250e-03,3.29062500e-03
-1.89812500e-08,3.40312500e-04,3.22656250e-03,3.23750000e-03
-1.89412500e-08,3.54375000e-04,3.21562500e-03,3.18437500e-03
-1.89012500e-08,3.70781250e-04,3.20312500e-03,3.13750000e-03
-1.88612500e-08,3.89687500e-04,3.18750000e-03,3.09375000e-03
-1.88212500e-08,4.11093750e-04,3.17031250e-03,3.05937500e-03
-1.87812500e-08,4.34531250e-04,3.15156250e-03,3.03437500e-03
-1.87412500e-08,4.60000000e-04,3.13593750e-03,3.02187500e-03
-1.87012500e-08,4.86718750e-04,3.12031250e-03,3.01875000e-03
-1.86612500e-08,5.14531250e-04,3.10625000e-03,3.02812500e-03
-1.86212500e-08,5.42812500e-04,3.09531250e-03,3.05000000e-03
-1.85812500e-08,5.70937500e-04,3.08750000e-03,3.08125000e-03
-1.85412500e-08,5.98437500e-04,3.08281250e-03,3.12187500e-03
-1.85012500e-08,6.24843750e-04,3.07968750e-03,3.17187500e-03
-1.84612500e-08,6.49687500e-04,3.08125000e-03,3.22812500e-03
-1.84212500e-08,6.72500000e-04,3.08281250e-03,3.28750000e-03
-1.83812500e-08,6.93281250e-04,3.08593750e-03,3.35000000e-03
-1.83412500e-08,7.11562500e-04,3.08906250e-03,3.40937500e-03
-1.83012500e-08,7.27500000e-04,3.09062500e-03,3.46562500e-03
-1.82612500e-08,7.41250000e-04,3.09218750e-03,3.51562500e-03
-1.82212500e-08,7.53125000e-04,3.09218750e-03,3.55937500e-03
-1.81812500e-08,7.63281250e-04,3.09062500e-03,3.59062500e-03
-1.81412500e-08,7.72187500e-04,3.08437500e-03,3.61250000e-03
-1.81012500e-08,7.80625000e-04,3.07656250e-03,3.62187500e-03
-1.80612500e-08,7.88906250e-04,3.06562500e-03,3.62187500e-03
-1.80212500e-08,7.97968750e-04,3.05156250e-03,3.60625000e-03
-1.79812500e-08,8.08125000e-04,3.03593750e-03,3.57812500e-03
-1.79412500e-08,8.20156250e-04,3.02031250e-03,3.54375000e-03
-1.79012500e-08,8.34531250e-04,3.00312500e-03,3.49687500e-03
-1.78612500e-08,8.51875000e-04,2.98593750e-03,3.44687500e-03
-1.78212500e-08,8.72031250e-04,2.97031250e-03,3.39062500e-03
-1.77812500e-08,8.95625000e-04,2.95625000e-03,3.33437500e-03
-1.77412500e-08,9.22500000e-04,2.94687500e-03,3.27812500e-03
-1.77012500e-08,9.52656250e-04,2.94062500e-03,3.22187500e-03
-1.76612500e-08,9.85468750e-04,2.93750000e-03,3.17500000e-03
-1.76212500e-08,1.02078125e-03,2.94062500e-03,3.13437500e-03
-1.75812500e-08,1.05796875e-03,2.94843750e-03,3.10000000e-03
-1.75412500e-08,1.09625000e-03,2.95937500e-03,3.07812500e-03
-1.75012500e-08,1.13484375e-03,2.97500000e-03,3.06562500e-03
-1.74612500e-08,1.17281250e-03,2.99531250e-03,3.06562500e-03
-1.74212500e-08,1.20921875e-03,3.01718750e-03,3.07500000e-03
-1.73812500e-08,1.24328125e-03,3.04062500e-03,3.09062500e-03
-1.73412500e-08,1.27390625e-03,3.06406250e-03,3.11562500e-03
-1.73012500e-08,1.30031250e-03,3.08750000e-03,3.14687500e-03
-1.72612500e-08,1.32203125e-03,3.11093750e-03,3.18437500e-03
-1.72212500e-08,1.33812500e-03,3.12968750e-03,3.22187500e-03
-1.71812500e-08,1.34828125e-03,3.14687500e-03,3.25937500e-03
-1.71412500e-08,1.35218750e-03,3.15781250e-03,3.29687500e-03
-1.71012500e-08,1.34984375e-03,3.16562500e-03,3.33125000e-03
-1.70612500e-08,1.34125000e-03,3.16875000e-03,3.35625000e-03
-1.70212500e-08,1.32671875e-03,3.16562500e-03,3.37812500e-03
-1.69812500e-08,1.30656250e-03,3.15937500e-03,3.39062500e-03
-1.69412500e-08,1.28156250e-03,3.14843750e-03,3.39687500e-03
-1.69012500e-08,1.25234375e-03,3.13281250e-03,3.39375000e-03
-1.68612500e-08,1.21953125e-03,3.11562500e-03,3.38437500e-03
-1.68212500e-08,1.18437500e-03,3.09531250e-03,3.36875000e-03
-1.67812500e-08,1.14765625e-03,3.07500000e-03,3.34687500e-03
-1.67412500e-08,1.11015625e-03,3.05625000e-03,3.32187500e-03
-1.67012500e-08,1.07296875e-03,3.03750000e-03,3.29375000e-03
-1.66612500e-08,1.03703125e-03,3.02031250e-03,3.26562500e-03
-1.66212500e-08,1.00281250e-03,3.00781250e-03,3.23750000e-03
-1.65812500e-08,9.71250000e-04,2.99687500e-03,3.20937500e-03
-1.65412500e-08,9.42500000e-04,2.99218750e-03,3.18750000e-03
-1.65012500e-08,9.17031250e-04,2.99062500e-03,3.16875000e-03
-1.64612500e-08,8.95156250e-04,2.99375000e-03,3.15625000e-03
-1.64212500e-08,8.76875000e-04,3.00312500e-03,3.14687500e-03
-1.63812500e-08,8.61718750e-04,3.01562500e-03,3.14375000e-03
-1.63412500e-08,8.49687500e-04,3.03125000e-03,3.14375000e-03
-1.63012500e-08,8.40468750e-04,3.05156250e-03,3.15000000e-03
-1.62612500e-08,8.33125000e-04,3.07500000e-03,3.15937500e-03
-1.62212500e-08,8.27500000e-04,3.10156250e-03,3.17187500e-03
-1.61812500e-08,8.22656250e-04,3.12968750e-03,3.18437500e-03
-1.61412500e-08,8.18125000e-04,3.16093750e-03,3.19687500e-03
-1.61012500e-08,8.13125000e-04,3.19375000e-03,3.20625000e-03
-1.60612500e-08,8.07187500e-04,3.22812500e-03,3.21562500e-03
-1.60212500e-08,7.99531250e-04,3.26406250e-03,3.22187500e-03
-1.59812500e-08,7.89843750e-04,3.30156250e-03,3.22500000e-03
-1.59412500e-08,7.77968750e-04,3.34218750e-03,3.22500000e-03
-1.59012500e-08,7.63437500e-04,3.38593750e-03,3.21875000e-03
-1.58612500e-08,7.46093750e-04,3.43125000e-03,3.21250000e-03
-1.58212500e-08,7.26250000e-04,3.47968750e-03,3.20000000e-03
-1.57812500e-08,7.03906250e-04,3.53281250e-03,3.19062500e-03
-1.57412500e-08,6.79375000e-04,3.59062500e-03,3.17812500e-03
-1.57012500e-08,6.52968750e-04,3.65156250e-03,3.16562500e-03
-1.56612500e-08,6.25156250e-04,3.71875000e-03,3.15625000e-03
-1.56212500e-08,5.96406250e-04,3.79062500e-03,3.15000000e-03
-1.55812500e-08,5.67500000e-04,3.86718750e-03,3.14375000e-03
-1.55412500e-08,5.38750000e-04,3.94843750e-03,3.14687500e-03
-1.55012500e-08,5.10937500e-04,4.03437500e-03,3.15000000e-03
-1.54612500e-08,4.84531250e-04,4.12343750e-03,3.15937500e-03
-1.54212500e-08,4.60000000e-04,4.21718750e-03,3.17187500e-03
-1.53812500e-08,4.37812500e-04,4.31406250e-03,3.18750000e-03
-1.53412500e-08,4.18281250e-04,4.41250000e-03,3.20625000e-03
-1.53012500e-08,4.01875000e-04,4.51250000e-03,3.22500000e-03
-1.52612500e-08,3.88593750e-04,4.61406250e-03,3.24375000e-03
-1.52212500e-08,3.78593750e-04,4.71406250e-03,3.25937500e-03
-1.51812500e-08,3.71875000e-04,4.81562500e-03,3.27187500e-03
-1.51412500e-08,3.68281250e-04,4.91562500e-03,3.27812500e-03
-1.51012500e-08,3.67500000e-04,5.01562500e-03,3.27812500e-03
-1.50612500e-08,3.69531250e-04,5.11562500e-03,3.26875000e-03
-1.50212500e-08,3.73906250e-04,5.21406250e-03,3.25312500e-03
-1.49812500e-08,3.80000000e-04,5.31250000e-03,3.22500000e-03
-1.49412500e-08,3.87656250e-04,5.41093750e-03,3.19062500e-03
-1.49012500e-08,3.96406250e-04,5.50937500e-03,3.15000000e-03
-1.48612500e-08,4.05625000e-04,5.61093750e-03,3.10000000e-03
-1.48212500e-08,4.14843750e-04,5.71250000e-03,3.04687500e-03
-1.47812500e-08,4.23593750e-04,5.81875000e-03,2.99062500e-03
-1.47412500e-08,4.31562500e-04,5.92656250e-03,2.93437500e-03
-1.47012500e-08,4.38281250e-04,6.03906250e-03,2.88125000e-03
-1.46612500e-08,4.43437500e-04,6.15468750e-03,2.83125000e-03
-1.46212500e-08,4.46562500e-04,6.27500000e-03,2.78750000e-03
-1.45812500e-08,4.47656250e-04,6.40000000e-03,2.75625000e-03
-1.45412500e-08,4.46562500e-04,6.52812500e-03,2.73437500e-03
-1.45012500e-08,4.42968750e-04,6.66093750e-03,2.72500000e-03
-1.44612500e-08,4.37187500e-04,6.79531250e-03,2.73125000e-03
-1.44212500e-08,4.29062500e-04,6.93437500e-03,2.75312500e-03
-1.43812500e-08,4.19062500e-04,7.07343750e-03,2.78750000e-03
-1.43412500e-08,4.07187500e-04,7.21406250e-03,2.83437500e-03
-1.43012500e-08,3.93750000e-04,7.35468750e-03,2.89375000e-03
-1.42612500e-08,3.79375000e-04,7.49531250e-03,2.96562500e-03
-1.42212500e-08,3.64375000e-04,7.63437500e-03,3.04375000e-03
-1.41812500e-08,3.49218750e-04,7.77187500e-03,3.12812500e-03
-1.41412500e-08,3.34531250e-04,7.90625000e-03,3.21250000e-03
-1.41012500e-08,3.20781250e-04,8.03906250e-03,3.29375000e-03
-1.40612500e-08,3.08437500e-04,8.16875000e-03,3.37500000e-03
-1.40212500e-08,2.97968750e-04,8.29687500e-03,3.44687500e-03
-1.39812500e-08,2.90000000e-04,8.42343750e-03,3.50937500e-03
-1.39412500e-08,2.85000000e-04,8.54843750e-03,3.55937500e-03
-1.39012500e-08,2.82968750e-04,8.67343750e-03,3.59687500e-03
-1.38612500e-08,2.84375000e-04,8.80000000e-03,3.61875000e-03
-1.38212500e-08,2.89218750e-04,8.92812500e-03,3.62500000e-03
-1.37812500e-08,2.97500000e-04,9.05937500e-03,3.61562500e-03
-1.37412500e-08,3.09062500e-04,9.19531250e-03,3.59375000e-03
-1.37012500e-08,3.23750000e-04,9.33593750e-03,3.55625000e-03
-1.36612500e-08,3.41093750e-04,9.47968750e-03,3.50937500e-03
-1.36212500e-08,3.60781250e-04,9.63125000e-03,3.45312500e-03
-1.35812500e-08,3.82031250e-04,9.78750000e-03,3.39375000e-03
-1.35412500e-08,4.04375000e-04,9.94843750e-03,3.32812500e-03
-1.35012500e-08,4.26875000e-04,1.01156250e-02,3.26250000e-03
-1.34612500e-08,4.49218750e-04,1.02859375e-02,3.19687500e-03
-1.34212500e-08,4.70312500e-04,1.04609375e-02,3.13750000e-03
-1.33812500e-08,4.89843750e-04,1.06359375e-02,3.08437500e-03
-1.33412500e-08,5.06875000e-04,1.08109375e-02,3.04062500e-03
-1.33012500e-08,5.21250000e-04,1.09859375e-02,3.00625000e-03
-1.32612500e-08,5.32343750e-04,1.11578125e-02,2.98125000e-03
-1.32212500e-08,5.39843750e-04,1.13265625e-02,2.96875000e-03
-1.31812500e-08,5.43906250e-04,1.14890625e-02,2.96562500e-03
-1.31412500e-08,5.44375000e-04,1.16453125e-02,2.97500000e-03
-1.31012500e-08,5.41406250e-04,1.17937500e-02,2.99062500e-03
-1.30612500e-08,5.35312500e-04,1.19359375e-02,3.01562500e-03
-1.30212500e-08,5.26718750e-04,1.20687500e-02,3.04687500e-03
-1.29812500e-08,5.15937500e-04,1.21937500e-02,3.08437500e-03
-1.29412500e-08,5.03906250e-04,1.23125000e-02,3.12187500e-03
-1.29012500e-08,4.90937500e-04,1.24250000e-02,3.15937500e-03
-1.28612500e-08,4.77812500e-04,1.25312500e-02,3.19687500e-03
-1.28212500e-08,4.65312500e-04,1.26343750e-02,3.23125000e-03
-1.27812500e-08,4.53906250e-04,1.27359375e-02,3.25937500e-03
-1.27412500e-08,4.44375000e-04,1.28359375e-02,3.28437500e-03
-1.27012500e-08,4.36875000e-04,1.29375000e-02,3.30312500e-03
-1.26612500e-08,4.31718750e-04,1.30406250e-02,3.31250000e-03
-1.26212500e-08,4.29218750e-04,1.31484375e-02,3.31562500e-03
-1.25812500e-08,4.29375000e-04,1.32625000e-02,3.31250000e-03
-1.25412500e-08,4.31875000e-04,1.33812500e-02,3.30312500e-03
-1.25012500e-08,4.36562500e-04,1.35062500e-02,3.28437500e-03
-1.24612500e-08,4.43125000e-04,1.36390625e-02,3.26562500e-03
-1.24212500e-08,4.51093750e-04,1.37781250e-02,3.24062500e-03
-1.23812500e-08,4.59687500e-04,1.39234375e-02,3.21250000e-03
-1.23412500e-08,4.68750000e-04,1.40734375e-02,3.18750000e-03
-1.23012500e-08,4.77343750e-04,1.42281250e-02,3.15937500e-03
-1.22612500e-08,4.85000000e-04,1.43859375e-02,3.13437500e-03
-1.22212500e-08,4.91406250e-04,1.45468750e-02,3.10937500e-03
-1.21812500e-08,4.95937500e-04,1.47062500e-02,3.09062500e-03
-1.21412500e-08,4.98593750e-04,1.48656250e-02,3.07812500e-03
-1.21012500e-08,4.99062500e-04,1.50234375e-02,3.06875000e-03
-1.20612500e-08,4.97187500e-04,1.51765625e-02,3.06562500e-03
-1.20212500e-08,4.93281250e-04,1.53265625e-02,3.07187500e-03
-1.19812500e-08,4.87500000e-04,1.54718750e-02,3.08125000e-03
-1.19412500e-08,4.80312500e-04,1.56125000e-02,3.09687500e-03
-1.19012500e-08,4.71875000e-04,1.57468750e-02,3.11875000e-03
-1.18612500e-08,4.62968750e-04,1.58781250e-02,3.14375000e-03
-1.18212500e-08,4.54062500e-04,1.60031250e-02,3.17500000e-03
-1.17812500e-08,4.45781250e-04,1.61265625e-02,3.20937500e-03
-1.17412500e-08,4.38437500e-04,1.62453125e-02,3.24375000e-03
-1.17012500e-08,4.32500000e-04,1.63625000e-02,3.27812500e-03
-1.16612500e-08,4.28593750e-04,1.64796875e-02,3.31250000e-03
-1.16212500e-08,4.26718750e-04,1.65953125e-02,3.34375000e-03
-1.15812500e-08,4.27343750e-04,1.67125000e-02,3.37187500e-03
-1.15412500e-08,4.30000000e-04,1.68312500e-02,3.39687500e-03
-1.15012500e-08,4.35156250e-04,1.69515625e-02,3.41562500e-03
-1.14612500e-08,4.42031250e-04,1.70734375e-02,3.42812500e-03
-1.14212500e-08,4.50781250e-04,1.71984375e-02,3.43437500e-03
-1.13812500e-08,4.60468750e-04,1.73234375e-02,3.43437500e-03
-1.13412500e-08,4.71093750e-04,1.74500000e-02,3.42500000e-03
-1.13012500e-08,4.81875000e-04,1.75765625e-02,3.41250000e-03
-1.12612500e-08,4.92187500e-04,1.77046875e-02,3.39062500e-03
-1.12212500e-08,5.01718750e-04,1.78296875e-02,3.36250000e-03
-1.11812500e-08,5.09843750e-04,1.79531250e-02,3.33125000e-03
-1.11412500e-08,5.16250000e-04,1.80734375e-02,3.29687500e-03
-1.11012500e-08,5.20468750e-04,1.81890625e-02,3.26250000e-03
-1.10612500e-08,5.22656250e-04,1.83000000e-02,3.22812500e-03
-1.10212500e-08,5.22500000e-04,1.84062500e-02,3.19375000e-03
-1.09812500e-08,5.20156250e-04,1.85078125e-02,3.16562500e-03
-1.09412500e-08,5.15625000e-04,1.86046875e-02,3.14375000e-03
-1.09012500e-08,5.09375000e-04,1.86953125e-02,3.12812500e-03
-1.08612500e-08,5.01718750e-04,1.87828125e-02,3.11875000e-03
-1.08212500e-08,4.92968750e-04,1.88671875e-02,3.12187500e-03
-1.07812500e-08,4.83593750e-04,1.89500000e-02,3.13437500e-03
-1.07412500e-08,4.74218750e-04,1.90296875e-02,3.15625000e-03
-1.07012500e-08,4.65156250e-04,1.91109375e-02,3.19062500e-03
-1.06612500e-08,4.56875000e-04,1.91921875e-02,3.23437500e-03
-1.06212500e-08,4.49687500e-04,1.92765625e-02,3.28750000e-03
-1.05812500e-08,4.43906250e-04,1.93640625e-02,3.34687500e-03
-1.05412500e-08,4.39687500e-04,1.94546875e-02,3.41250000e-03
-1.05012500e-08,4.37031250e-04,1.95500000e-02,3.48437500e-03
-1.04612500e-08,4.36093750e-04,1.96515625e-02,3.55937500e-03
-1.04212500e-08,4.36718750e-04,1.97562500e-02,3.63437500e-03
-1.03812500e-08,4.38593750e-04,1.98656250e-02,3.70625000e-03
-1.03412500e-08,4.41562500e-04,1.99796875e-02,3.77500000e-03
-1.03012500e-08,4.45156250e-04,2.00953125e-02,3.84062500e-03
-1.02612500e-08,4.49062500e-04,2.02140625e-02,3.89687500e-03
-1.02212500e-08,4.53125000e-04,2.03312500e-02,3.94687500e-03
-1.01812500e-08,4.56562500e-04,2.04500000e-02,3.98750000e-03
-1.01412500e-08,4.59375000e-04,2.05640625e-02,4.01875000e-03
-1.01012500e-08,4.61250000e-04,2.06765625e-02,4.04062500e-03
-1.00612500e-08,4.61875000e-04,2.07828125e-02,4.05625000e-03
-1.00212500e-08,4.60937500e-04,2.08843750e-02,4.06562500e-03
-9.98125000e-09,4.58750000e-04,2.09781250e-02,4.06875000e-03
-9.94125000e-09,4.55000000e-04,2.10656250e-02,4.07187500e-03
-9.90125000e-09,4.49843750e-04,2.11453125e-02,4.07187500e-03
-9.86125000e-09,4.43437500e-04,2.12156250e-02,4.07812500e-03
-9.82125000e-09,4.36093750e-04,2.12812500e-02,4.08437500e-03
-9.78125000e-09,4.27812500e-04,2.13375000e-02,4.10000000e-03
-9.74125000e-09,4.19218750e-04,2.13906250e-02,4.12500000e-03
-9.70125000e-09,4.10312500e-04,2.14359375e-02,4.16250000e-03
-9.66125000e-09,4.01406250e-04,2.14796875e-02,4.20937500e-03
-9.62125000e-09,3.92812500e-04,2.15187500e-02,4.27187500e-03
-9.58125000e-09,3.84843750e-04,2.15578125e-02,4.35000000e-03
-9.54125000e-09,3.77656250e-04,2.15953125e-02,4.44062500e-03
-9.50125000e-09,3.71250000e-04,2.16343750e-02,4.54687500e-03
-9.46125000e-09,3.66093750e-04,2.16765625e-02,4.66562500e-03
-9.42125000e-09,3.62031250e-04,2.17187500e-02,4.79375000e-03
-9.38125000e-09,3.59062500e-04,2.17656250e-02,4.93437500e-03
-9.34125000e-09,3.57187500e-04,2.18156250e-02,5.07812500e-03
-9.30125000e-09,3.56562500e-04,2.18687500e-02,5.23125000e-03
-9.26125000e-09,3.56875000e-04,2.19250000e-02,5.38437500e-03
-9.22125000e-09,3.58125000e-04,2.19843750e-02,5.53750000e-03
-9.18125000e-09,3.60312500e-04,2.20484375e-02,5.68750000e-03
-9.14125000e-09,3.63125000e-04,2.21125000e-02,5.83437500e-03
-9.10125000e-09,3.66718750e-04,2.21796875e-02,5.97500000e-03
-9.06125000e-09,3.70937500e-04,2.22484375e-02,6.10937500e-03
-9.02125000e-09,3.75625000e-04,2.23156250e-02,6.23750000e-03
-8.98125000e-09,3.80937500e-04,2.23859375e-02,6.35937500e-03
-8.94125000e-09,3.86562500e-04,2.24531250e-02,6.47187500e-03
-8.90125000e-09,3.92500000e-04,2.25218750e-02,6.58125000e-03
-8.86125000e-09,3.98906250e-04,2.25890625e-02,6.68750000e-03
-8.82125000e-09,4.05625000e-04,2.26546875e-02,6.79062500e-03
-8.78125000e-09,4.12656250e-04,2.27203125e-02,6.89375000e-03
-8.74125000e-09,4.19843750e-04,2.27859375e-02,7.00000000e-03
-8.70125000e-09,4.27187500e-04,2.28500000e-02,7.10937500e-03
-8.66125000e-09,4.34687500e-04,2.29140625e-02,7.22500000e-03
-8.62125000e-09,4.42187500e-04,2.29796875e-02,7.35312500e-03
-8.58125000e-09,4.49687500e-04,2.30453125e-02,7.49062500e-03
-8.54125000e-09,4.56875000e-04,2.31109375e-02,7.63750000e-03
-8.50125000e-09,4.63906250e-04,2.31781250e-02,7.80000000e-03
-8.46125000e-09,4.70312500e-04,2.32468750e-02,7.97500000e-03
-8.42125000e-09,4.76406250e-04,2.33156250e-02,8.16250000e-03
-8.38125000e-09,4.81875000e-04,2.33843750e-02,8.36562500e-03
-8.34125000e-09,4.86562500e-04,2.34546875e-02,8.57812500e-03
-8.30125000e-09,4.90625000e-04,2.35234375e-02,8.80000000e-03
-8.26125000e-09,4.94062500e-04,2.35921875e-02,9.02812500e-03
-8.22125000e-09,4.96718750e-04,2.36593750e-02,9.26250000e-03
-8.18125000e-09,4.98750000e-04,2.37250000e-02,9.50312500e-03
-8.14125000e-09,5.00312500e-04,2.37875000e-02,9.74062500e-03
-8.10125000e-09,5.01406250e-04,2.38468750e-02,9.97812500e-03
-8.06125000e-09,5.02031250e-04,2.39015625e-02,1.02125000e-02
-8.02125000e-09,5.02656250e-04,2.39515625e-02,1.04406250e-02
-7.98125000e-09,5.03125000e-04,2.39984375e-02,1.06625000e-02
-7.94125000e-09,5.03593750e-04,2.40406250e-02,1.08750000e-02
-7.90125000e-09,5.04375000e-04,2.40796875e-02,1.10781250e-02
-7.86125000e-09,5.05312500e-04,2.41140625e-02,1.12718750e-02
-7.82125000e-09,5.06562500e-04,2.41453125e-02,1.14562500e-02
-7.78125000e-09,5.08281250e-04,2.41765625e-02,1.16312500e-02
-7.74125000e-09,5.10312500e-04,2.42046875e-02,1.17968750e-02
-7.70125000e-09,5.12500000e-04,2.42343750e-02,1.19531250e-02
-7.66125000e-09,5.15000000e-04,2.42640625e-02,1.21062500e-02
-7.62125000e-09,5.17343750e-04,2.42968750e-02,1.22500000e-02
-7.58125000e-09,5.19843750e-04,2.43343750e-02,1.23906250e-02
-7.54125000e-09,5.21875000e-04,2.43750000e-02,1.25281250e-02
-7.50125000e-09,5.23593750e-04,2.44234375e-02,1.26656250e-02
-7.46125000e-09,5.24687500e-04,2.44765625e-02,1.28000000e-02
-7.42125000e-09,5.25000000e-04,2.45375000e-02,1.29312500e-02
-7.38125000e-09,5.24531250e-04,2.46046875e-02,1.30656250e-02
-7.34125000e-09,5.22968750e-04,2.46796875e-02,1.32000000e-02
-7.30125000e-09,5.20468750e-04,2.47625000e-02,1.33343750e-02
-7.26125000e-09,5.17031250e-04,2.48500000e-02,1.34687500e-02
-7.22125000e-09,5.12656250e-04,2.49421875e-02,1.36031250e-02
-7.18125000e-09,5.07500000e-04,2.50390625e-02,1.37375000e-02
-7.14125000e-09,5.01562500e-04,2.51390625e-02,1.38718750e-02
-7.10125000e-09,4.95156250e-04,2.52406250e-02,1.40062500e-02
-7.06125000e-09,4.88437500e-04,2.53406250e-02,1.41375000e-02
-7.02125000e-09,4.81406250e-04,2.54390625e-02,1.42718750e-02
-6.98125000e-09,4.74687500e-04,2.55343750e-02,1.44062500e-02
-6.94125000e-09,4.68125000e-04,2.56250000e-02,1.45406250e-02
-6.90125000e-09,4.62187500e-04,2.57093750e-02,1.46750000e-02
-6.86125000e-09,4.56718750e-04,2.57875000e-02,1.48093750e-02
-6.82125000e-09,4.52187500e-04,2.58562500e-02,1.49500000e-02
-6.78125000e-09,4.48281250e-04,2.59171875e-02,1.50906250e-02
-6.74125000e-09,4.45156250e-04,2.59703125e-02,1.52375000e-02
-6.70125000e-09,4.42812500e-04,2.60140625e-02,1.53875000e-02
-6.66125000e-09,4.41250000e-04,2.60515625e-02,1.55437500e-02
-6.62125000e-09,4.40156250e-04,2.60796875e-02,1.57062500e-02
-6.58125000e-09,4.39375000e-04,2.61015625e-02,1.58750000e-02
-6.54125000e-09,4.38750000e-04,2.61187500e-02,1.60468750e-02
-6.50125000e-09,4.38281250e-04,2.61312500e-02,1.62281250e-02
-6.46125000e-09,4.37500000e-04,2.61406250e-02,1.64125000e-02
-6.42125000e-09,4.36406250e-04,2.61484375e-02,1.66000000e-02
-6.38125000e-09,4.34687500e-04,2.61562500e-02,1.67906250e-02
-6.34125000e-09,4.32500000e-04,2.61656250e-02,1.69843750e-02
-6.30125000e-09,4.29531250e-04,2.61765625e-02,1.71750000e-02
-6.26125000e-09,4.25781250e-04,2.61921875e-02,1.73656250e-02
-6.22125000e-09,4.21406250e-04,2.62125000e-02,1.75500000e-02
-6.18125000e-09,4.16406250e-04,2.62375000e-02,1.77281250e-02
-6.14125000e-09,4.10937500e-04,2.62687500e-02,1.79000000e-02
-6.10125000e-09,4.05312500e-04,2.63078125e-02,1.80625000e-02
-6.06125000e-09,3.99531250e-04,2.63515625e-02,1.82156250e-02
-6.02125000e-09,3.93906250e-04,2.64031250e-02,1.83593750e-02
-5.98125000e-09,3.88750000e-04,2.64593750e-02,1.84906250e-02
-5.94125000e-09,3.84218750e-04,2.65218750e-02,1.86125000e-02
-5.90125000e-09,3.80468750e-04,2.65906250e-02,1.87250000e-02
-5.86125000e-09,3.77812500e-04,2.66625000e-02,1.88312500e-02
-5.82125000e-09,3.76406250e-04,2.67375000e-02,1.89312500e-02
-5.78125000e-09,3.76250000e-04,2.68140625e-02,1.90250000e-02
-5.74125000e-09,3.77343750e-04,2.68906250e-02,1.91156250e-02
-5.70125000e-09,3.79843750e-04,2.69687500e-02,1.92093750e-02
-5.66125000e-09,3.83437500e-04,2.70437500e-02,1.93031250e-02
-5.62125000e-09,3.88281250e-04,2.71171875e-02,1.94000000e-02
-5.58125000e-09,3.94062500e-04,2.71875000e-02,1.95031250e-02
-5.54125000e-09,4.00468750e-04,2.72515625e-02,1.96125000e-02
-5.50125000e-09,4.07500000e-04,2.73109375e-02,1.97312500e-02
-5.46125000e-09,4.14687500e-04,2.73656250e-02,1.98593750e-02
-5.42125000e-09,4.21875000e-04,2.74125000e-02,1.99937500e-02
-5.38125000e-09,4.28906250e-04,2.74531250e-02,2.01406250e-02
-5.34125000e-09,4.35312500e-04,2.74859375e-02,2.02968750e-02
-5.30125000e-09,4.40937500e-04,2.75140625e-02,2.04593750e-02
-5.26125000e-09,4.45625000e-04,2.75343750e-02,2.06250000e-02
-5.22125000e-09,4.49218750e-04,2.75500000e-02,2.08000000e-02
-5.18125000e-09,4.51718750e-04,2.75609375e-02,2.09750000e-02
-5.14125000e-09,4.52968750e-04,2.75671875e-02,2.11500000e-02
-5.10125000e-09,4.52968750e-04,2.75703125e-02,2.13250000e-02
-5.06125000e-09,4.51875000e-04,2.75718750e-02,2.14968750e-02
-5.02125000e-09,4.49687500e-04,2.75718750e-02,2.16656250e-02
-4.98125000e-09,4.46562500e-04,2.75718750e-02,2.18281250e-02
-4.94125000e-09,4.42968750e-04,2.75750000e-02,2.19812500e-02
-4.90125000e-09,4.38750000e-04,2.75781250e-02,2.21281250e-02
-4.86125000e-09,4.34218750e-04,2.75859375e-02,2.22656250e-02
-4.82125000e-09,4.29687500e-04,2.75984375e-02,2.23968750e-02
-4.78125000e-09,4.25625000e-04,2.76140625e-02,2.25187500e-02
-4.74125000e-09,4.21875000e-04,2.76343750e-02,2.26375000e-02
-4.70125000e-09,4.19062500e-04,2.76593750e-02,2.27500000e-02
-4.66125000e-09,4.17187500e-04,2.76890625e-02,2.28562500e-02
-4.62125000e-09,4.16406250e-04,2.77234375e-02,2.29593750e-02
-4.58125000e-09,4.17031250e-04,2.77609375e-02,2.30625000e-02
-4.54125000e-09,4.19218750e-04,2.78015625e-02,2.31687500e-02
-4.50125000e-09,4.22812500e-04,2.78437500e-02,2.32718750e-02
-4.46125000e-09,4.28125000e-04,2.78859375e-02,2.33812500e-02
-4.42125000e-09,4.34843750e-04,2.79281250e-02,2.34906250e-02
-4.38125000e-09,4.43281250e-04,2.79687500e-02,2.36062500e-02
-4.34125000e-09,4.52812500e-04,2.80046875e-02,2.37250000e-02
-4.30125000e-09,4.63593750e-04,2.80390625e-02,2.38500000e-02
-4.26125000e-09,4.75312500e-04,2.80656250e-02,2.39781250e-02
-4.22125000e-09,4.87656250e-04,2.80890625e-02,2.41093750e-02
-4.18125000e-09,5.00312500e-04,2.81046875e-02,2.42437500e-02
-4.14125000e-09,5.12812500e-04,2.81156250e-02,2.43781250e-02
-4.10125000e-09,5.25000000e-04,2.81187500e-02,2.45125000e-02
-4.06125000e-09,5.36250000e-04,2.81156250e-02,2.46468750e-02
-4.02125000e-09,5.46093750e-04,2.81093750e-02,2.47781250e-02
-3.98125000e-09,5.54375000e-04,2.80968750e-02,2.49062500e-02
-3.94125000e-09,5.60781250e-04,2.80828125e-02,2.50281250e-02
-3.90125000e-09,5.64687500e-04,2.80656250e-02,2.51468750e-02
-3.86125000e-09,5.66093750e-04,2.80484375e-02,2.52593750e-02
-3.82125000e-09,5.64843750e-04,2.80312500e-02,2.53625000e-02
-3.78125000e-09,5.60625000e-04,2.80187500e-02,2.54625000e-02
-3.74125000e-09,5.53593750e-04,2.80078125e-02,2.55531250e-02
-3.70125000e-09,5.43906250e-04,2.80031250e-02,2.56375000e-02
-3.66125000e-09,5.31718750e-04,2.80046875e-02,2.57187500e-02
-3.62125000e-09,5.17187500e-04,2.80140625e-02,2.57906250e-02
-3.58125000e-09,5.00781250e-04,2.80296875e-02,2.58625000e-02
-3.54125000e-09,4.82812500e-04,2.80531250e-02,2.59281250e-02
-3.50125000e-09,4.64062500e-04,2.80843750e-02,2.59937500e-02
-3.46125000e-09,4.44843750e-04,2.81234375e-02,2.60593750e-02
-3.42125000e-09,4.25781250e-04,2.81671875e-02,2.61250000e-02
-3.38125000e-09,4.07500000e-04,2.82171875e-02,2.61937500e-02
-3.34125000e-09,3.90156250e-04,2.82718750e-02,2.62625000e-02
-3.30125000e-09,3.74531250e-04,2.83281250e-02,2.63375000e-02
-3.26125000e-09,3.60781250e-04,2.83843750e-02,2.64156250e-02
-3.22125000e-09,3.49218750e-04,2.84421875e-02,2.65000000e-02
-3.18125000e-09,3.39687500e-04,2.84968750e-02,2.65875000e-02
-3.14125000e-09,3.32500000e-04,2.85468750e-02,2.66843750e-02
-3.10125000e-09,3.27343750e-04,2.85937500e-02,2.67843750e-02
-3.06125000e-09,3.23906250e-04,2.86343750e-02,2.68906250e-02
-3.02125000e-09,3.21562500e-04,2.86687500e-02,2.70031250e-02
-2.98125000e-09,3.20000000e-04,2.86953125e-02,2.71218750e-02
-2.94125000e-09,3.18437500e-04,2.87140625e-02,2.72406250e-02
-2.90125000e-09,3.16093750e-04,2.87265625e-02,2.73656250e-02
-2.86125000e-09,3.12187500e-04,2.87328125e-02,2.74937500e-02
-2.82125000e-09,3.06093750e-04,2.87312500e-02,2.76250000e-02
-2.78125000e-09,2.96875000e-04,2.87250000e-02,2.77562500e-02
-2.74125000e-09,2.83906250e-04,2.87156250e-02,2.78875000e-02
-2.70125000e-09,2.66562500e-04,2.87015625e-02,2.80187500e-02
-2.66125000e-09,2.44375000e-04,2.86875000e-02,2.81468750e-02
-2.62125000e-09,2.16875000e-04,2.86718750e-02,2.82750000e-02
-2.58125000e-09,1.84062500e-04,2.86562500e-02,2.84031250e-02
-2.54125000e-09,1.45781250e-04,2.86437500e-02,2.85250000e-02
-2.50125000e-09,1.02187500e-04,2.86328125e-02,2.86437500e-02
-2.46125000e-09,5.34375000e-05,2.86250000e-02,2.87593750e-02
-2.42125000e-09,0.00000000e+00,2.86203125e-02,2.88718750e-02
-2.38125000e-09,-5.76562500e-05,2.86203125e-02,2.89781250e-02
-2.34125000e-09,-1.18750000e-04,2.86234375e-02,2.90812500e-02
-2.30125000e-09,-1.82812500e-04,2.86312500e-02,2.91781250e-02
-2.26125000e-09,-2.48906250e-04,2.86406250e-02,2.92718750e-02
-2.22125000e-09,-3.16562500e-04,2.86531250e-02,2.93625000e-02
-2.18125000e-09,-3.85000000e-04,2.86671875e-02,2.94468750e-02
-2.14125000e-09,-4.53750000e-04,2.86812500e-02,2.95250000e-02
-2.10125000e-09,-5.22187500e-04,2.86953125e-02,2.96000000e-02
-2.06125000e-09,-5.89843750e-04,2.87093750e-02,2.96718750e-02
-2.02125000e-09,-6.56562500e-04,2.87218750e-02,2.97406250e-02
-1.98125000e-09,-7.22031250e-04,2.87312500e-02,2.98062500e-02
-1.94125000e-09,-7.86093750e-04,2.87390625e-02,2.98687500e-02
-1.90125000e-09,-8.48906250e-04,2.87437500e-02,2.99312500e-02
-1.86125000e-09,-9.10625000e-04,2.87437500e-02,2.99875000e-02
-1.82125000e-09,-9.70937500e-04,2.87421875e-02,3.00468750e-02
-1.78125000e-09,-1.03031250e-03,2.87375000e-02,3.01000000e-02
-1.74125000e-09,-1.08875000e-03,2.87296875e-02,3.01562500e-02
-1.70125000e-09,-1.14609375e-03,2.87203125e-02,3.02125000e-02
-1.66125000e-09,-1.20265625e-03,2.87109375e-02,3.02656250e-02
-1.62125000e-09,-1.25781250e-03,2.87015625e-02,3.03218750e-02
-1.58125000e-09,-1.31171875e-03,2.86921875e-02,3.03812500e-02
-1.54125000e-09,-1.36359375e-03,2.86843750e-02,3.04406250e-02
-1.50125000e-09,-1.41312500e-03,2.86781250e-02,3.05000000e-02
-1.46125000e-09,-1.45953125e-03,2.86765625e-02,3.05656250e-02
-1.42125000e-09,-1.50171875e-03,2.86781250e-02,3.06312500e-02
-1.38125000e-09,-1.53906250e-03,2.86828125e-02,3.07000000e-02
-1.34125000e-09,-1.57046875e-03,2.86937500e-02,3.07750000e-02
-1.30125000e-09,-1.59500000e-03,2.87078125e-02,3.08500000e-02
-1.26125000e-09,-1.61125000e-03,2.87265625e-02,3.09312500e-02
-1.22125000e-09,-1.61859375e-03,2.87484375e-02,3.10156250e-02
-1.18125000e-09,-1.61578125e-03,2.87750000e-02,3.11031250e-02
-1.14125000e-09,-1.60234375e-03,2.88031250e-02,3.11937500e-02
-1.10125000e-09,-1.57750000e-03,2.88343750e-02,3.12875000e-02
-1.06125000e-09,-1.54093750e-03,2.88656250e-02,3.13843750e-02
-1.02125000e-09,-1.49250000e-03,2.88968750e-02,3.14812500e-02
-9.81250000e-10,-1.43203125e-03,2.89265625e-02,3.15812500e-02
-9.41250000e-10,-1.36000000e-03,2.89562500e-02,3.16812500e-02
-9.01250000e-10,-1.27703125e-03,2.89812500e-02,3.17781250e-02
-8.61250000e-10,-1.18375000e-03,2.90031250e-02,3.18750000e-02
-8.21250000e-10,-1.08109375e-03,2.90218750e-02,3.19687500e-02
-7.81250000e-10,-9.70468750e-04,2.90343750e-02,3.20593750e-02
-7.41250000e-10,-8.52812500e-04,2.90437500e-02,3.21468750e-02
-7.01250000e-10,-7.30000000e-04,2.90484375e-02,3.22281250e-02
-6.61250000e-10,-6.03125000e-04,2.90500000e-02,3.23031250e-02
-6.21250000e-10,-4.73750000e-04,2.90468750e-02,3.23687500e-02
-5.81250000e-10,-3.43437500e-04,2.90406250e-02,3.24312500e-02
-5.41250000e-10,-2.13281250e-04,2.90328125e-02,3.24843750e-02
-5.01250000e-10,-8.48437500e-05,2.90234375e-02,3.25312500e-02
-4.61250000e-10,4.07812500e-05,2.90156250e-02,3.25718750e-02
-4.21250000e-10,1.62812500e-04,2.90078125e-02,3.26062500e-02
-3.81250000e-10,2.80156250e-04,2.90015625e-02,3.26343750e-02
-3.41250000e-10,3.92187500e-04,2.90000000e-02,3.26593750e-02
-3.01250000e-10,4.98437500e-04,2.90000000e-02,3.26781250e-02
-2.61250000e-10,5.98437500e-04,2.90062500e-02,3.26968750e-02
-2.21250000e-10,6.92187500e-04,2.90171875e-02,3.27125000e-02
-1.81250000e-10,7.79218750e-04,2.90328125e-02,3.27312500e-02
-1.41250000e-10,8.59531250e-04,2.90531250e-02,3.27468750e-02
-1.01250000e-10,9.33281250e-04,2.90765625e-02,3.27687500e-02
-6.12500000e-11,1.00031250e-03,2.91062500e-02,3.27937500e-02
-2.12500000e-11,1.06078125e-03,2.91375000e-02,3.28218750e-02
1.87500000e-11,1.11453125e-03,2.91718750e-02,3.28562500e-02
5.87500000e-11,1.16187500e-03,2.92062500e-02,3.28968750e-02
9.87500000e-11,1.20281250e-03,2.92421875e-02,3.29406250e-02
1.38750000e-10,1.23703125e-03,2.92750000e-02,3.29906250e-02
1.78750000e-10,1.26468750e-03,2.93046875e-02,3.30468750e-02
2.18750000e-10,1.28593750e-03,2.93328125e-02,3.31093750e-02
2.58750000e-10,1.30031250e-03,2.93546875e-02,3.31718750e-02
2.98750000e-10,1.30828125e-03,2.93703125e-02,3.32375000e-02
3.38750000e-10,1.30953125e-03,2.93812500e-02,3.33062500e-02
3.78750000e-10,1.30421875e-03,2.93859375e-02,3.33750000e-02
4.18750000e-10,1.29265625e-03,2.93843750e-02,3.34406250e-02
4.58750000e-10,1.27484375e-03,2.93781250e-02,3.35031250e-02
4.98750000e-10,1.25140625e-03,2.93656250e-02,3.35656250e-02
5.38750000e-10,1.22265625e-03,2.93500000e-02,3.36218750e-02
5.78750000e-10,1.18906250e-03,2.93312500e-02,3.36718750e-02
6.18750000e-10,1.15140625e-03,2.93109375e-02,3.37156250e-02
6.58750000e-10,1.11015625e-03,2.92906250e-02,3.37562500e-02
6.98750000e-10,1.06625000e-03,2.92718750e-02,3.37875000e-02
7.38750000e-10,1.02046875e-03,2.92562500e-02,3.38156250e-02
7.78750000e-10,9.73593750e-04,2.92437500e-02,3.38406250e-02
8.18750000e-10,9.26406250e-04,2.92375000e-02,3.38593750e-02
8.58750000e-10,8.79843750e-04,2.92359375e-02,3.38781250e-02
8.98750000e-10,8.34375000e-04,2.92421875e-02,3.38937500e-02
9.38750000e-10,7.90625000e-04,2.92531250e-02,3.39093750e-02
9.78750000e-10,7.49375000e-04,2.92718750e-02,3.39281250e-02
1.01875000e-09,7.10781250e-04,2.92953125e-02,3.39500000e-02
1.05875000e-09,6.75156250e-04,2.93250000e-02,3.39750000e-02
1.09875000e-09,6.42812500e-04,2.93578125e-02,3.40062500e-02
1.13875000e-09,6.13593750e-04,2.93937500e-02,3.40468750e-02
1.17875000e-09,5.87343750e-04,2.94296875e-02,3.40906250e-02
1.21875000e-09,5.64218750e-04,2.94656250e-02,3.41437500e-02
1.25875000e-09,5.43593750e-04,2.95000000e-02,3.42062500e-02
1.29875000e-09,5.25468750e-04,2.95296875e-02,3.42750000e-02
1.33875000e-09,5.09218750e-04,2.95562500e-02,3.43500000e-02
1.37875000e-09,4.94843750e-04,2.95750000e-02,3.44312500e-02
1.41875000e-09,4.81718750e-04,2.95859375e-02,3.45187500e-02
1.45875000e-09,4.69687500e-04,2.95906250e-02,3.46093750e-02
1.49875000e-09,4.58593750e-04,2.95875000e-02,3.47031250e-02
1.53875000e-09,4.48125000e-04,2.95781250e-02,3.47968750e-02
1.57875000e-09,4.38281250e-04,2.95609375e-02,3.48875000e-02
1.61875000e-09,4.29062500e-04,2.95375000e-02,3.49781250e-02
1.65875000e-09,4.20468750e-04,2.95093750e-02,3.50625000e-02
1.69875000e-09,4.12500000e-04,2.94796875e-02,3.51406250e-02
1.73875000e-09,4.05468750e-04,2.94468750e-02,3.52125000e-02
1.77875000e-09,3.99531250e-04,2.94156250e-02,3.52781250e-02
1.81875000e-09,3.94687500e-04,2.93843750e-02,3.53312500e-02
1.85875000e-09,3.91250000e-04,2.93578125e-02,3.53781250e-02
1.89875000e-09,3.89375000e-04,2.93359375e-02,3.54125000e-02
1.93875000e-09,3.89218750e-04,2.93203125e-02,3.54406250e-02
1.97875000e-09,3.90468750e-04,2.93109375e-02,3.54593750e-02
2.01875000e-09,3.93437500e-04,2.93093750e-02,3.54687500e-02
2.05875000e-09,3.97968750e-04,2.93140625e-02,3.54718750e-02
2.09875000e-09,4.03750000e-04,2.93265625e-02,3.54687500e-02
2.13875000e-09,4.10625000e-04,2.93453125e-02,3.54593750e-02
2.17875000e-09,4.18125000e-04,2.93703125e-02,3.54500000e-02
2.21875000e-09,4.26093750e-04,2.94000000e-02,3.54343750e-02
2.25875000e-09,4.34218750e-04,2.94312500e-02,3.54218750e-02
2.29875000e-09,4.41875000e-04,2.94640625e-02,3.54062500e-02
2.33875000e-09,4.48906250e-04,2.94968750e-02,3.53968750e-02
2.37875000e-09,4.55000000e-04,2.95281250e-02,3.53875000e-02
2.41875000e-09,4.59687500e-04,2.95562500e-02,3.53781250e-02
2.45875000e-09,4.62812500e-04,2.95812500e-02,3.53781250e-02
2.49875000e-09,4.64375000e-04,2.96000000e-02,3.53781250e-02
2.53875000e-09,4.64062500e-04,2.96125000e-02,3.53812500e-02
2.57875000e-09,4.62187500e-04,2.96187500e-02,3.53906250e-02
2.61875000e-09,4.58906250e-04,2.96187500e-02,3.54031250e-02
2.65875000e-09,4.54062500e-04,2.96140625e-02,3.54156250e-02
2.69875000e-09,4.48281250e-04,2.96031250e-02,3.54312500e-02
2.73875000e-09,4.41562500e-04,2.95875000e-02,3.54500000e-02
2.77875000e-09,4.34375000e-04,2.95687500e-02,3.54687500e-02
2.81875000e-09,4.27031250e-04,2.95468750e-02,3.54875000e-02
2.85875000e-09,4.20000000e-04,2.95234375e-02,3.55062500e-02
2.89875000e-09,4.13437500e-04,2.95015625e-02,3.55218750e-02
2.93875000e-09,4.07656250e-04,2.94796875e-02,3.55406250e-02
2.97875000e-09,4.02656250e-04,2.94609375e-02,3.55562500e-02
3.01875000e-09,3.98906250e-04,2.94453125e-02,3.55687500e-02
3.05875000e-09,3.96250000e-04,2.94328125e-02,3.55843750e-02
3.09875000e-09,3.94531250e-04,2.94234375e-02,3.55968750e-02
3.13875000e-09,3.93906250e-04,2.94187500e-02,3.56093750e-02
3.17875000e-09,3.94218750e-04,2.94187500e-02,3.56250000e-02
3.21875000e-09,3.95156250e-04,2.94203125e-02,3.56406250e-02
3.25875000e-09,3.96406250e-04,2.94265625e-02,3.56562500e-02
3.29875000e-09,3.97812500e-04,2.94343750e-02,3.56781250e-02
3.33875000e-09,3.99062500e-04,2.94437500e-02,3.57000000e-02
3.37875000e-09,4.00000000e-04,2.94531250e-02,3.57281250e-02
3.41875000e-09,4.00156250e-04,2.94625000e-02,3.57625000e-02
3.45875000e-09,3.99687500e-04,2.94718750e-02,3.57968750e-02
3.49875000e-09,3.98437500e-04,2.94781250e-02,3.58406250e-02
3.53875000e-09,3.96093750e-04,2.94843750e-02,3.58843750e-02
3.57875000e-09,3.92812500e-04,2.94859375e-02,3.59343750e-02
3.61875000e-09,3.88750000e-04,2.94875000e-02,3.59843750e-02
3.65875000e-09,3.83906250e-04,2.94859375e-02,3.60406250e-02
3.69875000e-09,3.78437500e-04,2.94812500e-02,3.60937500e-02
3.73875000e-09,3.72656250e-04,2.94765625e-02,3.61500000e-02
3.77875000e-09,3.66718750e-04,2.94718750e-02,3.62000000e-02
3.81875000e-09,3.60937500e-04,2.94656250e-02,3.62500000e-02
3.85875000e-09,3.55468750e-04,2.94609375e-02,3.62968750e-02
3.89875000e-09,3.50468750e-04,2.94562500e-02,3.63375000e-02
3.93875000e-09,3.46250000e-04,2.94546875e-02,3.63687500e-02
3.97875000e-09,3.42812500e-04,2.94562500e-02,3.63968750e-02
4.01875000e-09,3.40156250e-04,2.94593750e-02,3.64125000e-02
4.05875000e-09,3.38437500e-04,2.94656250e-02,3.64250000e-02
4.09875000e-09,3.37500000e-04,2.94750000e-02,3.64250000e-02
4.13875000e-09,3.37187500e-04,2.94875000e-02,3.64218750e-02
4.17875000e-09,3.37500000e-04,2.95015625e-02,3.64093750e-02
4.21875000e-09,3.37968750e-04,2.95171875e-02,3.63906250e-02
4.25875000e-09,3.38593750e-04,2.95343750e-02,3.63656250e-02
4.29875000e-09,3.39218750e-04,2.95515625e-02,3.63406250e-02
4.33875000e-09,3.39375000e-04,2.95687500e-02,3.63093750e-02
4.37875000e-09,3.38906250e-04,2.95843750e-02,3.62812500e-02
4.41875000e-09,3.37812500e-04,2.95968750e-02,3.62531250e-02
4.45875000e-09,3.35781250e-04,2.96078125e-02,3.62250000e-02
4.49875000e-09,3.32968750e-04,2.96171875e-02,3.62000000e-02
4.53875000e-09,3.29218750e-04,2.96218750e-02,3.61812500e-02
4.57875000e-09,3.24687500e-04,2.96234375e-02,3.61687500e-02
4.61875000e-09,3.19375000e-04,2.96234375e-02,3.61625000e-02
4.65875000e-09,3.13593750e-04,2.96203125e-02,3.61593750e-02
4.69875000e-09,3.07656250e-04,2.96156250e-02,3.61656250e-02
4.73875000e-09,3.01562500e-04,2.96109375e-02,3.61750000e-02
4.77875000e-09,2.95781250e-04,2.96062500e-02,3.61937500e-02
4.81875000e-09,2.90625000e-04,2.96015625e-02,3.62125000e-02
4.85875000e-09,2.86250000e-04,2.96000000e-02,3.62406250e-02
4.89875000e-09,2.82968750e-04,2.96015625e-02,3.62687500e-02
4.93875000e-09,2.80937500e-04,2.96062500e-02,3.63000000e-02
4.97875000e-09,2.80468750e-04,2.96156250e-02,3.63312500e-02
5.01875000e-09,2.81406250e-04,2.96312500e-02,3.63625000e-02
5.05875000e-09,2.83750000e-04,2.96500000e-02,3.63906250e-02
5.09875000e-09,2.87656250e-04,2.96750000e-02,3.64218750e-02
5.13875000e-09,2.92812500e-04,2.97031250e-02,3.64468750e-02
5.17875000e-09,2.99218750e-04,2.97359375e-02,3.64718750e-02
5.21875000e-09,3.06250000e-04,2.97718750e-02,3.64937500e-02
5.25875000e-09,3.14062500e-04,2.98093750e-02,3.65125000e-02
5.29875000e-09,3.22031250e-04,2.98468750e-02,3.65281250e-02
5.33875000e-09,3.30000000e-04,2.98843750e-02,3.65406250e-02
5.37875000e-09,3.37500000e-04,2.99187500e-02,3.65531250e-02
5.41875000e-09,3.44375000e-04,2.99500000e-02,3.65656250e-02
5.45875000e-09,3.50468750e-04,2.99750000e-02,3.65750000e-02
5.49875000e-09,3.55312500e-04,2.99953125e-02,3.65843750e-02
5.53875000e-09,3.59062500e-04,3.00093750e-02,3.65968750e-02
5.57875000e-09,3.61406250e-04,3.00156250e-02,3.66093750e-02
5.61875000e-09,3.62500000e-04,3.00140625e-02,3.66218750e-02
5.65875000e-09,3.62500000e-04,3.00062500e-02,3.66375000e-02
5.69875000e-09,3.61406250e-04,2.99906250e-02,3.66531250e-02
5.73875000e-09,3.59375000e-04,2.99687500e-02,3.66718750e-02
5.77875000e-09,3.56718750e-04,2.99421875e-02,3.66906250e-02
5.81875000e-09,3.53750000e-04,2.99109375e-02,3.67125000e-02
5.85875000e-09,3.50625000e-04,2.98781250e-02,3.67375000e-02
5.89875000e-09,3.47812500e-04,2.98437500e-02,3.67593750e-02
5.93875000e-09,3.45156250e-04,2.98109375e-02,3.67843750e-02
5.97875000e-09,3.43125000e-04,2.97796875e-02,3.68093750e-02
6.01875000e-09,3.41875000e-04,2.97515625e-02,3.68343750e-02
6.05875000e-09,3.41406250e-04,2.97281250e-02,3.68593750e-02
6.09875000e-09,3.41718750e-04,2.97093750e-02,3.68812500e-02
6.13875000e-09,3.42812500e-04,2.96984375e-02,3.69062500e-02
6.17875000e-09,3.44375000e-04,2.96937500e-02,3.69281250e-02
6.21875000e-09,3.46562500e-04,2.96968750e-02,3.69500000e-02
6.25875000e-09,3.48906250e-04,2.97046875e-02,3.69718750e-02
6.29875000e-09,3.51250000e-04,2.97203125e-02,3.69937500e-02
6.33875000e-09,3.53281250e-04,2.97421875e-02,3.70125000e-02
6.37875000e-09,3.54843750e-04,2.97671875e-02,3.70312500e-02
6.41875000e-09,3.55625000e-04,2.97968750e-02,3.70500000e-02
6.45875000e-09,3.55312500e-04,2.98281250e-02,3.70687500e-02
6.49875000e-09,3.53906250e-04,2.98609375e-02,3.70843750e-02
6.53875000e-09,3.51250000e-04,2.98937500e-02,3.71000000e-02
6.57875000e-09,3.47343750e-04,2.99265625e-02,3.71125000e-02
6.61875000e-09,3.42343750e-04,2.99562500e-02,3.71218750e-02
6.65875000e-09,3.36250000e-04,2.99843750e-02,3.71281250e-02
6.69875000e-09,3.29218750e-04,3.00078125e-02,3.71312500e-02
6.73875000e-09,3.21562500e-04,3.00281250e-02,3.71312500e-02
6.77875000e-09,3.13750000e-04,3.00437500e-02,3.71250000e-02
6.81875000e-09,3.05937500e-04,3.00562500e-02,3.71156250e-02
6.85875000e-09,2.98750000e-04,3.00640625e-02,3.71000000e-02
6.89875000e-09,2.92343750e-04,3.00687500e-02,3.70812500e-02
6.93875000e-09,2.87187500e-04,3.00703125e-02,3.70531250e-02
6.97875000e-09,2.83593750e-04,3.00703125e-02,3.70250000e-02
7.01875000e-09,2.81718750e-04,3.00671875e-02,3.69937500e-02
7.05875000e-09,2.81718750e-04,3.00640625e-02,3.69593750e-02
7.09875000e-09,2.83906250e-04,3.00593750e-02,3.69218750e-02
7.13875000e-09,2.88281250e-04,3.00562500e-02,3.68875000e-02
7.17875000e-09,2.94531250e-04,3.00515625e-02,3.68562500e-02
7.21875000e-09,3.02656250e-04,3.00484375e-02,3.68281250e-02
7.25875000e-09,3.12343750e-04,3.00453125e-02,3.68062500e-02
7.29875000e-09,3.23281250e-04,3.00437500e-02,3.67875000e-02
7.33875000e-09,3.35156250e-04,3.00406250e-02,3.67812500e-02
7.37875000e-09,3.47343750e-04,3.00406250e-02,3.67812500e-02
7.41875000e-09,3.59687500e-04,3.00390625e-02,3.67906250e-02
7.45875000e-09,3.71562500e-04,3.00375000e-02,3.68125000e-02
7.49875000e-09,3.82656250e-04,3.00359375e-02,3.68406250e-02
7.53875000e-09,3.92500000e-04,3.00328125e-02,3.68781250e-02
7.57875000e-09,4.00781250e-04,3.00281250e-02,3.69250000e-02
7.61875000e-09,4.07343750e-04,3.00234375e-02,3.69750000e-02
7.65875000e-09,4.12031250e-04,3.00171875e-02,3.70281250e-02
7.69875000e-09,4.14687500e-04,3.00093750e-02,3.70812500e-02
7.73875000e-09,4.15312500e-04,3.00015625e-02,3.71375000e-02
7.77875000e-09,4.13906250e-04,2.99921875e-02,3.71875000e-02
7.81875000e-09,4.10781250e-04,2.99828125e-02,3.72312500e-02
7.85875000e-09,4.06093750e-04,2.99734375e-02,3.72656250e-02
7.89875000e-09,4.00156250e-04,2.99640625e-02,3.72906250e-02
7.93875000e-09,3.93281250e-04,2.99562500e-02,3.73062500e-02
7.97875000e-09,3.85781250e-04,2.99484375e-02,3.73093750e-02
8.01875000e-09,3.77812500e-04,2.99437500e-02,3.72968750e-02
8.05875000e-09,3.70000000e-04,2.99421875e-02,3.72750000e-02
8.09875000e-09,3.62187500e-04,2.99406250e-02,3.72375000e-02
8.13875000e-09,3.55000000e-04,2.99437500e-02,3.71937500e-02
8.17875000e-09,3.48281250e-04,2.99468750e-02,3.71406250e-02
8.21875000e-09,3.42343750e-04,2.99546875e-02,3.70812500e-02
8.25875000e-09,3.37031250e-04,2.99625000e-02,3.70187500e-02
8.29875000e-09,3.32500000e-04,2.99718750e-02,3.69562500e-02
8.33875000e-09,3.28593750e-04,2.99828125e-02,3.68968750e-02
8.37875000e-09,3.25156250e-04,2.99937500e-02,3.68437500e-02
8.41875000e-09,3.22187500e-04,3.00046875e-02,3.67968750e-02
8.45875000e-09,3.19375000e-04,3.00125000e-02,3.67625000e-02
8.49875000e-09,3.16562500e-04,3.00203125e-02,3.67406250e-02
8.53875000e-09,3.13437500e-04,3.00234375e-02,3.67312500e-02
8.57875000e-09,3.10156250e-04,3.00250000e-02,3.67406250e-02
8.61875000e-09,3.06250000e-04,3.00234375e-02,3.67625000e-02
8.65875000e-09,3.01875000e-04,3.00171875e-02,3.68000000e-02
8.69875000e-09,2.96718750e-04,3.00078125e-02,3.68500000e-02
8.73875000e-09,2.91093750e-04,2.99937500e-02,3.69093750e-02
8.77875000e-09,2.84843750e-04,2.99781250e-02,3.69812500e-02
8.81875000e-09,2.78125000e-04,2.99578125e-02,3.70625000e-02
8.85875000e-09,2.70937500e-04,2.99375000e-02,3.71468750e-02
8.89875000e-09,2.63593750e-04,2.99140625e-02,3.72312500e-02
8.93875000e-09,2.56250000e-04,2.98906250e-02,3.73156250e-02
8.97875000e-09,2.49062500e-04,2.98671875e-02,3.73968750e-02
9.01875000e-09,2.42187500e-04,2.98453125e-02,3.74718750e-02
9.05875000e-09,2.35781250e-04,2.98250000e-02,3.75375000e-02
9.09875000e-09,2.30156250e-04,2.98078125e-02,3.75968750e-02
9.13875000e-09,2.25312500e-04,2.97937500e-02,3.76437500e-02
9.17875000e-09,2.21406250e-04,2.97828125e-02,3.76812500e-02
9.21875000e-09,2.18437500e-04,2.97750000e-02,3.77031250e-02
9.25875000e-09,2.16250000e-04,2.97718750e-02,3.77187500e-02
9.29875000e-09,2.15156250e-04,2.97718750e-02,3.77218750e-02
9.33875000e-09,2.14687500e-04,2.97765625e-02,3.77156250e-02
9.37875000e-09,2.15000000e-04,2.97828125e-02,3.77000000e-02
9.41875000e-09,2.15937500e-04,2.97921875e-02,3.76781250e-02
9.45875000e-09,2.17187500e-04,2.98031250e-02,3.76531250e-02
9.49875000e-09,2.18750000e-04,2.98156250e-02,3.76250000e-02
9.53875000e-09,2.20468750e-04,2.98281250e-02,3.75937500e-02
9.57875000e-09,2.22031250e-04,2.98406250e-02,3.75625000e-02
9.61875000e-09,2.23593750e-04,2.98515625e-02,3.75312500e-02
9.65875000e-09,2.25000000e-04,2.98609375e-02,3.75031250e-02
9.69875000e-09,2.26250000e-04,2.98687500e-02,3.74750000e-02
9.73875000e-09,2.27187500e-04,2.98718750e-02,3.74500000e-02
9.77875000e-09,2.27968750e-04,2.98734375e-02,3.74281250e-02
9.81875000e-09,2.28593750e-04,2.98718750e-02,3.74062500e-02
9.85875000e-09,2.29218750e-04,2.98671875e-02,3.73906250e-02
9.89875000e-09,2.30000000e-04,2.98593750e-02,3.73781250e-02
9.93875000e-09,2.30937500e-04,2.98500000e-02,3.73656250e-02
9.97875000e-09,2.32343750e-04,2.98375000e-02,3.73562500e-02
1.00187500e-08,2.34062500e-04,2.98250000e-02,3.73500000e-02
1.00587500e-08,2.36562500e-04,2.98093750e-02,3.73468750e-02
1.00987500e-08,2.39531250e-04,2.97953125e-02,3.73437500e-02
1.01387500e-08,2.43281250e-04,2.97796875e-02,3.73437500e-02
1.01787500e-08,2.47656250e-04,2.97656250e-02,3.73468750e-02
1.02187500e-08,2.52812500e-04,2.97515625e-02,3.73531250e-02
1.02587500e-08,2.58437500e-04,2.97390625e-02,3.73625000e-02
1.02987500e-08,2.64687500e-04,2.97281250e-02,3.73750000e-02
1.03387500e-08,2.71093750e-04,2.97187500e-02,3.73937500e-02
1.03787500e-08,2.77812500e-04,2.97109375e-02,3.74125000e-02
1.04187500e-08,2.84531250e-04,2.97046875e-02,3.74375000e-02
1.04587500e-08,2.90937500e-04,2.97000000e-02,3.74687500e-02
1.04987500e-08,2.97031250e-04,2.96953125e-02,3.75000000e-02
1.05387500e-08,3.02656250e-04,2.96921875e-02,3.75343750e-02
1.05787500e-08,3.07500000e-04,2.96890625e-02,3.75718750e-02
1.06187500e-08,3.11562500e-04,2.96843750e-02,3.76093750e-02
1.06587500e-08,3.14687500e-04,2.96796875e-02,3.76437500e-02
1.06987500e-08,3.16875000e-04,2.96750000e-02,3.76781250e-02
1.07387500e-08,3.17968750e-04,2.96687500e-02,3.77093750e-02
1.07787500e-08,3.18281250e-04,2.96609375e-02,3.77343750e-02
1.08187500e-08,3.17812500e-04,2.96515625e-02,3.77562500e-02
1.08587500e-08,3.16406250e-04,2.96406250e-02,3.77687500e-02
1.08987500e-08,3.14531250e-04,2.96281250e-02,3.77750000e-02
1.09387500e-08,3.12187500e-04,2.96156250e-02,3.77718750e-02
1.09787500e-08,3.09531250e-04,2.96015625e-02,3.77625000e-02
1.10187500e-08,3.06875000e-04,2.95875000e-02,3.77437500e-02
1.10587500e-08,3.04062500e-04,2.95734375e-02,3.77187500e-02
1.10987500e-08,3.01562500e-04,2.95593750e-02,3.76875000e-02
1.11387500e-08,2.99531250e-04,2.95453125e-02,3.76500000e-02
1.11787500e-08,2.97656250e-04,2.95328125e-02,3.76125000e-02
1.12187500e-08,2.96406250e-04,2.95218750e-02,3.75750000e-02
1.12587500e-08,2.95781250e-04,2.95125000e-02,3.75343750e-02
1.12987500e-08,2.95781250e-04,2.95046875e-02,3.75000000e-02
1.13387500e-08,2.96250000e-04,2.94984375e-02,3.74687500e-02
1.13787500e-08,2.97343750e-04,2.94937500e-02,3.74437500e-02
1.14187500e-08,2.98906250e-04,2.94906250e-02,3.74281250e-02
1.14587500e-08,3.01093750e-04,2.94890625e-02,3.74156250e-02
1.14987500e-08,3.03593750e-04,2.94890625e-02,3.74156250e-02
1.15387500e-08,3.06718750e-04,2.94890625e-02,3.74218750e-02
1.15787500e-08,3.10156250e-04,2.94906250e-02,3.74375000e-02
1.16187500e-08,3.13906250e-04,2.94921875e-02,3.74593750e-02
1.16587500e-08,3.17968750e-04,2.94937500e-02,3.74875000e-02
1.16987500e-08,3.22500000e-04,2.94953125e-02,3.75156250e-02
1.17387500e-08,3.27343750e-04,2.94953125e-02,3.75500000e-02
1.17787500e-08,3.32500000e-04,2.94937500e-02,3.75812500e-02
1.18187500e-08,3.38125000e-04,2.94906250e-02,3.76125000e-02
1.18587500e-08,3.44062500e-04,2.94875000e-02,3.76375000e-02
1.18987500e-08,3.50625000e-04,2.94828125e-02,3.76593750e-02
1.19387500e-08,3.57500000e-04,2.94765625e-02,3.76718750e-02
1.19787500e-08,3.64687500e-04,2.94687500e-02,3.76781250e-02
1.20187500e-08,3.72343750e-04,2.94593750e-02,3.76750000e-02
1.20587500e-08,3.80312500e-04,2.94500000e-02,3.76656250e-02
1.20987500e-08,3.88437500e-04,2.94406250e-02,3.76468750e-02
1.21387500e-08,3.96718750e-04,2.94312500e-02,3.76187500e-02
1.21787500e-08,4.05000000e-04,2.94218750e-02,3.75875000e-02
1.22187500e-08,4.13125000e-04,2.94140625e-02,3.75500000e-02
1.22587500e-08,4.20937500e-04,2.94062500e-02,3.75125000e-02
1.22987500e-08,4.28281250e-04,2.94000000e-02,3.74718750e-02
1.23387500e-08,4.34843750e-04,2.93953125e-02,3.74375000e-02
1.23787500e-08,4.40781250e-04,2.93921875e-02,3.74031250e-02
1.24187500e-08,4.45781250e-04,2.93906250e-02,3.73750000e-02
1.24587500e-08,4.49687500e-04,2.93906250e-02,3.73531250e-02
1.24987500e-08,4.52656250e-04,2.93921875e-02,3.73375000e-02
1.25387500e-08,4.54375000e-04,2.93953125e-02,3.73312500e-02
1.25787500e-08,4.55156250e-04,2.94000000e-02,3.73343750e-02
1.26187500e-08,4.54843750e-04,2.94046875e-02,3.73437500e-02
1.26587500e-08,4.53437500e-04,2.94093750e-02,3.73625000e-02
1.26987500e-08,4.51250000e-04,2.94140625e-02,3.73875000e-02
1.27387500e-08,4.48281250e-04,2.94203125e-02,3.74156250e-02
1.27787500e-08,4.44687500e-04,2.94234375e-02,3.74468750e-02
1.28187500e-08,4.40468750e-04,2.94265625e-02,3.74781250e-02
1.28587500e-08,4.35937500e-04,2.94281250e-02,3.75125000e-02
1.28987500e-08,4.31093750e-04,2.94281250e-02,3.75406250e-02
1.29387500e-08,4.26093750e-04,2.94265625e-02,3.75656250e-02
1.29787500e-08,4.20937500e-04,2.94218750e-02,3.75875000e-02
1.30187500e-08,4.15625000e-04,2.94156250e-02,3.76000000e-02
1.30587500e-08,4.10156250e-04,2.94078125e-02,3.76062500e-02
1.30987500e-08,4.04375000e-04,2.93968750e-02,3.76031250e-02
1.31387500e-08,3.98437500e-04,2.93843750e-02,3.75968750e-02
1.31787500e-08,3.92031250e-04,2.93703125e-02,3.75812500e-02
1.32187500e-08,3.85000000e-04,2.93562500e-02,3.75562500e-02
1.32587500e-08,3.77343750e-04,2.93390625e-02,3.75312500e-02
1.32987500e-08,3.68750000e-04,2.93234375e-02,3.75000000e-02
1.33387500e-08,3.59375000e-04,2.93062500e-02,3.74625000e-02
1.33787500e-08,3.49062500e-04,2.92890625e-02,3.74281250e-02
1.34187500e-08,3.37812500e-04,2.92718750e-02,3.73906250e-02
1.34587500e-08,3.25625000e-04,2.92562500e-02,3.73562500e-02
1.34987500e-08,3.12656250e-04,2.92406250e-02,3.73218750e-02
1.35387500e-08,2.99062500e-04,2.92265625e-02,3.72906250e-02
1.35787500e-08,2.85000000e-04,2.92140625e-02,3.72625000e-02
1.36187500e-08,2.70781250e-04,2.92031250e-02,3.72343750e-02
1.36587500e-08,2.56875000e-04,2.91937500e-02,3.72125000e-02
1.36987500e-08,2.43437500e-04,2.91843750e-02,3.71937500e-02
1.37387500e-08,2.31093750e-04,2.91781250e-02,3.71812500e-02
1.37787500e-08,2.20000000e-04,2.91718750e-02,3.71656250e-02
1.38187500e-08,2.10781250e-04,2.91671875e-02,3.71562500e-02
1.38587500e-08,2.03750000e-04,2.91625000e-02,3.71500000e-02
1.38987500e-08,1.99218750e-04,2.91593750e-02,3.71437500e-02
1.39387500e-08,1.97187500e-04,2.91578125e-02,3.71406250e-02
1.39787500e-08,1.98281250e-04,2.91546875e-02,3.71406250e-02
1.40187500e-08,2.02187500e-04,2.91531250e-02,3.71406250e-02
1.40587500e-08,2.09062500e-04,2.91500000e-02,3.71468750e-02
1.40987500e-08,2.18750000e-04,2.91484375e-02,3.71531250e-02
1.41387500e-08,2.31250000e-04,2.91453125e-02,3.71656250e-02
1.41787500e-08,2.45937500e-04,2.91421875e-02,3.71812500e-02
1.42187500e-08,2.62656250e-04,2.91390625e-02,3.72031250e-02
1.42587500e-08,2.81093750e-04,2.91359375e-02,3.72312500e-02
1.42987500e-08,3.00625000e-04,2.91328125e-02,3.72656250e-02
1.43387500e-08,3.20625000e-04,2.91296875e-02,3.73031250e-02
1.43787500e-08,3.40937500e-04,2.91265625e-02,3.73500000e-02
1.44187500e-08,3.60937500e-04,2.91250000e-02,3.74000000e-02
1.44587500e-08,3.80156250e-04,2.91218750e-02,3.74531250e-02
1.44987500e-08,3.98125000e-04,2.91203125e-02,3.75093750e-02
1.45387500e-08,4.14687500e-04,2.91203125e-02,3.75656250e-02
1.45787500e-08,4.29375000e-04,2.91203125e-02,3.76218750e-02
1.46187500e-08,4.42031250e-04,2.91218750e-02,3.76750000e-02
1.46587500e-08,4.52812500e-04,2.91234375e-02,3.77218750e-02
1.46987500e-08,4.61250000e-04,2.91265625e-02,3.77625000e-02
1.47387500e-08,4.67656250e-04,2.91312500e-02,3.77906250e-02
1.47787500e-08,4.71875000e-04,2.91359375e-02,3.78093750e-02
1.48187500e-08,4.74062500e-04,2.91421875e-02,3.78125000e-02
1.48587500e-08,4.74531250e-04,2.91484375e-02,3.78000000e-02
1.48987500e-08,4.73281250e-04,2.91546875e-02,3.77750000e-02
1.49387500e-08,4.70468750e-04,2.91609375e-02,3.77343750e-02
1.49787500e-08,4.66406250e-04,2.91671875e-02,3.76812500e-02
1.50187500e-08,4.61093750e-04,2.91750000e-02,3.76125000e-02
1.50587500e-08,4.54687500e-04,2.91796875e-02,3.75343750e-02
1.50987500e-08,4.47343750e-04,2.91843750e-02,3.74500000e-02
1.51387500e-08,4.39218750e-04,2.91890625e-02,3.73593750e-02
1.51787500e-08,4.30468750e-04,2.91921875e-02,3.72656250e-02
1.52187500e-08,4.20937500e-04,2.91937500e-02,3.71750000e-02
1.52587500e-08,4.10781250e-04,2.91953125e-02,3.70906250e-02
1.52987500e-08,4.00000000e-04,2.91937500e-02,3.70125000e-02
1.53387500e-08,3.88750000e-04,2.91921875e-02,3.69468750e-02
1.53787500e-08,3.77187500e-04,2.91890625e-02,3.68937500e-02
1.54187500e-08,3.65156250e-04,2.91859375e-02,3.68531250e-02
1.54587500e-08,3.52968750e-04,2.91812500e-02,3.68343750e-02
1.54987500e-08,3.40625000e-04,2.91750000e-02,3.68281250e-02
1.55387500e-08,3.28281250e-04,2.91671875e-02,3.68406250e-02
1.55787500e-08,3.16093750e-04,2.91609375e-02,3.68687500e-02
1.56187500e-08,3.04375000e-04,2.91531250e-02,3.69093750e-02
1.56587500e-08,2.93281250e-04,2.91437500e-02,3.69593750e-02
1.56987500e-08,2.82812500e-04,2.91359375e-02,3.70187500e-02
1.57387500e-08,2.73281250e-04,2.91265625e-02,3.70843750e-02
1.57787500e-08,2.64687500e-04,2.91171875e-02,3.71500000e-02
1.58187500e-08,2.57187500e-04,2.91078125e-02,3.72125000e-02
1.58587500e-08,2.50937500e-04,2.90968750e-02,3.72687500e-02
1.58987500e-08,2.45625000e-04,2.90875000e-02,3.73156250e-02
1.59387500e-08,2.41406250e-04,2.90765625e-02,3.73531250e-02
1.59787500e-08,2.37968750e-04,2.90656250e-02,3.73750000e-02
1.60187500e-08,2.35312500e-04,2.90531250e-02,3.73843750e-02
1.60587500e-08,2.33125000e-04,2.90421875e-02,3.73781250e-02
1.60987500e-08,2.31250000e-04,2.90296875e-02,3.73593750e-02
1.61387500e-08,2.29062500e-04,2.90187500e-02,3.73250000e-02
1.61787500e-08,2.26718750e-04,2.90062500e-02,3.72812500e-02
1.62187500e-08,2.23750000e-04,2.89937500e-02,3.72250000e-02
1.62587500e-08,2.20000000e-04,2.89828125e-02,3.71625000e-02
1.62987500e-08,2.15468750e-04,2.89734375e-02,3.71000000e-02
1.63387500e-08,2.09687500e-04,2.89640625e-02,3.70343750e-02
1.63787500e-08,2.03125000e-04,2.89562500e-02,3.69687500e-02
1.64187500e-08,1.95468750e-04,2.89500000e-02,3.69125000e-02
1.64587500e-08,1.87343750e-04,2.89453125e-02,3.68656250e-02
1.64987500e-08,1.78750000e-04,2.89437500e-02,3.68250000e-02
1.65387500e-08,1.70156250e-04,2.89437500e-02,3.68000000e-02
1.65787500e-08,1.62187500e-04,2.89468750e-02,3.67875000e-02
1.66187500e-08,1.55156250e-04,2.89515625e-02,3.67875000e-02
1.66587500e-08,1.49687500e-04,2.89593750e-02,3.68031250e-02
1.66987500e-08,1.46406250e-04,2.89687500e-02,3.68281250e-02
1.67387500e-08,1.45625000e-04,2.89796875e-02,3.68656250e-02
1.67787500e-08,1.47812500e-04,2.89906250e-02,3.69125000e-02
1.68187500e-08,1.53593750e-04,2.90046875e-02,3.69625000e-02
1.68587500e-08,1.62968750e-04,2.90171875e-02,3.70187500e-02
1.68987500e-08,1.76093750e-04,2.90296875e-02,3.70750000e-02
1.69387500e-08,1.92968750e-04,2.90406250e-02,3.71281250e-02
1.69787500e-08,2.13281250e-04,2.90500000e-02,3.71781250e-02
1.70187500e-08,2.36875000e-04,2.90562500e-02,3.72218750e-02
1.70587500e-08,2.63125000e-04,2.90593750e-02,3.72562500e-02
1.70987500e-08,2.91406250e-04,2.90593750e-02,3.72843750e-02
1.71387500e-08,3.21093750e-04,2.90546875e-02,3.73000000e-02
1.71787500e-08,3.51250000e-04,2.90453125e-02,3.73062500e-02
1.72187500e-08,3.81093750e-04,2.90328125e-02,3.73031250e-02
1.72587500e-08,4.09687500e-04,2.90156250e-02,3.72906250e-02
1.72987500e-08,4.36093750e-04,2.89953125e-02,3.72718750e-02
1.73387500e-08,4.59843750e-04,2.89703125e-02,3.72437500e-02
1.73787500e-08,4.80156250e-04,2.89421875e-02,3.72156250e-02
1.74187500e-08,4.96406250e-04,2.89125000e-02,3.71812500e-02
1.74587500e-08,5.08281250e-04,2.88812500e-02,3.71500000e-02
1.74987500e-08,5.15468750e-04,2.88500000e-02,3.71156250e-02
1.75387500e-08,5.18125000e-04,2.88187500e-02,3.70875000e-02
1.75787500e-08,5.16250000e-04,2.87875000e-02,3.70593750e-02
1.76187500e-08,5.10468750e-04,2.87593750e-02,3.70375000e-02
1.76587500e-08,5.00781250e-04,2.87328125e-02,3.70218750e-02
1.76987500e-08,4.88281250e-04,2.87093750e-02,3.70093750e-02
1.77387500e-08,4.73437500e-04,2.86890625e-02,3.70000000e-02
1.77787500e-08,4.56875000e-04,2.86734375e-02,3.69937500e-02
1.78187500e-08,4.39687500e-04,2.86609375e-02,3.69906250e-02
1.78587500e-08,4.22500000e-04,2.86531250e-02,3.69875000e-02
1.78987500e-08,4.05937500e-04,2.86468750e-02,3.69843750e-02
1.79387500e-08,3.90625000e-04,2.86453125e-02,3.69781250e-02
1.79787500e-08,3.77187500e-04,2.86453125e-02,3.69687500e-02
1.80187500e-08,3.65937500e-04,2.86468750e-02,3.69531250e-02
1.80587500e-08,3.57031250e-04,2.86484375e-02,3.69343750e-02
1.80987500e-08,3.50625000e-04,2.86515625e-02,3.69062500e-02
1.81387500e-08,3.46562500e-04,2.86515625e-02,3.68718750e-02
1.81787500e-08,3.44687500e-04,2.86515625e-02,3.68343750e-02
1.82187500e-08,3.44531250e-04,2.86500000e-02,3.67875000e-02
1.82587500e-08,3.45781250e-04,2.86453125e-02,3.67375000e-02
1.82987500e-08,3.47812500e-04,2.86375000e-02,3.66843750e-02
1.83387500e-08,3.50000000e-04,2.86250000e-02,3.66281250e-02
1.83787500e-08,3.52187500e-04,2.86109375e-02,3.65750000e-02
1.84187500e-08,3.53437500e-04,2.85921875e-02,3.65218750e-02
1.84587500e-08,3.53593750e-04,2.85718750e-02,3.64750000e-02
1.84987500e-08,3.52343750e-04,2.85484375e-02,3.64343750e-02
1.85387500e-08,3.49218750e-04,2.85234375e-02,3.64031250e-02
1.85787500e-08,3.44218750e-04,2.84953125e-02,3.63812500e-02
1.86187500e-08,3.37343750e-04,2.84687500e-02,3.63687500e-02
1.86587500e-08,3.28750000e-04,2.84421875e-02,3.63687500e-02
1.86987500e-08,3.18593750e-04,2.84156250e-02,3.63812500e-02
1.87387500e-08,3.07343750e-04,2.83906250e-02,3.64062500e-02
1.87787500e-08,2.95312500e-04,2.83687500e-02,3.64406250e-02
1.88187500e-08,2.82968750e-04,2.83484375e-02,3.64875000e-02
1.88587500e-08,2.70781250e-04,2.83328125e-02,3.65375000e-02
1.88987500e-08,2.59218750e-04,2.83203125e-02,3.65968750e-02
1.89387500e-08,2.48750000e-04,2.83109375e-02,3.66593750e-02
1.89787500e-08,2.39843750e-04,2.83046875e-02,3.67218750e-02
1.90187500e-08,2.32812500e-04,2.83015625e-02,3.67843750e-02
1.90587500e-08,2.27656250e-04,2.83015625e-02,3.68437500e-02
1.90987500e-08,2.24843750e-04,2.83046875e-02,3.68968750e-02
1.91387500e-08,2.24218750e-04,2.83093750e-02,3.69437500e-02
1.91787500e-08,2.25781250e-04,2.83140625e-02,3.69812500e-02
1.92187500e-08,2.29218750e-04,2.83203125e-02,3.70093750e-02
1.92587500e-08,2.34687500e-04,2.83281250e-02,3.70250000e-02
1.92987500e-08,2.41562500e-04,2.83343750e-02,3.70343750e-02
1.93387500e-08,2.49843750e-04,2.83390625e-02,3.70312500e-02
1.93787500e-08,2.58906250e-04,2.83437500e-02,3.70187500e-02
1.94187500e-08,2.68750000e-04,2.83468750e-02,3.70000000e-02
1.94587500e-08,2.79062500e-04,2.83484375e-02,3.69750000e-02
1.94987500e-08,2.89531250e-04,2.83484375e-02,3.69437500e-02
1.95387500e-08,3.00000000e-04,2.83484375e-02,3.69125000e-02
1.95787500e-08,3.10312500e-04,2.83453125e-02,3.68781250e-02
1.96187500e-08,3.20468750e-04,2.83421875e-02,3.68437500e-02
1.96587500e-08,3.30625000e-04,2.83390625e-02,3.68125000e-02
1.96987500e-08,3.40468750e-04,2.83343750e-02,3.67843750e-02
1.97387500e-08,3.50468750e-04,2.83312500e-02,3.67625000e-02
1.97787500e-08,3.60468750e-04,2.83281250e-02,3.67437500e-02
1.98187500e-08,3.70625000e-04,2.83265625e-02,3.67312500e-02
1.98587500e-08,3.81093750e-04,2.83265625e-02,3.67250000e-02
1.98987500e-08,3.91875000e-04,2.83265625e-02,3.67218750e-02
1.99387500e-08,4.02968750e-04,2.83296875e-02,3.67250000e-02
1.99787500e-08,4.14375000e-04,2.83328125e-02,3.67312500e-02
2.00187500e-08,4.25781250e-04,2.83375000e-02,3.67375000e-02
2.00587500e-08,4.37343750e-04,2.83437500e-02,3.67468750e-02
2.00987500e-08,4.48437500e-04,2.83515625e-02,3.67562500e-02
2.01387500e-08,4.59062500e-04,2.83593750e-02,3.67593750e-02
2.01787500e-08,4.68750000e-04,2.83671875e-02,3.67625000e-02
2.02187500e-08,4.77031250e-04,2.83734375e-02,3.67593750e-02
2.02587500e-08,4.83750000e-04,2.83796875e-02,3.67531250e-02
2.02987500e-08,4.88437500e-04,2.83859375e-02,3.67406250e-02
2.03387500e-08,4.90781250e-04,2.83906250e-02,3.67218750e-02
2.03787500e-08,4.90625000e-04,2.83921875e-02,3.66968750e-02
2.04187500e-08,4.87656250e-04,2.83937500e-02,3.66687500e-02
2.04587500e-08,4.82031250e-04,2.83921875e-02,3.66343750e-02
2.04987500e-08,4.73593750e-04,2.83906250e-02,3.66000000e-02
2.05387500e-08,4.62656250e-04,2.83875000e-02,3.65625000e-02
2.05787500e-08,4.49375000e-04,2.83828125e-02,3.65250000e-02
2.06187500e-08,4.34218750e-04,2.83781250e-02,3.64875000e-02
2.06587500e-08,4.17656250e-04,2.83718750e-02,3.64531250e-02
2.06987500e-08,4.00156250e-04,2.83671875e-02,3.64218750e-02
2.07387500e-08,3.82343750e-04,2.83625000e-02,3.63968750e-02
2.07787500e-08,3.64687500e-04,2.83593750e-02,3.63750000e-02
2.08187500e-08,3.47968750e-04,2.83578125e-02,3.63593750e-02
2.08587500e-08,3.32812500e-04,2.83562500e-02,3.63500000e-02
2.08987500e-08,3.19531250e-04,2.83562500e-02,3.63468750e-02
2.09387500e-08,3.08750000e-04,2.83578125e-02,3.63468750e-02
2.09787500e-08,3.00625000e-04,2.83593750e-02,3.63562500e-02
2.10187500e-08,2.95625000e-04,2.83625000e-02,3.63656250e-02
2.10587500e-08,2.93593750e-04,2.83656250e-02,3.63781250e-02
2.10987500e-08,2.94531250e-04,2.83687500e-02,3.63937500e-02
2.11387500e-08,2.98593750e-04,2.83703125e-02,3.64125000e-02
2.11787500e-08,3.05156250e-04,2.83703125e-02,3.64250000e-02
2.12187500e-08,3.13906250e-04,2.83671875e-02,3.64406250e-02
2.12587500e-08,3.24687500e-04,2.83625000e-02,3.64500000e-02
2.12987500e-08,3.36718750e-04,2.83546875e-02,3.64562500e-02
2.13387500e-08,3.49687500e-04,2.83421875e-02,3.64562500e-02
2.13787500e-08,3.62968750e-04,2.83281250e-02,3.64531250e-02
2.14187500e-08,3.76093750e-04,2.83093750e-02,3.64437500e-02
2.14587500e-08,3.88437500e-04,2.82875000e-02,3.64281250e-02
2.14987500e-08,3.99843750e-04,2.82625000e-02,3.64093750e-02
2.15387500e-08,4.09687500e-04,2.82375000e-02,3.63843750e-02
2.15787500e-08,4.17968750e-04,2.82109375e-02,3.63531250e-02
2.16187500e-08,4.24375000e-04,2.81843750e-02,3.63218750e-02
2.16587500e-08,4.28750000e-04,2.81593750e-02,3.62843750e-02
2.16987500e-08,4.31250000e-04,2.81375000e-02,3.62468750e-02
2.17387500e-08,4.31718750e-04,2.81187500e-02,3.62062500e-02
2.17787500e-08,4.30468750e-04,2.81062500e-02,3.61656250e-02
2.18187500e-08,4.27812500e-04,2.80984375e-02,3.61218750e-02
2.18587500e-08,4.23593750e-04,2.80984375e-02,3.60843750e-02
2.18987500e-08,4.18437500e-04,2.81046875e-02,3.60437500e-02
2.19387500e-08,4.12343750e-04,2.81187500e-02,3.60093750e-02
2.19787500e-08,4.05625000e-04,2.81390625e-02,3.59750000e-02
2.20187500e-08,3.98750000e-04,2.81656250e-02,3.59468750e-02
2.20587500e-08,3.91562500e-04,2.81984375e-02,3.59218750e-02
2.20987500e-08,3.84531250e-04,2.82359375e-02,3.59000000e-02
2.21387500e-08,3.77812500e-04,2.82750000e-02,3.58812500e-02
2.21787500e-08,3.71562500e-04,2.83140625e-02,3.58687500e-02
2.22187500e-08,3.65625000e-04,2.83546875e-02,3.58625000e-02
2.22587500e-08,3.60468750e-04,2.83906250e-02,3.58593750e-02
2.22987500e-08,3.55781250e-04,2.84234375e-02,3.58625000e-02
2.23387500e-08,3.52031250e-04,2.84484375e-02,3.58718750e-02
2.23787500e-08,3.48906250e-04,2.84656250e-02,3.58843750e-02
2.24187500e-08,3.46718750e-04,2.84734375e-02,3.59031250e-02
2.24587500e-08,3.45468750e-04,2.84718750e-02,3.59250000e-02
2.24987500e-08,3.45000000e-04,2.84578125e-02,3.59500000e-02
2.25387500e-08,3.45468750e-04,2.84343750e-02,3.59781250e-02
2.25787500e-08,3.47031250e-04,2.84000000e-02,3.60062500e-02
2.26187500e-08,3.49687500e-04,2.83562500e-02,3.60375000e-02
2.26587500e-08,3.53125000e-04,2.83031250e-02,3.60656250e-02
2.26987500e-08,3.57812500e-04,2.82437500e-02,3.60937500e-02
2.27387500e-08,3.63281250e-04,2.81812500e-02,3.61187500e-02
2.27787500e-08,3.69687500e-04,2.81140625e-02,3.61375000e-02
2.28187500e-08,3.76875000e-04,2.80484375e-02,3.61500000e-02
2.28587500e-08,3.84531250e-04,2.79843750e-02,3.61562500e-02
2.28987500e-08,3.92656250e-04,2.79250000e-02,3.61531250e-02
2.29387500e-08,4.00937500e-04,2.78718750e-02,3.61406250e-02
2.29787500e-08,4.09062500e-04,2.78281250e-02,3.61187500e-02
2.30187500e-08,4.16875000e-04,2.77937500e-02,3.60906250e-02
2.30587500e-08,4.23906250e-04,2.77687500e-02,3.60531250e-02
2.30987500e-08,4.29843750e-04,2.77562500e-02,3.60062500e-02
2.31387500e-08,4.34531250e-04,2.77562500e-02,3.59531250e-02
2.31787500e-08,4.37500000e-04,2.77656250e-02,3.58937500e-02
2.32187500e-08,4.38750000e-04,2.77843750e-02,3.58343750e-02
2.32587500e-08,4.37968750e-04,2.78109375e-02,3.57718750e-02
2.32987500e-08,4.35156250e-04,2.78453125e-02,3.57093750e-02
2.33387500e-08,4.30156250e-04,2.78828125e-02,3.56500000e-02
2.33787500e-08,4.23125000e-04,2.79218750e-02,3.55968750e-02
2.34187500e-08,4.14062500e-04,2.79609375e-02,3.55500000e-02
2.34587500e-08,4.03281250e-04,2.79968750e-02,3.55125000e-02
2.34987500e-08,3.91093750e-04,2.80265625e-02,3.54843750e-02
2.35387500e-08,3.77812500e-04,2.80500000e-02,3.54656250e-02
2.35787500e-08,3.63906250e-04,2.80656250e-02,3.54593750e-02
2.36187500e-08,3.49531250e-04,2.80718750e-02,3.54625000e-02
2.36587500e-08,3.35468750e-04,2.80687500e-02,3.54750000e-02
2.36987500e-08,3.21875000e-04,2.80546875e-02,3.54968750e-02
2.37387500e-08,3.09375000e-04,2.80296875e-02,3.55281250e-02
2.37787500e-08,2.98125000e-04,2.79984375e-02,3.55625000e-02
2.38187500e-08,2.88593750e-04,2.79578125e-02,3.55968750e-02
2.38587500e-08,2.80937500e-04,2.79140625e-02,3.56375000e-02
2.38987500e-08,2.75468750e-04,2.78656250e-02,3.56718750e-02
2.39387500e-08,2.72031250e-04,2.78156250e-02,3.57062500e-02
2.39787500e-08,2.70781250e-04,2.77671875e-02,3.57343750e-02
2.40187500e-08,2.71562500e-04,2.77218750e-02,3.57562500e-02
2.40587500e-08,2.74375000e-04,2.76828125e-02,3.57687500e-02
2.40987500e-08,2.78750000e-04,2.76500000e-02,3.57750000e-02
2.41387500e-08,2.84531250e-04,2.76265625e-02,3.57718750e-02
2.41787500e-08,2.91406250e-04,2.76140625e-02,3.57625000e-02
2.42187500e-08,2.99218750e-04,2.76109375e-02,3.57468750e-02
2.42587500e-08,3.07343750e-04,2.76171875e-02,3.57281250e-02
2.42987500e-08,3.15625000e-04,2.76343750e-02,3.57031250e-02
2.43387500e-08,3.23593750e-04,2.76625000e-02,3.56781250e-02
2.43787500e-08,3.31250000e-04,2.76968750e-02,3.56531250e-02
2.44187500e-08,3.38281250e-04,2.77375000e-02,3.56312500e-02
2.44587500e-08,3.44531250e-04,2.77828125e-02,3.56125000e-02
2.44987500e-08,3.49843750e-04,2.78312500e-02,3.56000000e-02
2.45387500e-08,3.54062500e-04,2.78796875e-02,3.55937500e-02
2.45787500e-08,3.57343750e-04,2.79265625e-02,3.55937500e-02
2.46187500e-08,3.59531250e-04,2.79687500e-02,3.56000000e-02
2.46587500e-08,3.60781250e-04,2.80062500e-02,3.56125000e-02
2.46987500e-08,3.61250000e-04,2.80359375e-02,3.56281250e-02
2.47387500e-08,3.60937500e-04,2.80578125e-02,3.56468750e-02
2.47787500e-08,3.60000000e-04,2.80703125e-02,3.56656250e-02
2.48187500e-08,3.58593750e-04,2.80750000e-02,3.56843750e-02
2.48587500e-08,3.56562500e-04,2.80703125e-02,3.57000000e-02
2.48987500e-08,3.54375000e-04,2.80562500e-02,3.57093750e-02
2.49387500e-08,3.51875000e-04,2.80359375e-02,3.57093750e-02
2.49787500e-08,3.49218750e-04,2.80093750e-02,3.57000000e-02
2.50187500e-08,3.46406250e-04,2.79781250e-02,3.56812500e-02
2.50587500e-08,3.43437500e-04,2.79437500e-02,3.56531250e-02
2.50987500e-08,3.40468750e-04,2.79078125e-02,3.56093750e-02
2.51387500e-08,3.37343750e-04,2.78718750e-02,3.55593750e-02
2.51787500e-08,3.34218750e-04,2.78375000e-02,3.54968750e-02
2.52187500e-08,3.31093750e-04,2.78062500e-02,3.54312500e-02
2.52587500e-08,3.27968750e-04,2.77796875e-02,3.53593750e-02
2.52987500e-08,3.24843750e-04,2.77562500e-02,3.52875000e-02
2.53387500e-08,3.21718750e-04,2.77390625e-02,3.52187500e-02
2.53787500e-08,3.18750000e-04,2.77265625e-02,3.51562500e-02
2.54187500e-08,3.15937500e-04,2.77203125e-02,3.51031250e-02
2.54587500e-08,3.13437500e-04,2.77171875e-02,3.50593750e-02
2.54987500e-08,3.11250000e-04,2.77187500e-02,3.50343750e-02
2.55387500e-08,3.09531250e-04,2.77234375e-02,3.50218750e-02
2.55787500e-08,3.08125000e-04,2.77296875e-02,3.50312500e-02
2.56187500e-08,3.07187500e-04,2.77359375e-02,3.50562500e-02
2.56587500e-08,3.06718750e-04,2.77421875e-02,3.51000000e-02
2.56987500e-08,3.06875000e-04,2.77468750e-02,3.51593750e-02
2.57387500e-08,3.07500000e-04,2.77500000e-02,3.52343750e-02
2.57787500e-08,3.08593750e-04,2.77484375e-02,3.53218750e-02
2.58187500e-08,3.10156250e-04,2.77453125e-02,3.54187500e-02
2.58587500e-08,3.11875000e-04,2.77375000e-02,3.55156250e-02
2.58987500e-08,3.13906250e-04,2.77250000e-02,3.56156250e-02
2.59387500e-08,3.15937500e-04,2.77093750e-02,3.57125000e-02
2.59787500e-08,3.18125000e-04,2.76906250e-02,3.58031250e-02
2.60187500e-08,3.20000000e-04,2.76703125e-02,3.58781250e-02
2.60587500e-08,3.21875000e-04,2.76468750e-02,3.59437500e-02
2.60987500e-08,3.23281250e-04,2.76234375e-02,3.59875000e-02
2.61387500e-08,3.24375000e-04,2.76000000e-02,3.60156250e-02
2.61787500e-08,3.25156250e-04,2.75781250e-02,3.60250000e-02
2.62187500e-08,3.25625000e-04,2.75593750e-02,3.60156250e-02
2.62587500e-08,3.25625000e-04,2.75421875e-02,3.59843750e-02
2.62987500e-08,3.25468750e-04,2.75281250e-02,3.59406250e-02
2.63387500e-08,3.25000000e-04,2.75187500e-02,3.58812500e-02
2.63787500e-08,3.24687500e-04,2.75125000e-02,3.58093750e-02
2.64187500e-08,3.24375000e-04,2.75109375e-02,3.57312500e-02
2.64587500e-08,3.24218750e-04,2.75140625e-02,3.56468750e-02
2.64987500e-08,3.24531250e-04,2.75187500e-02,3.55625000e-02
2.65387500e-08,3.25312500e-04,2.75265625e-02,3.54812500e-02
2.65787500e-08,3.26718750e-04,2.75375000e-02,3.54062500e-02
2.66187500e-08,3.28750000e-04,2.75484375e-02,3.53375000e-02
2.66587500e-08,3.31562500e-04,2.75593750e-02,3.52781250e-02
2.66987500e-08,3.35156250e-04,2.75703125e-02,3.52281250e-02
2.67387500e-08,3.39218750e-04,2.75796875e-02,3.51906250e-02
2.67787500e-08,3.43906250e-04,2.75859375e-02,3.51656250e-02
2.68187500e-08,3.49062500e-04,2.75906250e-02,3.51500000e-02
2.68587500e-08,3.54375000e-04,2.75921875e-02,3.51437500e-02
2.68987500e-08,3.59687500e-04,2.75906250e-02,3.51468750e-02
2.69387500e-08,3.64687500e-04,2.75859375e-02,3.51531250e-02
2.69787500e-08,3.69375000e-04,2.75781250e-02,3.51656250e-02
2.70187500e-08,3.73125000e-04,2.75687500e-02,3.51750000e-02
2.70587500e-08,3.75937500e-04,2.75562500e-02,3.51875000e-02
2.70987500e-08,3.77656250e-04,2.75437500e-02,3.51937500e-02
2.71387500e-08,3.77812500e-04,2.75296875e-02,3.51968750e-02
2.71787500e-08,3.76562500e-04,2.75156250e-02,3.51937500e-02
2.72187500e-08,3.73750000e-04,2.75015625e-02,3.51843750e-02
2.72587500e-08,3.69218750e-04,2.74890625e-02,3.51718750e-02
2.72987500e-08,3.63125000e-04,2.74781250e-02,3.51531250e-02
2.73387500e-08,3.55625000e-04,2.74703125e-02,3.51281250e-02
2.73787500e-08,3.46718750e-04,2.74625000e-02,3.51000000e-02
2.74187500e-08,3.36718750e-04,2.74578125e-02,3.50718750e-02
2.74587500e-08,3.25781250e-04,2.74562500e-02,3.50437500e-02
2.74987500e-08,3.14218750e-04,2.74546875e-02,3.50156250e-02
2.75387500e-08,3.02343750e-04,2.74546875e-02,3.49906250e-02
2.75787500e-08,2.90468750e-04,2.74562500e-02,3.49718750e-02
2.76187500e-08,2.78906250e-04,2.74578125e-02,3.49625000e-02
2.76587500e-08,2.67968750e-04,2.74578125e-02,3.49562500e-02
2.76987500e-08,2.57812500e-04,2.74578125e-02,3.49562500e-02
2.77387500e-08,2.48906250e-04,2.74578125e-02,3.49656250e-02
2.77787500e-08,2.41406250e-04,2.74546875e-02,3.49812500e-02
2.78187500e-08,2.35468750e-04,2.74500000e-02,3.50000000e-02
2.78587500e-08,2.31093750e-04,2.74437500e-02,3.50218750e-02
2.78987500e-08,2.28437500e-04,2.74343750e-02,3.50468750e-02
2.79387500e-08,2.27500000e-04,2.74250000e-02,3.50687500e-02
2.79787500e-08,2.28281250e-04,2.74125000e-02,3.50875000e-02
2.80187500e-08,2.30781250e-04,2.74000000e-02,3.51031250e-02
2.80587500e-08,2.34843750e-04,2.73875000e-02,3.51125000e-02
2.80987500e-08,2.40156250e-04,2.73734375e-02,3.51093750e-02
2.81387500e-08,2.46875000e-04,2.73609375e-02,3.51000000e-02
2.81787500e-08,2.54531250e-04,2.73500000e-02,3.50781250e-02
2.82187500e-08,2.63125000e-04,2.73406250e-02,3.50468750e-02
2.82587500e-08,2.72187500e-04,2.73328125e-02,3.50031250e-02
2.82987500e-08,2.81718750e-04,2.73265625e-02,3.49500000e-02
2.83387500e-08,2.91250000e-04,2.73234375e-02,3.48875000e-02
2.83787500e-08,3.00781250e-04,2.73218750e-02,3.48187500e-02
2.84187500e-08,3.10000000e-04,2.73218750e-02,3.47468750e-02
2.84587500e-08,3.18750000e-04,2.73218750e-02,3.46718750e-02
2.84987500e-08,3.26875000e-04,2.73234375e-02,3.46000000e-02
2.85387500e-08,3.34062500e-04,2.73234375e-02,3.45281250e-02
2.85787500e-08,3.40312500e-04,2.73234375e-02,3.44625000e-02
2.86187500e-08,3.45468750e-04,2.73218750e-02,3.44062500e-02
2.86587500e-08,3.49375000e-04,2.73156250e-02,3.43625000e-02
2.86987500e-08,3.52187500e-04,2.73078125e-02,3.43250000e-02
2.87387500e-08,3.53593750e-04,2.72953125e-02,3.43062500e-02
2.87787500e-08,3.53906250e-04,2.72796875e-02,3.42968750e-02
2.88187500e-08,3.53125000e-04,2.72578125e-02,3.43031250e-02
2.88587500e-08,3.51406250e-04,2.72328125e-02,3.43187500e-02
2.88987500e-08,3.48593750e-04,2.72046875e-02,3.43500000e-02
2.89387500e-08,3.45312500e-04,2.71718750e-02,3.43906250e-02
2.89787500e-08,3.41406250e-04,2.71375000e-02,3.44375000e-02
2.90187500e-08,3.37343750e-04,2.71015625e-02,3.44937500e-02
2.90587500e-08,3.33125000e-04,2.70656250e-02,3.45531250e-02
2.90987500e-08,3.29218750e-04,2.70296875e-02,3.46125000e-02
2.91387500e-08,3.25781250e-04,2.69968750e-02,3.46750000e-02
2.91787500e-08,3.22968750e-04,2.69671875e-02,3.47312500e-02
2.92187500e-08,3.21093750e-04,2.69421875e-02,3.47843750e-02
2.92587500e-08,3.20000000e-04,2.69234375e-02,3.48343750e-02
2.92987500e-08,3.20156250e-04,2.69109375e-02,3.48750000e-02
2.93387500e-08,3.21250000e-04,2.69046875e-02,3.49062500e-02
2.93787500e-08,3.23593750e-04,2.69062500e-02,3.49312500e-02
2.94187500e-08,3.26718750e-04,2.69140625e-02,3.49468750e-02
2.94587500e-08,3.30625000e-04,2.69281250e-02,3.49562500e-02
2.94987500e-08,3.35000000e-04,2.69484375e-02,3.49562500e-02
2.95387500e-08,3.39531250e-04,2.69734375e-02,3.49500000e-02
2.95787500e-08,3.44062500e-04,2.70015625e-02,3.49375000e-02
2.96187500e-08,3.47968750e-04,2.70312500e-02,3.49250000e-02
2.96587500e-08,3.50937500e-04,2.70625000e-02,3.49062500e-02
2.96987500e-08,3.52656250e-04,2.70937500e-02,3.48843750e-02
2.97387500e-08,3.52656250e-04,2.71203125e-02,3.48656250e-02
2.97787500e-08,3.50625000e-04,2.71437500e-02,3.48437500e-02
2.98187500e-08,3.46562500e-04,2.71625000e-02,3.48250000e-02
2.98587500e-08,3.40000000e-04,2.71734375e-02,3.48062500e-02
2.98987500e-08,3.31093750e-04,2.71781250e-02,3.47906250e-02
2.99387500e-08,3.19843750e-04,2.71765625e-02,3.47781250e-02
2.99787500e-08,3.06406250e-04,2.71656250e-02,3.47687500e-02
3.00187500e-08,2.91093750e-04,2.71468750e-02,3.47593750e-02
3.00587500e-08,2.74375000e-04,2.71234375e-02,3.47531250e-02
3.00987500e-08,2.56562500e-04,2.70921875e-02,3.47468750e-02
3.01387500e-08,2.38437500e-04,2.70562500e-02,3.47406250e-02
3.01787500e-08,2.20468750e-04,2.70171875e-02,3.47343750e-02
3.02187500e-08,2.03281250e-04,2.69765625e-02,3.47312500e-02
3.02587500e-08,1.87656250e-04,2.69343750e-02,3.47218750e-02
3.02987500e-08,1.74062500e-04,2.68937500e-02,3.47156250e-02
3.03387500e-08,1.62968750e-04,2.68562500e-02,3.47062500e-02
3.03787500e-08,1.55156250e-04,2.68218750e-02,3.46937500e-02
3.04187500e-08,1.50625000e-04,2.67937500e-02,3.46812500e-02
3.04587500e-08,1.49687500e-04,2.67718750e-02,3.46625000e-02
3.04987500e-08,1.52500000e-04,2.67562500e-02,3.46468750e-02
3.05387500e-08,1.58750000e-04,2.67468750e-02,3.46250000e-02
3.05787500e-08,1.68281250e-04,2.67453125e-02,3.46062500e-02
3.06187500e-08,1.80625000e-04,2.67484375e-02,3.45812500e-02
3.06587500e-08,1.95312500e-04,2.67593750e-02,3.45593750e-02
3.06987500e-08,2.11718750e-04,2.67734375e-02,3.45343750e-02
3.07387500e-08,2.29062500e-04,2.67921875e-02,3.45093750e-02
3.07787500e-08,2.46562500e-04,2.68125000e-02,3.44875000e-02
3.08187500e-08,2.63593750e-04,2.68343750e-02,3.44625000e-02
3.08587500e-08,2.79218750e-04,2.68546875e-02,3.44406250e-02
3.08987500e-08,2.92968750e-04,2.68734375e-02,3.44156250e-02
3.09387500e-08,3.04062500e-04,2.68890625e-02,3.43937500e-02
3.09787500e-08,3.12343750e-04,2.68984375e-02,3.43718750e-02
3.10187500e-08,3.17343750e-04,2.69031250e-02,3.43531250e-02
3.10587500e-08,3.18906250e-04,2.69015625e-02,3.43312500e-02
3.10987500e-08,3.17187500e-04,2.68921875e-02,3.43125000e-02
3.11387500e-08,3.12343750e-04,2.68765625e-02,3.42937500e-02
3.11787500e-08,3.04843750e-04,2.68546875e-02,3.42781250e-02
3.12187500e-08,2.95000000e-04,2.68265625e-02,3.42593750e-02
3.12587500e-08,2.83750000e-04,2.67921875e-02,3.42437500e-02
3.12987500e-08,2.71406250e-04,2.67546875e-02,3.42281250e-02
3.13387500e-08,2.59062500e-04,2.67140625e-02,3.42125000e-02
3.13787500e-08,2.47187500e-04,2.66718750e-02,3.41968750e-02
3.14187500e-08,2.36562500e-04,2.66296875e-02,3.41843750e-02
3.14587500e-08,2.27812500e-04,2.65875000e-02,3.41718750e-02
3.14987500e-08,2.21406250e-04,2.65484375e-02,3.41625000e-02
3.15387500e-08,2.17812500e-04,2.65140625e-02,3.41531250e-02
3.15787500e-08,2.17031250e-04,2.64828125e-02,3.41437500e-02
3.16187500e-08,2.19375000e-04,2.64578125e-02,3.41375000e-02
3.16587500e-08,2.24375000e-04,2.64390625e-02,3.41312500e-02
3.16987500e-08,2.32031250e-04,2.64265625e-02,3.41250000e-02
3.17387500e-08,2.41718750e-04,2.64203125e-02,3.41218750e-02
3.17787500e-08,2.52968750e-04,2.64203125e-02,3.41187500e-02
3.18187500e-08,2.65000000e-04,2.64265625e-02,3.41156250e-02
3.18587500e-08,2.77343750e-04,2.64375000e-02,3.41156250e-02
3.18987500e-08,2.88906250e-04,2.64531250e-02,3.41125000e-02
3.19387500e-08,2.99218750e-04,2.64718750e-02,3.41125000e-02
3.19787500e-08,3.07656250e-04,2.64921875e-02,3.41093750e-02
3.20187500e-08,3.13593750e-04,2.65140625e-02,3.41093750e-02
3.20587500e-08,3.16562500e-04,2.65359375e-02,3.41062500e-02
3.20987500e-08,3.16250000e-04,2.65562500e-02,3.41031250e-02
3.21387500e-08,3.12500000e-04,2.65750000e-02,3.41000000e-02
3.21787500e-08,3.05468750e-04,2.65906250e-02,3.40968750e-02
3.22187500e-08,2.95312500e-04,2.66031250e-02,3.40937500e-02
3.22587500e-08,2.82500000e-04,2.66109375e-02,3.40937500e-02
3.22987500e-08,2.67343750e-04,2.66156250e-02,3.40906250e-02
3.23387500e-08,2.50468750e-04,2.66171875e-02,3.40906250e-02
3.23787500e-08,2.32500000e-04,2.66140625e-02,3.40906250e-02
3.24187500e-08,2.14375000e-04,2.66062500e-02,3.40906250e-02
3.24587500e-08,1.96562500e-04,2.65968750e-02,3.40937500e-02
3.24987500e-08,1.79843750e-04,2.65843750e-02,3.41000000e-02
3.25387500e-08,1.64843750e-04,2.65718750e-02,3.41093750e-02
3.25787500e-08,1.51875000e-04,2.65562500e-02,3.41187500e-02
3.26187500e-08,1.41562500e-04,2.65406250e-02,3.41312500e-02
3.26587500e-08,1.33906250e-04,2.65250000e-02,3.41437500e-02
3.26987500e-08,1.29062500e-04,2.65109375e-02,3.41593750e-02
3.27387500e-08,1.27031250e-04,2.64968750e-02,3.41781250e-02
3.27787500e-08,1.27656250e-04,2.64828125e-02,3.41968750e-02
3.28187500e-08,1.30468750e-04,2.64718750e-02,3.42156250e-02
3.28587500e-08,1.35000000e-04,2.64625000e-02,3.42343750e-02
3.28987500e-08,1.40781250e-04,2.64531250e-02,3.42531250e-02
3.29387500e-08,1.47500000e-04,2.64453125e-02,3.42718750e-02
3.29787500e-08,1.54218750e-04,2.64390625e-02,3.42875000e-02
3.30187500e-08,1.60468750e-04,2.64328125e-02,3.43000000e-02
3.30587500e-08,1.66093750e-04,2.64265625e-02,3.43093750e-02
3.30987500e-08,1.70312500e-04,2.64203125e-02,3.43156250e-02
3.31387500e-08,1.72968750e-04,2.64125000e-02,3.43187500e-02
3.31787500e-08,1.73750000e-04,2.64062500e-02,3.43187500e-02
3.32187500e-08,1.72968750e-04,2.63984375e-02,3.43156250e-02
3.32587500e-08,1.70312500e-04,2.63890625e-02,3.43062500e-02
3.32987500e-08,1.66250000e-04,2.63796875e-02,3.42937500e-02
3.33387500e-08,1.60937500e-04,2.63687500e-02,3.42750000e-02
3.33787500e-08,1.54843750e-04,2.63578125e-02,3.42562500e-02
3.34187500e-08,1.48437500e-04,2.63468750e-02,3.42343750e-02
3.34587500e-08,1.42343750e-04,2.63359375e-02,3.42062500e-02
3.34987500e-08,1.36875000e-04,2.63265625e-02,3.41812500e-02
3.35387500e-08,1.32812500e-04,2.63171875e-02,3.41500000e-02
3.35787500e-08,1.30625000e-04,2.63093750e-02,3.41187500e-02
3.36187500e-08,1.30468750e-04,2.63031250e-02,3.40875000e-02
3.36587500e-08,1.32968750e-04,2.62984375e-02,3.40562500e-02
3.36987500e-08,1.38125000e-04,2.62968750e-02,3.40281250e-02
3.37387500e-08,1.46250000e-04,2.62953125e-02,3.39968750e-02
3.37787500e-08,1.57031250e-04,2.62968750e-02,3.39687500e-02
3.38187500e-08,1.70312500e-04,2.63000000e-02,3.39406250e-02
3.38587500e-08,1.86093750e-04,2.63046875e-02,3.39156250e-02
3.38987500e-08,2.03906250e-04,2.63109375e-02,3.38937500e-02
3.39387500e-08,2.23125000e-04,2.63156250e-02,3.38718750e-02
3.39787500e-08,2.43437500e-04,2.63218750e-02,3.38562500e-02
3.40187500e-08,2.64062500e-04,2.63265625e-02,3.38375000e-02
3.40587500e-08,2.84687500e-04,2.63296875e-02,3.38250000e-02
3.40987500e-08,3.04687500e-04,2.63312500e-02,3.38125000e-02
3.41387500e-08,3.23281250e-04,2.63312500e-02,3.38031250e-02
3.41787500e-08,3.40312500e-04,2.63265625e-02,3.37937500e-02
3.42187500e-08,3.55156250e-04,2.63187500e-02,3.37906250e-02
3.42587500e-08,3.67500000e-04,2.63078125e-02,3.37843750e-02
3.42987500e-08,3.77187500e-04,2.62937500e-02,3.37812500e-02
3.43387500e-08,3.84062500e-04,2.62750000e-02,3.37812500e-02
3.43787500e-08,3.87968750e-04,2.62546875e-02,3.37812500e-02
3.44187500e-08,3.88906250e-04,2.62312500e-02,3.37812500e-02
3.44587500e-08,3.87187500e-04,2.62046875e-02,3.37843750e-02
3.44987500e-08,3.82968750e-04,2.61781250e-02,3.37875000e-02
3.45387500e-08,3.76406250e-04,2.61500000e-02,3.37906250e-02
3.45787500e-08,3.67812500e-04,2.61218750e-02,3.37968750e-02
3.46187500e-08,3.57500000e-04,2.60953125e-02,3.38000000e-02
3.46587500e-08,3.45781250e-04,2.60687500e-02,3.38062500e-02
3.46987500e-08,3.33125000e-04,2.60453125e-02,3.38125000e-02
3.47387500e-08,3.19843750e-04,2.60265625e-02,3.38187500e-02
3.47787500e-08,3.06250000e-04,2.60093750e-02,3.38250000e-02
3.48187500e-08,2.92812500e-04,2.59968750e-02,3.38281250e-02
3.48587500e-08,2.79531250e-04,2.59875000e-02,3.38343750e-02
3.48987500e-08,2.66875000e-04,2.59828125e-02,3.38406250e-02
3.49387500e-08,2.55000000e-04,2.59828125e-02,3.38437500e-02
3.49787500e-08,2.44218750e-04,2.59875000e-02,3.38500000e-02
3.50187500e-08,2.34531250e-04,2.59953125e-02,3.38531250e-02
3.50587500e-08,2.26250000e-04,2.60078125e-02,3.38562500e-02
3.50987500e-08,2.19375000e-04,2.60218750e-02,3.38562500e-02
3.51387500e-08,2.13906250e-04,2.60390625e-02,3.38562500e-02
3.51787500e-08,2.10156250e-04,2.60593750e-02,3.38562500e-02
3.52187500e-08,2.07968750e-04,2.60796875e-02,3.38562500e-02
3.52587500e-08,2.07343750e-04,2.61000000e-02,3.38531250e-02
3.52987500e-08,2.08281250e-04,2.61218750e-02,3.38468750e-02
3.53387500e-08,2.10781250e-04,2.61421875e-02,3.38406250e-02
3.53787500e-08,2.14531250e-04,2.61609375e-02,3.38312500e-02
3.54187500e-08,2.19843750e-04,2.61796875e-02,3.38218750e-02
3.54587500e-08,2.26093750e-04,2.61937500e-02,3.38093750e-02
3.54987500e-08,2.33437500e-04,2.62078125e-02,3.37968750e-02
3.55387500e-08,2.41562500e-04,2.62171875e-02,3.37812500e-02
3.55787500e-08,2.50312500e-04,2.62234375e-02,3.37625000e-02
3.56187500e-08,2.59218750e-04,2.62265625e-02,3.37437500e-02
3.56587500e-08,2.68125000e-04,2.62265625e-02,3.37250000e-02
3.56987500e-08,2.76875000e-04,2.62234375e-02,3.37031250e-02
3.57387500e-08,2.85156250e-04,2.62156250e-02,3.36812500e-02
3.57787500e-08,2.92500000e-04,2.62046875e-02,3.36593750e-02
3.58187500e-08,2.98750000e-04,2.61906250e-02,3.36375000e-02
3.58587500e-08,3.03593750e-04,2.61734375e-02,3.36125000e-02
3.58987500e-08,3.07031250e-04,2.61531250e-02,3.35906250e-02
3.59387500e-08,3.08750000e-04,2.61296875e-02,3.35687500e-02
3.59787500e-08,3.08750000e-04,2.61046875e-02,3.35468750e-02
3.60187500e-08,3.06875000e-04,2.60781250e-02,3.35250000e-02
3.60587500e-08,3.03125000e-04,2.60500000e-02,3.35031250e-02
3.60987500e-08,2.97812500e-04,2.60218750e-02,3.34843750e-02
3.61387500e-08,2.90781250e-04,2.59921875e-02,3.34656250e-02
3.61787500e-08,2.82500000e-04,2.59640625e-02,3.34468750e-02
3.62187500e-08,2.73125000e-04,2.59375000e-02,3.34281250e-02
3.62587500e-08,2.62812500e-04,2.59109375e-02,3.34125000e-02
3.62987500e-08,2.52031250e-04,2.58890625e-02,3.33968750e-02
3.63387500e-08,2.41250000e-04,2.58687500e-02,3.33812500e-02
3.63787500e-08,2.30625000e-04,2.58515625e-02,3.33656250e-02
3.64187500e-08,2.20468750e-04,2.58390625e-02,3.33500000e-02
3.64587500e-08,2.11406250e-04,2.58312500e-02,3.33375000e-02
3.64987500e-08,2.03437500e-04,2.58265625e-02,3.33250000e-02
3.65387500e-08,1.96875000e-04,2.58265625e-02,3.33156250e-02
3.65787500e-08,1.91875000e-04,2.58312500e-02,3.33062500e-02
3.66187500e-08,1.88593750e-04,2.58390625e-02,3.32968750e-02
3.66587500e-08,1.87187500e-04,2.58515625e-02,3.32937500e-02
3.66987500e-08,1.87500000e-04,2.58656250e-02,3.32906250e-02
3.67387500e-08,1.89531250e-04,2.58828125e-02,3.32937500e-02
3.67787500e-08,1.93125000e-04,2.59000000e-02,3.32968750e-02
3.68187500e-08,1.97812500e-04,2.59187500e-02,3.33062500e-02
3.68587500e-08,2.03750000e-04,2.59359375e-02,3.33187500e-02
3.68987500e-08,2.10312500e-04,2.59500000e-02,3.33343750e-02
3.69387500e-08,2.17187500e-04,2.59640625e-02,3.33562500e-02
3.69787500e-08,2.24375000e-04,2.59734375e-02,3.33781250e-02
3.70187500e-08,2.31093750e-04,2.59796875e-02,3.34031250e-02
3.70587500e-08,2.37343750e-04,2.59796875e-02,3.34312500e-02
3.70987500e-08,2.42812500e-04,2.59765625e-02,3.34593750e-02
3.71387500e-08,2.47187500e-04,2.59671875e-02,3.34843750e-02
3.71787500e-08,2.50312500e-04,2.59531250e-02,3.35093750e-02
3.72187500e-08,2.52031250e-04,2.59359375e-02,3.35312500e-02
3.72587500e-08,2.52343750e-04,2.59125000e-02,3.35500000e-02
3.72987500e-08,2.51250000e-04,2.58875000e-02,3.35625000e-02
3.73387500e-08,2.48750000e-04,2.58593750e-02,3.35656250e-02
3.73787500e-08,2.45156250e-04,2.58281250e-02,3.35656250e-02
3.74187500e-08,2.40468750e-04,2.57968750e-02,3.35531250e-02
3.74587500e-08,2.34843750e-04,2.57671875e-02,3.35375000e-02
3.74987500e-08,2.28750000e-04,2.57375000e-02,3.35093750e-02
3.75387500e-08,2.22187500e-04,2.57109375e-02,3.34750000e-02
3.75787500e-08,2.15468750e-04,2.56859375e-02,3.34343750e-02
3.76187500e-08,2.08906250e-04,2.56656250e-02,3.33875000e-02
3.76587500e-08,2.02812500e-04,2.56484375e-02,3.33375000e-02
3.76987500e-08,1.97031250e-04,2.56359375e-02,3.32843750e-02
3.77387500e-08,1.92031250e-04,2.56281250e-02,3.32312500e-02
3.77787500e-08,1.87812500e-04,2.56234375e-02,3.31781250e-02
3.78187500e-08,1.84218750e-04,2.56218750e-02,3.31312500e-02
3.78587500e-08,1.81562500e-04,2.56250000e-02,3.30906250e-02
3.78987500e-08,1.79531250e-04,2.56296875e-02,3.30593750e-02
3.79387500e-08,1.78125000e-04,2.56343750e-02,3.30375000e-02
3.79787500e-08,1.77031250e-04,2.56421875e-02,3.30250000e-02
3.80187500e-08,1.76250000e-04,2.56484375e-02,3.30250000e-02
3.80587500e-08,1.75625000e-04,2.56531250e-02,3.30343750e-02
3.80987500e-08,1.74687500e-04,2.56578125e-02,3.30562500e-02
3.81387500e-08,1.73281250e-04,2.56593750e-02,3.30906250e-02
3.81787500e-08,1.71406250e-04,2.56578125e-02,3.31312500e-02
3.82187500e-08,1.68593750e-04,2.56531250e-02,3.31812500e-02
3.82587500e-08,1.65000000e-04,2.56453125e-02,3.32343750e-02
3.82987500e-08,1.60468750e-04,2.56343750e-02,3.32906250e-02
3.83387500e-08,1.54843750e-04,2.56203125e-02,3.33468750e-02
3.83787500e-08,1.48125000e-04,2.56046875e-02,3.34000000e-02
3.84187500e-08,1.40625000e-04,2.55875000e-02,3.34468750e-02
3.84587500e-08,1.32500000e-04,2.55703125e-02,3.34843750e-02
3.84987500e-08,1.23750000e-04,2.55531250e-02,3.35156250e-02
3.85387500e-08,1.14843750e-04,2.55359375e-02,3.35312500e-02
3.85787500e-08,1.05937500e-04,2.55203125e-02,3.35343750e-02
3.86187500e-08,9.73437500e-05,2.55078125e-02,3.35281250e-02
3.86587500e-08,8.95312500e-05,2.54968750e-02,3.35031250e-02
3.86987500e-08,8.28125000e-05,2.54906250e-02,3.34687500e-02
3.87387500e-08,7.75000000e-05,2.54875000e-02,3.34218750e-02
3.87787500e-08,7.39062500e-05,2.54890625e-02,3.33656250e-02
3.88187500e-08,7.23437500e-05,2.54937500e-02,3.33031250e-02
3.88587500e-08,7.28125000e-05,2.55015625e-02,3.32343750e-02
3.88987500e-08,7.54687500e-05,2.55125000e-02,3.31656250e-02
3.89387500e-08,8.06250000e-05,2.55250000e-02,3.30937500e-02
3.89787500e-08,8.79687500e-05,2.55390625e-02,3.30281250e-02
3.90187500e-08,9.75000000e-05,2.55546875e-02,3.29687500e-02
3.90587500e-08,1.08906250e-04,2.55687500e-02,3.29156250e-02
3.90987500e-08,1.22031250e-04,2.55828125e-02,3.28718750e-02
3.91387500e-08,1.36562500e-04,2.55953125e-02,3.28406250e-02
3.91787500e-08,1.52031250e-04,2.56046875e-02,3.28187500e-02
3.92187500e-08,1.67968750e-04,2.56109375e-02,3.28093750e-02
3.92587500e-08,1.83906250e-04,2.56125000e-02,3.28093750e-02
3.92987500e-08,1.99375000e-04,2.56109375e-02,3.28187500e-02
3.93387500e-08,2.13906250e-04,2.56062500e-02,3.28375000e-02
3.93787500e-08,2.27187500e-04,2.55968750e-02,3.28625000e-02
3.94187500e-08,2.38750000e-04,2.55843750e-02,3.28937500e-02
3.94587500e-08,2.48281250e-04,2.55687500e-02,3.29250000e-02
3.94987500e-08,2.55468750e-04,2.55500000e-02,3.29562500e-02
3.95387500e-08,2.60312500e-04,2.55296875e-02,3.29843750e-02
3.95787500e-08,2.62500000e-04,2.55078125e-02,3.30093750e-02
3.96187500e-08,2.62343750e-04,2.54843750e-02,3.30281250e-02
3.96587500e-08,2.59687500e-04,2.54625000e-02,3.30406250e-02
3.96987500e-08,2.55000000e-04,2.54421875e-02,3.30437500e-02
3.97387500e-08,2.48437500e-04,2.54218750e-02,3.30406250e-02
3.97787500e-08,2.40468750e-04,2.54046875e-02,3.30281250e-02
3.98187500e-08,2.31406250e-04,2.53890625e-02,3.30093750e-02
3.98587500e-08,2.21875000e-04,2.53765625e-02,3.29875000e-02
3.98987500e-08,2.12187500e-04,2.53656250e-02,3.29562500e-02
3.99387500e-08,2.02812500e-04,2.53578125e-02,3.29250000e-02
3.99787500e-08,1.94375000e-04,2.53531250e-02,3.28875000e-02
4.00187500e-08,1.87031250e-04,2.53500000e-02,3.28531250e-02
4.00587500e-08,1.81250000e-04,2.53500000e-02,3.28218750e-02
4.00987500e-08,1.77187500e-04,2.53500000e-02,3.27906250e-02
4.01387500e-08,1.75156250e-04,2.53515625e-02,3.27656250e-02
4.01787500e-08,1.75156250e-04,2.53546875e-02,3.27437500e-02
4.02187500e-08,1.77187500e-04,2.53578125e-02,3.27281250e-02
4.02587500e-08,1.80937500e-04,2.53609375e-02,3.27156250e-02
4.02987500e-08,1.86406250e-04,2.53640625e-02,3.27093750e-02
4.03387500e-08,1.93281250e-04,2.53687500e-02,3.27093750e-02
4.03787500e-08,2.01250000e-04,2.53718750e-02,3.27125000e-02
4.04187500e-08,2.09843750e-04,2.53750000e-02,3.27187500e-02
4.04587500e-08,2.18750000e-04,2.53781250e-02,3.27250000e-02
4.04987500e-08,2.27343750e-04,2.53828125e-02,3.27343750e-02
4.05387500e-08,2.35468750e-04,2.53875000e-02,3.27406250e-02
4.05787500e-08,2.42656250e-04,2.53937500e-02,3.27437500e-02
4.06187500e-08,2.48593750e-04,2.54000000e-02,3.27468750e-02
4.06587500e-08,2.53125000e-04,2.54093750e-02,3.27437500e-02
4.06987500e-08,2.56093750e-04,2.54187500e-02,3.27375000e-02
4.07387500e-08,2.57343750e-04,2.54296875e-02,3.27250000e-02
4.07787500e-08,2.57031250e-04,2.54421875e-02,3.27093750e-02
4.08187500e-08,2.55312500e-04,2.54562500e-02,3.26906250e-02
4.08587500e-08,2.52187500e-04,2.54718750e-02,3.26656250e-02
4.08987500e-08,2.48125000e-04,2.54859375e-02,3.26375000e-02
4.09387500e-08,2.43281250e-04,2.55015625e-02,3.26062500e-02
4.09787500e-08,2.38125000e-04,2.55156250e-02,3.25718750e-02
4.10187500e-08,2.33125000e-04,2.55281250e-02,3.25406250e-02
4.10587500e-08,2.28593750e-04,2.55375000e-02,3.25062500e-02
4.10987500e-08,2.24843750e-04,2.55453125e-02,3.24750000e-02
4.11387500e-08,2.22187500e-04,2.55484375e-02,3.24437500e-02
4.11787500e-08,2.20937500e-04,2.55468750e-02,3.24156250e-02
4.12187500e-08,2.21250000e-04,2.55406250e-02,3.23906250e-02
4.12587500e-08,2.22968750e-04,2.55281250e-02,3.23687500e-02
4.12987500e-08,2.26562500e-04,2.55109375e-02,3.23468750e-02
4.13387500e-08,2.31406250e-04,2.54875000e-02,3.23281250e-02
4.13787500e-08,2.37656250e-04,2.54593750e-02,3.23125000e-02
4.14187500e-08,2.45000000e-04,2.54250000e-02,3.22968750e-02
4.14587500e-08,2.53125000e-04,2.53875000e-02,3.22843750e-02
4.14987500e-08,2.61562500e-04,2.53484375e-02,3.22687500e-02
4.15387500e-08,2.70000000e-04,2.53046875e-02,3.22562500e-02
4.15787500e-08,2.77968750e-04,2.52625000e-02,3.22468750e-02
4.16187500e-08,2.85000000e-04,2.52187500e-02,3.22343750e-02
4.16587500e-08,2.90937500e-04,2.51765625e-02,3.22218750e-02
4.16987500e-08,2.95312500e-04,2.51390625e-02,3.22093750e-02
4.17387500e-08,2.97968750e-04,2.51046875e-02,3.22000000e-02
4.17787500e-08,2.98593750e-04,2.50750000e-02,3.21906250e-02
4.18187500e-08,2.97343750e-04,2.50531250e-02,3.21812500e-02
4.18587500e-08,2.94218750e-04,2.50375000e-02,3.21781250e-02
4.18987500e-08,2.89062500e-04,2.50281250e-02,3.21750000e-02
4.19387500e-08,2.82343750e-04,2.50265625e-02,3.21781250e-02
4.19787500e-08,2.74218750e-04,2.50328125e-02,3.21875000e-02
4.20187500e-08,2.65000000e-04,2.50453125e-02,3.22000000e-02
4.20587500e-08,2.55156250e-04,2.50640625e-02,3.22156250e-02
4.20987500e-08,2.44843750e-04,2.50875000e-02,3.22406250e-02
4.21387500e-08,2.34687500e-04,2.51156250e-02,3.22687500e-02
4.21787500e-08,2.25000000e-04,2.51453125e-02,3.23031250e-02
4.22187500e-08,2.16093750e-04,2.51781250e-02,3.23406250e-02
4.22587500e-08,2.08437500e-04,2.52093750e-02,3.23843750e-02
4.22987500e-08,2.02187500e-04,2.52390625e-02,3.24281250e-02
4.23387500e-08,1.97343750e-04,2.52671875e-02,3.24718750e-02
4.23787500e-08,1.94375000e-04,2.52906250e-02,3.25187500e-02
4.24187500e-08,1.93125000e-04,2.53093750e-02,3.25625000e-02
4.24587500e-08,1.93750000e-04,2.53218750e-02,3.26000000e-02
4.24987500e-08,1.95937500e-04,2.53281250e-02,3.26375000e-02
4.25387500e-08,1.99531250e-04,2.53296875e-02,3.26656250e-02
4.25787500e-08,2.04687500e-04,2.53234375e-02,3.26906250e-02
4.26187500e-08,2.10781250e-04,2.53109375e-02,3.27062500e-02
4.26587500e-08,2.17812500e-04,2.52937500e-02,3.27156250e-02
4.26987500e-08,2.25625000e-04,2.52718750e-02,3.27156250e-02
4.27387500e-08,2.33750000e-04,2.52468750e-02,3.27093750e-02
4.27787500e-08,2.42031250e-04,2.52187500e-02,3.26937500e-02
4.28187500e-08,2.50468750e-04,2.51890625e-02,3.26718750e-02
4.28587500e-08,2.58750000e-04,2.51578125e-02,3.26437500e-02
4.28987500e-08,2.66718750e-04,2.51296875e-02,3.26125000e-02
4.29387500e-08,2.74375000e-04,2.51015625e-02,3.25781250e-02
4.29787500e-08,2.81718750e-04,2.50765625e-02,3.25406250e-02
4.30187500e-08,2.88593750e-04,2.50531250e-02,3.25031250e-02
4.30587500e-08,2.95000000e-04,2.50343750e-02,3.24625000e-02
4.30987500e-08,3.01093750e-04,2.50187500e-02,3.24250000e-02
4.31387500e-08,3.06718750e-04,2.50078125e-02,3.23906250e-02
4.31787500e-08,3.12031250e-04,2.49984375e-02,3.23562500e-02
4.32187500e-08,3.17031250e-04,2.49937500e-02,3.23281250e-02
4.32587500e-08,3.21718750e-04,2.49906250e-02,3.23000000e-02
4.32987500e-08,3.25937500e-04,2.49875000e-02,3.22781250e-02
4.33387500e-08,3.29843750e-04,2.49875000e-02,3.22562500e-02
4.33787500e-08,3.33281250e-04,2.49859375e-02,3.22375000e-02
4.34187500e-08,3.36250000e-04,2.49859375e-02,3.22187500e-02
4.34587500e-08,3.38593750e-04,2.49828125e-02,3.22031250e-02
4.34987500e-08,3.40468750e-04,2.49796875e-02,3.21843750e-02
4.35387500e-08,3.41406250e-04,2.49750000e-02,3.21687500e-02
4.35787500e-08,3.41718750e-04,2.49671875e-02,3.21500000e-02
4.36187500e-08,3.41250000e-04,2.49593750e-02,3.21281250e-02
4.36587500e-08,3.39843750e-04,2.49484375e-02,3.21062500e-02
4.36987500e-08,3.37812500e-04,2.49390625e-02,3.20812500e-02
4.37387500e-08,3.34843750e-04,2.49281250e-02,3.20531250e-02
4.37787500e-08,3.31250000e-04,2.49187500e-02,3.20218750e-02
4.38187500e-08,3.27031250e-04,2.49125000e-02,3.19906250e-02
4.38587500e-08,3.22343750e-04,2.49078125e-02,3.19593750e-02
4.38987500e-08,3.17343750e-04,2.49062500e-02,3.19250000e-02
4.39387500e-08,3.12343750e-04,2.49093750e-02,3.18937500e-02
4.39787500e-08,3.07343750e-04,2.49171875e-02,3.18656250e-02
4.40187500e-08,3.02500000e-04,2.49296875e-02,3.18406250e-02
4.40587500e-08,2.98281250e-04,2.49468750e-02,3.18187500e-02
4.40987500e-08,2.94531250e-04,2.49703125e-02,3.18031250e-02
4.41387500e-08,2.91562500e-04,2.49968750e-02,3.17906250e-02
4.41787500e-08,2.89218750e-04,2.50281250e-02,3.17875000e-02
4.42187500e-08,2.87812500e-04,2.50609375e-02,3.17906250e-02
4.42587500e-08,2.87187500e-04,2.50968750e-02,3.18031250e-02
4.42987500e-08,2.87343750e-04,2.51328125e-02,3.18187500e-02
4.43387500e-08,2.88281250e-04,2.51671875e-02,3.18437500e-02
4.43787500e-08,2.89531250e-04,2.51984375e-02,3.18750000e-02
4.44187500e-08,2.91406250e-04,2.52250000e-02,3.19093750e-02
4.44587500e-08,2.93281250e-04,2.52484375e-02,3.19468750e-02
4.44987500e-08,2.95312500e-04,2.52625000e-02,3.19875000e-02
4.45387500e-08,2.97031250e-04,2.52703125e-02,3.20281250e-02
4.45787500e-08,2.98593750e-04,2.52703125e-02,3.20656250e-02
4.46187500e-08,2.99531250e-04,2.52625000e-02,3.21031250e-02
4.46587500e-08,3.00000000e-04,2.52453125e-02,3.21375000e-02
4.46987500e-08,2.99687500e-04,2.52203125e-02,3.21656250e-02
4.47387500e-08,2.98750000e-04,2.51890625e-02,3.21875000e-02
4.47787500e-08,2.97343750e-04,2.51500000e-02,3.22000000e-02
4.48187500e-08,2.95312500e-04,2.51078125e-02,3.22062500e-02
4.48587500e-08,2.92812500e-04,2.50625000e-02,3.22000000e-02
4.48987500e-08,2.90156250e-04,2.50140625e-02,3.21906250e-02
4.49387500e-08,2.87500000e-04,2.49671875e-02,3.21687500e-02
4.49787500e-08,2.84843750e-04,2.49234375e-02,3.21406250e-02
4.50187500e-08,2.82656250e-04,2.48812500e-02,3.21062500e-02
4.50587500e-08,2.81093750e-04,2.48468750e-02,3.20625000e-02
4.50987500e-08,2.80156250e-04,2.48171875e-02,3.20156250e-02
4.51387500e-08,2.80156250e-04,2.47968750e-02,3.19656250e-02
4.51787500e-08,2.81250000e-04,2.47828125e-02,3.19156250e-02
4.52187500e-08,2.83281250e-04,2.47796875e-02,3.18625000e-02
4.52587500e-08,2.86406250e-04,2.47828125e-02,3.18093750e-02
4.52987500e-08,2.90625000e-04,2.47953125e-02,3.17593750e-02
4.53387500e-08,2.95625000e-04,2.48140625e-02,3.17125000e-02
4.53787500e-08,3.01250000e-04,2.48390625e-02,3.16687500e-02
4.54187500e-08,3.07343750e-04,2.48687500e-02,3.16312500e-02
4.54587500e-08,3.13750000e-04,2.49015625e-02,3.16000000e-02
4.54987500e-08,3.20000000e-04,2.49359375e-02,3.15718750e-02
4.55387500e-08,3.25937500e-04,2.49687500e-02,3.15500000e-02
4.55787500e-08,3.31406250e-04,2.50000000e-02,3.15343750e-02
4.56187500e-08,3.35937500e-04,2.50281250e-02,3.15218750e-02
4.56587500e-08,3.39375000e-04,2.50500000e-02,3.15156250e-02
4.56987500e-08,3.41562500e-04,2.50656250e-02,3.15125000e-02
4.57387500e-08,3.42187500e-04,2.50734375e-02,3.15125000e-02
4.57787500e-08,3.41562500e-04,2.50734375e-02,3.15156250e-02
4.58187500e-08,3.39375000e-04,2.50656250e-02,3.15187500e-02
4.58587500e-08,3.35781250e-04,2.50484375e-02,3.15218750e-02
4.58987500e-08,3.30781250e-04,2.50250000e-02,3.15250000e-02
4.59387500e-08,3.24531250e-04,2.49953125e-02,3.15281250e-02
4.59787500e-08,3.17187500e-04,2.49593750e-02,3.15281250e-02
4.60187500e-08,3.09218750e-04,2.49187500e-02,3.15312500e-02
4.60587500e-08,3.00468750e-04,2.48750000e-02,3.15281250e-02
4.60987500e-08,2.91562500e-04,2.48312500e-02,3.15281250e-02
4.61387500e-08,2.82343750e-04,2.47859375e-02,3.15250000e-02
4.61787500e-08,2.73437500e-04,2.47437500e-02,3.15187500e-02
4.62187500e-08,2.64687500e-04,2.47046875e-02,3.15156250e-02
4.62587500e-08,2.56562500e-04,2.46703125e-02,3.15125000e-02
4.62987500e-08,2.49062500e-04,2.46421875e-02,3.15093750e-02
4.63387500e-08,2.42187500e-04,2.46203125e-02,3.15093750e-02
4.63787500e-08,2.36250000e-04,2.46062500e-02,3.15093750e-02
4.64187500e-08,2.31093750e-04,2.45984375e-02,3.15093750e-02
4.64587500e-08,2.26718750e-04,2.46000000e-02,3.15156250e-02
4.64987500e-08,2.23125000e-04,2.46078125e-02,3.15218750e-02
4.65387500e-08,2.20312500e-04,2.46218750e-02,3.15312500e-02
4.65787500e-08,2.18281250e-04,2.46406250e-02,3.15406250e-02
4.66187500e-08,2.16718750e-04,2.46656250e-02,3.15500000e-02
4.66587500e-08,2.15625000e-04,2.46937500e-02,3.15625000e-02
4.66987500e-08,2.15000000e-04,2.47250000e-02,3.15718750e-02
4.67387500e-08,2.14687500e-04,2.47562500e-02,3.15812500e-02
4.67787500e-08,2.14687500e-04,2.47859375e-02,3.15875000e-02
4.68187500e-08,2.15000000e-04,2.48156250e-02,3.15906250e-02
4.68587500e-08,2.15312500e-04,2.48406250e-02,3.15906250e-02
4.68987500e-08,2.15937500e-04,2.48625000e-02,3.15875000e-02
4.69387500e-08,2.16562500e-04,2.48781250e-02,3.15750000e-02
4.69787500e-08,2.17343750e-04,2.48890625e-02,3.15625000e-02
4.70187500e-08,2.18281250e-04,2.48937500e-02,3.15406250e-02
4.70587500e-08,2.19218750e-04,2.48937500e-02,3.15187500e-02
4.70987500e-08,2.20312500e-04,2.48859375e-02,3.14875000e-02
4.71387500e-08,2.21406250e-04,2.48718750e-02,3.14562500e-02
4.71787500e-08,2.22500000e-04,2.48531250e-02,3.14250000e-02
4.72187500e-08,2.23750000e-04,2.48296875e-02,3.13906250e-02
4.72587500e-08,2.25000000e-04,2.48031250e-02,3.13562500e-02
4.72987500e-08,2.26093750e-04,2.47734375e-02,3.13250000e-02
4.73387500e-08,2.27187500e-04,2.47406250e-02,3.12968750e-02
4.73787500e-08,2.28125000e-04,2.47093750e-02,3.12718750e-02
4.74187500e-08,2.29062500e-04,2.46765625e-02,3.12562500e-02
4.74587500e-08,2.29687500e-04,2.46453125e-02,3.12468750e-02
4.74987500e-08,2.30312500e-04,2.46171875e-02,3.12437500e-02
4.75387500e-08,2.30937500e-04,2.45921875e-02,3.12500000e-02
4.75787500e-08,2.31250000e-04,2.45703125e-02,3.12625000e-02
4.76187500e-08,2.31718750e-04,2.45515625e-02,3.12812500e-02
4.76587500e-08,2.32187500e-04,2.45390625e-02,3.13093750e-02
4.76987500e-08,2.32812500e-04,2.45312500e-02,3.13437500e-02
4.77387500e-08,2.33593750e-04,2.45265625e-02,3.13781250e-02
4.77787500e-08,2.34687500e-04,2.45265625e-02,3.14187500e-02
4.78187500e-08,2.36250000e-04,2.45312500e-02,3.14593750e-02
4.78587500e-08,2.38437500e-04,2.45390625e-02,3.14968750e-02
4.78987500e-08,2.40937500e-04,2.45500000e-02,3.15343750e-02
4.79387500e-08,2.44218750e-04,2.45609375e-02,3.15656250e-02
4.79787500e-08,2.48281250e-04,2.45734375e-02,3.15906250e-02
4.80187500e-08,2.52812500e-04,2.45875000e-02,3.16062500e-02
4.80587500e-08,2.58125000e-04,2.46000000e-02,3.16156250e-02
4.80987500e-08,2.63906250e-04,2.46109375e-02,3.16156250e-02
4.81387500e-08,2.70156250e-04,2.46187500e-02,3.16093750e-02
4.81787500e-08,2.76875000e-04,2.46250000e-02,3.15906250e-02
4.82187500e-08,2.83750000e-04,2.46281250e-02,3.15656250e-02
4.82587500e-08,2.90781250e-04,2.46265625e-02,3.15343750e-02
4.82987500e-08,2.97812500e-04,2.46218750e-02,3.14968750e-02
4.83387500e-08,3.04531250e-04,2.46140625e-02,3.14562500e-02
4.83787500e-08,3.11093750e-04,2.46031250e-02,3.14125000e-02
4.84187500e-08,3.17031250e-04,2.45890625e-02,3.13687500e-02
4.84587500e-08,3.22500000e-04,2.45718750e-02,3.13281250e-02
4.84987500e-08,3.27343750e-04,2.45546875e-02,3.12875000e-02
4.85387500e-08,3.31718750e-04,2.45343750e-02,3.12562500e-02
4.85787500e-08,3.35312500e-04,2.45156250e-02,3.12250000e-02
4.86187500e-08,3.38437500e-04,2.44968750e-02,3.12031250e-02
4.86587500e-08,3.40937500e-04,2.44781250e-02,3.11875000e-02
4.86987500e-08,3.42968750e-04,2.44625000e-02,3.11781250e-02
4.87387500e-08,3.44843750e-04,2.44500000e-02,3.11750000e-02
4.87787500e-08,3.46406250e-04,2.44390625e-02,3.11781250e-02
4.88187500e-08,3.47812500e-04,2.44328125e-02,3.11843750e-02
4.88587500e-08,3.49062500e-04,2.44312500e-02,3.11937500e-02
4.88987500e-08,3.50468750e-04,2.44328125e-02,3.12031250e-02
4.89387500e-08,3.51875000e-04,2.44375000e-02,3.12156250e-02
4.89787500e-08,3.53125000e-04,2.44453125e-02,3.12250000e-02
4.90187500e-08,3.54531250e-04,2.44578125e-02,3.12312500e-02
4.90587500e-08,3.55625000e-04,2.44718750e-02,3.12343750e-02
4.90987500e-08,3.56562500e-04,2.44875000e-02,3.12312500e-02
4.91387500e-08,3.57031250e-04,2.45031250e-02,3.12281250e-02
4.91787500e-08,3.57031250e-04,2.45187500e-02,3.12156250e-02
4.92187500e-08,3.56250000e-04,2.45343750e-02,3.12031250e-02
4.92587500e-08,3.54687500e-04,2.45468750e-02,3.11843750e-02
4.92987500e-08,3.52031250e-04,2.45578125e-02,3.11625000e-02
4.93387500e-08,3.48437500e-04,2.45656250e-02,3.11437500e-02
4.93787500e-08,3.43593750e-04,2.45687500e-02,3.11218750e-02
4.94187500e-08,3.37656250e-04,2.45671875e-02,3.11031250e-02
4.94587500e-08,3.30625000e-04,2.45609375e-02,3.10875000e-02
4.94987500e-08,3.22812500e-04,2.45500000e-02,3.10781250e-02
4.95387500e-08,3.14375000e-04,2.45359375e-02,3.10750000e-02
4.95787500e-08,3.05312500e-04,2.45156250e-02,3.10781250e-02
4.96187500e-08,2.96250000e-04,2.44921875e-02,3.10875000e-02
4.96587500e-08,2.87343750e-04,2.44671875e-02,3.11062500e-02
4.96987500e-08,2.79062500e-04,2.44390625e-02,3.11281250e-02
4.97387500e-08,2.71875000e-04,2.44093750e-02,3.11593750e-02
4.97787500e-08,2.65781250e-04,2.43781250e-02,3.11937500e-02
4.98187500e-08,2.61406250e-04,2.43484375e-02,3.12312500e-02
4.98587500e-08,2.58906250e-04,2.43203125e-02,3.12687500e-02
4.98987500e-08,2.58281250e-04,2.42937500e-02,3.13062500e-02
4.99387500e-08,2.59843750e-04,2.42703125e-02,3.13406250e-02
4.99787500e-08,2.63437500e-04,2.42500000e-02,3.13687500e-02
5.00187500e-08,2.68906250e-04,2.42343750e-02,3.13906250e-02
5.00587500e-08,2.75937500e-04,2.42218750e-02,3.14031250e-02
5.00987500e-08,2.84531250e-04,2.42140625e-02,3.14031250e-02
5.01387500e-08,2.93906250e-04,2.42093750e-02,3.13968750e-02
5.01787500e-08,3.03906250e-04,2.42078125e-02,3.13750000e-02
5.02187500e-08,3.13750000e-04,2.42109375e-02,3.13468750e-02
5.02587500e-08,3.22968750e-04,2.42156250e-02,3.13062500e-02
5.02987500e-08,3.31250000e-04,2.42218750e-02,3.12593750e-02
5.03387500e-08,3.37968750e-04,2.42296875e-02,3.12031250e-02
5.03787500e-08,3.42656250e-04,2.42375000e-02,3.11437500e-02
5.04187500e-08,3.45000000e-04,2.42437500e-02,3.10812500e-02
5.04587500e-08,3.45000000e-04,2.42515625e-02,3.10218750e-02
5.04987500e-08,3.42187500e-04,2.42562500e-02,3.09625000e-02
5.05387500e-08,3.37031250e-04,2.42593750e-02,3.09093750e-02
5.05787500e-08,3.29218750e-04,2.42609375e-02,3.08625000e-02
5.06187500e-08,3.19531250e-04,2.42593750e-02,3.08250000e-02
5.06587500e-08,3.07812500e-04,2.42578125e-02,3.07937500e-02
5.06987500e-08,2.95000000e-04,2.42546875e-02,3.07750000e-02
5.07387500e-08,2.81406250e-04,2.42484375e-02,3.07656250e-02
5.07787500e-08,2.67656250e-04,2.42437500e-02,3.07687500e-02
5.08187500e-08,2.54375000e-04,2.42390625e-02,3.07781250e-02
5.08587500e-08,2.42187500e-04,2.42343750e-02,3.07937500e-02
5.08987500e-08,2.31562500e-04,2.42328125e-02,3.08156250e-02
5.09387500e-08,2.22968750e-04,2.42328125e-02,3.08406250e-02
5.09787500e-08,2.16718750e-04,2.42343750e-02,3.08687500e-02
5.10187500e-08,2.13125000e-04,2.42390625e-02,3.08937500e-02
5.10587500e-08,2.12343750e-04,2.42468750e-02,3.09156250e-02
5.10987500e-08,2.14375000e-04,2.42593750e-02,3.09343750e-02
5.11387500e-08,2.19062500e-04,2.42718750e-02,3.09468750e-02
5.11787500e-08,2.26093750e-04,2.42890625e-02,3.09531250e-02
5.12187500e-08,2.35000000e-04,2.43062500e-02,3.09500000e-02
5.12587500e-08,2.45625000e-04,2.43250000e-02,3.09375000e-02
5.12987500e-08,2.57343750e-04,2.43437500e-02,3.09187500e-02
5.13387500e-08,2.69531250e-04,2.43609375e-02,3.08937500e-02
5.13787500e-08,2.81718750e-04,2.43765625e-02,3.08593750e-02
5.14187500e-08,2.93281250e-04,2.43875000e-02,3.08218750e-02
5.14587500e-08,3.03906250e-04,2.43953125e-02,3.07812500e-02
5.14987500e-08,3.12968750e-04,2.43968750e-02,3.07406250e-02
5.15387500e-08,3.20312500e-04,2.43921875e-02,3.06968750e-02
5.15787500e-08,3.25468750e-04,2.43828125e-02,3.06562500e-02
5.16187500e-08,3.28593750e-04,2.43656250e-02,3.06187500e-02
5.16587500e-08,3.29687500e-04,2.43437500e-02,3.05843750e-02
5.16987500e-08,3.28593750e-04,2.43140625e-02,3.05562500e-02
5.17387500e-08,3.25625000e-04,2.42812500e-02,3.05343750e-02
5.17787500e-08,3.21093750e-04,2.42421875e-02,3.05187500e-02
5.18187500e-08,3.15156250e-04,2.42015625e-02,3.05093750e-02
5.18587500e-08,3.08437500e-04,2.41593750e-02,3.05031250e-02
5.18987500e-08,3.01093750e-04,2.41156250e-02,3.05031250e-02
5.19387500e-08,2.93593750e-04,2.40750000e-02,3.05062500e-02
5.19787500e-08,2.86406250e-04,2.40375000e-02,3.05156250e-02
5.20187500e-08,2.79687500e-04,2.40031250e-02,3.05250000e-02
5.20587500e-08,2.73750000e-04,2.39765625e-02,3.05343750e-02
5.20987500e-08,2.68906250e-04,2.39546875e-02,3.05468750e-02
5.21387500e-08,2.65156250e-04,2.39421875e-02,3.05562500e-02
5.21787500e-08,2.62656250e-04,2.39375000e-02,3.05656250e-02
5.22187500e-08,2.61406250e-04,2.39406250e-02,3.05750000e-02
5.22587500e-08,2.61250000e-04,2.39515625e-02,3.05843750e-02
5.22987500e-08,2.62187500e-04,2.39687500e-02,3.05906250e-02
5.23387500e-08,2.63906250e-04,2.39937500e-02,3.05968750e-02
5.23787500e-08,2.66562500e-04,2.40234375e-02,3.06031250e-02
5.24187500e-08,2.69687500e-04,2.40562500e-02,3.06125000e-02
5.24587500e-08,2.73281250e-04,2.40921875e-02,3.06187500e-02
5.24987500e-08,2.77187500e-04,2.41265625e-02,3.06281250e-02
5.25387500e-08,2.81093750e-04,2.41609375e-02,3.06375000e-02
5.25787500e-08,2.85156250e-04,2.41906250e-02,3.06468750e-02
5.26187500e-08,2.89218750e-04,2.42156250e-02,3.06593750e-02
5.26587500e-08,2.92968750e-04,2.42359375e-02,3.06718750e-02
5.26987500e-08,2.96875000e-04,2.42468750e-02,3.06843750e-02
5.27387500e-08,3.00625000e-04,2.42515625e-02,3.06937500e-02
5.27787500e-08,3.04375000e-04,2.42468750e-02,3.07062500e-02
5.28187500e-08,3.08125000e-04,2.42343750e-02,3.07125000e-02
5.28587500e-08,3.12031250e-04,2.42125000e-02,3.07156250e-02
5.28987500e-08,3.15937500e-04,2.41843750e-02,3.07156250e-02
5.29387500e-08,3.20156250e-04,2.41500000e-02,3.07093750e-02
5.29787500e-08,3.24375000e-04,2.41093750e-02,3.06968750e-02
5.30187500e-08,3.28593750e-04,2.40671875e-02,3.06781250e-02
5.30587500e-08,3.32812500e-04,2.40218750e-02,3.06531250e-02
5.30987500e-08,3.37031250e-04,2.39750000e-02,3.06218750e-02
5.31387500e-08,3.40937500e-04,2.39312500e-02,3.05875000e-02
5.31787500e-08,3.44531250e-04,2.38890625e-02,3.05437500e-02
5.32187500e-08,3.47500000e-04,2.38500000e-02,3.05000000e-02
5.32587500e-08,3.50000000e-04,2.38171875e-02,3.04562500e-02
5.32987500e-08,3.51562500e-04,2.37906250e-02,3.04093750e-02
5.33387500e-08,3.52500000e-04,2.37687500e-02,3.03656250e-02
5.33787500e-08,3.52343750e-04,2.37546875e-02,3.03281250e-02
5.34187500e-08,3.51406250e-04,2.37468750e-02,3.02937500e-02
5.34587500e-08,3.49375000e-04,2.37437500e-02,3.02656250e-02
5.34987500e-08,3.46718750e-04,2.37453125e-02,3.02468750e-02
5.35387500e-08,3.43125000e-04,2.37515625e-02,3.02375000e-02
5.35787500e-08,3.39218750e-04,2.37609375e-02,3.02375000e-02
5.36187500e-08,3.34843750e-04,2.37718750e-02,3.02468750e-02
5.36587500e-08,3.30468750e-04,2.37828125e-02,3.02656250e-02
5.36987500e-08,3.26093750e-04,2.37937500e-02,3.02906250e-02
5.37387500e-08,3.22031250e-04,2.38031250e-02,3.03187500e-02
5.37787500e-08,3.18437500e-04,2.38109375e-02,3.03531250e-02
5.38187500e-08,3.15625000e-04,2.38140625e-02,3.03906250e-02
5.38587500e-08,3.13593750e-04,2.38156250e-02,3.04250000e-02
5.38987500e-08,3.12343750e-04,2.38125000e-02,3.04593750e-02
5.39387500e-08,3.11875000e-04,2.38078125e-02,3.04875000e-02
5.39787500e-08,3.12343750e-04,2.38000000e-02,3.05062500e-02
5.40187500e-08,3.13281250e-04,2.37890625e-02,3.05187500e-02
5.40587500e-08,3.14687500e-04,2.37781250e-02,3.05218750e-02
5.40987500e-08,3.16406250e-04,2.37656250e-02,3.05156250e-02
5.41387500e-08,3.17968750e-04,2.37546875e-02,3.04968750e-02
5.41787500e-08,3.19218750e-04,2.37453125e-02,3.04656250e-02
5.42187500e-08,3.19843750e-04,2.37375000e-02,3.04281250e-02
5.42587500e-08,3.19531250e-04,2.37328125e-02,3.03812500e-02
5.42987500e-08,3.17968750e-04,2.37328125e-02,3.03281250e-02
5.43387500e-08,3.15156250e-04,2.37359375e-02,3.02718750e-02
5.43787500e-08,3.11093750e-04,2.37421875e-02,3.02125000e-02
5.44187500e-08,3.05468750e-04,2.37531250e-02,3.01500000e-02
5.44587500e-08,2.98437500e-04,2.37671875e-02,3.00937500e-02
5.44987500e-08,2.90156250e-04,2.37828125e-02,3.00406250e-02
5.45387500e-08,2.80937500e-04,2.38000000e-02,2.99937500e-02
5.45787500e-08,2.70781250e-04,2.38171875e-02,2.99562500e-02
5.46187500e-08,2.60312500e-04,2.38328125e-02,2.99281250e-02
5.46587500e-08,2.49843750e-04,2.38468750e-02,2.99093750e-02
5.46987500e-08,2.39687500e-04,2.38578125e-02,2.99000000e-02
5.47387500e-08,2.30156250e-04,2.38625000e-02,2.99000000e-02
5.47787500e-08,2.21718750e-04,2.38640625e-02,2.99093750e-02
5.48187500e-08,2.14531250e-04,2.38593750e-02,2.99250000e-02
5.48587500e-08,2.08906250e-04,2.38500000e-02,2.99500000e-02
5.48987500e-08,2.05156250e-04,2.38328125e-02,2.99781250e-02
5.49387500e-08,2.02968750e-04,2.38125000e-02,3.00093750e-02
5.49787500e-08,2.02500000e-04,2.37859375e-02,3.00406250e-02
5.50187500e-08,2.03750000e-04,2.37562500e-02,3.00718750e-02
5.50587500e-08,2.06093750e-04,2.37250000e-02,3.01031250e-02
5.50987500e-08,2.09531250e-04,2.36921875e-02,3.01312500e-02
5.51387500e-08,2.13593750e-04,2.36609375e-02,3.01562500e-02
5.51787500e-08,2.17968750e-04,2.36312500e-02,3.01750000e-02
5.52187500e-08,2.22031250e-04,2.36062500e-02,3.01875000e-02
5.52587500e-08,2.25625000e-04,2.35859375e-02,3.01968750e-02
5.52987500e-08,2.28281250e-04,2.35703125e-02,3.02031250e-02
5.53387500e-08,2.29687500e-04,2.35625000e-02,3.02062500e-02
5.53787500e-08,2.29687500e-04,2.35625000e-02,3.02031250e-02
5.54187500e-08,2.27968750e-04,2.35703125e-02,3.02000000e-02
5.54587500e-08,2.24687500e-04,2.35843750e-02,3.01968750e-02
5.54987500e-08,2.20000000e-04,2.36046875e-02,3.01906250e-02
5.55387500e-08,2.13906250e-04,2.36312500e-02,3.01875000e-02
5.55787500e-08,2.06718750e-04,2.36609375e-02,3.01843750e-02
5.56187500e-08,1.99062500e-04,2.36937500e-02,3.01843750e-02
5.56587500e-08,1.91093750e-04,2.37281250e-02,3.01843750e-02
5.56987500e-08,1.83281250e-04,2.37609375e-02,3.01875000e-02
5.57387500e-08,1.76250000e-04,2.37921875e-02,3.01906250e-02
5.57787500e-08,1.70312500e-04,2.38187500e-02,3.01937500e-02
5.58187500e-08,1.65937500e-04,2.38406250e-02,3.02000000e-02
5.58587500e-08,1.63437500e-04,2.38562500e-02,3.02031250e-02
5.58987500e-08,1.62968750e-04,2.38640625e-02,3.02031250e-02
5.59387500e-08,1.64687500e-04,2.38640625e-02,3.02031250e-02
5.59787500e-08,1.68750000e-04,2.38562500e-02,3.02000000e-02
5.60187500e-08,1.74687500e-04,2.38406250e-02,3.01937500e-02
5.60587500e-08,1.82500000e-04,2.38187500e-02,3.01812500e-02
5.60987500e-08,1.91562500e-04,2.37921875e-02,3.01656250e-02
5.61387500e-08,2.01718750e-04,2.37593750e-02,3.01437500e-02
5.61787500e-08,2.12187500e-04,2.37250000e-02,3.01187500e-02
5.62187500e-08,2.22343750e-04,2.36875000e-02,3.00906250e-02
5.62587500e-08,2.31875000e-04,2.36500000e-02,3.00562500e-02
5.62987500e-08,2.40000000e-04,2.36140625e-02,3.00250000e-02
5.63387500e-08,2.46250000e-04,2.35812500e-02,2.99906250e-02
5.63787500e-08,2.50156250e-04,2.35515625e-02,2.99562500e-02
5.64187500e-08,2.51406250e-04,2.35250000e-02,2.99250000e-02
5.64587500e-08,2.49843750e-04,2.35031250e-02,2.98937500e-02
5.64987500e-08,2.45312500e-04,2.34859375e-02,2.98687500e-02
5.65387500e-08,2.38125000e-04,2.34734375e-02,2.98468750e-02
5.65787500e-08,2.28281250e-04,2.34656250e-02,2.98312500e-02
5.66187500e-08,2.16250000e-04,2.34593750e-02,2.98187500e-02
5.66587500e-08,2.02500000e-04,2.34562500e-02,2.98125000e-02
5.66987500e-08,1.87812500e-04,2.34531250e-02,2.98125000e-02
5.67387500e-08,1.72500000e-04,2.34500000e-02,2.98156250e-02
5.67787500e-08,1.57343750e-04,2.34468750e-02,2.98218750e-02
5.68187500e-08,1.43281250e-04,2.34406250e-02,2.98312500e-02
5.68587500e-08,1.30625000e-04,2.34312500e-02,2.98437500e-02
5.68987500e-08,1.20000000e-04,2.34187500e-02,2.98562500e-02
5.69387500e-08,1.12031250e-04,2.34015625e-02,2.98656250e-02
5.69787500e-08,1.06718750e-04,2.33812500e-02,2.98750000e-02
5.70187500e-08,1.04687500e-04,2.33562500e-02,2.98812500e-02
5.70587500e-08,1.05625000e-04,2.33281250e-02,2.98843750e-02
5.70987500e-08,1.09531250e-04,2.32984375e-02,2.98843750e-02
5.71387500e-08,1.16250000e-04,2.32656250e-02,2.98781250e-02
5.71787500e-08,1.25156250e-04,2.32343750e-02,2.98687500e-02
5.72187500e-08,1.35781250e-04,2.32031250e-02,2.98531250e-02
5.72587500e-08,1.47656250e-04,2.31750000e-02,2.98343750e-02
5.72987500e-08,1.60000000e-04,2.31500000e-02,2.98125000e-02
5.73387500e-08,1.72343750e-04,2.31296875e-02,2.97875000e-02
5.73787500e-08,1.83750000e-04,2.31140625e-02,2.97593750e-02
5.74187500e-08,1.93750000e-04,2.31046875e-02,2.97343750e-02
5.74587500e-08,2.01875000e-04,2.31015625e-02,2.97062500e-02
5.74987500e-08,2.07656250e-04,2.31031250e-02,2.96812500e-02
5.75387500e-08,2.11093750e-04,2.31093750e-02,2.96562500e-02
5.75787500e-08,2.11718750e-04,2.31218750e-02,2.96375000e-02
5.76187500e-08,2.09687500e-04,2.31359375e-02,2.96218750e-02
5.76587500e-08,2.05468750e-04,2.31546875e-02,2.96062500e-02
5.76987500e-08,1.99062500e-04,2.31718750e-02,2.95968750e-02
5.77387500e-08,1.91093750e-04,2.31906250e-02,2.95906250e-02
5.77787500e-08,1.82031250e-04,2.32062500e-02,2.95875000e-02
5.78187500e-08,1.72656250e-04,2.32187500e-02,2.95875000e-02
5.78587500e-08,1.63593750e-04,2.32265625e-02,2.95875000e-02
5.78987500e-08,1.55468750e-04,2.32296875e-02,2.95875000e-02
5.79387500e-08,1.48906250e-04,2.32265625e-02,2.95906250e-02
5.79787500e-08,1.44375000e-04,2.32187500e-02,2.95906250e-02
5.80187500e-08,1.42656250e-04,2.32031250e-02,2.95906250e-02
5.80587500e-08,1.43750000e-04,2.31843750e-02,2.95875000e-02
5.80987500e-08,1.48125000e-04,2.31593750e-02,2.95812500e-02
5.81387500e-08,1.55781250e-04,2.31312500e-02,2.95750000e-02
5.81787500e-08,1.66406250e-04,2.31000000e-02,2.95625000e-02
5.82187500e-08,1.80000000e-04,2.30687500e-02,2.95468750e-02
5.82587500e-08,1.96250000e-04,2.30390625e-02,2.95281250e-02
5.82987500e-08,2.14375000e-04,2.30109375e-02,2.95062500e-02
5.83387500e-08,2.34062500e-04,2.29859375e-02,2.94812500e-02
5.83787500e-08,2.54531250e-04,2.29656250e-02,2.94562500e-02
5.84187500e-08,2.75156250e-04,2.29515625e-02,2.94312500e-02
5.84587500e-08,2.95468750e-04,2.29437500e-02,2.94062500e-02
5.84987500e-08,3.14687500e-04,2.29437500e-02,2.93812500e-02
5.85387500e-08,3.32343750e-04,2.29500000e-02,2.93562500e-02
5.85787500e-08,3.47812500e-04,2.29625000e-02,2.93343750e-02
5.86187500e-08,3.61093750e-04,2.29828125e-02,2.93156250e-02
5.86587500e-08,3.71562500e-04,2.30062500e-02,2.93000000e-02
5.86987500e-08,3.79531250e-04,2.30343750e-02,2.92875000e-02
5.87387500e-08,3.84687500e-04,2.30656250e-02,2.92781250e-02
5.87787500e-08,3.87343750e-04,2.30968750e-02,2.92687500e-02
5.88187500e-08,3.87812500e-04,2.31281250e-02,2.92656250e-02
5.88587500e-08,3.86406250e-04,2.31578125e-02,2.92625000e-02
5.88987500e-08,3.83437500e-04,2.31843750e-02,2.92625000e-02
5.89387500e-08,3.79531250e-04,2.32046875e-02,2.92625000e-02
5.89787500e-08,3.75000000e-04,2.32203125e-02,2.92593750e-02
5.90187500e-08,3.70312500e-04,2.32281250e-02,2.92593750e-02
5.90587500e-08,3.65937500e-04,2.32296875e-02,2.92562500e-02
5.90987500e-08,3.62187500e-04,2.32250000e-02,2.92500000e-02
5.91387500e-08,3.59218750e-04,2.32125000e-02,2.92406250e-02
5.91787500e-08,3.57500000e-04,2.31937500e-02,2.92281250e-02
5.92187500e-08,3.56875000e-04,2.31687500e-02,2.92093750e-02
5.92587500e-08,3.57343750e-04,2.31390625e-02,2.91906250e-02
5.92987500e-08,3.58906250e-04,2.31062500e-02,2.91656250e-02
5.93387500e-08,3.61562500e-04,2.30703125e-02,2.91375000e-02
5.93787500e-08,3.64687500e-04,2.30343750e-02,2.91062500e-02
5.94187500e-08,3.68281250e-04,2.29968750e-02,2.90750000e-02
5.94587500e-08,3.71875000e-04,2.29609375e-02,2.90406250e-02
5.94987500e-08,3.75156250e-04,2.29281250e-02,2.90031250e-02
5.95387500e-08,3.77812500e-04,2.28984375e-02,2.89687500e-02
5.95787500e-08,3.79687500e-04,2.28703125e-02,2.89343750e-02
5.96187500e-08,3.80312500e-04,2.28484375e-02,2.89031250e-02
5.96587500e-08,3.79687500e-04,2.28296875e-02,2.88718750e-02
5.96987500e-08,3.77343750e-04,2.28140625e-02,2.88468750e-02
5.97387500e-08,3.73437500e-04,2.28046875e-02,2.88250000e-02
5.97787500e-08,3.67968750e-04,2.27968750e-02,2.88093750e-02
5.98187500e-08,3.60781250e-04,2.27921875e-02,2.87968750e-02
5.98587500e-08,3.52187500e-04,2.27906250e-02,2.87937500e-02
5.98987500e-08,3.42343750e-04,2.27906250e-02,2.87937500e-02
5.99387500e-08,3.31093750e-04,2.27906250e-02,2.87968750e-02
5.99787500e-08,3.19062500e-04,2.27921875e-02,2.88093750e-02
6.00187500e-08,3.06250000e-04,2.27921875e-02,2.88218750e-02
6.00587500e-08,2.93125000e-04,2.27921875e-02,2.88406250e-02
6.00987500e-08,2.79531250e-04,2.27921875e-02,2.88625000e-02
6.01387500e-08,2.66093750e-04,2.27890625e-02,2.88843750e-02
6.01787500e-08,2.52656250e-04,2.27843750e-02,2.89062500e-02
6.02187500e-08,2.39687500e-04,2.27781250e-02,2.89312500e-02
6.02587500e-08,2.27343750e-04,2.27718750e-02,2.89562500e-02
6.02987500e-08,2.15468750e-04,2.27625000e-02,2.89781250e-02
6.03387500e-08,2.04531250e-04,2.27546875e-02,2.89968750e-02
6.03787500e-08,1.94531250e-04,2.27453125e-02,2.90156250e-02
6.04187500e-08,1.85625000e-04,2.27359375e-02,2.90312500e-02
6.04587500e-08,1.77812500e-04,2.27265625e-02,2.90437500e-02
6.04987500e-08,1.71093750e-04,2.27203125e-02,2.90531250e-02
6.05387500e-08,1.65937500e-04,2.27140625e-02,2.90625000e-02
6.05787500e-08,1.62031250e-04,2.27093750e-02,2.90687500e-02
6.06187500e-08,1.59687500e-04,2.27062500e-02,2.90718750e-02
6.06587500e-08,1.58906250e-04,2.27046875e-02,2.90781250e-02
6.06987500e-08,1.59843750e-04,2.27062500e-02,2.90812500e-02
6.07387500e-08,1.62343750e-04,2.27078125e-02,2.90843750e-02
6.07787500e-08,1.66875000e-04,2.27125000e-02,2.90875000e-02
6.08187500e-08,1.73125000e-04,2.27171875e-02,2.90937500e-02
6.08587500e-08,1.81093750e-04,2.27234375e-02,2.91000000e-02
6.08987500e-08,1.90781250e-04,2.27296875e-02,2.91093750e-02
6.09387500e-08,2.02031250e-04,2.27375000e-02,2.91187500e-02
6.09787500e-08,2.14687500e-04,2.27437500e-02,2.91281250e-02
6.10187500e-08,2.28593750e-04,2.27484375e-02,2.91375000e-02
6.10587500e-08,2.43437500e-04,2.27531250e-02,2.91437500e-02
6.10987500e-08,2.59062500e-04,2.27562500e-02,2.91531250e-02
6.11387500e-08,2.75000000e-04,2.27593750e-02,2.91562500e-02
6.11787500e-08,2.90781250e-04,2.27593750e-02,2.91562500e-02
6.12187500e-08,3.06406250e-04,2.27578125e-02,2.91531250e-02
6.12587500e-08,3.21250000e-04,2.27546875e-02,2.91437500e-02
6.12987500e-08,3.35156250e-04,2.27500000e-02,2.91250000e-02
6.13387500e-08,3.47812500e-04,2.27437500e-02,2.91031250e-02
6.13787500e-08,3.58906250e-04,2.27359375e-02,2.90718750e-02
6.14187500e-08,3.68281250e-04,2.27265625e-02,2.90343750e-02
6.14587500e-08,3.75781250e-04,2.27171875e-02,2.89875000e-02
6.14987500e-08,3.81562500e-04,2.27078125e-02,2.89375000e-02
6.15387500e-08,3.85312500e-04,2.26968750e-02,2.88812500e-02
6.15787500e-08,3.87343750e-04,2.26843750e-02,2.88218750e-02
6.16187500e-08,3.87812500e-04,2.26734375e-02,2.87593750e-02
6.16587500e-08,3.86718750e-04,2.26625000e-02,2.86968750e-02
6.16987500e-08,3.84531250e-04,2.26515625e-02,2.86375000e-02
6.17387500e-08,3.81250000e-04,2.26390625e-02,2.85843750e-02
6.17787500e-08,3.77343750e-04,2.26281250e-02,2.85343750e-02
6.18187500e-08,3.72968750e-04,2.26171875e-02,2.84906250e-02
6.18587500e-08,3.68437500e-04,2.26046875e-02,2.84593750e-02
6.18987500e-08,3.63750000e-04,2.25937500e-02,2.84375000e-02
6.19387500e-08,3.59375000e-04,2.25828125e-02,2.84250000e-02
6.19787500e-08,3.55156250e-04,2.25703125e-02,2.84281250e-02
6.20187500e-08,3.51250000e-04,2.25593750e-02,2.84375000e-02
6.20587500e-08,3.47812500e-04,2.25468750e-02,2.84593750e-02
6.20987500e-08,3.44687500e-04,2.25359375e-02,2.84906250e-02
6.21387500e-08,3.41718750e-04,2.25234375e-02,2.85281250e-02
6.21787500e-08,3.39062500e-04,2.25125000e-02,2.85718750e-02
6.22187500e-08,3.36562500e-04,2.25015625e-02,2.86156250e-02
6.22587500e-08,3.33906250e-04,2.24906250e-02,2.86625000e-02
6.22987500e-08,3.31093750e-04,2.24796875e-02,2.87093750e-02
6.23387500e-08,3.28125000e-04,2.24703125e-02,2.87500000e-02
6.23787500e-08,3.24687500e-04,2.24625000e-02,2.87843750e-02
6.24187500e-08,3.21093750e-04,2.24546875e-02,2.88125000e-02
6.24587500e-08,3.17187500e-04,2.24484375e-02,2.88312500e-02
6.24987500e-08,3.12812500e-04,2.24437500e-02,2.88406250e-02
6.25387500e-08,3.08437500e-04,2.24406250e-02,2.88406250e-02
6.25787500e-08,3.03906250e-04,2.24390625e-02,2.88312500e-02
6.26187500e-08,2.99375000e-04,2.24390625e-02,2.88156250e-02
6.26587500e-08,2.95000000e-04,2.24390625e-02,2.87906250e-02
6.26987500e-08,2.91093750e-04,2.24406250e-02,2.87625000e-02
6.27387500e-08,2.87656250e-04,2.24437500e-02,2.87343750e-02
6.27787500e-08,2.84843750e-04,2.24468750e-02,2.87031250e-02
6.28187500e-08,2.82656250e-04,2.24500000e-02,2.86750000e-02
6.28587500e-08,2.81406250e-04,2.24531250e-02,2.86500000e-02
6.28987500e-08,2.80937500e-04,2.24562500e-02,2.86312500e-02
6.29387500e-08,2.81250000e-04,2.24578125e-02,2.86218750e-02
6.29787500e-08,2.82343750e-04,2.24593750e-02,2.86187500e-02
6.30187500e-08,2.84062500e-04,2.24593750e-02,2.86250000e-02
6.30587500e-08,2.86406250e-04,2.24578125e-02,2.86406250e-02
6.30987500e-08,2.89062500e-04,2.24546875e-02,2.86625000e-02
6.31387500e-08,2.91875000e-04,2.24515625e-02,2.86937500e-02
6.31787500e-08,2.94843750e-04,2.24453125e-02,2.87281250e-02
6.32187500e-08,2.97656250e-04,2.24390625e-02,2.87625000e-02
6.32587500e-08,3.00312500e-04,2.24312500e-02,2.88000000e-02
6.32987500e-08,3.02656250e-04,2.24234375e-02,2.88312500e-02
6.33387500e-08,3.04687500e-04,2.24140625e-02,2.88593750e-02
6.33787500e-08,3.06406250e-04,2.24062500e-02,2.88781250e-02
6.34187500e-08,3.07812500e-04,2.23968750e-02,2.88875000e-02
6.34587500e-08,3.08906250e-04,2.23875000e-02,2.88843750e-02
6.34987500e-08,3.09843750e-04,2.23812500e-02,2.88687500e-02
6.35387500e-08,3.10937500e-04,2.23734375e-02,2.88375000e-02
6.35787500e-08,3.12031250e-04,2.23687500e-02,2.87968750e-02
6.36187500e-08,3.13281250e-04,2.23640625e-02,2.87406250e-02
6.36587500e-08,3.15000000e-04,2.23609375e-02,2.86750000e-02
6.36987500e-08,3.17187500e-04,2.23593750e-02,2.86000000e-02
6.37387500e-08,3.19843750e-04,2.23593750e-02,2.85218750e-02
6.37787500e-08,3.23125000e-04,2.23593750e-02,2.84406250e-02
6.38187500e-08,3.26718750e-04,2.23593750e-02,2.83593750e-02
6.38587500e-08,3.30468750e-04,2.23593750e-02,2.82812500e-02
6.38987500e-08,3.34531250e-04,2.23593750e-02,2.82125000e-02
6.39387500e-08,3.38437500e-04,2.23593750e-02,2.81531250e-02
6.39787500e-08,3.42031250e-04,2.23562500e-02,2.81093750e-02
6.40187500e-08,3.45000000e-04,2.23515625e-02,2.80750000e-02
6.40587500e-08,3.46875000e-04,2.23453125e-02,2.80593750e-02
6.40987500e-08,3.47656250e-04,2.23359375e-02,2.80593750e-02
6.41387500e-08,3.47031250e-04,2.23234375e-02,2.80718750e-02
6.41787500e-08,3.44687500e-04,2.23078125e-02,2.81000000e-02
6.42187500e-08,3.40468750e-04,2.22906250e-02,2.81406250e-02
6.42587500e-08,3.34531250e-04,2.22703125e-02,2.81906250e-02
6.42987500e-08,3.26562500e-04,2.22468750e-02,2.82437500e-02
6.43387500e-08,3.17031250e-04,2.22218750e-02,2.83031250e-02
6.43787500e-08,3.05781250e-04,2.21968750e-02,2.83593750e-02
6.44187500e-08,2.93437500e-04,2.21703125e-02,2.84125000e-02
6.44587500e-08,2.80000000e-04,2.21437500e-02,2.84562500e-02
6.44987500e-08,2.66093750e-04,2.21187500e-02,2.84906250e-02
6.45387500e-08,2.52187500e-04,2.20968750e-02,2.85125000e-02
6.45787500e-08,2.38281250e-04,2.20765625e-02,2.85218750e-02
6.46187500e-08,2.25312500e-04,2.20593750e-02,2.85125000e-02
6.46587500e-08,2.13281250e-04,2.20453125e-02,2.84906250e-02
6.46987500e-08,2.02656250e-04,2.20359375e-02,2.84531250e-02
6.47387500e-08,1.93437500e-04,2.20328125e-02,2.84031250e-02
6.47787500e-08,1.86093750e-04,2.20328125e-02,2.83406250e-02
6.48187500e-08,1.80468750e-04,2.20375000e-02,2.82687500e-02
6.48587500e-08,1.76562500e-04,2.20468750e-02,2.81937500e-02
6.48987500e-08,1.74062500e-04,2.20609375e-02,2.81125000e-02
6.49387500e-08,1.72812500e-04,2.20765625e-02,2.80343750e-02
6.49787500e-08,1.72500000e-04,2.20953125e-02,2.79593750e-02
6.50187500e-08,1.72812500e-04,2.21156250e-02,2.78906250e-02
6.50587500e-08,1.73125000e-04,2.21359375e-02,2.78312500e-02
6.50987500e-08,1.73437500e-04,2.21546875e-02,2.77843750e-02
6.51387500e-08,1.72968750e-04,2.21734375e-02,2.77500000e-02
6.51787500e-08,1.71718750e-04,2.21890625e-02,2.77312500e-02
6.52187500e-08,1.69375000e-04,2.22015625e-02,2.77250000e-02
6.52587500e-08,1.65781250e-04,2.22093750e-02,2.77312500e-02
6.52987500e-08,1.60937500e-04,2.22125000e-02,2.77531250e-02
6.53387500e-08,1.55000000e-04,2.22125000e-02,2.77875000e-02
6.53787500e-08,1.48125000e-04,2.22062500e-02,2.78281250e-02
6.54187500e-08,1.40468750e-04,2.21953125e-02,2.78812500e-02
6.54587500e-08,1.32656250e-04,2.21796875e-02,2.79343750e-02
6.54987500e-08,1.25156250e-04,2.21609375e-02,2.79937500e-02
6.55387500e-08,1.18281250e-04,2.21390625e-02,2.80531250e-02
6.55787500e-08,1.12812500e-04,2.21156250e-02,2.81093750e-02
6.56187500e-08,1.09062500e-04,2.20906250e-02,2.81625000e-02
6.56587500e-08,1.07656250e-04,2.20656250e-02,2.82093750e-02
6.56987500e-08,1.08906250e-04,2.20421875e-02,2.82468750e-02
6.57387500e-08,1.13125000e-04,2.20203125e-02,2.82812500e-02
6.57787500e-08,1.20468750e-04,2.20015625e-02,2.83031250e-02
6.58187500e-08,1.30781250e-04,2.19859375e-02,2.83187500e-02
6.58587500e-08,1.44218750e-04,2.19750000e-02,2.83281250e-02
6.58987500e-08,1.60468750e-04,2.19671875e-02,2.83281250e-02
6.59387500e-08,1.79062500e-04,2.19640625e-02,2.83218750e-02
6.59787500e-08,1.99375000e-04,2.19656250e-02,2.83093750e-02
6.60187500e-08,2.20937500e-04,2.19718750e-02,2.82937500e-02
6.60587500e-08,2.42968750e-04,2.19812500e-02,2.82750000e-02
6.60987500e-08,2.64687500e-04,2.19921875e-02,2.82562500e-02
6.61387500e-08,2.85625000e-04,2.20062500e-02,2.82343750e-02
6.61787500e-08,3.04843750e-04,2.20203125e-02,2.82125000e-02
6.62187500e-08,3.21875000e-04,2.20343750e-02,2.81906250e-02
6.62587500e-08,3.36093750e-04,2.20484375e-02,2.81718750e-02
6.62987500e-08,3.47187500e-04,2.20593750e-02,2.81531250e-02
6.63387500e-08,3.54687500e-04,2.20703125e-02,2.81343750e-02
6.63787500e-08,3.58593750e-04,2.20765625e-02,2.81187500e-02
6.64187500e-08,3.58906250e-04,2.20796875e-02,2.81031250e-02
6.64587500e-08,3.55937500e-04,2.20796875e-02,2.80906250e-02
6.64987500e-08,3.49843750e-04,2.20765625e-02,2.80781250e-02
6.65387500e-08,3.41093750e-04,2.20703125e-02,2.80625000e-02
6.65787500e-08,3.30156250e-04,2.20609375e-02,2.80500000e-02
6.66187500e-08,3.17812500e-04,2.20515625e-02,2.80375000e-02
6.66587500e-08,3.04531250e-04,2.20390625e-02,2.80218750e-02
6.66987500e-08,2.91093750e-04,2.20265625e-02,2.80093750e-02
6.67387500e-08,2.77968750e-04,2.20140625e-02,2.79937500e-02
6.67787500e-08,2.65781250e-04,2.20015625e-02,2.79812500e-02
6.68187500e-08,2.55000000e-04,2.19921875e-02,2.79687500e-02
6.68587500e-08,2.45937500e-04,2.19843750e-02,2.79562500e-02
6.68987500e-08,2.38906250e-04,2.19796875e-02,2.79437500e-02
6.69387500e-08,2.34218750e-04,2.19765625e-02,2.79375000e-02
6.69787500e-08,2.31562500e-04,2.19750000e-02,2.79312500e-02
6.70187500e-08,2.31093750e-04,2.19781250e-02,2.79281250e-02
6.70587500e-08,2.32500000e-04,2.19812500e-02,2.79281250e-02
6.70987500e-08,2.35468750e-04,2.19859375e-02,2.79343750e-02
6.71387500e-08,2.39687500e-04,2.19906250e-02,2.79406250e-02
6.71787500e-08,2.44843750e-04,2.19968750e-02,2.79500000e-02
6.72187500e-08,2.50312500e-04,2.20000000e-02,2.79625000e-02
6.72587500e-08,2.55937500e-04,2.20031250e-02,2.79750000e-02
6.72987500e-08,2.61250000e-04,2.20015625e-02,2.79906250e-02
6.73387500e-08,2.65781250e-04,2.19984375e-02,2.80031250e-02
6.73787500e-08,2.69375000e-04,2.19921875e-02,2.80187500e-02
6.74187500e-08,2.71875000e-04,2.19796875e-02,2.80281250e-02
6.74587500e-08,2.72968750e-04,2.19656250e-02,2.80375000e-02
6.74987500e-08,2.72968750e-04,2.19468750e-02,2.80406250e-02
6.75387500e-08,2.71718750e-04,2.19250000e-02,2.80406250e-02
6.75787500e-08,2.69218750e-04,2.19015625e-02,2.80343750e-02
6.76187500e-08,2.66093750e-04,2.18765625e-02,2.80218750e-02
6.76587500e-08,2.62187500e-04,2.18500000e-02,2.80031250e-02
6.76987500e-08,2.58125000e-04,2.18250000e-02,2.79781250e-02
6.77387500e-08,2.53906250e-04,2.18015625e-02,2.79500000e-02
6.77787500e-08,2.50000000e-04,2.17796875e-02,2.79156250e-02
6.78187500e-08,2.46875000e-04,2.17625000e-02,2.78781250e-02
6.78587500e-08,2.44531250e-04,2.17500000e-02,2.78375000e-02
6.78987500e-08,2.43437500e-04,2.17421875e-02,2.77937500e-02
6.79387500e-08,2.43750000e-04,2.17390625e-02,2.77500000e-02
6.79787500e-08,2.45468750e-04,2.17421875e-02,2.77062500e-02
6.80187500e-08,2.48750000e-04,2.17500000e-02,2.76687500e-02
6.80587500e-08,2.53750000e-04,2.17640625e-02,2.76312500e-02
6.80987500e-08,2.60312500e-04,2.17828125e-02,2.75968750e-02
6.81387500e-08,2.68437500e-04,2.18031250e-02,2.75718750e-02
6.81787500e-08,2.77812500e-04,2.18265625e-02,2.75500000e-02
6.82187500e-08,2.88437500e-04,2.18515625e-02,2.75375000e-02
6.82587500e-08,3.00000000e-04,2.18765625e-02,2.75312500e-02
6.82987500e-08,3.12343750e-04,2.19000000e-02,2.75312500e-02
6.83387500e-08,3.25156250e-04,2.19203125e-02,2.75375000e-02
6.83787500e-08,3.38125000e-04,2.19375000e-02,2.75500000e-02
6.84187500e-08,3.50937500e-04,2.19515625e-02,2.75687500e-02
6.84587500e-08,3.63437500e-04,2.19593750e-02,2.75906250e-02
6.84987500e-08,3.75000000e-04,2.19609375e-02,2.76187500e-02
6.85387500e-08,3.85625000e-04,2.19578125e-02,2.76468750e-02
6.85787500e-08,3.95000000e-04,2.19500000e-02,2.76781250e-02
6.86187500e-08,4.02656250e-04,2.19375000e-02,2.77093750e-02
6.86587500e-08,4.08437500e-04,2.19203125e-02,2.77375000e-02
6.86987500e-08,4.12187500e-04,2.18984375e-02,2.77625000e-02
6.87387500e-08,4.13593750e-04,2.18750000e-02,2.77875000e-02
6.87787500e-08,4.12656250e-04,2.18515625e-02,2.78062500e-02
6.88187500e-08,4.09218750e-04,2.18250000e-02,2.78187500e-02
6.88587500e-08,4.03125000e-04,2.18000000e-02,2.78281250e-02
6.88987500e-08,3.94687500e-04,2.17765625e-02,2.78312500e-02
6.89387500e-08,3.83750000e-04,2.17546875e-02,2.78281250e-02
6.89787500e-08,3.70625000e-04,2.17359375e-02,2.78187500e-02
6.90187500e-08,3.55312500e-04,2.17187500e-02,2.78062500e-02
6.90587500e-08,3.38593750e-04,2.17046875e-02,2.77875000e-02
6.90987500e-08,3.20468750e-04,2.16937500e-02,2.77625000e-02
6.91387500e-08,3.01562500e-04,2.16843750e-02,2.77343750e-02
6.91787500e-08,2.82343750e-04,2.16781250e-02,2.77031250e-02
6.92187500e-08,2.63437500e-04,2.16718750e-02,2.76718750e-02
6.92587500e-08,2.45468750e-04,2.16671875e-02,2.76343750e-02
6.92987500e-08,2.28906250e-04,2.16625000e-02,2.76000000e-02
6.93387500e-08,2.14531250e-04,2.16562500e-02,2.75625000e-02
6.93787500e-08,2.02656250e-04,2.16484375e-02,2.75250000e-02
6.94187500e-08,1.93906250e-04,2.16390625e-02,2.74875000e-02
6.94587500e-08,1.88437500e-04,2.16281250e-02,2.74500000e-02
6.94987500e-08,1.86875000e-04,2.16140625e-02,2.74156250e-02
6.95387500e-08,1.89218750e-04,2.16000000e-02,2.73843750e-02
6.95787500e-08,1.95468750e-04,2.15828125e-02,2.73531250e-02
6.96187500e-08,2.05468750e-04,2.15640625e-02,2.73250000e-02
6.96587500e-08,2.18906250e-04,2.15453125e-02,2.73000000e-02
6.96987500e-08,2.35468750e-04,2.15265625e-02,2.72781250e-02
6.97387500e-08,2.54531250e-04,2.15093750e-02,2.72593750e-02
6.97787500e-08,2.75625000e-04,2.14953125e-02,2.72437500e-02
6.98187500e-08,2.97656250e-04,2.14828125e-02,2.72312500e-02
6.98587500e-08,3.20156250e-04,2.14734375e-02,2.72218750e-02
6.98987500e-08,3.42031250e-04,2.14687500e-02,2.72156250e-02
6.99387500e-08,3.62656250e-04,2.14671875e-02,2.72156250e-02
6.99787500e-08,3.81093750e-04,2.14703125e-02,2.72187500e-02
7.00187500e-08,3.96718750e-04,2.14781250e-02,2.72281250e-02
7.00587500e-08,4.08906250e-04,2.14890625e-02,2.72406250e-02
7.00987500e-08,4.17187500e-04,2.15015625e-02,2.72562500e-02
7.01387500e-08,4.21250000e-04,2.15171875e-02,2.72781250e-02
7.01787500e-08,4.20781250e-04,2.15328125e-02,2.73031250e-02
7.02187500e-08,4.16093750e-04,2.15484375e-02,2.73312500e-02
7.02587500e-08,4.07343750e-04,2.15625000e-02,2.73625000e-02
7.02987500e-08,3.94843750e-04,2.15750000e-02,2.74000000e-02
7.03387500e-08,3.79218750e-04,2.15812500e-02,2.74375000e-02
7.03787500e-08,3.61093750e-04,2.15843750e-02,2.74750000e-02
7.04187500e-08,3.41093750e-04,2.15828125e-02,2.75156250e-02
7.04587500e-08,3.20312500e-04,2.15734375e-02,2.75562500e-02
7.04987500e-08,2.99531250e-04,2.15609375e-02,2.75937500e-02
7.05387500e-08,2.79531250e-04,2.15406250e-02,2.76312500e-02
7.05787500e-08,2.61093750e-04,2.15171875e-02,2.76656250e-02
7.06187500e-08,2.45000000e-04,2.14890625e-02,2.76968750e-02
7.06587500e-08,2.31875000e-04,2.14593750e-02,2.77218750e-02
7.06987500e-08,2.22187500e-04,2.14281250e-02,2.77406250e-02
7.07387500e-08,2.15937500e-04,2.13968750e-02,2.77562500e-02
7.07787500e-08,2.13437500e-04,2.13671875e-02,2.77625000e-02
7.08187500e-08,2.14687500e-04,2.13421875e-02,2.77625000e-02
7.08587500e-08,2.19375000e-04,2.13218750e-02,2.77531250e-02
7.08987500e-08,2.26875000e-04,2.13078125e-02,2.77375000e-02
7.09387500e-08,2.36875000e-04,2.13015625e-02,2.77156250e-02
7.09787500e-08,2.48750000e-04,2.13031250e-02,2.76875000e-02
7.10187500e-08,2.61562500e-04,2.13140625e-02,2.76531250e-02
7.10587500e-08,2.74687500e-04,2.13328125e-02,2.76093750e-02
7.10987500e-08,2.87343750e-04,2.13609375e-02,2.75656250e-02
7.11387500e-08,2.98750000e-04,2.13953125e-02,2.75156250e-02
7.11787500e-08,3.08281250e-04,2.14359375e-02,2.74625000e-02
7.12187500e-08,3.15312500e-04,2.14812500e-02,2.74093750e-02
7.12587500e-08,3.19531250e-04,2.15312500e-02,2.73562500e-02
7.12987500e-08,3.20468750e-04,2.15796875e-02,2.73031250e-02
7.13387500e-08,3.18281250e-04,2.16296875e-02,2.72531250e-02
7.13787500e-08,3.12968750e-04,2.16750000e-02,2.72031250e-02
7.14187500e-08,3.04531250e-04,2.17156250e-02,2.71593750e-02
7.14587500e-08,2.93593750e-04,2.17500000e-02,2.71187500e-02
7.14987500e-08,2.80625000e-04,2.17765625e-02,2.70843750e-02
7.15387500e-08,2.66093750e-04,2.17937500e-02,2.70562500e-02
7.15787500e-08,2.50781250e-04,2.18015625e-02,2.70343750e-02
7.16187500e-08,2.35468750e-04,2.17984375e-02,2.70156250e-02
7.16587500e-08,2.20781250e-04,2.17859375e-02,2.70062500e-02
7.16987500e-08,2.07500000e-04,2.17625000e-02,2.70000000e-02
7.17387500e-08,1.96250000e-04,2.17312500e-02,2.70000000e-02
7.17787500e-08,1.87656250e-04,2.16906250e-02,2.70031250e-02
7.18187500e-08,1.82031250e-04,2.16437500e-02,2.70125000e-02
7.18587500e-08,1.79843750e-04,2.15906250e-02,2.70250000e-02
7.18987500e-08,1.81093750e-04,2.15359375e-02,2.70375000e-02
7.19387500e-08,1.85781250e-04,2.14781250e-02,2.70562500e-02
7.19787500e-08,1.93750000e-04,2.14218750e-02,2.70718750e-02
7.20187500e-08,2.04687500e-04,2.13656250e-02,2.70906250e-02
7.20587500e-08,2.18125000e-04,2.13140625e-02,2.71062500e-02
7.20987500e-08,2.33437500e-04,2.12656250e-02,2.71218750e-02
7.21387500e-08,2.50156250e-04,2.12234375e-02,2.71375000e-02
7.21787500e-08,2.67187500e-04,2.11875000e-02,2.71500000e-02
7.22187500e-08,2.84062500e-04,2.11562500e-02,2.71625000e-02
7.22587500e-08,3.00000000e-04,2.11328125e-02,2.71687500e-02
7.22987500e-08,3.14218750e-04,2.11156250e-02,2.71750000e-02
7.23387500e-08,3.26250000e-04,2.11046875e-02,2.71750000e-02
7.23787500e-08,3.35312500e-04,2.10968750e-02,2.71750000e-02
7.24187500e-08,3.41406250e-04,2.10953125e-02,2.71718750e-02
7.24587500e-08,3.43906250e-04,2.10953125e-02,2.71687500e-02
7.24987500e-08,3.43125000e-04,2.10984375e-02,2.71625000e-02
7.25387500e-08,3.38750000e-04,2.11015625e-02,2.71562500e-02
7.25787500e-08,3.31093750e-04,2.11062500e-02,2.71468750e-02
7.26187500e-08,3.20781250e-04,2.11093750e-02,2.71375000e-02
7.26587500e-08,3.07968750e-04,2.11109375e-02,2.71312500e-02
7.26987500e-08,2.93437500e-04,2.11093750e-02,2.71250000e-02
7.27387500e-08,2.77812500e-04,2.11062500e-02,2.71187500e-02
7.27787500e-08,2.61875000e-04,2.11000000e-02,2.71156250e-02
7.28187500e-08,2.46250000e-04,2.10906250e-02,2.71156250e-02
7.28587500e-08,2.31875000e-04,2.10781250e-02,2.71156250e-02
7.28987500e-08,2.19062500e-04,2.10656250e-02,2.71187500e-02
7.29387500e-08,2.08593750e-04,2.10500000e-02,2.71250000e-02
7.29787500e-08,2.01093750e-04,2.10343750e-02,2.71343750e-02
7.30187500e-08,1.96562500e-04,2.10171875e-02,2.71437500e-02
7.30587500e-08,1.95468750e-04,2.10015625e-02,2.71562500e-02
7.30987500e-08,1.97656250e-04,2.09875000e-02,2.71718750e-02
7.31387500e-08,2.03125000e-04,2.09750000e-02,2.71843750e-02
7.31787500e-08,2.11718750e-04,2.09671875e-02,2.72000000e-02
7.32187500e-08,2.22812500e-04,2.09609375e-02,2.72156250e-02
7.32587500e-08,2.35937500e-04,2.09593750e-02,2.72281250e-02
7.32987500e-08,2.50468750e-04,2.09609375e-02,2.72375000e-02
7.33387500e-08,2.65625000e-04,2.09671875e-02,2.72468750e-02
7.33787500e-08,2.80937500e-04,2.09765625e-02,2.72531250e-02
7.34187500e-08,2.95312500e-04,2.09906250e-02,2.72562500e-02
7.34587500e-08,3.08281250e-04,2.10062500e-02,2.72531250e-02
7.34987500e-08,3.18906250e-04,2.10265625e-02,2.72468750e-02
7.35387500e-08,3.27031250e-04,2.10468750e-02,2.72343750e-02
7.35787500e-08,3.31718750e-04,2.10703125e-02,2.72187500e-02
7.36187500e-08,3.33125000e-04,2.10921875e-02,2.72000000e-02
7.36587500e-08,3.30625000e-04,2.11140625e-02,2.71781250e-02
7.36987500e-08,3.24531250e-04,2.11343750e-02,2.71500000e-02
7.37387500e-08,3.14687500e-04,2.11531250e-02,2.71218750e-02
7.37787500e-08,3.01562500e-04,2.11687500e-02,2.70937500e-02
7.38187500e-08,2.85625000e-04,2.11796875e-02,2.70625000e-02
7.38587500e-08,2.67187500e-04,2.11875000e-02,2.70343750e-02
7.38987500e-08,2.47031250e-04,2.11906250e-02,2.70062500e-02
7.39387500e-08,2.25937500e-04,2.11890625e-02,2.69812500e-02
7.39787500e-08,2.04218750e-04,2.11828125e-02,2.69593750e-02
7.40187500e-08,1.82968750e-04,2.11703125e-02,2.69437500e-02
7.40587500e-08,1.62656250e-04,2.11546875e-02,2.69312500e-02
7.40987500e-08,1.43906250e-04,2.11359375e-02,2.69218750e-02
7.41387500e-08,1.27187500e-04,2.11125000e-02,2.69218750e-02
7.41787500e-08,1.12968750e-04,2.10859375e-02,2.69250000e-02
7.42187500e-08,1.01406250e-04,2.10578125e-02,2.69343750e-02
7.42587500e-08,9.28125000e-05,2.10265625e-02,2.69468750e-02
7.42987500e-08,8.71875000e-05,2.09953125e-02,2.69625000e-02
7.43387500e-08,8.42187500e-05,2.09625000e-02,2.69781250e-02
7.43787500e-08,8.37500000e-05,2.09312500e-02,2.70000000e-02
7.44187500e-08,8.56250000e-05,2.09000000e-02,2.70187500e-02
7.44587500e-08,8.92187500e-05,2.08703125e-02,2.70375000e-02
7.44987500e-08,9.40625000e-05,2.08421875e-02,2.70531250e-02
7.45387500e-08,9.96875000e-05,2.08156250e-02,2.70656250e-02
7.45787500e-08,1.05781250e-04,2.07906250e-02,2.70750000e-02
7.46187500e-08,1.11718750e-04,2.07687500e-02,2.70750000e-02
7.46587500e-08,1.17187500e-04,2.07484375e-02,2.70718750e-02
7.46987500e-08,1.21718750e-04,2.07296875e-02,2.70656250e-02
7.47387500e-08,1.25312500e-04,2.07125000e-02,2.70500000e-02
7.47787500e-08,1.27812500e-04,2.06968750e-02,2.70281250e-02
7.48187500e-08,1.28906250e-04,2.06812500e-02,2.70000000e-02
7.48587500e-08,1.28906250e-04,2.06671875e-02,2.69718750e-02
7.48987500e-08,1.27812500e-04,2.06546875e-02,2.69375000e-02
7.49387500e-08,1.26093750e-04,2.06406250e-02,2.69000000e-02
7.49787500e-08,1.23750000e-04,2.06265625e-02,2.68625000e-02
7.50187500e-08,1.21093750e-04,2.06140625e-02,2.68250000e-02
7.50587500e-08,1.18750000e-04,2.06000000e-02,2.67875000e-02
7.50987500e-08,1.16562500e-04,2.05859375e-02,2.67562500e-02
7.51387500e-08,1.15312500e-04,2.05718750e-02,2.67250000e-02
7.51787500e-08,1.14687500e-04,2.05593750e-02,2.67000000e-02
7.52187500e-08,1.15312500e-04,2.05468750e-02,2.66812500e-02
7.52587500e-08,1.16875000e-04,2.05359375e-02,2.66687500e-02
7.52987500e-08,1.19687500e-04,2.05265625e-02,2.66593750e-02
7.53387500e-08,1.23437500e-04,2.05203125e-02,2.66593750e-02
7.53787500e-08,1.27968750e-04,2.05156250e-02,2.66625000e-02
7.54187500e-08,1.33281250e-04,2.05140625e-02,2.66718750e-02
7.54587500e-08,1.38906250e-04,2.05156250e-02,2.66812500e-02
7.54987500e-08,1.44687500e-04,2.05203125e-02,2.66968750e-02
7.55387500e-08,1.50312500e-04,2.05281250e-02,2.67125000e-02
7.55787500e-08,1.55468750e-04,2.05406250e-02,2.67281250e-02
7.56187500e-08,1.59843750e-04,2.05562500e-02,2.67406250e-02
7.56587500e-08,1.63593750e-04,2.05734375e-02,2.67531250e-02
7.56987500e-08,1.66250000e-04,2.05937500e-02,2.67625000e-02
7.57387500e-08,1.68125000e-04,2.06156250e-02,2.67656250e-02
7.57787500e-08,1.69218750e-04,2.06390625e-02,2.67625000e-02
7.58187500e-08,1.69531250e-04,2.06609375e-02,2.67562500e-02
7.58587500e-08,1.69375000e-04,2.06812500e-02,2.67437500e-02
7.58987500e-08,1.69218750e-04,2.07015625e-02,2.67250000e-02
7.59387500e-08,1.69218750e-04,2.07171875e-02,2.67000000e-02
7.59787500e-08,1.69687500e-04,2.07296875e-02,2.66718750e-02
7.60187500e-08,1.71250000e-04,2.07390625e-02,2.66406250e-02
7.60587500e-08,1.73906250e-04,2.07421875e-02,2.66031250e-02
7.60987500e-08,1.78125000e-04,2.07406250e-02,2.65656250e-02
7.61387500e-08,1.84062500e-04,2.07328125e-02,2.65281250e-02
7.61787500e-08,1.91875000e-04,2.07203125e-02,2.64875000e-02
7.62187500e-08,2.01406250e-04,2.07031250e-02,2.64531250e-02
7.62587500e-08,2.12812500e-04,2.06812500e-02,2.64156250e-02
7.62987500e-08,2.25625000e-04,2.06546875e-02,2.63843750e-02
7.63387500e-08,2.39687500e-04,2.06265625e-02,2.63593750e-02
7.63787500e-08,2.54531250e-04,2.05953125e-02,2.63343750e-02
7.64187500e-08,2.69843750e-04,2.05625000e-02,2.63187500e-02
7.64587500e-08,2.84843750e-04,2.05296875e-02,2.63062500e-02
7.64987500e-08,2.99218750e-04,2.04984375e-02,2.62968750e-02
7.65387500e-08,3.12343750e-04,2.04687500e-02,2.62968750e-02
7.65787500e-08,3.23750000e-04,2.04421875e-02,2.62968750e-02
7.66187500e-08,3.33125000e-04,2.04203125e-02,2.63031250e-02
7.66587500e-08,3.40156250e-04,2.04015625e-02,2.63125000e-02
7.66987500e-08,3.44531250e-04,2.03875000e-02,2.63250000e-02
7.67387500e-08,3.46250000e-04,2.03781250e-02,2.63406250e-02
7.67787500e-08,3.45312500e-04,2.03718750e-02,2.63562500e-02
7.68187500e-08,3.41875000e-04,2.03718750e-02,2.63718750e-02
7.68587500e-08,3.36250000e-04,2.03750000e-02,2.63875000e-02
7.68987500e-08,3.28750000e-04,2.03828125e-02,2.64031250e-02
7.69387500e-08,3.20000000e-04,2.03921875e-02,2.64156250e-02
7.69787500e-08,3.10312500e-04,2.04031250e-02,2.64281250e-02
7.70187500e-08,3.00156250e-04,2.04156250e-02,2.64406250e-02
7.70587500e-08,2.90312500e-04,2.04296875e-02,2.64468750e-02
7.70987500e-08,2.80937500e-04,2.04421875e-02,2.64562500e-02
7.71387500e-08,2.72656250e-04,2.04546875e-02,2.64593750e-02
7.71787500e-08,2.65625000e-04,2.04656250e-02,2.64625000e-02
7.72187500e-08,2.60156250e-04,2.04734375e-02,2.64625000e-02
7.72587500e-08,2.56250000e-04,2.04812500e-02,2.64625000e-02
7.72987500e-08,2.53906250e-04,2.04859375e-02,2.64625000e-02
7.73387500e-08,2.53125000e-04,2.04906250e-02,2.64593750e-02
7.73787500e-08,2.53593750e-04,2.04921875e-02,2.64593750e-02
7.74187500e-08,2.55000000e-04,2.04921875e-02,2.64593750e-02
7.74587500e-08,2.56875000e-04,2.04921875e-02,2.64593750e-02
7.74987500e-08,2.59062500e-04,2.04921875e-02,2.64593750e-02
7.75387500e-08,2.61093750e-04,2.04921875e-02,2.64625000e-02
7.75787500e-08,2.62656250e-04,2.04921875e-02,2.64656250e-02
7.76187500e-08,2.63437500e-04,2.04937500e-02,2.64750000e-02
7.76587500e-08,2.63281250e-04,2.04953125e-02,2.64843750e-02
7.76987500e-08,2.62031250e-04,2.04984375e-02,2.64937500e-02
7.77387500e-08,2.59687500e-04,2.05015625e-02,2.65093750e-02
7.77787500e-08,2.56406250e-04,2.05062500e-02,2.65250000e-02
7.78187500e-08,2.52343750e-04,2.05109375e-02,2.65437500e-02
7.78587500e-08,2.47968750e-04,2.05140625e-02,2.65625000e-02
7.78987500e-08,2.43437500e-04,2.05171875e-02,2.65843750e-02
7.79387500e-08,2.39375000e-04,2.05187500e-02,2.66031250e-02
7.79787500e-08,2.36250000e-04,2.05171875e-02,2.66218750e-02
7.80187500e-08,2.34375000e-04,2.05140625e-02,2.66406250e-02
7.80587500e-08,2.34062500e-04,2.05078125e-02,2.66562500e-02
7.80987500e-08,2.35937500e-04,2.04968750e-02,2.66687500e-02
7.81387500e-08,2.40000000e-04,2.04828125e-02,2.66781250e-02
7.81787500e-08,2.46250000e-04,2.04640625e-02,2.66812500e-02
7.82187500e-08,2.54843750e-04,2.04421875e-02,2.66781250e-02
7.82587500e-08,2.65625000e-04,2.04156250e-02,2.66718750e-02
7.82987500e-08,2.78125000e-04,2.03875000e-02,2.66562500e-02
7.83387500e-08,2.91718750e-04,2.03578125e-02,2.66343750e-02
7.83787500e-08,3.06250000e-04,2.03265625e-02,2.66062500e-02
7.84187500e-08,3.20625000e-04,2.02968750e-02,2.65718750e-02
7.84587500e-08,3.34375000e-04,2.02671875e-02,2.65312500e-02
7.84987500e-08,3.46718750e-04,2.02390625e-02,2.64875000e-02
7.85387500e-08,3.56875000e-04,2.02156250e-02,2.64406250e-02
7.85787500e-08,3.64218750e-04,2.01953125e-02,2.63906250e-02
7.86187500e-08,3.68281250e-04,2.01812500e-02,2.63406250e-02
7.86587500e-08,3.68593750e-04,2.01718750e-02,2.62937500e-02
7.86987500e-08,3.64843750e-04,2.01687500e-02,2.62468750e-02
7.87387500e-08,3.56875000e-04,2.01703125e-02,2.62062500e-02
7.87787500e-08,3.45000000e-04,2.01781250e-02,2.61687500e-02
7.88187500e-08,3.29218750e-04,2.01906250e-02,2.61406250e-02
7.88587500e-08,3.10312500e-04,2.02078125e-02,2.61187500e-02
7.88987500e-08,2.88593750e-04,2.02265625e-02,2.61093750e-02
7.89387500e-08,2.65000000e-04,2.02468750e-02,2.61062500e-02
7.89787500e-08,2.40156250e-04,2.02671875e-02,2.61125000e-02
7.90187500e-08,2.15000000e-04,2.02875000e-02,2.61281250e-02
7.90587500e-08,1.90625000e-04,2.03031250e-02,2.61500000e-02
7.90987500e-08,1.67656250e-04,2.03156250e-02,2.61812500e-02
7.91387500e-08,1.46875000e-04,2.03234375e-02,2.62156250e-02
7.91787500e-08,1.29062500e-04,2.03234375e-02,2.62562500e-02
7.92187500e-08,1.14843750e-04,2.03171875e-02,2.62968750e-02
7.92587500e-08,1.04531250e-04,2.03046875e-02,2.63375000e-02
7.92987500e-08,9.82812500e-05,2.02843750e-02,2.63781250e-02
7.93387500e-08,9.60937500e-05,2.02578125e-02,2.64125000e-02
7.93787500e-08,9.79687500e-05,2.02250000e-02,2.64406250e-02
7.94187500e-08,1.03437500e-04,2.01875000e-02,2.64625000e-02
7.94587500e-08,1.12031250e-04,2.01468750e-02,2.64781250e-02
7.94987500e-08,1.23125000e-04,2.01031250e-02,2.64812500e-02
7.95387500e-08,1.36250000e-04,2.00578125e-02,2.64781250e-02
7.95787500e-08,1.50312500e-04,2.00156250e-02,2.64656250e-02
7.96187500e-08,1.64843750e-04,1.99750000e-02,2.64468750e-02
7.96587500e-08,1.79062500e-04,1.99375000e-02,2.64156250e-02
7.96987500e-08,1.92031250e-04,1.99046875e-02,2.63812500e-02
7.97387500e-08,2.03437500e-04,1.98796875e-02,2.63437500e-02
7.97787500e-08,2.12656250e-04,1.98609375e-02,2.63000000e-02
7.98187500e-08,2.19531250e-04,1.98484375e-02,2.62531250e-02
7.98587500e-08,2.23593750e-04,1.98453125e-02,2.62093750e-02
7.98987500e-08,2.25000000e-04,1.98468750e-02,2.61656250e-02
7.99387500e-08,2.23750000e-04,1.98562500e-02,2.61250000e-02
7.99787500e-08,2.20156250e-04,1.98718750e-02,2.60906250e-02
8.00187500e-08,2.14687500e-04,1.98906250e-02,2.60593750e-02
8.00587500e-08,2.07500000e-04,1.99125000e-02,2.60312500e-02
8.00987500e-08,1.99375000e-04,1.99375000e-02,2.60125000e-02
8.01387500e-08,1.90937500e-04,1.99625000e-02,2.59968750e-02
8.01787500e-08,1.82500000e-04,1.99875000e-02,2.59875000e-02
8.02187500e-08,1.75000000e-04,2.00093750e-02,2.59843750e-02
8.02587500e-08,1.68750000e-04,2.00296875e-02,2.59812500e-02
8.02987500e-08,1.64375000e-04,2.00453125e-02,2.59843750e-02
8.03387500e-08,1.62031250e-04,2.00578125e-02,2.59875000e-02
8.03787500e-08,1.62187500e-04,2.00656250e-02,2.59906250e-02
8.04187500e-08,1.65000000e-04,2.00687500e-02,2.59968750e-02
8.04587500e-08,1.70312500e-04,2.00687500e-02,2.60000000e-02
8.04987500e-08,1.78437500e-04,2.00656250e-02,2.60000000e-02
8.05387500e-08,1.88750000e-04,2.00609375e-02,2.60000000e-02
8.05787500e-08,2.01406250e-04,2.00531250e-02,2.59968750e-02
8.06187500e-08,2.15625000e-04,2.00453125e-02,2.59906250e-02
8.06587500e-08,2.31250000e-04,2.00375000e-02,2.59843750e-02
8.06987500e-08,2.47656250e-04,2.00312500e-02,2.59750000e-02
8.07387500e-08,2.64375000e-04,2.00281250e-02,2.59687500e-02
8.07787500e-08,2.80781250e-04,2.00265625e-02,2.59625000e-02
8.08187500e-08,2.96406250e-04,2.00281250e-02,2.59562500e-02
8.08587500e-08,3.10781250e-04,2.00328125e-02,2.59531250e-02
8.08987500e-08,3.23437500e-04,2.00421875e-02,2.59531250e-02
8.09387500e-08,3.34062500e-04,2.00546875e-02,2.59562500e-02
8.09787500e-08,3.42187500e-04,2.00687500e-02,2.59656250e-02
8.10187500e-08,3.47656250e-04,2.00843750e-02,2.59781250e-02
8.10587500e-08,3.50468750e-04,2.01015625e-02,2.59937500e-02
8.10987500e-08,3.50312500e-04,2.01187500e-02,2.60156250e-02
8.11387500e-08,3.47343750e-04,2.01343750e-02,2.60406250e-02
8.11787500e-08,3.41718750e-04,2.01468750e-02,2.60656250e-02
8.12187500e-08,3.33750000e-04,2.01578125e-02,2.60937500e-02
8.12587500e-08,3.23437500e-04,2.01656250e-02,2.61218750e-02
8.12987500e-08,3.11250000e-04,2.01671875e-02,2.61500000e-02
8.13387500e-08,2.97812500e-04,2.01656250e-02,2.61750000e-02
8.13787500e-08,2.83125000e-04,2.01578125e-02,2.61968750e-02
8.14187500e-08,2.68125000e-04,2.01453125e-02,2.62125000e-02
8.14587500e-08,2.52968750e-04,2.01281250e-02,2.62218750e-02
8.14987500e-08,2.38281250e-04,2.01078125e-02,2.62281250e-02
8.15387500e-08,2.24531250e-04,2.00843750e-02,2.62250000e-02
8.15787500e-08,2.12187500e-04,2.00578125e-02,2.62187500e-02
8.16187500e-08,2.01718750e-04,2.00296875e-02,2.62062500e-02
8.16587500e-08,1.93281250e-04,2.00015625e-02,2.61843750e-02
8.16987500e-08,1.87343750e-04,1.99750000e-02,2.61625000e-02
8.17387500e-08,1.84062500e-04,1.99500000e-02,2.61343750e-02
8.17787500e-08,1.83593750e-04,1.99281250e-02,2.61031250e-02
8.18187500e-08,1.85937500e-04,1.99093750e-02,2.60718750e-02
8.18587500e-08,1.90937500e-04,1.98937500e-02,2.60375000e-02
8.18987500e-08,1.98593750e-04,1.98828125e-02,2.60062500e-02
8.19387500e-08,2.08593750e-04,1.98765625e-02,2.59781250e-02
8.19787500e-08,2.20625000e-04,1.98750000e-02,2.59531250e-02
8.20187500e-08,2.34062500e-04,1.98765625e-02,2.59343750e-02
8.20587500e-08,2.48593750e-04,1.98812500e-02,2.59187500e-02
8.20987500e-08,2.63750000e-04,1.98890625e-02,2.59062500e-02
8.21387500e-08,2.78750000e-04,1.98984375e-02,2.59000000e-02
8.21787500e-08,2.92968750e-04,1.99093750e-02,2.59000000e-02
8.22187500e-08,3.06093750e-04,1.99203125e-02,2.59031250e-02
8.22587500e-08,3.17500000e-04,1.99296875e-02,2.59093750e-02
8.22987500e-08,3.26406250e-04,1.99390625e-02,2.59156250e-02
8.23387500e-08,3.32812500e-04,1.99468750e-02,2.59281250e-02
8.23787500e-08,3.36093750e-04,1.99531250e-02,2.59406250e-02
8.24187500e-08,3.36093750e-04,1.99562500e-02,2.59500000e-02
8.24587500e-08,3.32812500e-04,1.99578125e-02,2.59593750e-02
8.24987500e-08,3.26250000e-04,1.99562500e-02,2.59687500e-02
8.25387500e-08,3.16718750e-04,1.99531250e-02,2.59750000e-02
8.25787500e-08,3.04218750e-04,1.99484375e-02,2.59750000e-02
8.26187500e-08,2.89375000e-04,1.99437500e-02,2.59718750e-02
8.26587500e-08,2.72656250e-04,1.99375000e-02,2.59656250e-02
8.26987500e-08,2.54687500e-04,1.99296875e-02,2.59562500e-02
8.27387500e-08,2.35937500e-04,1.99234375e-02,2.59437500e-02
8.27787500e-08,2.17500000e-04,1.99171875e-02,2.59250000e-02
8.28187500e-08,1.99687500e-04,1.99125000e-02,2.59031250e-02
8.28587500e-08,1.83437500e-04,1.99062500e-02,2.58781250e-02
8.28987500e-08,1.69218750e-04,1.99015625e-02,2.58531250e-02
8.29387500e-08,1.57656250e-04,1.98968750e-02,2.58250000e-02
8.29787500e-08,1.49062500e-04,1.98921875e-02,2.57968750e-02
8.30187500e-08,1.44062500e-04,1.98875000e-02,2.57656250e-02
8.30587500e-08,1.42500000e-04,1.98812500e-02,2.57343750e-02
8.30987500e-08,1.44687500e-04,1.98734375e-02,2.57062500e-02
8.31387500e-08,1.50468750e-04,1.98625000e-02,2.56750000e-02
8.31787500e-08,1.59375000e-04,1.98500000e-02,2.56500000e-02
8.32187500e-08,1.71406250e-04,1.98343750e-02,2.56218750e-02
8.32587500e-08,1.85781250e-04,1.98156250e-02,2.55968750e-02
8.32987500e-08,2.02031250e-04,1.97937500e-02,2.55750000e-02
8.33387500e-08,2.19531250e-04,1.97703125e-02,2.55562500e-02
8.33787500e-08,2.37656250e-04,1.97437500e-02,2.55406250e-02
8.34187500e-08,2.55468750e-04,1.97140625e-02,2.55250000e-02
8.34587500e-08,2.72500000e-04,1.96843750e-02,2.55125000e-02
8.34987500e-08,2.88125000e-04,1.96546875e-02,2.55062500e-02
8.35387500e-08,3.01718750e-04,1.96265625e-02,2.55000000e-02
8.35787500e-08,3.12656250e-04,1.96000000e-02,2.55000000e-02
8.36187500e-08,3.20781250e-04,1.95765625e-02,2.55031250e-02
8.36587500e-08,3.25781250e-04,1.95562500e-02,2.55093750e-02
8.36987500e-08,3.27500000e-04,1.95421875e-02,2.55218750e-02
8.37387500e-08,3.26093750e-04,1.95328125e-02,2.55343750e-02
8.37787500e-08,3.21562500e-04,1.95312500e-02,2.55531250e-02
8.38187500e-08,3.14218750e-04,1.95343750e-02,2.55750000e-02
8.38587500e-08,3.04218750e-04,1.95437500e-02,2.56000000e-02
8.38987500e-08,2.92343750e-04,1.95593750e-02,2.56250000e-02
8.39387500e-08,2.78750000e-04,1.95812500e-02,2.56531250e-02
8.39787500e-08,2.64218750e-04,1.96062500e-02,2.56812500e-02
8.40187500e-08,2.49218750e-04,1.96343750e-02,2.57093750e-02
8.40587500e-08,2.34062500e-04,1.96625000e-02,2.57375000e-02
8.40987500e-08,2.19531250e-04,1.96921875e-02,2.57625000e-02
8.41387500e-08,2.06093750e-04,1.97203125e-02,2.57875000e-02
8.41787500e-08,1.93750000e-04,1.97437500e-02,2.58062500e-02
8.42187500e-08,1.83281250e-04,1.97640625e-02,2.58187500e-02
8.42587500e-08,1.74687500e-04,1.97781250e-02,2.58281250e-02
8.42987500e-08,1.68125000e-04,1.97859375e-02,2.58343750e-02
8.43387500e-08,1.63593750e-04,1.97859375e-02,2.58312500e-02
8.43787500e-08,1.61406250e-04,1.97765625e-02,2.58250000e-02
8.44187500e-08,1.61093750e-04,1.97609375e-02,2.58093750e-02
8.44587500e-08,1.62812500e-04,1.97375000e-02,2.57937500e-02
8.44987500e-08,1.66093750e-04,1.97078125e-02,2.57687500e-02
8.45387500e-08,1.70937500e-04,1.96718750e-02,2.57437500e-02
8.45787500e-08,1.77031250e-04,1.96312500e-02,2.57125000e-02
8.46187500e-08,1.84062500e-04,1.95875000e-02,2.56812500e-02
8.46587500e-08,1.91718750e-04,1.95437500e-02,2.56500000e-02
8.46987500e-08,1.99843750e-04,1.94984375e-02,2.56156250e-02
8.47387500e-08,2.08125000e-04,1.94546875e-02,2.55875000e-02
8.47787500e-08,2.16406250e-04,1.94156250e-02,2.55593750e-02
8.48187500e-08,2.24375000e-04,1.93796875e-02,2.55343750e-02
8.48587500e-08,2.32031250e-04,1.93500000e-02,2.55156250e-02
8.48987500e-08,2.39062500e-04,1.93265625e-02,2.55000000e-02
8.49387500e-08,2.45468750e-04,1.93109375e-02,2.54906250e-02
8.49787500e-08,2.51093750e-04,1.93015625e-02,2.54843750e-02
8.50187500e-08,2.56093750e-04,1.92984375e-02,2.54843750e-02
8.50587500e-08,2.60312500e-04,1.93015625e-02,2.54906250e-02
8.50987500e-08,2.63750000e-04,1.93093750e-02,2.55000000e-02
8.51387500e-08,2.66250000e-04,1.93234375e-02,2.55156250e-02
8.51787500e-08,2.68281250e-04,1.93390625e-02,2.55343750e-02
8.52187500e-08,2.69375000e-04,1.93562500e-02,2.55531250e-02
8.52587500e-08,2.70000000e-04,1.93734375e-02,2.55750000e-02
8.52987500e-08,2.70000000e-04,1.93906250e-02,2.55968750e-02
8.53387500e-08,2.69531250e-04,1.94062500e-02,2.56187500e-02
8.53787500e-08,2.68750000e-04,1.94187500e-02,2.56375000e-02
8.54187500e-08,2.67500000e-04,1.94265625e-02,2.56562500e-02
8.54587500e-08,2.66093750e-04,1.94312500e-02,2.56718750e-02
8.54987500e-08,2.64531250e-04,1.94312500e-02,2.56875000e-02
8.55387500e-08,2.62968750e-04,1.94281250e-02,2.56968750e-02
8.55787500e-08,2.61562500e-04,1.94187500e-02,2.57031250e-02
8.56187500e-08,2.60156250e-04,1.94078125e-02,2.57031250e-02
8.56587500e-08,2.59062500e-04,1.93937500e-02,2.57031250e-02
8.56987500e-08,2.58281250e-04,1.93781250e-02,2.56968750e-02
8.57387500e-08,2.57968750e-04,1.93625000e-02,2.56906250e-02
8.57787500e-08,2.58125000e-04,1.93468750e-02,2.56812500e-02
8.58187500e-08,2.58750000e-04,1.93312500e-02,2.56656250e-02
8.58587500e-08,2.59843750e-04,1.93203125e-02,2.56531250e-02
8.58987500e-08,2.61406250e-04,1.93109375e-02,2.56375000e-02
8.59387500e-08,2.63437500e-04,1.93046875e-02,2.56218750e-02
8.59787500e-08,2.65937500e-04,1.93031250e-02,2.56062500e-02
8.60187500e-08,2.68906250e-04,1.93046875e-02,2.55906250e-02
8.60587500e-08,2.72031250e-04,1.93109375e-02,2.55781250e-02
8.60987500e-08,2.75312500e-04,1.93203125e-02,2.55656250e-02
8.61387500e-08,2.78750000e-04,1.93312500e-02,2.55562500e-02
8.61787500e-08,2.82031250e-04,1.93437500e-02,2.55468750e-02
8.62187500e-08,2.85156250e-04,1.93578125e-02,2.55437500e-02
8.62587500e-08,2.87968750e-04,1.93718750e-02,2.55406250e-02
8.62987500e-08,2.90468750e-04,1.93828125e-02,2.55406250e-02
8.63387500e-08,2.92656250e-04,1.93937500e-02,2.55437500e-02
8.63787500e-08,2.94218750e-04,1.94000000e-02,2.55500000e-02
8.64187500e-08,2.95312500e-04,1.94031250e-02,2.55593750e-02
8.64587500e-08,2.95937500e-04,1.94031250e-02,2.55687500e-02
8.64987500e-08,2.96093750e-04,1.93968750e-02,2.55781250e-02
8.65387500e-08,2.95781250e-04,1.93859375e-02,2.55906250e-02
8.65787500e-08,2.95156250e-04,1.93718750e-02,2.56000000e-02
8.66187500e-08,2.94218750e-04,1.93531250e-02,2.56125000e-02
8.66587500e-08,2.93281250e-04,1.93328125e-02,2.56218750e-02
8.66987500e-08,2.92031250e-04,1.93078125e-02,2.56312500e-02
8.67387500e-08,2.90937500e-04,1.92828125e-02,2.56375000e-02
8.67787500e-08,2.90000000e-04,1.92578125e-02,2.56406250e-02
8.68187500e-08,2.89218750e-04,1.92343750e-02,2.56406250e-02
8.68587500e-08,2.88750000e-04,1.92109375e-02,2.56406250e-02
8.68987500e-08,2.88437500e-04,1.91906250e-02,2.56343750e-02
8.69387500e-08,2.88593750e-04,1.91750000e-02,2.56281250e-02
8.69787500e-08,2.89062500e-04,1.91625000e-02,2.56156250e-02
8.70187500e-08,2.89843750e-04,1.91546875e-02,2.56062500e-02
8.70587500e-08,2.90937500e-04,1.91531250e-02,2.55906250e-02
8.70987500e-08,2.92187500e-04,1.91546875e-02,2.55781250e-02
8.71387500e-08,2.93437500e-04,1.91609375e-02,2.55625000e-02
8.71787500e-08,2.94843750e-04,1.91703125e-02,2.55500000e-02
8.72187500e-08,2.96093750e-04,1.91828125e-02,2.55375000e-02
8.72587500e-08,2.97031250e-04,1.91984375e-02,2.55312500e-02
8.72987500e-08,2.97812500e-04,1.92140625e-02,2.55250000e-02
8.73387500e-08,2.98281250e-04,1.92296875e-02,2.55218750e-02
8.73787500e-08,2.98437500e-04,1.92453125e-02,2.55250000e-02
8.74187500e-08,2.97968750e-04,1.92578125e-02,2.55343750e-02
8.74587500e-08,2.97031250e-04,1.92671875e-02,2.55468750e-02
8.74987500e-08,2.95625000e-04,1.92734375e-02,2.55625000e-02
8.75387500e-08,2.93906250e-04,1.92750000e-02,2.55812500e-02
8.75787500e-08,2.91562500e-04,1.92734375e-02,2.56031250e-02
8.76187500e-08,2.88750000e-04,1.92656250e-02,2.56250000e-02
8.76587500e-08,2.85625000e-04,1.92531250e-02,2.56500000e-02
8.76987500e-08,2.82187500e-04,1.92375000e-02,2.56718750e-02
8.77387500e-08,2.78437500e-04,1.92187500e-02,2.56906250e-02
8.77787500e-08,2.74218750e-04,1.91968750e-02,2.57062500e-02
8.78187500e-08,2.70000000e-04,1.91718750e-02,2.57156250e-02
8.78587500e-08,2.65312500e-04,1.91468750e-02,2.57187500e-02
8.78987500e-08,2.60468750e-04,1.91234375e-02,2.57156250e-02
8.79387500e-08,2.55312500e-04,1.90984375e-02,2.57000000e-02
8.79787500e-08,2.50000000e-04,1.90765625e-02,2.56750000e-02
8.80187500e-08,2.44375000e-04,1.90578125e-02,2.56437500e-02
8.80587500e-08,2.38437500e-04,1.90437500e-02,2.56000000e-02
8.80987500e-08,2.32031250e-04,1.90328125e-02,2.55500000e-02
8.81387500e-08,2.25468750e-04,1.90250000e-02,2.54937500e-02
8.81787500e-08,2.18593750e-04,1.90234375e-02,2.54281250e-02
8.82187500e-08,2.11406250e-04,1.90265625e-02,2.53593750e-02
8.82587500e-08,2.03906250e-04,1.90328125e-02,2.52906250e-02
8.82987500e-08,1.96093750e-04,1.90453125e-02,2.52187500e-02
8.83387500e-08,1.88281250e-04,1.90593750e-02,2.51500000e-02
8.83787500e-08,1.80468750e-04,1.90765625e-02,2.50875000e-02
8.84187500e-08,1.72656250e-04,1.90968750e-02,2.50281250e-02
8.84587500e-08,1.65000000e-04,1.91171875e-02,2.49750000e-02
8.84987500e-08,1.57812500e-04,1.91390625e-02,2.49312500e-02
8.85387500e-08,1.50937500e-04,1.91609375e-02,2.49000000e-02
8.85787500e-08,1.44843750e-04,1.91828125e-02,2.48750000e-02
8.86187500e-08,1.39375000e-04,1.92031250e-02,2.48625000e-02
8.86587500e-08,1.34843750e-04,1.92203125e-02,2.48593750e-02
8.86987500e-08,1.31250000e-04,1.92375000e-02,2.48656250e-02
8.87387500e-08,1.28750000e-04,1.92515625e-02,2.48781250e-02
8.87787500e-08,1.27187500e-04,1.92640625e-02,2.49000000e-02
8.88187500e-08,1.26562500e-04,1.92734375e-02,2.49250000e-02
8.88587500e-08,1.27031250e-04,1.92812500e-02,2.49531250e-02
8.88987500e-08,1.28281250e-04,1.92875000e-02,2.49843750e-02
8.89387500e-08,1.30312500e-04,1.92921875e-02,2.50156250e-02
8.89787500e-08,1.32812500e-04,1.92953125e-02,2.50437500e-02
8.90187500e-08,1.35781250e-04,1.92968750e-02,2.50718750e-02
8.90587500e-08,1.39062500e-04,1.92968750e-02,2.50937500e-02
8.90987500e-08,1.42343750e-04,1.92968750e-02,2.51093750e-02
8.91387500e-08,1.45468750e-04,1.92953125e-02,2.51218750e-02
8.91787500e-08,1.48125000e-04,1.92921875e-02,2.51281250e-02
8.92187500e-08,1.50312500e-04,1.92890625e-02,2.51312500e-02
8.92587500e-08,1.51718750e-04,1.92828125e-02,2.51281250e-02
8.92987500e-08,1.52500000e-04,1.92765625e-02,2.51218750e-02
8.93387500e-08,1.52343750e-04,1.92671875e-02,2.51156250e-02
8.93787500e-08,1.51093750e-04,1.92562500e-02,2.51062500e-02
8.94187500e-08,1.49062500e-04,1.92421875e-02,2.50968750e-02
8.94587500e-08,1.46250000e-04,1.92265625e-02,2.50906250e-02
8.94987500e-08,1.42500000e-04,1.92078125e-02,2.50875000e-02
8.95387500e-08,1.38125000e-04,1.91875000e-02,2.50843750e-02
8.95787500e-08,1.33281250e-04,1.91640625e-02,2.50875000e-02
8.96187500e-08,1.28125000e-04,1.91375000e-02,2.50937500e-02
8.96587500e-08,1.22968750e-04,1.91109375e-02,2.51000000e-02
8.96987500e-08,1.17656250e-04,1.90828125e-02,2.51125000e-02
8.97387500e-08,1.12812500e-04,1.90546875e-02,2.51250000e-02
8.97787500e-08,1.08281250e-04,1.90265625e-02,2.51406250e-02
8.98187500e-08,1.04531250e-04,1.90000000e-02,2.51562500e-02
8.98587500e-08,1.01562500e-04,1.89765625e-02,2.51687500e-02
8.98987500e-08,9.95312500e-05,1.89562500e-02,2.51750000e-02
8.99387500e-08,9.84375000e-05,1.89406250e-02,2.51812500e-02
8.99787500e-08,9.85937500e-05,1.89296875e-02,2.51812500e-02
9.00187500e-08,9.96875000e-05,1.89250000e-02,2.51718750e-02
9.00587500e-08,1.01875000e-04,1.89250000e-02,2.51562500e-02
9.00987500e-08,1.05156250e-04,1.89312500e-02,2.51343750e-02
9.01387500e-08,1.09062500e-04,1.89437500e-02,2.51062500e-02
9.01787500e-08,1.13906250e-04,1.89625000e-02,2.50687500e-02
9.02187500e-08,1.19062500e-04,1.89859375e-02,2.50281250e-02
9.02587500e-08,1.24687500e-04,1.90125000e-02,2.49812500e-02
9.02987500e-08,1.30312500e-04,1.90437500e-02,2.49312500e-02
9.03387500e-08,1.35937500e-04,1.90750000e-02,2.48781250e-02
9.03787500e-08,1.41250000e-04,1.91062500e-02,2.48281250e-02
9.04187500e-08,1.46093750e-04,1.91375000e-02,2.47812500e-02
9.04587500e-08,1.50312500e-04,1.91671875e-02,2.47406250e-02
9.04987500e-08,1.53750000e-04,1.91906250e-02,2.47031250e-02
9.05387500e-08,1.56406250e-04,1.92109375e-02,2.46750000e-02
9.05787500e-08,1.58281250e-04,1.92234375e-02,2.46531250e-02
9.06187500e-08,1.59218750e-04,1.92312500e-02,2.46406250e-02
9.06587500e-08,1.59375000e-04,1.92312500e-02,2.46406250e-02
9.06987500e-08,1.59062500e-04,1.92234375e-02,2.46468750e-02
9.07387500e-08,1.58281250e-04,1.92078125e-02,2.46625000e-02
9.07787500e-08,1.57187500e-04,1.91875000e-02,2.46875000e-02
9.08187500e-08,1.56250000e-04,1.91609375e-02,2.47156250e-02
9.08587500e-08,1.55468750e-04,1.91312500e-02,2.47500000e-02
9.08987500e-08,1.55312500e-04,1.90968750e-02,2.47843750e-02
9.09387500e-08,1.55937500e-04,1.90625000e-02,2.48218750e-02
9.09787500e-08,1.57500000e-04,1.90281250e-02,2.48531250e-02
9.10187500e-08,1.60312500e-04,1.89968750e-02,2.48843750e-02
9.10587500e-08,1.64375000e-04,1.89687500e-02,2.49093750e-02
9.10987500e-08,1.69687500e-04,1.89437500e-02,2.49312500e-02
9.11387500e-08,1.76562500e-04,1.89265625e-02,2.49437500e-02
9.11787500e-08,1.84531250e-04,1.89171875e-02,2.49468750e-02
9.12187500e-08,1.93750000e-04,1.89140625e-02,2.49437500e-02
9.12587500e-08,2.03593750e-04,1.89187500e-02,2.49343750e-02
9.12987500e-08,2.14062500e-04,1.89312500e-02,2.49187500e-02
9.13387500e-08,2.24687500e-04,1.89515625e-02,2.48968750e-02
9.13787500e-08,2.35000000e-04,1.89765625e-02,2.48687500e-02
9.14187500e-08,2.44531250e-04,1.90062500e-02,2.48406250e-02
9.14587500e-08,2.52812500e-04,1.90406250e-02,2.48125000e-02
9.14987500e-08,2.59531250e-04,1.90765625e-02,2.47843750e-02
9.15387500e-08,2.64218750e-04,1.91125000e-02,2.47593750e-02
9.15787500e-08,2.66718750e-04,1.91453125e-02,2.47343750e-02
9.16187500e-08,2.66562500e-04,1.91765625e-02,2.47187500e-02
9.16587500e-08,2.63750000e-04,1.92031250e-02,2.47062500e-02
9.16987500e-08,2.58125000e-04,1.92234375e-02,2.46968750e-02
9.17387500e-08,2.50000000e-04,1.92359375e-02,2.46968750e-02
9.17787500e-08,2.39375000e-04,1.92421875e-02,2.47000000e-02
9.18187500e-08,2.26562500e-04,1.92406250e-02,2.47062500e-02
9.18587500e-08,2.12031250e-04,1.92312500e-02,2.47156250e-02
9.18987500e-08,1.96250000e-04,1.92156250e-02,2.47281250e-02
9.19387500e-08,1.79687500e-04,1.91937500e-02,2.47375000e-02
9.19787500e-08,1.62968750e-04,1.91671875e-02,2.47468750e-02
9.20187500e-08,1.46718750e-04,1.91359375e-02,2.47562500e-02
9.20587500e-08,1.31250000e-04,1.91031250e-02,2.47562500e-02
9.20987500e-08,1.17187500e-04,1.90687500e-02,2.47531250e-02
9.21387500e-08,1.04843750e-04,1.90359375e-02,2.47437500e-02
9.21787500e-08,9.46875000e-05,1.90046875e-02,2.47250000e-02
9.22187500e-08,8.67187500e-05,1.89765625e-02,2.47000000e-02
9.22587500e-08,8.09375000e-05,1.89515625e-02,2.46687500e-02
9.22987500e-08,7.75000000e-05,1.89328125e-02,2.46281250e-02
9.23387500e-08,7.60937500e-05,1.89171875e-02,2.45843750e-02
9.23787500e-08,7.62500000e-05,1.89078125e-02,2.45375000e-02
9.24187500e-08,7.79687500e-05,1.89031250e-02,2.44875000e-02
9.24587500e-08,8.03125000e-05,1.89015625e-02,2.44343750e-02
9.24987500e-08,8.32812500e-05,1.89015625e-02,2.43812500e-02
9.25387500e-08,8.60937500e-05,1.89046875e-02,2.43312500e-02
9.25787500e-08,8.82812500e-05,1.89093750e-02,2.42875000e-02
9.26187500e-08,8.96875000e-05,1.89125000e-02,2.42437500e-02
9.26587500e-08,8.96875000e-05,1.89140625e-02,2.42093750e-02
9.26987500e-08,8.84375000e-05,1.89140625e-02,2.41812500e-02
9.27387500e-08,8.54687500e-05,1.89093750e-02,2.41625000e-02
9.27787500e-08,8.12500000e-05,1.89000000e-02,2.41468750e-02
9.28187500e-08,7.56250000e-05,1.88875000e-02,2.41406250e-02
9.28587500e-08,6.90625000e-05,1.88703125e-02,2.41406250e-02
9.28987500e-08,6.20312500e-05,1.88468750e-02,2.41468750e-02
9.29387500e-08,5.48437500e-05,1.88218750e-02,2.41531250e-02
9.29787500e-08,4.81250000e-05,1.87937500e-02,2.41656250e-02
9.30187500e-08,4.23437500e-05,1.87625000e-02,2.41781250e-02
9.30587500e-08,3.81250000e-05,1.87312500e-02,2.41906250e-02
9.30987500e-08,3.57812500e-05,1.87015625e-02,2.42000000e-02
9.31387500e-08,3.57812500e-05,1.86734375e-02,2.42093750e-02
9.31787500e-08,3.82812500e-05,1.86484375e-02,2.42125000e-02
9.32187500e-08,4.34375000e-05,1.86281250e-02,2.42125000e-02
9.32587500e-08,5.12500000e-05,1.86125000e-02,2.42031250e-02
9.32987500e-08,6.12500000e-05,1.86031250e-02,2.41937500e-02
9.33387500e-08,7.32812500e-05,1.85984375e-02,2.41750000e-02
9.33787500e-08,8.67187500e-05,1.86015625e-02,2.41562500e-02
9.34187500e-08,1.00937500e-04,1.86093750e-02,2.41312500e-02
9.34587500e-08,1.15312500e-04,1.86218750e-02,2.41000000e-02
9.34987500e-08,1.28906250e-04,1.86390625e-02,2.40718750e-02
9.35387500e-08,1.41093750e-04,1.86593750e-02,2.40406250e-02
9.35787500e-08,1.51250000e-04,1.86812500e-02,2.40093750e-02
9.36187500e-08,1.58593750e-04,1.87031250e-02,2.39812500e-02
9.36587500e-08,1.62812500e-04,1.87234375e-02,2.39562500e-02
9.36987500e-08,1.63437500e-04,1.87421875e-02,2.39343750e-02
9.37387500e-08,1.60468750e-04,1.87578125e-02,2.39156250e-02
9.37787500e-08,1.54062500e-04,1.87687500e-02,2.39031250e-02
9.38187500e-08,1.44218750e-04,1.87765625e-02,2.38937500e-02
9.38587500e-08,1.31875000e-04,1.87781250e-02,2.38906250e-02
9.38987500e-08,1.17187500e-04,1.87750000e-02,2.38937500e-02
9.39387500e-08,1.01406250e-04,1.87671875e-02,2.39000000e-02
9.39787500e-08,8.51562500e-05,1.87562500e-02,2.39093750e-02
9.40187500e-08,6.95312500e-05,1.87437500e-02,2.39218750e-02
9.40587500e-08,5.53125000e-05,1.87296875e-02,2.39375000e-02
9.40987500e-08,4.34375000e-05,1.87156250e-02,2.39531250e-02
9.41387500e-08,3.50000000e-05,1.87031250e-02,2.39687500e-02
9.41787500e-08,3.01562500e-05,1.86937500e-02,2.39843750e-02
9.42187500e-08,2.96875000e-05,1.86890625e-02,2.39968750e-02
9.42587500e-08,3.35937500e-05,1.86906250e-02,2.40093750e-02
9.42987500e-08,4.20312500e-05,1.86968750e-02,2.40187500e-02
9.43387500e-08,5.46875000e-05,1.87093750e-02,2.40250000e-02
9.43787500e-08,7.09375000e-05,1.87281250e-02,2.40281250e-02
9.44187500e-08,9.01562500e-05,1.87515625e-02,2.40312500e-02
9.44587500e-08,1.11406250e-04,1.87812500e-02,2.40312500e-02
9.44987500e-08,1.33593750e-04,1.88140625e-02,2.40281250e-02
9.45387500e-08,1.55468750e-04,1.88484375e-02,2.40218750e-02
9.45787500e-08,1.76250000e-04,1.88812500e-02,2.40156250e-02
9.46187500e-08,1.94531250e-04,1.89125000e-02,2.40093750e-02
9.46587500e-08,2.09375000e-04,1.89406250e-02,2.40031250e-02
9.46987500e-08,2.19843750e-04,1.89609375e-02,2.39968750e-02
9.47387500e-08,2.25625000e-04,1.89734375e-02,2.39875000e-02
9.47787500e-08,2.25937500e-04,1.89765625e-02,2.39812500e-02
9.48187500e-08,2.20781250e-04,1.89687500e-02,2.39750000e-02
9.48587500e-08,2.10312500e-04,1.89500000e-02,2.39687500e-02
9.48987500e-08,1.95000000e-04,1.89171875e-02,2.39625000e-02
9.49387500e-08,1.75468750e-04,1.88750000e-02,2.39531250e-02
9.49787500e-08,1.52656250e-04,1.88203125e-02,2.39468750e-02
9.50187500e-08,1.27656250e-04,1.87578125e-02,2.39375000e-02
9.50587500e-08,1.01718750e-04,1.86859375e-02,2.39250000e-02
9.50987500e-08,7.59375000e-05,1.86109375e-02,2.39093750e-02
9.51387500e-08,5.17187500e-05,1.85312500e-02,2.38906250e-02
9.51787500e-08,3.04687500e-05,1.84531250e-02,2.38687500e-02
9.52187500e-08,1.28125000e-05,1.83781250e-02,2.38437500e-02
9.52587500e-08,1.56250000e-07,1.83093750e-02,2.38156250e-02
9.52987500e-08,-7.18750000e-06,1.82468750e-02,2.37812500e-02
9.53387500e-08,-8.75000000e-06,1.81968750e-02,2.37437500e-02
9.53787500e-08,-4.37500000e-06,1.81578125e-02,2.37031250e-02
9.54187500e-08,5.78125000e-06,1.81328125e-02,2.36593750e-02
9.54587500e-08,2.14062500e-05,1.81218750e-02,2.36125000e-02
9.54987500e-08,4.14062500e-05,1.81250000e-02,2.35625000e-02
9.55387500e-08,6.53125000e-05,1.81421875e-02,2.35125000e-02
9.55787500e-08,9.17187500e-05,1.81718750e-02,2.34656250e-02
9.56187500e-08,1.19531250e-04,1.82125000e-02,2.34187500e-02
9.56587500e-08,1.47500000e-04,1.82625000e-02,2.33750000e-02
9.56987500e-08,1.74375000e-04,1.83187500e-02,2.33343750e-02
9.57387500e-08,1.98906250e-04,1.83796875e-02,2.33000000e-02
9.57787500e-08,2.20156250e-04,1.84406250e-02,2.32750000e-02
9.58187500e-08,2.37187500e-04,1.85000000e-02,2.32562500e-02
9.58587500e-08,2.49531250e-04,1.85562500e-02,2.32437500e-02
9.58987500e-08,2.56562500e-04,1.86046875e-02,2.32437500e-02
9.59387500e-08,2.58437500e-04,1.86453125e-02,2.32531250e-02
9.59787500e-08,2.55000000e-04,1.86750000e-02,2.32718750e-02
9.60187500e-08,2.46875000e-04,1.86953125e-02,2.33031250e-02
9.60587500e-08,2.34531250e-04,1.87031250e-02,2.33468750e-02
9.60987500e-08,2.18750000e-04,1.87000000e-02,2.33968750e-02
9.61387500e-08,2.00625000e-04,1.86875000e-02,2.34593750e-02
9.61787500e-08,1.80937500e-04,1.86656250e-02,2.35281250e-02
9.62187500e-08,1.60937500e-04,1.86359375e-02,2.36093750e-02
9.62587500e-08,1.41562500e-04,1.86000000e-02,2.36937500e-02
9.62987500e-08,1.23593750e-04,1.85625000e-02,2.37843750e-02
9.63387500e-08,1.08125000e-04,1.85234375e-02,2.38812500e-02
9.63787500e-08,9.54687500e-05,1.84843750e-02,2.39781250e-02
9.64187500e-08,8.64062500e-05,1.84500000e-02,2.40781250e-02
9.64587500e-08,8.07812500e-05,1.84203125e-02,2.41750000e-02
9.64987500e-08,7.90625000e-05,1.83968750e-02,2.42718750e-02
9.65387500e-08,8.06250000e-05,1.83828125e-02,2.43625000e-02
9.65787500e-08,8.51562500e-05,1.83765625e-02,2.44500000e-02
9.66187500e-08,9.23437500e-05,1.83781250e-02,2.45312500e-02
9.66587500e-08,1.01250000e-04,1.83890625e-02,2.46031250e-02
9.66987500e-08,1.11250000e-04,1.84078125e-02,2.46656250e-02
9.67387500e-08,1.21406250e-04,1.84343750e-02,2.47187500e-02
9.67787500e-08,1.31093750e-04,1.84640625e-02,2.47593750e-02
9.68187500e-08,1.39375000e-04,1.84984375e-02,2.47906250e-02
9.68587500e-08,1.45781250e-04,1.85343750e-02,2.48125000e-02
9.68987500e-08,1.49687500e-04,1.85687500e-02,2.48218750e-02
9.69387500e-08,1.50781250e-04,1.86015625e-02,2.48218750e-02
9.69787500e-08,1.48906250e-04,1.86296875e-02,2.48093750e-02
9.70187500e-08,1.43906250e-04,1.86515625e-02,2.47906250e-02
9.70587500e-08,1.36250000e-04,1.86656250e-02,2.47625000e-02
9.70987500e-08,1.25781250e-04,1.86734375e-02,2.47250000e-02
9.71387500e-08,1.13437500e-04,1.86703125e-02,2.46843750e-02
9.71787500e-08,9.95312500e-05,1.86593750e-02,2.46406250e-02
9.72187500e-08,8.48437500e-05,1.86406250e-02,2.45906250e-02
9.72587500e-08,7.00000000e-05,1.86125000e-02,2.45406250e-02
9.72987500e-08,5.57812500e-05,1.85765625e-02,2.44906250e-02
9.73387500e-08,4.28125000e-05,1.85343750e-02,2.44406250e-02
9.73787500e-08,3.15625000e-05,1.84875000e-02,2.43937500e-02
9.74187500e-08,2.26562500e-05,1.84375000e-02,2.43468750e-02
9.74587500e-08,1.64062500e-05,1.83859375e-02,2.43093750e-02
9.74987500e-08,1.31250000e-05,1.83328125e-02,2.42750000e-02
9.75387500e-08,1.28125000e-05,1.82828125e-02,2.42468750e-02
9.75787500e-08,1.53125000e-05,1.82343750e-02,2.42250000e-02
9.76187500e-08,2.06250000e-05,1.81890625e-02,2.42093750e-02
9.76587500e-08,2.82812500e-05,1.81500000e-02,2.42000000e-02
9.76987500e-08,3.79687500e-05,1.81156250e-02,2.41968750e-02
9.77387500e-08,4.90625000e-05,1.80859375e-02,2.42031250e-02
9.77787500e-08,6.10937500e-05,1.80625000e-02,2.42125000e-02
9.78187500e-08,7.34375000e-05,1.80453125e-02,2.42312500e-02
9.78587500e-08,8.56250000e-05,1.80328125e-02,2.42531250e-02
9.78987500e-08,9.71875000e-05,1.80250000e-02,2.42812500e-02
9.79387500e-08,1.07500000e-04,1.80218750e-02,2.43156250e-02
9.79787500e-08,1.16250000e-04,1.80218750e-02,2.43531250e-02
9.80187500e-08,1.23281250e-04,1.80234375e-02,2.43937500e-02
9.80587500e-08,1.28125000e-04,1.80281250e-02,2.44375000e-02
9.80987500e-08,1.30937500e-04,1.80343750e-02,2.44812500e-02
9.81387500e-08,1.31406250e-04,1.80390625e-02,2.45281250e-02
9.81787500e-08,1.30000000e-04,1.80453125e-02,2.45781250e-02
9.82187500e-08,1.26562500e-04,1.80500000e-02,2.46250000e-02
9.82587500e-08,1.21406250e-04,1.80546875e-02,2.46750000e-02
9.82987500e-08,1.14687500e-04,1.80578125e-02,2.47218750e-02
9.83387500e-08,1.06875000e-04,1.80593750e-02,2.47656250e-02
9.83787500e-08,9.81250000e-05,1.80609375e-02,2.48093750e-02
9.84187500e-08,8.85937500e-05,1.80609375e-02,2.48500000e-02
9.84587500e-08,7.87500000e-05,1.80593750e-02,2.48843750e-02
9.84987500e-08,6.85937500e-05,1.80578125e-02,2.49156250e-02
9.85387500e-08,5.85937500e-05,1.80546875e-02,2.49406250e-02
9.85787500e-08,4.89062500e-05,1.80515625e-02,2.49593750e-02
9.86187500e-08,3.93750000e-05,1.80484375e-02,2.49718750e-02
9.86587500e-08,3.04687500e-05,1.80437500e-02,2.49750000e-02
9.86987500e-08,2.20312500e-05,1.80375000e-02,2.49718750e-02
9.87387500e-08,1.42187500e-05,1.80312500e-02,2.49593750e-02
9.87787500e-08,7.18750000e-06,1.80234375e-02,2.49375000e-02
9.88187500e-08,7.81250000e-07,1.80140625e-02,2.49093750e-02
9.88587500e-08,-4.68750000e-06,1.80031250e-02,2.48687500e-02
9.88987500e-08,-9.37500000e-06,1.79906250e-02,2.48218750e-02
9.89387500e-08,-1.31250000e-05,1.79765625e-02,2.47656250e-02
9.89787500e-08,-1.59375000e-05,1.79593750e-02,2.47062500e-02
9.90187500e-08,-1.76562500e-05,1.79406250e-02,2.46375000e-02
9.90587500e-08,-1.82812500e-05,1.79203125e-02,2.45656250e-02
9.90987500e-08,-1.76562500e-05,1.78968750e-02,2.44875000e-02
9.91387500e-08,-1.57812500e-05,1.78718750e-02,2.44093750e-02
9.91787500e-08,-1.26562500e-05,1.78453125e-02,2.43312500e-02
9.92187500e-08,-8.43750000e-06,1.78187500e-02,2.42531250e-02
9.92587500e-08,-2.81250000e-06,1.77906250e-02,2.41781250e-02
9.92987500e-08,3.75000000e-06,1.77640625e-02,2.41062500e-02
9.93387500e-08,1.14062500e-05,1.77375000e-02,2.40406250e-02
9.93787500e-08,2.00000000e-05,1.77140625e-02,2.39781250e-02
9.94187500e-08,2.90625000e-05,1.76906250e-02,2.39250000e-02
9.94587500e-08,3.85937500e-05,1.76718750e-02,2.38781250e-02
9.94987500e-08,4.84375000e-05,1.76546875e-02,2.38375000e-02
9.95387500e-08,5.81250000e-05,1.76421875e-02,2.38062500e-02
9.95787500e-08,6.76562500e-05,1.76328125e-02,2.37812500e-02
9.96187500e-08,7.65625000e-05,1.76265625e-02,2.37593750e-02
9.96587500e-08,8.48437500e-05,1.76250000e-02,2.37468750e-02
9.96987500e-08,9.21875000e-05,1.76250000e-02,2.37375000e-02
9.97387500e-08,9.87500000e-05,1.76281250e-02,2.37281250e-02
9.97787500e-08,1.04218750e-04,1.76343750e-02,2.37250000e-02
9.98187500e-08,1.08750000e-04,1.76421875e-02,2.37218750e-02
9.98587500e-08,1.12500000e-04,1.76515625e-02,2.37187500e-02
9.98987500e-08,1.15312500e-04,1.76609375e-02,2.37125000e-02
9.99387500e-08,1.17656250e-04,1.76703125e-02,2.37062500e-02
9.99787500e-08,1.19531250e-04,1.76781250e-02,2.36968750e-02
1.00018750e-07,1.21250000e-04,1.76859375e-02,2.36843750e-02
1.00058750e-07,1.22968750e-04,1.76937500e-02,2.36687500e-02
1.00098750e-07,1.25000000e-04,1.76984375e-02,2.36500000e-02
1.00138750e-07,1.27343750e-04,1.77015625e-02,2.36281250e-02
1.00178750e-07,1.30312500e-04,1.77046875e-02,2.36062500e-02
1.00218750e-07,1.33906250e-04,1.77046875e-02,2.35843750e-02
1.00258750e-07,1.38125000e-04,1.77046875e-02,2.35593750e-02
1.00298750e-07,1.42968750e-04,1.77031250e-02,2.35343750e-02
1.00338750e-07,1.48125000e-04,1.77015625e-02,2.35125000e-02
1.00378750e-07,1.53593750e-04,1.77000000e-02,2.34937500e-02
1.00418750e-07,1.59062500e-04,1.77000000e-02,2.34781250e-02
1.00458750e-07,1.64062500e-04,1.77000000e-02,2.34656250e-02
1.00498750e-07,1.68593750e-04,1.77000000e-02,2.34562500e-02
1.00538750e-07,1.72031250e-04,1.77031250e-02,2.34531250e-02
1.00578750e-07,1.74062500e-04,1.77062500e-02,2.34531250e-02
1.00618750e-07,1.74531250e-04,1.77109375e-02,2.34562500e-02
1.00658750e-07,1.73125000e-04,1.77156250e-02,2.34656250e-02
1.00698750e-07,1.69687500e-04,1.77218750e-02,2.34750000e-02
1.00738750e-07,1.63906250e-04,1.77281250e-02,2.34875000e-02
1.00778750e-07,1.56093750e-04,1.77343750e-02,2.35031250e-02
1.00818750e-07,1.46093750e-04,1.77390625e-02,2.35156250e-02
1.00858750e-07,1.34375000e-04,1.77437500e-02,2.35281250e-02
1.00898750e-07,1.20937500e-04,1.77453125e-02,2.35375000e-02
1.00938750e-07,1.06250000e-04,1.77437500e-02,2.35468750e-02
1.00978750e-07,9.07812500e-05,1.77406250e-02,2.35468750e-02
1.01018750e-07,7.50000000e-05,1.77343750e-02,2.35437500e-02
1.01058750e-07,5.93750000e-05,1.77250000e-02,2.35375000e-02
1.01098750e-07,4.45312500e-05,1.77140625e-02,2.35218750e-02
1.01138750e-07,3.09375000e-05,1.76984375e-02,2.35031250e-02
1.01178750e-07,1.90625000e-05,1.76828125e-02,2.34781250e-02
1.01218750e-07,9.06250000e-06,1.76640625e-02,2.34468750e-02
1.01258750e-07,1.56250000e-06,1.76453125e-02,2.34125000e-02
1.01298750e-07,-3.59375000e-06,1.76265625e-02,2.33718750e-02
1.01338750e-07,-5.93750000e-06,1.76093750e-02,2.33281250e-02
1.01378750e-07,-5.93750000e-06,1.75937500e-02,2.32843750e-02
1.01418750e-07,-3.43750000e-06,1.75812500e-02,2.32375000e-02
1.01458750e-07,1.09375000e-06,1.75703125e-02,2.31906250e-02
1.01498750e-07,7.50000000e-06,1.75656250e-02,2.31437500e-02
1.01538750e-07,1.53125000e-05,1.75640625e-02,2.30968750e-02
1.01578750e-07,2.40625000e-05,1.75671875e-02,2.30562500e-02
1.01618750e-07,3.31250000e-05,1.75750000e-02,2.30156250e-02
1.01658750e-07,4.21875000e-05,1.75875000e-02,2.29781250e-02
1.01698750e-07,5.06250000e-05,1.76046875e-02,2.29468750e-02
1.01738750e-07,5.79687500e-05,1.76250000e-02,2.29187500e-02
1.01778750e-07,6.39062500e-05,1.76484375e-02,2.28937500e-02
1.01818750e-07,6.82812500e-05,1.76734375e-02,2.28718750e-02
1.01858750e-07,7.07812500e-05,1.77000000e-02,2.28562500e-02
1.01898750e-07,7.10937500e-05,1.77250000e-02,2.28406250e-02
1.01938750e-07,6.95312500e-05,1.77515625e-02,2.28312500e-02
1.01978750e-07,6.59375000e-05,1.77734375e-02,2.28218750e-02
