Model,MSO64
Channel,CH1,,Channel,CH2,,Channel,CH3
Label,,,Label,,,Label,
Waveform Type,ANALOG,,Waveform Type,ANALOG,,Waveform Type,ANALOG
Digital Type,None,,Digital Type,None,,Digital Type,None
Horizontal Units,s,,Horizontal Units,s,,Horizontal Units,s
Sample Interval,4.00000000e-11,,Sample Interval,4.00000000e-11,,Sample Interval,4.00000000e-11
Record Length,5000,,Record Length,5000,,Record Length,5000
Zero Index,2449.53125000,,Zero Index,2449.53125000,,Zero Index,2449.53125000
Vertical Units,V,,Vertical Units,V,,Vertical Units,V
,,,,,,,
ANALOG_Thumbnail,,,ANALOG_Thumbnail,,,ANALOG_Thumbnail,
yOffset,0.000000,,yOffset,0.000000,,yOffset,0.000000
yPosition,-2.780000,,yPosition,-2.140000,,yPosition,0.000000

Labels,,,
TIME,CH1,CH2,CH3
-9.79812500e-08,-8.25312500e-04,3.57968750e-03,4.07500000e-03
-9.79412500e-08,-8.35937500e-04,3.55468750e-03,4.05312500e-03
-9.79012500e-08,-8.46562500e-04,3.52187500e-03,4.03125000e-03
-9.78612500e-08,-8.56875000e-04,3.48437500e-03,4.00937500e-03
-9.78212500e-08,-8.66250000e-04,3.44375000e-03,3.98750000e-03
-9.77812500e-08,-8.74375000e-04,3.40000000e-03,3.96875000e-03
-9.77412500e-08,-8.80312500e-04,3.35468750e-03,3.95312500e-03
-9.77012500e-08,-8.84375000e-04,3.31093750e-03,3.94062500e-03
-9.76612500e-08,-8.86250000e-04,3.27031250e-03,3.93437500e-03
-9.76212500e-08,-8.85625000e-04,3.23281250e-03,3.93125000e-03
-9.75812500e-08,-8.82500000e-04,3.20156250e-03,3.93437500e-03
-9.75412500e-08,-8.77187500e-04,3.17656250e-03,3.94062500e-03
-9.75012500e-08,-8.70000000e-04,3.16093750e-03,3.95000000e-03
-9.74612500e-08,-8.61250000e-04,3.15312500e-03,3.95937500e-03
-9.74212500e-08,-8.51250000e-04,3.15312500e-03,3.97500000e-03
-9.73812500e-08,-8.40625000e-04,3.16250000e-03,3.99062500e-03
-9.73412500e-08,-8.30000000e-04,3.17968750e-03,4.00625000e-03
-9.73012500e-08,-8.19687500e-04,3.20312500e-03,4.01875000e-03
-9.72612500e-08,-8.10312500e-04,3.23437500e-03,4.03125000e-03
-9.72212500e-08,-8.02187500e-04,3.27031250e-03,4.04062500e-03
-9.71812500e-08,-7.95625000e-04,3.30781250e-03,4.04687500e-03
-9.71412500e-08,-7.90937500e-04,3.34843750e-03,4.05312500e-03
-9.71012500e-08,-7.88125000e-04,3.38750000e-03,4.05312500e-03
-9.70612500e-08,-7.87500000e-04,3.42500000e-03,4.05000000e-03
-9.70212500e-08,-7.88750000e-04,3.45937500e-03,4.04375000e-03
-9.69812500e-08,-7.91875000e-04,3.48750000e-03,4.03437500e-03
-9.69412500e-08,-7.96562500e-04,3.51093750e-03,4.02500000e-03
-9.69012500e-08,-8.02187500e-04,3.52656250e-03,4.01562500e-03
-9.68612500e-08,-8.08437500e-04,3.53593750e-03,4.00312500e-03
-9.68212500e-08,-8.15312500e-04,3.53750000e-03,3.99375000e-03
-9.67812500e-08,-8.21562500e-04,3.53281250e-03,3.98125000e-03
-9.67412500e-08,-8.27187500e-04,3.52187500e-03,3.97500000e-03
-9.67012500e-08,-8.31562500e-04,3.50468750e-03,3.96875000e-03
-9.66612500e-08,-8.34687500e-04,3.48437500e-03,3.96250000e-03
-9.66212500e-08,-8.35937500e-04,3.46093750e-03,3.96250000e-03
-9.65812500e-08,-8.35312500e-04,3.43593750e-03,3.96250000e-03
-9.65412500e-08,-8.32500000e-04,3.41093750e-03,3.96875000e-03
-9.65012500e-08,-8.27500000e-04,3.38750000e-03,3.97187500e-03
-9.64612500e-08,-8.20625000e-04,3.36718750e-03,3.98125000e-03
-9.64212500e-08,-8.11875000e-04,3.35156250e-03,3.99062500e-03
-9.63812500e-08,-8.01562500e-04,3.33906250e-03,4.00000000e-03
-9.63412500e-08,-7.90000000e-04,3.33437500e-03,4.00625000e-03
-9.63012500e-08,-7.77812500e-04,3.33281250e-03,4.01562500e-03
-9.62612500e-08,-7.65000000e-04,3.33750000e-03,4.02500000e-03
-9.62212500e-08,-7.51875000e-04,3.34687500e-03,4.03125000e-03
-9.61812500e-08,-7.39687500e-04,3.36093750e-03,4.03437500e-03
-9.61412500e-08,-7.27812500e-04,3.37656250e-03,4.03437500e-03
-9.61012500e-08,-7.17500000e-04,3.39531250e-03,4.03437500e-03
-9.60612500e-08,-7.08125000e-04,3.41406250e-03,4.03125000e-03
-9.60212500e-08,-7.00625000e-04,3.43125000e-03,4.02812500e-03
-9.59812500e-08,-6.95000000e-04,3.44687500e-03,4.02187500e-03
-9.59412500e-08,-6.91250000e-04,3.46093750e-03,4.01562500e-03
-9.59012500e-08,-6.89375000e-04,3.46875000e-03,4.00625000e-03
-9.58612500e-08,-6.89687500e-04,3.47187500e-03,4.00000000e-03
-9.58212500e-08,-6.91250000e-04,3.47031250e-03,3.99062500e-03
-9.57812500e-08,-6.95000000e-04,3.46250000e-03,3.98437500e-03
-9.57412500e-08,-6.99687500e-04,3.44843750e-03,3.97812500e-03
-9.57012500e-08,-7.05937500e-04,3.42968750e-03,3.97500000e-03
-9.56612500e-08,-7.13125000e-04,3.40781250e-03,3.97187500e-03
-9.56212500e-08,-7.21250000e-04,3.38125000e-03,3.97187500e-03
-9.55812500e-08,-7.30000000e-04,3.35312500e-03,3.97187500e-03
-9.55412500e-08,-7.38750000e-04,3.32343750e-03,3.97500000e-03
-9.55012500e-08,-7.47812500e-04,3.29375000e-03,3.98125000e-03
-9.54612500e-08,-7.56562500e-04,3.26562500e-03,3.98750000e-03
-9.54212500e-08,-7.65312500e-04,3.23906250e-03,3.99375000e-03
-9.53812500e-08,-7.73437500e-04,3.21718750e-03,4.00000000e-03
-9.53412500e-08,-7.80937500e-04,3.20000000e-03,4.00937500e-03
-9.53012500e-08,-7.87812500e-04,3.18750000e-03,4.01562500e-03
-9.52612500e-08,-7.93750000e-04,3.17968750e-03,4.02187500e-03
-9.52212500e-08,-7.98750000e-04,3.17812500e-03,4.02500000e-03
-9.51812500e-08,-8.02500000e-04,3.18125000e-03,4.02812500e-03
-9.51412500e-08,-8.05312500e-04,3.18906250e-03,4.02812500e-03
-9.51012500e-08,-8.06875000e-04,3.20000000e-03,4.02812500e-03
-9.50612500e-08,-8.07500000e-04,3.21406250e-03,4.02500000e-03
-9.50212500e-08,-8.06562500e-04,3.23125000e-03,4.02187500e-03
-9.49812500e-08,-8.04375000e-04,3.24843750e-03,4.01562500e-03
-9.49412500e-08,-8.01250000e-04,3.26562500e-03,4.00937500e-03
-9.49012500e-08,-7.96875000e-04,3.28281250e-03,4.00312500e-03
-9.48612500e-08,-7.91562500e-04,3.29687500e-03,3.99687500e-03
-9.48212500e-08,-7.85625000e-04,3.30937500e-03,3.98750000e-03
-9.47812500e-08,-7.78750000e-04,3.32031250e-03,3.98125000e-03
-9.47412500e-08,-7.71875000e-04,3.32656250e-03,3.97812500e-03
-9.47012500e-08,-7.64375000e-04,3.33125000e-03,3.97500000e-03
-9.46612500e-08,-7.57500000e-04,3.33125000e-03,3.97187500e-03
-9.46212500e-08,-7.50625000e-04,3.33125000e-03,3.97187500e-03
-9.45812500e-08,-7.45000000e-04,3.32812500e-03,3.97500000e-03
-9.45412500e-08,-7.40000000e-04,3.32656250e-03,3.97812500e-03
-9.45012500e-08,-7.36875000e-04,3.32343750e-03,3.98437500e-03
-9.44612500e-08,-7.35000000e-04,3.32031250e-03,3.99062500e-03
-9.44212500e-08,-7.35312500e-04,3.32031250e-03,3.99687500e-03
-9.43812500e-08,-7.37187500e-04,3.32187500e-03,4.00312500e-03
-9.43412500e-08,-7.41562500e-04,3.32656250e-03,4.01250000e-03
-9.43012500e-08,-7.47812500e-04,3.33437500e-03,4.01875000e-03
-9.42612500e-08,-7.55937500e-04,3.34531250e-03,4.02500000e-03
-9.42212500e-08,-7.65937500e-04,3.35937500e-03,4.02812500e-03
-9.41812500e-08,-7.77187500e-04,3.37656250e-03,4.03125000e-03
-9.41412500e-08,-7.90000000e-04,3.39531250e-03,4.03125000e-03
-9.41012500e-08,-8.03125000e-04,3.41718750e-03,4.03125000e-03
-9.40612500e-08,-8.16562500e-04,3.44062500e-03,4.02812500e-03
-9.40212500e-08,-8.30000000e-04,3.46250000e-03,4.02187500e-03
-9.39812500e-08,-8.42187500e-04,3.48437500e-03,4.01562500e-03
-9.39412500e-08,-8.53437500e-04,3.50625000e-03,4.00937500e-03
-9.39012500e-08,-8.63125000e-04,3.52500000e-03,4.00000000e-03
-9.38612500e-08,-8.70312500e-04,3.54062500e-03,3.99375000e-03
-9.38212500e-08,-8.75312500e-04,3.55312500e-03,3.98437500e-03
-9.37812500e-08,-8.77812500e-04,3.56250000e-03,3.97812500e-03
-9.37412500e-08,-8.77500000e-04,3.56875000e-03,3.97187500e-03
-9.37012500e-08,-8.74687500e-04,3.57187500e-03,3.96875000e-03
-9.36612500e-08,-8.69375000e-04,3.57187500e-03,3.96562500e-03
-9.36212500e-08,-8.61875000e-04,3.56875000e-03,3.96562500e-03
-9.35812500e-08,-8.52812500e-04,3.56406250e-03,3.96562500e-03
-9.35412500e-08,-8.42187500e-04,3.55781250e-03,3.97187500e-03
-9.35012500e-08,-8.30937500e-04,3.55000000e-03,3.97812500e-03
-9.34612500e-08,-8.19687500e-04,3.54375000e-03,3.98750000e-03
-9.34212500e-08,-8.08750000e-04,3.53906250e-03,3.99687500e-03
-9.33812500e-08,-7.99375000e-04,3.53437500e-03,4.00625000e-03
-9.33412500e-08,-7.91562500e-04,3.53281250e-03,4.01875000e-03
-9.33012500e-08,-7.85625000e-04,3.53281250e-03,4.02812500e-03
-9.32612500e-08,-7.82812500e-04,3.53437500e-03,4.03750000e-03
-9.32212500e-08,-7.82500000e-04,3.53906250e-03,4.04687500e-03
-9.31812500e-08,-7.85312500e-04,3.54531250e-03,4.05312500e-03
-9.31412500e-08,-7.91250000e-04,3.55312500e-03,4.05625000e-03
-9.31012500e-08,-8.00000000e-04,3.56093750e-03,4.05625000e-03
-9.30612500e-08,-8.11250000e-04,3.56875000e-03,4.05312500e-03
-9.30212500e-08,-8.24375000e-04,3.57500000e-03,4.04687500e-03
-9.29812500e-08,-8.39062500e-04,3.58125000e-03,4.03750000e-03
-9.29412500e-08,-8.54687500e-04,3.58437500e-03,4.02500000e-03
-9.29012500e-08,-8.70000000e-04,3.58437500e-03,4.01250000e-03
-9.28612500e-08,-8.85000000e-04,3.58125000e-03,3.99375000e-03
-9.28212500e-08,-8.98750000e-04,3.57343750e-03,3.97500000e-03
-9.27812500e-08,-9.10312500e-04,3.56250000e-03,3.95625000e-03
-9.27412500e-08,-9.19062500e-04,3.55000000e-03,3.93437500e-03
-9.27012500e-08,-9.24687500e-04,3.53281250e-03,3.91562500e-03
-9.26612500e-08,-9.26562500e-04,3.51250000e-03,3.89375000e-03
-9.26212500e-08,-9.25000000e-04,3.49218750e-03,3.87500000e-03
-9.25812500e-08,-9.19375000e-04,3.47031250e-03,3.85937500e-03
-9.25412500e-08,-9.10000000e-04,3.45000000e-03,3.84687500e-03
-9.25012500e-08,-8.97187500e-04,3.42968750e-03,3.83437500e-03
-9.24612500e-08,-8.81250000e-04,3.41250000e-03,3.82500000e-03
-9.24212500e-08,-8.62500000e-04,3.40000000e-03,3.81875000e-03
-9.23812500e-08,-8.42187500e-04,3.39062500e-03,3.81562500e-03
-9.23412500e-08,-8.20625000e-04,3.38593750e-03,3.81562500e-03
-9.23012500e-08,-7.98437500e-04,3.38593750e-03,3.81875000e-03
-9.22612500e-08,-7.76875000e-04,3.39062500e-03,3.82500000e-03
-9.22212500e-08,-7.55937500e-04,3.40156250e-03,3.83125000e-03
-9.21812500e-08,-7.36875000e-04,3.41718750e-03,3.84375000e-03
-9.21412500e-08,-7.20312500e-04,3.43750000e-03,3.85312500e-03
-9.21012500e-08,-7.06250000e-04,3.45937500e-03,3.86875000e-03
-9.20612500e-08,-6.95000000e-04,3.48593750e-03,3.88125000e-03
-9.20212500e-08,-6.87500000e-04,3.51250000e-03,3.89687500e-03
-9.19812500e-08,-6.82812500e-04,3.53906250e-03,3.91250000e-03
-9.19412500e-08,-6.81562500e-04,3.56562500e-03,3.93125000e-03
-9.19012500e-08,-6.83125000e-04,3.59062500e-03,3.94687500e-03
-9.18612500e-08,-6.87500000e-04,3.61250000e-03,3.96562500e-03
-9.18212500e-08,-6.93750000e-04,3.62968750e-03,3.98125000e-03
-9.17812500e-08,-7.01562500e-04,3.64375000e-03,3.99687500e-03
-9.17412500e-08,-7.10625000e-04,3.65468750e-03,4.01250000e-03
-9.17012500e-08,-7.20312500e-04,3.65937500e-03,4.02812500e-03
-9.16612500e-08,-7.29687500e-04,3.66093750e-03,4.04062500e-03
-9.16212500e-08,-7.38750000e-04,3.65625000e-03,4.05312500e-03
-9.15812500e-08,-7.46875000e-04,3.65000000e-03,4.06250000e-03
-9.15412500e-08,-7.53750000e-04,3.64062500e-03,4.07187500e-03
-9.15012500e-08,-7.59062500e-04,3.62812500e-03,4.07812500e-03
-9.14612500e-08,-7.62500000e-04,3.61406250e-03,4.08125000e-03
-9.14212500e-08,-7.64375000e-04,3.59843750e-03,4.08125000e-03
-9.13812500e-08,-7.64687500e-04,3.58281250e-03,4.07812500e-03
-9.13412500e-08,-7.63125000e-04,3.56875000e-03,4.07187500e-03
-9.13012500e-08,-7.60312500e-04,3.55468750e-03,4.06250000e-03
-9.12612500e-08,-7.56562500e-04,3.54062500e-03,4.05000000e-03
-9.12212500e-08,-7.51875000e-04,3.52968750e-03,4.03750000e-03
-9.11812500e-08,-7.46562500e-04,3.51875000e-03,4.01875000e-03
-9.11412500e-08,-7.41562500e-04,3.50937500e-03,4.00000000e-03
-9.11012500e-08,-7.36250000e-04,3.50000000e-03,3.97812500e-03
-9.10612500e-08,-7.31562500e-04,3.49218750e-03,3.95312500e-03
-9.10212500e-08,-7.27187500e-04,3.48593750e-03,3.93125000e-03
-9.09812500e-08,-7.23437500e-04,3.47812500e-03,3.90625000e-03
-9.09412500e-08,-7.20625000e-04,3.47187500e-03,3.88437500e-03
-9.09012500e-08,-7.18437500e-04,3.46406250e-03,3.85937500e-03
-9.08612500e-08,-7.17187500e-04,3.45625000e-03,3.83750000e-03
-9.08212500e-08,-7.16250000e-04,3.44843750e-03,3.81875000e-03
-9.07812500e-08,-7.15937500e-04,3.44062500e-03,3.80000000e-03
-9.07412500e-08,-7.15937500e-04,3.43281250e-03,3.78437500e-03
-9.07012500e-08,-7.15937500e-04,3.42656250e-03,3.76875000e-03
-9.06612500e-08,-7.15937500e-04,3.42031250e-03,3.75312500e-03
-9.06212500e-08,-7.15937500e-04,3.41562500e-03,3.74062500e-03
-9.05812500e-08,-7.15625000e-04,3.41406250e-03,3.72812500e-03
-9.05412500e-08,-7.15312500e-04,3.41562500e-03,3.71562500e-03
-9.05012500e-08,-7.14687500e-04,3.42031250e-03,3.70312500e-03
-9.04612500e-08,-7.13750000e-04,3.42812500e-03,3.69062500e-03
-9.04212500e-08,-7.12812500e-04,3.43906250e-03,3.67500000e-03
-9.03812500e-08,-7.11875000e-04,3.45468750e-03,3.65625000e-03
-9.03412500e-08,-7.11250000e-04,3.47343750e-03,3.63437500e-03
-9.03012500e-08,-7.10937500e-04,3.49531250e-03,3.61250000e-03
-9.02612500e-08,-7.11562500e-04,3.52031250e-03,3.58750000e-03
-9.02212500e-08,-7.12812500e-04,3.54531250e-03,3.56250000e-03
-9.01812500e-08,-7.15000000e-04,3.57187500e-03,3.53125000e-03
-9.01412500e-08,-7.18125000e-04,3.59687500e-03,3.50312500e-03
-9.01012500e-08,-7.22500000e-04,3.61875000e-03,3.47500000e-03
-9.00612500e-08,-7.28125000e-04,3.63750000e-03,3.44687500e-03
-9.00212500e-08,-7.34375000e-04,3.65000000e-03,3.42187500e-03
-8.99812500e-08,-7.41562500e-04,3.65781250e-03,3.40312500e-03
-8.99412500e-08,-7.49375000e-04,3.65781250e-03,3.38750000e-03
-8.99012500e-08,-7.57500000e-04,3.65156250e-03,3.37812500e-03
-8.98612500e-08,-7.65625000e-04,3.63437500e-03,3.37812500e-03
-8.98212500e-08,-7.73437500e-04,3.61093750e-03,3.38437500e-03
-8.97812500e-08,-7.80312500e-04,3.57812500e-03,3.40000000e-03
-8.97412500e-08,-7.86250000e-04,3.53906250e-03,3.42500000e-03
-8.97012500e-08,-7.90625000e-04,3.49218750e-03,3.45937500e-03
-8.96612500e-08,-7.93437500e-04,3.44062500e-03,3.50000000e-03
-8.96212500e-08,-7.94375000e-04,3.38437500e-03,3.55312500e-03
-8.95812500e-08,-7.93437500e-04,3.32656250e-03,3.60937500e-03
-8.95412500e-08,-7.90625000e-04,3.26875000e-03,3.67500000e-03
-8.95012500e-08,-7.85937500e-04,3.21093750e-03,3.74062500e-03
-8.94612500e-08,-7.79687500e-04,3.15781250e-03,3.80937500e-03
-8.94212500e-08,-7.72187500e-04,3.10937500e-03,3.87812500e-03
-8.93812500e-08,-7.63437500e-04,3.06875000e-03,3.94687500e-03
-8.93412500e-08,-7.54687500e-04,3.03437500e-03,4.00937500e-03
-8.93012500e-08,-7.45625000e-04,3.00937500e-03,4.06562500e-03
-8.92612500e-08,-7.37500000e-04,2.99531250e-03,4.11562500e-03
-8.92212500e-08,-7.30312500e-04,2.98906250e-03,4.15625000e-03
-8.91812500e-08,-7.24687500e-04,2.99375000e-03,4.18437500e-03
-8.91412500e-08,-7.21250000e-04,3.00781250e-03,4.20000000e-03
-8.91012500e-08,-7.20000000e-04,3.03125000e-03,4.20312500e-03
-8.90612500e-08,-7.21562500e-04,3.06250000e-03,4.19687500e-03
-8.90212500e-08,-7.25625000e-04,3.09843750e-03,4.17500000e-03
-8.89812500e-08,-7.32500000e-04,3.14062500e-03,4.14375000e-03
-8.89412500e-08,-7.42187500e-04,3.18593750e-03,4.09687500e-03
-8.89012500e-08,-7.53750000e-04,3.23281250e-03,4.04375000e-03
-8.88612500e-08,-7.67812500e-04,3.28125000e-03,3.98125000e-03
-8.88212500e-08,-7.82812500e-04,3.32656250e-03,3.90937500e-03
-8.87812500e-08,-7.99062500e-04,3.36875000e-03,3.83437500e-03
-8.87412500e-08,-8.15312500e-04,3.40781250e-03,3.75312500e-03
-8.87012500e-08,-8.31562500e-04,3.44218750e-03,3.67187500e-03
-8.86612500e-08,-8.46250000e-04,3.46875000e-03,3.58750000e-03
-8.86212500e-08,-8.59687500e-04,3.49062500e-03,3.50625000e-03
-8.85812500e-08,-8.70937500e-04,3.50625000e-03,3.42812500e-03
-8.85412500e-08,-8.79375000e-04,3.51406250e-03,3.35312500e-03
-8.85012500e-08,-8.85000000e-04,3.51562500e-03,3.28437500e-03
-8.84612500e-08,-8.87187500e-04,3.51093750e-03,3.22187500e-03
-8.84212500e-08,-8.86562500e-04,3.50156250e-03,3.16562500e-03
-8.83812500e-08,-8.82500000e-04,3.48750000e-03,3.11875000e-03
-8.83412500e-08,-8.75312500e-04,3.47031250e-03,3.08125000e-03
-8.83012500e-08,-8.65937500e-04,3.45000000e-03,3.05312500e-03
-8.82612500e-08,-8.54062500e-04,3.42656250e-03,3.03750000e-03
-8.82212500e-08,-8.40625000e-04,3.40312500e-03,3.02812500e-03
-8.81812500e-08,-8.25937500e-04,3.37968750e-03,3.03125000e-03
-8.81412500e-08,-8.10937500e-04,3.35625000e-03,3.04687500e-03
-8.81012500e-08,-7.95937500e-04,3.33593750e-03,3.07187500e-03
-8.80612500e-08,-7.81562500e-04,3.31562500e-03,3.10312500e-03
-8.80212500e-08,-7.68437500e-04,3.30000000e-03,3.14687500e-03
-8.79812500e-08,-7.56875000e-04,3.28593750e-03,3.20000000e-03
-8.79412500e-08,-7.47187500e-04,3.27656250e-03,3.26250000e-03
-8.79012500e-08,-7.39687500e-04,3.27031250e-03,3.32812500e-03
-8.78612500e-08,-7.34062500e-04,3.26718750e-03,3.40312500e-03
-8.78212500e-08,-7.30625000e-04,3.26875000e-03,3.48125000e-03
-8.77812500e-08,-7.29375000e-04,3.27343750e-03,3.56250000e-03
-8.77412500e-08,-7.29375000e-04,3.28281250e-03,3.64687500e-03
-8.77012500e-08,-7.30937500e-04,3.29375000e-03,3.72812500e-03
-8.76612500e-08,-7.33125000e-04,3.30937500e-03,3.80937500e-03
-8.76212500e-08,-7.35937500e-04,3.32656250e-03,3.88437500e-03
-8.75812500e-08,-7.38437500e-04,3.34687500e-03,3.95625000e-03
-8.75412500e-08,-7.40312500e-04,3.36875000e-03,4.01875000e-03
-8.75012500e-08,-7.41250000e-04,3.39218750e-03,4.07187500e-03
-8.74612500e-08,-7.40937500e-04,3.41562500e-03,4.11562500e-03
-8.74212500e-08,-7.39062500e-04,3.43906250e-03,4.15000000e-03
-8.73812500e-08,-7.35312500e-04,3.46250000e-03,4.16875000e-03
-8.73412500e-08,-7.29687500e-04,3.48593750e-03,4.17812500e-03
-8.73012500e-08,-7.22500000e-04,3.50625000e-03,4.17500000e-03
-8.72612500e-08,-7.13750000e-04,3.52500000e-03,4.15937500e-03
-8.72212500e-08,-7.04062500e-04,3.54218750e-03,4.13437500e-03
-8.71812500e-08,-6.93437500e-04,3.55625000e-03,4.10000000e-03
-8.71412500e-08,-6.82187500e-04,3.56718750e-03,4.05625000e-03
-8.71012500e-08,-6.71562500e-04,3.57500000e-03,4.00625000e-03
-8.70612500e-08,-6.61562500e-04,3.57968750e-03,3.95000000e-03
-8.70212500e-08,-6.52500000e-04,3.58125000e-03,3.89375000e-03
-8.69812500e-08,-6.45625000e-04,3.57968750e-03,3.83750000e-03
-8.69412500e-08,-6.40625000e-04,3.57656250e-03,3.78437500e-03
-8.69012500e-08,-6.38437500e-04,3.57031250e-03,3.73750000e-03
-8.68612500e-08,-6.38750000e-04,3.56250000e-03,3.69375000e-03
-8.68212500e-08,-6.42187500e-04,3.55312500e-03,3.65937500e-03
-8.67812500e-08,-6.48437500e-04,3.54375000e-03,3.63125000e-03
-8.67412500e-08,-6.57500000e-04,3.53437500e-03,3.61562500e-03
-8.67012500e-08,-6.69375000e-04,3.52343750e-03,3.60937500e-03
-8.66612500e-08,-6.83125000e-04,3.51562500e-03,3.61562500e-03
-8.66212500e-08,-6.98750000e-04,3.50781250e-03,3.62812500e-03
-8.65812500e-08,-7.15625000e-04,3.50000000e-03,3.65000000e-03
-8.65412500e-08,-7.33437500e-04,3.49531250e-03,3.68125000e-03
-8.65012500e-08,-7.50937500e-04,3.49218750e-03,3.71875000e-03
-8.64612500e-08,-7.68125000e-04,3.49218750e-03,3.75937500e-03
-8.64212500e-08,-7.83750000e-04,3.49218750e-03,3.80312500e-03
-8.63812500e-08,-7.98125000e-04,3.49375000e-03,3.85000000e-03
-8.63412500e-08,-8.10000000e-04,3.49687500e-03,3.89375000e-03
-8.63012500e-08,-8.19375000e-04,3.50000000e-03,3.93750000e-03
-8.62612500e-08,-8.26250000e-04,3.50468750e-03,3.97812500e-03
-8.62212500e-08,-8.30000000e-04,3.50781250e-03,4.00937500e-03
-8.61812500e-08,-8.30625000e-04,3.51093750e-03,4.03750000e-03
-8.61412500e-08,-8.28437500e-04,3.51406250e-03,4.05937500e-03
-8.61012500e-08,-8.23750000e-04,3.51406250e-03,4.07500000e-03
-8.60612500e-08,-8.16562500e-04,3.51406250e-03,4.08437500e-03
-8.60212500e-08,-8.07500000e-04,3.51093750e-03,4.08750000e-03
-8.59812500e-08,-7.97187500e-04,3.50781250e-03,4.08437500e-03
-8.59412500e-08,-7.85625000e-04,3.50156250e-03,4.07812500e-03
-8.59012500e-08,-7.73750000e-04,3.49375000e-03,4.06562500e-03
-8.58612500e-08,-7.61875000e-04,3.48437500e-03,4.05312500e-03
-8.58212500e-08,-7.50625000e-04,3.47343750e-03,4.03750000e-03
-8.57812500e-08,-7.40312500e-04,3.46250000e-03,4.02187500e-03
-8.57412500e-08,-7.31562500e-04,3.45000000e-03,4.00625000e-03
-8.57012500e-08,-7.24687500e-04,3.43750000e-03,3.99375000e-03
-8.56612500e-08,-7.19687500e-04,3.42343750e-03,3.98437500e-03
-8.56212500e-08,-7.16562500e-04,3.41250000e-03,3.97500000e-03
-8.55812500e-08,-7.15625000e-04,3.40000000e-03,3.97187500e-03
-8.55412500e-08,-7.16875000e-04,3.38906250e-03,3.97187500e-03
-8.55012500e-08,-7.19687500e-04,3.37968750e-03,3.97187500e-03
-8.54612500e-08,-7.24062500e-04,3.37031250e-03,3.97812500e-03
-8.54212500e-08,-7.30000000e-04,3.36093750e-03,3.98437500e-03
-8.53812500e-08,-7.36562500e-04,3.35312500e-03,3.99062500e-03
-8.53412500e-08,-7.44062500e-04,3.34687500e-03,4.00000000e-03
-8.53012500e-08,-7.51562500e-04,3.33906250e-03,4.00937500e-03
-8.52612500e-08,-7.58750000e-04,3.33281250e-03,4.01562500e-03
-8.52212500e-08,-7.65937500e-04,3.32656250e-03,4.02187500e-03
-8.51812500e-08,-7.72187500e-04,3.31875000e-03,4.02812500e-03
-8.51412500e-08,-7.77500000e-04,3.31093750e-03,4.02812500e-03
-8.51012500e-08,-7.81875000e-04,3.30156250e-03,4.02812500e-03
-8.50612500e-08,-7.85000000e-04,3.29218750e-03,4.02187500e-03
-8.50212500e-08,-7.87500000e-04,3.28281250e-03,4.01250000e-03
-8.49812500e-08,-7.88750000e-04,3.27187500e-03,3.99687500e-03
-8.49412500e-08,-7.89375000e-04,3.26250000e-03,3.98125000e-03
-8.49012500e-08,-7.89687500e-04,3.25156250e-03,3.95937500e-03
-8.48612500e-08,-7.89375000e-04,3.24218750e-03,3.93750000e-03
-8.48212500e-08,-7.89375000e-04,3.23281250e-03,3.90937500e-03
-8.47812500e-08,-7.89375000e-04,3.22656250e-03,3.88125000e-03
-8.47412500e-08,-7.90000000e-04,3.22031250e-03,3.84687500e-03
-8.47012500e-08,-7.91562500e-04,3.21875000e-03,3.81562500e-03
-8.46612500e-08,-7.94062500e-04,3.21718750e-03,3.78125000e-03
-8.46212500e-08,-7.97500000e-04,3.22031250e-03,3.74375000e-03
-8.45812500e-08,-8.02500000e-04,3.22656250e-03,3.70937500e-03
-8.45412500e-08,-8.08437500e-04,3.23593750e-03,3.67500000e-03
-8.45012500e-08,-8.15937500e-04,3.24843750e-03,3.64062500e-03
-8.44612500e-08,-8.24062500e-04,3.26406250e-03,3.60625000e-03
-8.44212500e-08,-8.33437500e-04,3.28281250e-03,3.57812500e-03
-8.43812500e-08,-8.43437500e-04,3.30312500e-03,3.55000000e-03
-8.43412500e-08,-8.53750000e-04,3.32656250e-03,3.52500000e-03
-8.43012500e-08,-8.64375000e-04,3.34843750e-03,3.50312500e-03
-8.42612500e-08,-8.74375000e-04,3.37343750e-03,3.48750000e-03
-8.42212500e-08,-8.84375000e-04,3.39687500e-03,3.47500000e-03
-8.41812500e-08,-8.93437500e-04,3.41875000e-03,3.46875000e-03
-8.41412500e-08,-9.01562500e-04,3.44062500e-03,3.46875000e-03
-8.41012500e-08,-9.08125000e-04,3.46093750e-03,3.47500000e-03
-8.40612500e-08,-9.13437500e-04,3.47812500e-03,3.49062500e-03
-8.40212500e-08,-9.17500000e-04,3.49218750e-03,3.50937500e-03
-8.39812500e-08,-9.19687500e-04,3.50468750e-03,3.53750000e-03
-8.39412500e-08,-9.20312500e-04,3.51562500e-03,3.57187500e-03
-8.39012500e-08,-9.19375000e-04,3.52187500e-03,3.61250000e-03
-8.38612500e-08,-9.16875000e-04,3.52812500e-03,3.65937500e-03
-8.38212500e-08,-9.12812500e-04,3.53281250e-03,3.70937500e-03
-8.37812500e-08,-9.07812500e-04,3.53593750e-03,3.76250000e-03
-8.37412500e-08,-9.01562500e-04,3.53750000e-03,3.81875000e-03
-8.37012500e-08,-8.94375000e-04,3.54062500e-03,3.87812500e-03
-8.36612500e-08,-8.86250000e-04,3.54375000e-03,3.93437500e-03
-8.36212500e-08,-8.77812500e-04,3.54687500e-03,3.98750000e-03
-8.35812500e-08,-8.68750000e-04,3.55156250e-03,4.03750000e-03
-8.35412500e-08,-8.59687500e-04,3.55625000e-03,4.08437500e-03
-8.35012500e-08,-8.50000000e-04,3.56250000e-03,4.12187500e-03
-8.34612500e-08,-8.40312500e-04,3.57031250e-03,4.15000000e-03
-8.34212500e-08,-8.30937500e-04,3.57812500e-03,4.16875000e-03
-8.33812500e-08,-8.21250000e-04,3.58750000e-03,4.17812500e-03
-8.33412500e-08,-8.11875000e-04,3.59531250e-03,4.17812500e-03
-8.33012500e-08,-8.02812500e-04,3.60312500e-03,4.16562500e-03
-8.32612500e-08,-7.93750000e-04,3.60781250e-03,4.14062500e-03
-8.32212500e-08,-7.85312500e-04,3.61250000e-03,4.10937500e-03
-8.31812500e-08,-7.77187500e-04,3.61250000e-03,4.06875000e-03
-8.31412500e-08,-7.69375000e-04,3.60937500e-03,4.01875000e-03
-8.31012500e-08,-7.62187500e-04,3.60312500e-03,3.96250000e-03
-8.30612500e-08,-7.55625000e-04,3.59375000e-03,3.90625000e-03
-8.30212500e-08,-7.50000000e-04,3.57968750e-03,3.84687500e-03
-8.29812500e-08,-7.45000000e-04,3.56093750e-03,3.78750000e-03
-8.29412500e-08,-7.40625000e-04,3.53906250e-03,3.73125000e-03
-8.29012500e-08,-7.37500000e-04,3.51562500e-03,3.67812500e-03
-8.28612500e-08,-7.35312500e-04,3.48750000e-03,3.63437500e-03
-8.28212500e-08,-7.34062500e-04,3.46093750e-03,3.59687500e-03
-8.27812500e-08,-7.33750000e-04,3.43125000e-03,3.56875000e-03
-8.27412500e-08,-7.34062500e-04,3.40468750e-03,3.55000000e-03
-8.27012500e-08,-7.35312500e-04,3.37812500e-03,3.54375000e-03
-8.26612500e-08,-7.36875000e-04,3.35468750e-03,3.55000000e-03
-8.26212500e-08,-7.38750000e-04,3.33593750e-03,3.56562500e-03
-8.25812500e-08,-7.40625000e-04,3.32031250e-03,3.59062500e-03
-8.25412500e-08,-7.42500000e-04,3.30937500e-03,3.62500000e-03
-8.25012500e-08,-7.43750000e-04,3.30468750e-03,3.66562500e-03
-8.24612500e-08,-7.44687500e-04,3.30468750e-03,3.71250000e-03
-8.24212500e-08,-7.44375000e-04,3.31093750e-03,3.76562500e-03
-8.23812500e-08,-7.43125000e-04,3.32031250e-03,3.81875000e-03
-8.23412500e-08,-7.40625000e-04,3.33437500e-03,3.87187500e-03
-8.23012500e-08,-7.36875000e-04,3.35156250e-03,3.92500000e-03
-8.22612500e-08,-7.31562500e-04,3.37187500e-03,3.97500000e-03
-8.22212500e-08,-7.25312500e-04,3.39218750e-03,4.01875000e-03
-8.21812500e-08,-7.17500000e-04,3.41250000e-03,4.05625000e-03
-8.21412500e-08,-7.09062500e-04,3.43281250e-03,4.08750000e-03
-8.21012500e-08,-7.00000000e-04,3.45000000e-03,4.10937500e-03
-8.20612500e-08,-6.90312500e-04,3.46250000e-03,4.12187500e-03
-8.20212500e-08,-6.80937500e-04,3.47343750e-03,4.12812500e-03
-8.19812500e-08,-6.71875000e-04,3.47968750e-03,4.12812500e-03
-8.19412500e-08,-6.63750000e-04,3.48125000e-03,4.11875000e-03
-8.19012500e-08,-6.56562500e-04,3.47812500e-03,4.10312500e-03
-8.18612500e-08,-6.51250000e-04,3.47031250e-03,4.08437500e-03
-8.18212500e-08,-6.47812500e-04,3.45937500e-03,4.06250000e-03
-8.17812500e-08,-6.46250000e-04,3.44531250e-03,4.03750000e-03
-8.17412500e-08,-6.47187500e-04,3.42968750e-03,4.00937500e-03
-8.17012500e-08,-6.50312500e-04,3.41250000e-03,3.98437500e-03
-8.16612500e-08,-6.55937500e-04,3.39687500e-03,3.96250000e-03
-8.16212500e-08,-6.63437500e-04,3.38125000e-03,3.94375000e-03
-8.15812500e-08,-6.72812500e-04,3.37031250e-03,3.92812500e-03
-8.15412500e-08,-6.84062500e-04,3.36093750e-03,3.91875000e-03
-8.15012500e-08,-6.96250000e-04,3.35625000e-03,3.91250000e-03
-8.14612500e-08,-7.09062500e-04,3.35781250e-03,3.91250000e-03
-8.14212500e-08,-7.22187500e-04,3.36250000e-03,3.91875000e-03
-8.13812500e-08,-7.34687500e-04,3.37343750e-03,3.93125000e-03
-8.13412500e-08,-7.46562500e-04,3.38750000e-03,3.94687500e-03
-8.13012500e-08,-7.56875000e-04,3.40625000e-03,3.96562500e-03
-8.12612500e-08,-7.65625000e-04,3.42968750e-03,3.98437500e-03
-8.12212500e-08,-7.72500000e-04,3.45468750e-03,4.00625000e-03
-8.11812500e-08,-7.76875000e-04,3.47968750e-03,4.03125000e-03
-8.11412500e-08,-7.78437500e-04,3.50625000e-03,4.05000000e-03
-8.11012500e-08,-7.77812500e-04,3.53125000e-03,4.06875000e-03
-8.10612500e-08,-7.75000000e-04,3.55312500e-03,4.08437500e-03
-8.10212500e-08,-7.69687500e-04,3.57187500e-03,4.09687500e-03
-8.09812500e-08,-7.62500000e-04,3.58593750e-03,4.10312500e-03
-8.09412500e-08,-7.53750000e-04,3.59531250e-03,4.10312500e-03
-8.09012500e-08,-7.43750000e-04,3.59843750e-03,4.10000000e-03
-8.08612500e-08,-7.33437500e-04,3.59687500e-03,4.08750000e-03
-8.08212500e-08,-7.22812500e-04,3.58906250e-03,4.07187500e-03
-8.07812500e-08,-7.12812500e-04,3.57656250e-03,4.05000000e-03
-8.07412500e-08,-7.03750000e-04,3.55937500e-03,4.02500000e-03
-8.07012500e-08,-6.96250000e-04,3.53750000e-03,3.99687500e-03
-8.06612500e-08,-6.90625000e-04,3.51406250e-03,3.96250000e-03
-8.06212500e-08,-6.86875000e-04,3.48906250e-03,3.92812500e-03
-8.05812500e-08,-6.85625000e-04,3.46406250e-03,3.89375000e-03
-8.05412500e-08,-6.86875000e-04,3.43906250e-03,3.85937500e-03
-8.05012500e-08,-6.90625000e-04,3.41562500e-03,3.82812500e-03
-8.04612500e-08,-6.96875000e-04,3.39531250e-03,3.80000000e-03
-8.04212500e-08,-7.05000000e-04,3.37656250e-03,3.77500000e-03
-8.03812500e-08,-7.15312500e-04,3.36406250e-03,3.75312500e-03
-8.03412500e-08,-7.26875000e-04,3.35312500e-03,3.73750000e-03
-8.03012500e-08,-7.39375000e-04,3.34843750e-03,3.72812500e-03
-8.02612500e-08,-7.52500000e-04,3.34687500e-03,3.72500000e-03
-8.02212500e-08,-7.65625000e-04,3.34843750e-03,3.72812500e-03
-8.01812500e-08,-7.78437500e-04,3.35468750e-03,3.73437500e-03
-8.01412500e-08,-7.90000000e-04,3.36093750e-03,3.74687500e-03
-8.01012500e-08,-8.00625000e-04,3.37031250e-03,3.76562500e-03
-8.00612500e-08,-8.09062500e-04,3.38125000e-03,3.78750000e-03
-8.00212500e-08,-8.15937500e-04,3.39218750e-03,3.81250000e-03
-7.99812500e-08,-8.20312500e-04,3.40156250e-03,3.84062500e-03
-7.99412500e-08,-8.22500000e-04,3.40937500e-03,3.86875000e-03
-7.99012500e-08,-8.22187500e-04,3.41718750e-03,3.89687500e-03
-7.98612500e-08,-8.19687500e-04,3.42187500e-03,3.92500000e-03
-7.98212500e-08,-8.15312500e-04,3.42500000e-03,3.95000000e-03
-7.97812500e-08,-8.09062500e-04,3.42500000e-03,3.97500000e-03
-7.97412500e-08,-8.01250000e-04,3.42343750e-03,3.99375000e-03
-7.97012500e-08,-7.92187500e-04,3.42031250e-03,4.01250000e-03
-7.96612500e-08,-7.82500000e-04,3.41562500e-03,4.02500000e-03
-7.96212500e-08,-7.72500000e-04,3.41093750e-03,4.03437500e-03
-7.95812500e-08,-7.62812500e-04,3.40468750e-03,4.03750000e-03
-7.95412500e-08,-7.53437500e-04,3.40000000e-03,4.04062500e-03
-7.95012500e-08,-7.45000000e-04,3.39375000e-03,4.03750000e-03
-7.94612500e-08,-7.37812500e-04,3.39062500e-03,4.03125000e-03
-7.94212500e-08,-7.31875000e-04,3.38750000e-03,4.02187500e-03
-7.93812500e-08,-7.27812500e-04,3.38593750e-03,4.01250000e-03
-7.93412500e-08,-7.25000000e-04,3.38593750e-03,4.00000000e-03
-7.93012500e-08,-7.24062500e-04,3.38750000e-03,3.98750000e-03
-7.92612500e-08,-7.24687500e-04,3.38906250e-03,3.97500000e-03
-7.92212500e-08,-7.26875000e-04,3.39375000e-03,3.96250000e-03
-7.91812500e-08,-7.30312500e-04,3.39687500e-03,3.95000000e-03
-7.91412500e-08,-7.35000000e-04,3.40156250e-03,3.94062500e-03
-7.91012500e-08,-7.40625000e-04,3.40468750e-03,3.93125000e-03
-7.90612500e-08,-7.46562500e-04,3.40781250e-03,3.92500000e-03
-7.90212500e-08,-7.52812500e-04,3.41093750e-03,3.92187500e-03
-7.89812500e-08,-7.59375000e-04,3.41093750e-03,3.92187500e-03
-7.89412500e-08,-7.65312500e-04,3.41093750e-03,3.92187500e-03
-7.89012500e-08,-7.70937500e-04,3.40781250e-03,3.92812500e-03
-7.88612500e-08,-7.75937500e-04,3.40468750e-03,3.93125000e-03
-7.88212500e-08,-7.80312500e-04,3.40000000e-03,3.94062500e-03
-7.87812500e-08,-7.83437500e-04,3.39531250e-03,3.94687500e-03
-7.87412500e-08,-7.85937500e-04,3.38906250e-03,3.95625000e-03
-7.87012500e-08,-7.87187500e-04,3.38281250e-03,3.96562500e-03
-7.86612500e-08,-7.87812500e-04,3.37812500e-03,3.97187500e-03
-7.86212500e-08,-7.87500000e-04,3.37500000e-03,3.97812500e-03
-7.85812500e-08,-7.86562500e-04,3.37187500e-03,3.98437500e-03
-7.85412500e-08,-7.85000000e-04,3.37187500e-03,3.98750000e-03
-7.85012500e-08,-7.83125000e-04,3.37500000e-03,3.98437500e-03
-7.84612500e-08,-7.80937500e-04,3.37968750e-03,3.98125000e-03
-7.84212500e-08,-7.78750000e-04,3.38593750e-03,3.97187500e-03
-7.83812500e-08,-7.76250000e-04,3.39687500e-03,3.95937500e-03
-7.83412500e-08,-7.74062500e-04,3.40781250e-03,3.94375000e-03
-7.83012500e-08,-7.71875000e-04,3.42031250e-03,3.92500000e-03
-7.82612500e-08,-7.70000000e-04,3.43437500e-03,3.90000000e-03
-7.82212500e-08,-7.68125000e-04,3.44843750e-03,3.87500000e-03
-7.81812500e-08,-7.66875000e-04,3.46250000e-03,3.84375000e-03
-7.81412500e-08,-7.65625000e-04,3.47656250e-03,3.81250000e-03
-7.81012500e-08,-7.64375000e-04,3.48750000e-03,3.77812500e-03
-7.80612500e-08,-7.63125000e-04,3.49687500e-03,3.74375000e-03
-7.80212500e-08,-7.61875000e-04,3.50312500e-03,3.70937500e-03
-7.79812500e-08,-7.60625000e-04,3.50625000e-03,3.67812500e-03
-7.79412500e-08,-7.59062500e-04,3.50625000e-03,3.64687500e-03
-7.79012500e-08,-7.57187500e-04,3.50312500e-03,3.62187500e-03
-7.78612500e-08,-7.54687500e-04,3.49687500e-03,3.59687500e-03
-7.78212500e-08,-7.51875000e-04,3.48906250e-03,3.57812500e-03
-7.77812500e-08,-7.48750000e-04,3.47968750e-03,3.56562500e-03
-7.77412500e-08,-7.44687500e-04,3.46875000e-03,3.55937500e-03
-7.77012500e-08,-7.40312500e-04,3.45625000e-03,3.55937500e-03
-7.76612500e-08,-7.35312500e-04,3.44531250e-03,3.56250000e-03
-7.76212500e-08,-7.30000000e-04,3.43437500e-03,3.57500000e-03
-7.75812500e-08,-7.23750000e-04,3.42500000e-03,3.59375000e-03
-7.75412500e-08,-7.17500000e-04,3.41875000e-03,3.61562500e-03
-7.75012500e-08,-7.10312500e-04,3.41562500e-03,3.64375000e-03
-7.74612500e-08,-7.03125000e-04,3.41562500e-03,3.67812500e-03
-7.74212500e-08,-6.95625000e-04,3.41875000e-03,3.71250000e-03
-7.73812500e-08,-6.87812500e-04,3.42656250e-03,3.75312500e-03
-7.73412500e-08,-6.80000000e-04,3.43593750e-03,3.79062500e-03
-7.73012500e-08,-6.72187500e-04,3.44687500e-03,3.83125000e-03
-7.72612500e-08,-6.64375000e-04,3.46093750e-03,3.87187500e-03
-7.72212500e-08,-6.56875000e-04,3.47656250e-03,3.90937500e-03
-7.71812500e-08,-6.49375000e-04,3.49218750e-03,3.94375000e-03
-7.71412500e-08,-6.42500000e-04,3.50625000e-03,3.97812500e-03
-7.71012500e-08,-6.36562500e-04,3.52031250e-03,4.00625000e-03
-7.70612500e-08,-6.30937500e-04,3.53125000e-03,4.02812500e-03
-7.70212500e-08,-6.26250000e-04,3.53906250e-03,4.05000000e-03
-7.69812500e-08,-6.22812500e-04,3.54218750e-03,4.06250000e-03
-7.69412500e-08,-6.20625000e-04,3.54375000e-03,4.07187500e-03
-7.69012500e-08,-6.19375000e-04,3.53906250e-03,4.07812500e-03
-7.68612500e-08,-6.20000000e-04,3.53125000e-03,4.07812500e-03
-7.68212500e-08,-6.21875000e-04,3.52031250e-03,4.07500000e-03
-7.67812500e-08,-6.25625000e-04,3.50468750e-03,4.06875000e-03
-7.67412500e-08,-6.30937500e-04,3.48750000e-03,4.05937500e-03
-7.67012500e-08,-6.37812500e-04,3.46718750e-03,4.05000000e-03
-7.66612500e-08,-6.46250000e-04,3.44687500e-03,4.03750000e-03
-7.66212500e-08,-6.55937500e-04,3.42656250e-03,4.02500000e-03
-7.65812500e-08,-6.66875000e-04,3.40625000e-03,4.01250000e-03
-7.65412500e-08,-6.78750000e-04,3.38750000e-03,4.00000000e-03
-7.65012500e-08,-6.91562500e-04,3.37187500e-03,3.99062500e-03
-7.64612500e-08,-7.04375000e-04,3.35937500e-03,3.98125000e-03
-7.64212500e-08,-7.17187500e-04,3.35156250e-03,3.97187500e-03
-7.63812500e-08,-7.30000000e-04,3.34687500e-03,3.96875000e-03
-7.63412500e-08,-7.41562500e-04,3.34531250e-03,3.96250000e-03
-7.63012500e-08,-7.52187500e-04,3.34843750e-03,3.96250000e-03
-7.62612500e-08,-7.61562500e-04,3.35625000e-03,3.96250000e-03
-7.62212500e-08,-7.69062500e-04,3.36718750e-03,3.96562500e-03
-7.61812500e-08,-7.74687500e-04,3.37968750e-03,3.96875000e-03
-7.61412500e-08,-7.78125000e-04,3.39531250e-03,3.97500000e-03
-7.61012500e-08,-7.79687500e-04,3.41250000e-03,3.98125000e-03
-7.60612500e-08,-7.78750000e-04,3.42968750e-03,3.99062500e-03
-7.60212500e-08,-7.76250000e-04,3.44687500e-03,3.99687500e-03
-7.59812500e-08,-7.71875000e-04,3.46406250e-03,4.00312500e-03
-7.59412500e-08,-7.65937500e-04,3.47968750e-03,4.01250000e-03
-7.59012500e-08,-7.58750000e-04,3.49375000e-03,4.01875000e-03
-7.58612500e-08,-7.50625000e-04,3.50468750e-03,4.02500000e-03
-7.58212500e-08,-7.42500000e-04,3.51562500e-03,4.02812500e-03
-7.57812500e-08,-7.34062500e-04,3.52343750e-03,4.03437500e-03
-7.57412500e-08,-7.25937500e-04,3.53125000e-03,4.03437500e-03
-7.57012500e-08,-7.18750000e-04,3.53593750e-03,4.03750000e-03
-7.56612500e-08,-7.12812500e-04,3.54218750e-03,4.03437500e-03
-7.56212500e-08,-7.07812500e-04,3.54687500e-03,4.03437500e-03
-7.55812500e-08,-7.04375000e-04,3.55156250e-03,4.03125000e-03
-7.55412500e-08,-7.02500000e-04,3.55625000e-03,4.02500000e-03
-7.55012500e-08,-7.01875000e-04,3.56406250e-03,4.01875000e-03
-7.54612500e-08,-7.02812500e-04,3.57031250e-03,4.01250000e-03
-7.54212500e-08,-7.05000000e-04,3.57968750e-03,4.00312500e-03
-7.53812500e-08,-7.08125000e-04,3.59062500e-03,3.99687500e-03
-7.53412500e-08,-7.11562500e-04,3.60000000e-03,3.98750000e-03
-7.53012500e-08,-7.15312500e-04,3.61093750e-03,3.98125000e-03
-7.52612500e-08,-7.19062500e-04,3.62187500e-03,3.97500000e-03
-7.52212500e-08,-7.22187500e-04,3.63125000e-03,3.96875000e-03
-7.51812500e-08,-7.24687500e-04,3.63906250e-03,3.96562500e-03
-7.51412500e-08,-7.25937500e-04,3.64218750e-03,3.96250000e-03
-7.51012500e-08,-7.25937500e-04,3.64218750e-03,3.96250000e-03
-7.50612500e-08,-7.24375000e-04,3.63750000e-03,3.96250000e-03
-7.50212500e-08,-7.21250000e-04,3.62656250e-03,3.96875000e-03
-7.49812500e-08,-7.16875000e-04,3.60937500e-03,3.97500000e-03
-7.49412500e-08,-7.11250000e-04,3.58593750e-03,3.98125000e-03
-7.49012500e-08,-7.04375000e-04,3.55625000e-03,3.99375000e-03
-7.48612500e-08,-6.96875000e-04,3.52187500e-03,4.00625000e-03
-7.48212500e-08,-6.88750000e-04,3.47968750e-03,4.01875000e-03
-7.47812500e-08,-6.80625000e-04,3.43437500e-03,4.03125000e-03
-7.47412500e-08,-6.72812500e-04,3.38593750e-03,4.04375000e-03
-7.47012500e-08,-6.65937500e-04,3.33437500e-03,4.05625000e-03
-7.46612500e-08,-6.60000000e-04,3.28437500e-03,4.06562500e-03
-7.46212500e-08,-6.55312500e-04,3.23437500e-03,4.07187500e-03
-7.45812500e-08,-6.52500000e-04,3.18906250e-03,4.07812500e-03
-7.45412500e-08,-6.51562500e-04,3.14687500e-03,4.07812500e-03
-7.45012500e-08,-6.52500000e-04,3.11250000e-03,4.07500000e-03
-7.44612500e-08,-6.55625000e-04,3.08593750e-03,4.06562500e-03
-7.44212500e-08,-6.60312500e-04,3.06875000e-03,4.05312500e-03
-7.43812500e-08,-6.66562500e-04,3.06250000e-03,4.03437500e-03
-7.43412500e-08,-6.74375000e-04,3.06562500e-03,4.01250000e-03
-7.43012500e-08,-6.83125000e-04,3.07968750e-03,3.98437500e-03
-7.42612500e-08,-6.92500000e-04,3.10312500e-03,3.95625000e-03
-7.42212500e-08,-7.02187500e-04,3.13437500e-03,3.92187500e-03
-7.41812500e-08,-7.11875000e-04,3.17500000e-03,3.88437500e-03
-7.41412500e-08,-7.20937500e-04,3.22031250e-03,3.84687500e-03
-7.41012500e-08,-7.29062500e-04,3.27031250e-03,3.80937500e-03
-7.40612500e-08,-7.36250000e-04,3.32187500e-03,3.77187500e-03
-7.40212500e-08,-7.41875000e-04,3.37187500e-03,3.73750000e-03
-7.39812500e-08,-7.45937500e-04,3.42031250e-03,3.70625000e-03
-7.39412500e-08,-7.48125000e-04,3.46406250e-03,3.67500000e-03
-7.39012500e-08,-7.48437500e-04,3.50156250e-03,3.65312500e-03
-7.38612500e-08,-7.47500000e-04,3.52968750e-03,3.63437500e-03
-7.38212500e-08,-7.44687500e-04,3.54843750e-03,3.61875000e-03
-7.37812500e-08,-7.40312500e-04,3.55781250e-03,3.61250000e-03
-7.37412500e-08,-7.35000000e-04,3.55625000e-03,3.60937500e-03
-7.37012500e-08,-7.29062500e-04,3.54375000e-03,3.61562500e-03
-7.36612500e-08,-7.22187500e-04,3.52187500e-03,3.62500000e-03
-7.36212500e-08,-7.15000000e-04,3.49218750e-03,3.64062500e-03
-7.35812500e-08,-7.07812500e-04,3.45468750e-03,3.66250000e-03
-7.35412500e-08,-7.00937500e-04,3.41250000e-03,3.68437500e-03
-7.35012500e-08,-6.94375000e-04,3.36875000e-03,3.71250000e-03
-7.34612500e-08,-6.88750000e-04,3.32187500e-03,3.74375000e-03
-7.34212500e-08,-6.84062500e-04,3.27812500e-03,3.77500000e-03
-7.33812500e-08,-6.80000000e-04,3.23750000e-03,3.80625000e-03
-7.33412500e-08,-6.77187500e-04,3.20156250e-03,3.83750000e-03
-7.33012500e-08,-6.75625000e-04,3.17500000e-03,3.86562500e-03
-7.32612500e-08,-6.75000000e-04,3.15468750e-03,3.89687500e-03
-7.32212500e-08,-6.75312500e-04,3.14531250e-03,3.92187500e-03
-7.31812500e-08,-6.76562500e-04,3.14531250e-03,3.94375000e-03
-7.31412500e-08,-6.78750000e-04,3.15468750e-03,3.96562500e-03
-7.31012500e-08,-6.81875000e-04,3.17343750e-03,3.98125000e-03
-7.30612500e-08,-6.85312500e-04,3.20156250e-03,3.99687500e-03
-7.30212500e-08,-6.89062500e-04,3.23437500e-03,4.00625000e-03
-7.29812500e-08,-6.93437500e-04,3.27343750e-03,4.01250000e-03
-7.29412500e-08,-6.97812500e-04,3.31406250e-03,4.01875000e-03
-7.29012500e-08,-7.01875000e-04,3.35781250e-03,4.01875000e-03
-7.28612500e-08,-7.05937500e-04,3.39843750e-03,4.01562500e-03
-7.28212500e-08,-7.09687500e-04,3.43750000e-03,4.01250000e-03
-7.27812500e-08,-7.13125000e-04,3.47031250e-03,4.00937500e-03
-7.27412500e-08,-7.15625000e-04,3.49843750e-03,4.00312500e-03
-7.27012500e-08,-7.17500000e-04,3.51718750e-03,3.99687500e-03
-7.26612500e-08,-7.18750000e-04,3.52812500e-03,3.99062500e-03
-7.26212500e-08,-7.18750000e-04,3.53125000e-03,3.98125000e-03
-7.25812500e-08,-7.18125000e-04,3.52500000e-03,3.97812500e-03
-7.25412500e-08,-7.16562500e-04,3.51093750e-03,3.97187500e-03
-7.25012500e-08,-7.13750000e-04,3.48906250e-03,3.96875000e-03
-7.24612500e-08,-7.10312500e-04,3.46093750e-03,3.96875000e-03
-7.24212500e-08,-7.05937500e-04,3.42812500e-03,3.96875000e-03
-7.23812500e-08,-7.00937500e-04,3.39375000e-03,3.96875000e-03
-7.23412500e-08,-6.95000000e-04,3.35625000e-03,3.97500000e-03
-7.23012500e-08,-6.89062500e-04,3.31875000e-03,3.98125000e-03
-7.22612500e-08,-6.82812500e-04,3.28437500e-03,3.98750000e-03
-7.22212500e-08,-6.76250000e-04,3.25156250e-03,3.99687500e-03
-7.21812500e-08,-6.70000000e-04,3.22343750e-03,4.00937500e-03
-7.21412500e-08,-6.64375000e-04,3.20156250e-03,4.02187500e-03
-7.21012500e-08,-6.59062500e-04,3.18593750e-03,4.03125000e-03
-7.20612500e-08,-6.54687500e-04,3.17500000e-03,4.04375000e-03
-7.20212500e-08,-6.51250000e-04,3.17187500e-03,4.05312500e-03
-7.19812500e-08,-6.49062500e-04,3.17343750e-03,4.06250000e-03
-7.19412500e-08,-6.47812500e-04,3.18125000e-03,4.06562500e-03
-7.19012500e-08,-6.47812500e-04,3.19375000e-03,4.06875000e-03
-7.18612500e-08,-6.48750000e-04,3.20937500e-03,4.06875000e-03
-7.18212500e-08,-6.50625000e-04,3.22812500e-03,4.06250000e-03
-7.17812500e-08,-6.53125000e-04,3.24843750e-03,4.05312500e-03
-7.17412500e-08,-6.56250000e-04,3.27031250e-03,4.03750000e-03
-7.17012500e-08,-6.60000000e-04,3.29218750e-03,4.01875000e-03
-7.16612500e-08,-6.63437500e-04,3.31406250e-03,3.99687500e-03
-7.16212500e-08,-6.66562500e-04,3.33437500e-03,3.96875000e-03
-7.15812500e-08,-6.69062500e-04,3.35312500e-03,3.93750000e-03
-7.15412500e-08,-6.70625000e-04,3.37187500e-03,3.90625000e-03
-7.15012500e-08,-6.71250000e-04,3.38750000e-03,3.87187500e-03
-7.14612500e-08,-6.70625000e-04,3.40312500e-03,3.83750000e-03
-7.14212500e-08,-6.68437500e-04,3.41718750e-03,3.80312500e-03
-7.13812500e-08,-6.65000000e-04,3.42968750e-03,3.77187500e-03
-7.13412500e-08,-6.60312500e-04,3.44218750e-03,3.74375000e-03
-7.13012500e-08,-6.54687500e-04,3.45468750e-03,3.72187500e-03
-7.12612500e-08,-6.47812500e-04,3.46718750e-03,3.70625000e-03
-7.12212500e-08,-6.40625000e-04,3.47968750e-03,3.69375000e-03
-7.11812500e-08,-6.33125000e-04,3.49218750e-03,3.69062500e-03
-7.11412500e-08,-6.25937500e-04,3.50468750e-03,3.69687500e-03
-7.11012500e-08,-6.19375000e-04,3.51718750e-03,3.70937500e-03
-7.10612500e-08,-6.13750000e-04,3.52812500e-03,3.73125000e-03
-7.10212500e-08,-6.10000000e-04,3.53906250e-03,3.75937500e-03
-7.09812500e-08,-6.07812500e-04,3.54687500e-03,3.79062500e-03
-7.09412500e-08,-6.07812500e-04,3.55468750e-03,3.83125000e-03
-7.09012500e-08,-6.10312500e-04,3.55781250e-03,3.87187500e-03
-7.08612500e-08,-6.15312500e-04,3.55781250e-03,3.91562500e-03
-7.08212500e-08,-6.23125000e-04,3.55468750e-03,3.95937500e-03
-7.07812500e-08,-6.33125000e-04,3.54843750e-03,4.00312500e-03
-7.07412500e-08,-6.45312500e-04,3.53750000e-03,4.04062500e-03
-7.07012500e-08,-6.59375000e-04,3.52343750e-03,4.07500000e-03
-7.06612500e-08,-6.75312500e-04,3.50625000e-03,4.10000000e-03
-7.06212500e-08,-6.92187500e-04,3.48593750e-03,4.11875000e-03
-7.05812500e-08,-7.09687500e-04,3.46406250e-03,4.12812500e-03
-7.05412500e-08,-7.27187500e-04,3.44218750e-03,4.12812500e-03
-7.05012500e-08,-7.44062500e-04,3.42031250e-03,4.11875000e-03
-7.04612500e-08,-7.60312500e-04,3.39843750e-03,4.10000000e-03
-7.04212500e-08,-7.75000000e-04,3.37968750e-03,4.07187500e-03
-7.03812500e-08,-7.88125000e-04,3.36250000e-03,4.03437500e-03
-7.03412500e-08,-7.98750000e-04,3.35000000e-03,3.99375000e-03
-7.03012500e-08,-8.07187500e-04,3.34218750e-03,3.94687500e-03
-7.02612500e-08,-8.13437500e-04,3.33750000e-03,3.89687500e-03
-7.02212500e-08,-8.16875000e-04,3.33906250e-03,3.85000000e-03
-7.01812500e-08,-8.17812500e-04,3.34531250e-03,3.80000000e-03
-7.01412500e-08,-8.16562500e-04,3.35468750e-03,3.75625000e-03
-7.01012500e-08,-8.12812500e-04,3.36718750e-03,3.71562500e-03
-7.00612500e-08,-8.07500000e-04,3.38281250e-03,3.68437500e-03
-7.00212500e-08,-8.00625000e-04,3.40000000e-03,3.66250000e-03
-6.99812500e-08,-7.92187500e-04,3.41562500e-03,3.65000000e-03
-6.99412500e-08,-7.82812500e-04,3.43125000e-03,3.64375000e-03
-6.99012500e-08,-7.72500000e-04,3.44531250e-03,3.65312500e-03
-6.98612500e-08,-7.61875000e-04,3.45468750e-03,3.66875000e-03
-6.98212500e-08,-7.50937500e-04,3.45937500e-03,3.69687500e-03
-6.97812500e-08,-7.40000000e-04,3.45937500e-03,3.73125000e-03
-6.97412500e-08,-7.29062500e-04,3.45312500e-03,3.77500000e-03
-6.97012500e-08,-7.18125000e-04,3.44218750e-03,3.82187500e-03
-6.96612500e-08,-7.07500000e-04,3.42500000e-03,3.87187500e-03
-6.96212500e-08,-6.96875000e-04,3.40156250e-03,3.92187500e-03
-6.95812500e-08,-6.86562500e-04,3.37500000e-03,3.97500000e-03
-6.95412500e-08,-6.76562500e-04,3.34531250e-03,4.02187500e-03
-6.95012500e-08,-6.66875000e-04,3.31250000e-03,4.06250000e-03
-6.94612500e-08,-6.57812500e-04,3.27812500e-03,4.10000000e-03
-6.94212500e-08,-6.49062500e-04,3.24375000e-03,4.12812500e-03
-6.93812500e-08,-6.40937500e-04,3.21250000e-03,4.14687500e-03
-6.93412500e-08,-6.33750000e-04,3.18437500e-03,4.15625000e-03
-6.93012500e-08,-6.27500000e-04,3.15937500e-03,4.15312500e-03
-6.92612500e-08,-6.22812500e-04,3.13906250e-03,4.14375000e-03
-6.92212500e-08,-6.19062500e-04,3.12656250e-03,4.12500000e-03
-6.91812500e-08,-6.17187500e-04,3.11875000e-03,4.09687500e-03
-6.91412500e-08,-6.17500000e-04,3.11718750e-03,4.05937500e-03
-6.91012500e-08,-6.19687500e-04,3.12343750e-03,4.01875000e-03
-6.90612500e-08,-6.23750000e-04,3.13437500e-03,3.97500000e-03
-6.90212500e-08,-6.30312500e-04,3.15156250e-03,3.92812500e-03
-6.89812500e-08,-6.39062500e-04,3.17187500e-03,3.88125000e-03
-6.89412500e-08,-6.49687500e-04,3.19687500e-03,3.83750000e-03
-6.89012500e-08,-6.61875000e-04,3.22343750e-03,3.79375000e-03
-6.88612500e-08,-6.75625000e-04,3.25000000e-03,3.75625000e-03
-6.88212500e-08,-6.90625000e-04,3.27812500e-03,3.72812500e-03
-6.87812500e-08,-7.05625000e-04,3.30625000e-03,3.70312500e-03
-6.87412500e-08,-7.20937500e-04,3.33125000e-03,3.68750000e-03
-6.87012500e-08,-7.35312500e-04,3.35312500e-03,3.68125000e-03
-6.86612500e-08,-7.48437500e-04,3.37343750e-03,3.68125000e-03
-6.86212500e-08,-7.59687500e-04,3.39062500e-03,3.69062500e-03
-6.85812500e-08,-7.68437500e-04,3.40468750e-03,3.70625000e-03
-6.85412500e-08,-7.74375000e-04,3.41562500e-03,3.72812500e-03
-6.85012500e-08,-7.77187500e-04,3.42187500e-03,3.75937500e-03
-6.84612500e-08,-7.76562500e-04,3.42812500e-03,3.79062500e-03
-6.84212500e-08,-7.72187500e-04,3.43125000e-03,3.82500000e-03
-6.83812500e-08,-7.64375000e-04,3.43281250e-03,3.86250000e-03
-6.83412500e-08,-7.53437500e-04,3.43281250e-03,3.90000000e-03
-6.83012500e-08,-7.39375000e-04,3.43281250e-03,3.93437500e-03
-6.82612500e-08,-7.22812500e-04,3.43125000e-03,3.96875000e-03
-6.82212500e-08,-7.04687500e-04,3.43125000e-03,4.00000000e-03
-6.81812500e-08,-6.85312500e-04,3.42968750e-03,4.02500000e-03
-6.81412500e-08,-6.65312500e-04,3.42812500e-03,4.04687500e-03
-6.81012500e-08,-6.45937500e-04,3.42500000e-03,4.06250000e-03
-6.80612500e-08,-6.27500000e-04,3.42187500e-03,4.07187500e-03
-6.80212500e-08,-6.10937500e-04,3.41718750e-03,4.07812500e-03
-6.79812500e-08,-5.96875000e-04,3.40937500e-03,4.07812500e-03
-6.79412500e-08,-5.85937500e-04,3.40000000e-03,4.07500000e-03
-6.79012500e-08,-5.78125000e-04,3.38906250e-03,4.06562500e-03
-6.78612500e-08,-5.74062500e-04,3.37343750e-03,4.05625000e-03
-6.78212500e-08,-5.73750000e-04,3.35625000e-03,4.04062500e-03
-6.77812500e-08,-5.76875000e-04,3.33437500e-03,4.02812500e-03
-6.77412500e-08,-5.83750000e-04,3.31093750e-03,4.01250000e-03
-6.77012500e-08,-5.93125000e-04,3.28437500e-03,3.99687500e-03
-6.76612500e-08,-6.05312500e-04,3.25468750e-03,3.98125000e-03
-6.76212500e-08,-6.19687500e-04,3.22500000e-03,3.96875000e-03
-6.75812500e-08,-6.35000000e-04,3.19375000e-03,3.95937500e-03
-6.75412500e-08,-6.50937500e-04,3.16250000e-03,3.95312500e-03
-6.75012500e-08,-6.67187500e-04,3.13281250e-03,3.95000000e-03
-6.74612500e-08,-6.82500000e-04,3.10625000e-03,3.94687500e-03
-6.74212500e-08,-6.96562500e-04,3.08281250e-03,3.95000000e-03
-6.73812500e-08,-7.08750000e-04,3.06406250e-03,3.95625000e-03
-6.73412500e-08,-7.18750000e-04,3.05000000e-03,3.96250000e-03
-6.73012500e-08,-7.26562500e-04,3.04062500e-03,3.97187500e-03
-6.72612500e-08,-7.31562500e-04,3.03750000e-03,3.98437500e-03
-6.72212500e-08,-7.34375000e-04,3.04062500e-03,3.99687500e-03
-6.71812500e-08,-7.34687500e-04,3.04843750e-03,4.01250000e-03
-6.71412500e-08,-7.32812500e-04,3.06250000e-03,4.02500000e-03
-6.71012500e-08,-7.29062500e-04,3.07968750e-03,4.03750000e-03
-6.70612500e-08,-7.24062500e-04,3.10156250e-03,4.05000000e-03
-6.70212500e-08,-7.18125000e-04,3.12500000e-03,4.05937500e-03
-6.69812500e-08,-7.11875000e-04,3.15156250e-03,4.06562500e-03
-6.69412500e-08,-7.05312500e-04,3.17812500e-03,4.06875000e-03
-6.69012500e-08,-6.99375000e-04,3.20312500e-03,4.06875000e-03
-6.68612500e-08,-6.94375000e-04,3.22812500e-03,4.06562500e-03
-6.68212500e-08,-6.90625000e-04,3.25000000e-03,4.05937500e-03
-6.67812500e-08,-6.88125000e-04,3.26875000e-03,4.04687500e-03
-6.67412500e-08,-6.87187500e-04,3.28437500e-03,4.03125000e-03
-6.67012500e-08,-6.87812500e-04,3.29687500e-03,4.01562500e-03
-6.66612500e-08,-6.90000000e-04,3.30468750e-03,3.99375000e-03
-6.66212500e-08,-6.93437500e-04,3.31093750e-03,3.96875000e-03
-6.65812500e-08,-6.97812500e-04,3.31250000e-03,3.94375000e-03
-6.65412500e-08,-7.03125000e-04,3.31250000e-03,3.91562500e-03
-6.65012500e-08,-7.09062500e-04,3.31093750e-03,3.89062500e-03
-6.64612500e-08,-7.15312500e-04,3.30937500e-03,3.86250000e-03
-6.64212500e-08,-7.21250000e-04,3.30781250e-03,3.83437500e-03
-6.63812500e-08,-7.26562500e-04,3.30781250e-03,3.80937500e-03
-6.63412500e-08,-7.31250000e-04,3.30937500e-03,3.78750000e-03
-6.63012500e-08,-7.35000000e-04,3.31406250e-03,3.76875000e-03
-6.62612500e-08,-7.37500000e-04,3.32031250e-03,3.75312500e-03
-6.62212500e-08,-7.39062500e-04,3.32968750e-03,3.74062500e-03
-6.61812500e-08,-7.39062500e-04,3.34375000e-03,3.73437500e-03
-6.61412500e-08,-7.38437500e-04,3.35937500e-03,3.73125000e-03
-6.61012500e-08,-7.36562500e-04,3.37812500e-03,3.73437500e-03
-6.60612500e-08,-7.34062500e-04,3.39687500e-03,3.74375000e-03
-6.60212500e-08,-7.31250000e-04,3.41875000e-03,3.75625000e-03
-6.59812500e-08,-7.28125000e-04,3.43906250e-03,3.77187500e-03
-6.59412500e-08,-7.25312500e-04,3.45937500e-03,3.79375000e-03
-6.59012500e-08,-7.23125000e-04,3.47656250e-03,3.81875000e-03
-6.58612500e-08,-7.21562500e-04,3.49062500e-03,3.84687500e-03
-6.58212500e-08,-7.20937500e-04,3.50000000e-03,3.87812500e-03
-6.57812500e-08,-7.21562500e-04,3.50625000e-03,3.90937500e-03
-6.57412500e-08,-7.23750000e-04,3.50625000e-03,3.94062500e-03
-6.57012500e-08,-7.27187500e-04,3.50156250e-03,3.97187500e-03
-6.56612500e-08,-7.31875000e-04,3.49062500e-03,4.00312500e-03
-6.56212500e-08,-7.38125000e-04,3.47343750e-03,4.02812500e-03
-6.55812500e-08,-7.45312500e-04,3.45156250e-03,4.05312500e-03
-6.55412500e-08,-7.53125000e-04,3.42656250e-03,4.07500000e-03
-6.55012500e-08,-7.61875000e-04,3.39687500e-03,4.09062500e-03
-6.54612500e-08,-7.70625000e-04,3.36562500e-03,4.10000000e-03
-6.54212500e-08,-7.79375000e-04,3.33281250e-03,4.10625000e-03
-6.53812500e-08,-7.87500000e-04,3.30000000e-03,4.10625000e-03
-6.53412500e-08,-7.94687500e-04,3.26718750e-03,4.10312500e-03
-6.53012500e-08,-8.00937500e-04,3.23750000e-03,4.09375000e-03
-6.52612500e-08,-8.05625000e-04,3.21093750e-03,4.07812500e-03
-6.52212500e-08,-8.08437500e-04,3.18750000e-03,4.05937500e-03
-6.51812500e-08,-8.09375000e-04,3.17031250e-03,4.03750000e-03
-6.51412500e-08,-8.08125000e-04,3.15625000e-03,4.01250000e-03
-6.51012500e-08,-8.05312500e-04,3.14843750e-03,3.98750000e-03
-6.50612500e-08,-8.00312500e-04,3.14375000e-03,3.95937500e-03
-6.50212500e-08,-7.93437500e-04,3.14531250e-03,3.93437500e-03
-6.49812500e-08,-7.85312500e-04,3.15156250e-03,3.90937500e-03
-6.49412500e-08,-7.75937500e-04,3.15937500e-03,3.88437500e-03
-6.49012500e-08,-7.65625000e-04,3.17187500e-03,3.86562500e-03
-6.48612500e-08,-7.54687500e-04,3.18437500e-03,3.85000000e-03
-6.48212500e-08,-7.43750000e-04,3.19843750e-03,3.83750000e-03
-6.47812500e-08,-7.33125000e-04,3.21250000e-03,3.83125000e-03
-6.47412500e-08,-7.23125000e-04,3.22500000e-03,3.82812500e-03
-6.47012500e-08,-7.14375000e-04,3.23593750e-03,3.83125000e-03
-6.46612500e-08,-7.06875000e-04,3.24531250e-03,3.84062500e-03
-6.46212500e-08,-7.00937500e-04,3.25156250e-03,3.85000000e-03
-6.45812500e-08,-6.96875000e-04,3.25468750e-03,3.86562500e-03
-6.45412500e-08,-6.94687500e-04,3.25468750e-03,3.88437500e-03
-6.45012500e-08,-6.94375000e-04,3.25312500e-03,3.90312500e-03
-6.44612500e-08,-6.95937500e-04,3.24843750e-03,3.92187500e-03
-6.44212500e-08,-6.99062500e-04,3.24062500e-03,3.94375000e-03
-6.43812500e-08,-7.03750000e-04,3.23437500e-03,3.96250000e-03
-6.43412500e-08,-7.09687500e-04,3.22656250e-03,3.98125000e-03
-6.43012500e-08,-7.16250000e-04,3.21875000e-03,3.99687500e-03
-6.42612500e-08,-7.23125000e-04,3.21406250e-03,4.01250000e-03
-6.42212500e-08,-7.30000000e-04,3.20937500e-03,4.02187500e-03
-6.41812500e-08,-7.36562500e-04,3.20937500e-03,4.02812500e-03
-6.41412500e-08,-7.42187500e-04,3.21250000e-03,4.03125000e-03
-6.41012500e-08,-7.46875000e-04,3.21875000e-03,4.03125000e-03
-6.40612500e-08,-7.49687500e-04,3.22968750e-03,4.02812500e-03
-6.40212500e-08,-7.51250000e-04,3.24375000e-03,4.02187500e-03
-6.39812500e-08,-7.50625000e-04,3.26093750e-03,4.01562500e-03
-6.39412500e-08,-7.48437500e-04,3.28125000e-03,4.00625000e-03
-6.39012500e-08,-7.44375000e-04,3.30312500e-03,3.99687500e-03
-6.38612500e-08,-7.38437500e-04,3.32812500e-03,3.98750000e-03
-6.38212500e-08,-7.31250000e-04,3.35156250e-03,3.98125000e-03
-6.37812500e-08,-7.22500000e-04,3.37500000e-03,3.97500000e-03
-6.37412500e-08,-7.13437500e-04,3.39843750e-03,3.97187500e-03
-6.37012500e-08,-7.03750000e-04,3.41718750e-03,3.97187500e-03
-6.36612500e-08,-6.94062500e-04,3.43281250e-03,3.97500000e-03
-6.36212500e-08,-6.85000000e-04,3.44531250e-03,3.97812500e-03
-6.35812500e-08,-6.76562500e-04,3.45156250e-03,3.98437500e-03
-6.35412500e-08,-6.69687500e-04,3.45312500e-03,3.99375000e-03
-6.35012500e-08,-6.64375000e-04,3.45000000e-03,4.00312500e-03
-6.34612500e-08,-6.61250000e-04,3.44218750e-03,4.01250000e-03
-6.34212500e-08,-6.60000000e-04,3.42812500e-03,4.02187500e-03
-6.33812500e-08,-6.60625000e-04,3.41093750e-03,4.03125000e-03
-6.33412500e-08,-6.63750000e-04,3.39062500e-03,4.04062500e-03
-6.33012500e-08,-6.68750000e-04,3.36875000e-03,4.04375000e-03
-6.32612500e-08,-6.75312500e-04,3.34687500e-03,4.04687500e-03
-6.32212500e-08,-6.83437500e-04,3.32343750e-03,4.04687500e-03
-6.31812500e-08,-6.92812500e-04,3.30156250e-03,4.04062500e-03
-6.31412500e-08,-7.02187500e-04,3.28437500e-03,4.03437500e-03
-6.31012500e-08,-7.12187500e-04,3.26875000e-03,4.02500000e-03
-6.30612500e-08,-7.21250000e-04,3.25781250e-03,4.01250000e-03
-6.30212500e-08,-7.29687500e-04,3.25312500e-03,4.00000000e-03
-6.29812500e-08,-7.36562500e-04,3.25312500e-03,3.98437500e-03
-6.29412500e-08,-7.41562500e-04,3.25781250e-03,3.96875000e-03
-6.29012500e-08,-7.44375000e-04,3.26875000e-03,3.95625000e-03
-6.28612500e-08,-7.44687500e-04,3.28437500e-03,3.94687500e-03
-6.28212500e-08,-7.42812500e-04,3.30312500e-03,3.93750000e-03
-6.27812500e-08,-7.38437500e-04,3.32500000e-03,3.93437500e-03
-6.27412500e-08,-7.31562500e-04,3.34843750e-03,3.93437500e-03
-6.27012500e-08,-7.22500000e-04,3.37031250e-03,3.94062500e-03
-6.26612500e-08,-7.11875000e-04,3.39375000e-03,3.95000000e-03
-6.26212500e-08,-7.00000000e-04,3.41250000e-03,3.96562500e-03
-6.25812500e-08,-6.87187500e-04,3.42812500e-03,3.98125000e-03
-6.25412500e-08,-6.74062500e-04,3.43906250e-03,4.00312500e-03
-6.25012500e-08,-6.61250000e-04,3.44531250e-03,4.02500000e-03
-6.24612500e-08,-6.49687500e-04,3.44375000e-03,4.04687500e-03
-6.24212500e-08,-6.39375000e-04,3.43437500e-03,4.06875000e-03
-6.23812500e-08,-6.30937500e-04,3.42031250e-03,4.08750000e-03
-6.23412500e-08,-6.25000000e-04,3.39843750e-03,4.10312500e-03
-6.23012500e-08,-6.21562500e-04,3.37187500e-03,4.11250000e-03
-6.22612500e-08,-6.21250000e-04,3.33906250e-03,4.11562500e-03
-6.22212500e-08,-6.24062500e-04,3.30468750e-03,4.11250000e-03
-6.21812500e-08,-6.29687500e-04,3.26562500e-03,4.10000000e-03
-6.21412500e-08,-6.38437500e-04,3.22812500e-03,4.07812500e-03
-6.21012500e-08,-6.49687500e-04,3.19062500e-03,4.05000000e-03
-6.20612500e-08,-6.63125000e-04,3.15625000e-03,4.01562500e-03
-6.20212500e-08,-6.78437500e-04,3.12500000e-03,3.97500000e-03
-6.19812500e-08,-6.95312500e-04,3.10000000e-03,3.92812500e-03
-6.19412500e-08,-7.12812500e-04,3.08125000e-03,3.87812500e-03
-6.19012500e-08,-7.30937500e-04,3.06875000e-03,3.82500000e-03
-6.18612500e-08,-7.48437500e-04,3.06562500e-03,3.77500000e-03
-6.18212500e-08,-7.65312500e-04,3.06875000e-03,3.72500000e-03
-6.17812500e-08,-7.80625000e-04,3.08125000e-03,3.68125000e-03
-6.17412500e-08,-7.94375000e-04,3.10000000e-03,3.64062500e-03
-6.17012500e-08,-8.06250000e-04,3.12500000e-03,3.61250000e-03
-6.16612500e-08,-8.15625000e-04,3.15468750e-03,3.58750000e-03
-6.16212500e-08,-8.22500000e-04,3.18750000e-03,3.57500000e-03
-6.15812500e-08,-8.26875000e-04,3.22343750e-03,3.57500000e-03
-6.15412500e-08,-8.28750000e-04,3.26093750e-03,3.58125000e-03
-6.15012500e-08,-8.28125000e-04,3.29687500e-03,3.60000000e-03
-6.14612500e-08,-8.25312500e-04,3.33125000e-03,3.62500000e-03
-6.14212500e-08,-8.20625000e-04,3.36093750e-03,3.65625000e-03
-6.13812500e-08,-8.14062500e-04,3.38750000e-03,3.69687500e-03
-6.13412500e-08,-8.06562500e-04,3.40937500e-03,3.74062500e-03
-6.13012500e-08,-7.97812500e-04,3.42500000e-03,3.78750000e-03
-6.12612500e-08,-7.88750000e-04,3.43593750e-03,3.83437500e-03
-6.12212500e-08,-7.79375000e-04,3.44062500e-03,3.87812500e-03
-6.11812500e-08,-7.70000000e-04,3.44062500e-03,3.92187500e-03
-6.11412500e-08,-7.61562500e-04,3.43750000e-03,3.95937500e-03
-6.11012500e-08,-7.53750000e-04,3.42968750e-03,3.99375000e-03
-6.10612500e-08,-7.47187500e-04,3.42031250e-03,4.02187500e-03
-6.10212500e-08,-7.41562500e-04,3.40781250e-03,4.04375000e-03
-6.09812500e-08,-7.37812500e-04,3.39687500e-03,4.05937500e-03
-6.09412500e-08,-7.35312500e-04,3.38750000e-03,4.06875000e-03
-6.09012500e-08,-7.34687500e-04,3.37812500e-03,4.07187500e-03
-6.08612500e-08,-7.35312500e-04,3.37187500e-03,4.06875000e-03
-6.08212500e-08,-7.37500000e-04,3.36875000e-03,4.06562500e-03
-6.07812500e-08,-7.41250000e-04,3.37031250e-03,4.05937500e-03
-6.07412500e-08,-7.46250000e-04,3.37343750e-03,4.05000000e-03
-6.07012500e-08,-7.52500000e-04,3.38125000e-03,4.04062500e-03
-6.06612500e-08,-7.59375000e-04,3.39062500e-03,4.03125000e-03
-6.06212500e-08,-7.66875000e-04,3.40156250e-03,4.02187500e-03
-6.05812500e-08,-7.75000000e-04,3.41562500e-03,4.01562500e-03
-6.05412500e-08,-7.83125000e-04,3.42812500e-03,4.01250000e-03
-6.05012500e-08,-7.91250000e-04,3.44062500e-03,4.00937500e-03
-6.04612500e-08,-7.98750000e-04,3.45000000e-03,4.00937500e-03
-6.04212500e-08,-8.05625000e-04,3.45781250e-03,4.01250000e-03
-6.03812500e-08,-8.11562500e-04,3.46250000e-03,4.01250000e-03
-6.03412500e-08,-8.16562500e-04,3.46250000e-03,4.01250000e-03
-6.03012500e-08,-8.20000000e-04,3.45781250e-03,4.01250000e-03
-6.02612500e-08,-8.21562500e-04,3.45000000e-03,4.01250000e-03
-6.02212500e-08,-8.21875000e-04,3.43593750e-03,4.00625000e-03
-6.01812500e-08,-8.20312500e-04,3.42031250e-03,3.99687500e-03
-6.01412500e-08,-8.16562500e-04,3.39843750e-03,3.98437500e-03
-6.01012500e-08,-8.11250000e-04,3.37656250e-03,3.96875000e-03
-6.00612500e-08,-8.04375000e-04,3.35156250e-03,3.95000000e-03
-6.00212500e-08,-7.95625000e-04,3.32656250e-03,3.92500000e-03
-5.99812500e-08,-7.85625000e-04,3.30156250e-03,3.89687500e-03
-5.99412500e-08,-7.74375000e-04,3.27656250e-03,3.86875000e-03
-5.99012500e-08,-7.61875000e-04,3.25625000e-03,3.83750000e-03
-5.98612500e-08,-7.49062500e-04,3.23750000e-03,3.80937500e-03
-5.98212500e-08,-7.35937500e-04,3.22187500e-03,3.78125000e-03
-5.97812500e-08,-7.22500000e-04,3.21250000e-03,3.75625000e-03
-5.97412500e-08,-7.09687500e-04,3.20468750e-03,3.73437500e-03
-5.97012500e-08,-6.97187500e-04,3.20312500e-03,3.71875000e-03
-5.96612500e-08,-6.85937500e-04,3.20312500e-03,3.71250000e-03
-5.96212500e-08,-6.75625000e-04,3.20781250e-03,3.70937500e-03
-5.95812500e-08,-6.66562500e-04,3.21406250e-03,3.71562500e-03
-5.95412500e-08,-6.59375000e-04,3.22187500e-03,3.72812500e-03
-5.95012500e-08,-6.53437500e-04,3.23125000e-03,3.75000000e-03
-5.94612500e-08,-6.49375000e-04,3.23906250e-03,3.77500000e-03
-5.94212500e-08,-6.46875000e-04,3.24687500e-03,3.80937500e-03
-5.93812500e-08,-6.45937500e-04,3.25156250e-03,3.84687500e-03
-5.93412500e-08,-6.46250000e-04,3.25468750e-03,3.88437500e-03
-5.93012500e-08,-6.47812500e-04,3.25468750e-03,3.92812500e-03
-5.92612500e-08,-6.50312500e-04,3.25000000e-03,3.96875000e-03
-5.92212500e-08,-6.53437500e-04,3.24375000e-03,4.00625000e-03
-5.91812500e-08,-6.57187500e-04,3.23281250e-03,4.04375000e-03
-5.91412500e-08,-6.60937500e-04,3.22031250e-03,4.07500000e-03
-5.91012500e-08,-6.65000000e-04,3.20625000e-03,4.09687500e-03
-5.90612500e-08,-6.68750000e-04,3.18906250e-03,4.11562500e-03
-5.90212500e-08,-6.72187500e-04,3.17343750e-03,4.12500000e-03
-5.89812500e-08,-6.75000000e-04,3.15781250e-03,4.12500000e-03
-5.89412500e-08,-6.77812500e-04,3.14218750e-03,4.11875000e-03
-5.89012500e-08,-6.80000000e-04,3.12968750e-03,4.10312500e-03
-5.88612500e-08,-6.81875000e-04,3.12031250e-03,4.08125000e-03
-5.88212500e-08,-6.83437500e-04,3.11406250e-03,4.05000000e-03
-5.87812500e-08,-6.85000000e-04,3.11250000e-03,4.01562500e-03
-5.87412500e-08,-6.86875000e-04,3.11406250e-03,3.97812500e-03
-5.87012500e-08,-6.88750000e-04,3.12187500e-03,3.93750000e-03
-5.86612500e-08,-6.91250000e-04,3.13125000e-03,3.89375000e-03
-5.86212500e-08,-6.94687500e-04,3.14687500e-03,3.85312500e-03
-5.85812500e-08,-6.99062500e-04,3.16406250e-03,3.81250000e-03
-5.85412500e-08,-7.04375000e-04,3.18281250e-03,3.77187500e-03
-5.85012500e-08,-7.10937500e-04,3.20468750e-03,3.73750000e-03
-5.84612500e-08,-7.18437500e-04,3.22812500e-03,3.70625000e-03
-5.84212500e-08,-7.27500000e-04,3.25000000e-03,3.67812500e-03
-5.83812500e-08,-7.37187500e-04,3.27031250e-03,3.65625000e-03
-5.83412500e-08,-7.47812500e-04,3.29062500e-03,3.64062500e-03
-5.83012500e-08,-7.59375000e-04,3.30781250e-03,3.62812500e-03
-5.82612500e-08,-7.70937500e-04,3.32343750e-03,3.62187500e-03
-5.82212500e-08,-7.82812500e-04,3.33437500e-03,3.61875000e-03
-5.81812500e-08,-7.94062500e-04,3.34218750e-03,3.62187500e-03
-5.81412500e-08,-8.04687500e-04,3.34687500e-03,3.62500000e-03
-5.81012500e-08,-8.14062500e-04,3.34843750e-03,3.63125000e-03
-5.80612500e-08,-8.21875000e-04,3.34687500e-03,3.63750000e-03
-5.80212500e-08,-8.28125000e-04,3.34375000e-03,3.64687500e-03
-5.79812500e-08,-8.32187500e-04,3.33593750e-03,3.65312500e-03
-5.79412500e-08,-8.34062500e-04,3.32812500e-03,3.66250000e-03
-5.79012500e-08,-8.33437500e-04,3.31718750e-03,3.66875000e-03
-5.78612500e-08,-8.30625000e-04,3.30625000e-03,3.67500000e-03
-5.78212500e-08,-8.25000000e-04,3.29531250e-03,3.67812500e-03
-5.77812500e-08,-8.17500000e-04,3.28125000e-03,3.68125000e-03
-5.77412500e-08,-8.07812500e-04,3.26875000e-03,3.68125000e-03
-5.77012500e-08,-7.96250000e-04,3.25625000e-03,3.68125000e-03
-5.76612500e-08,-7.83125000e-04,3.24375000e-03,3.68125000e-03
-5.76212500e-08,-7.69375000e-04,3.23125000e-03,3.67812500e-03
-5.75812500e-08,-7.55000000e-04,3.21875000e-03,3.67187500e-03
-5.75412500e-08,-7.40625000e-04,3.20468750e-03,3.66875000e-03
-5.75012500e-08,-7.26562500e-04,3.19218750e-03,3.66562500e-03
-5.74612500e-08,-7.13437500e-04,3.17968750e-03,3.65937500e-03
-5.74212500e-08,-7.01875000e-04,3.16718750e-03,3.65937500e-03
-5.73812500e-08,-6.91875000e-04,3.15468750e-03,3.65625000e-03
-5.73412500e-08,-6.84062500e-04,3.14375000e-03,3.65625000e-03
-5.73012500e-08,-6.78750000e-04,3.13125000e-03,3.65937500e-03
-5.72612500e-08,-6.76250000e-04,3.12187500e-03,3.66562500e-03
-5.72212500e-08,-6.76250000e-04,3.11250000e-03,3.67187500e-03
-5.71812500e-08,-6.79062500e-04,3.10312500e-03,3.68125000e-03
-5.71412500e-08,-6.84687500e-04,3.09843750e-03,3.69375000e-03
-5.71012500e-08,-6.92812500e-04,3.09375000e-03,3.70937500e-03
-5.70612500e-08,-7.03125000e-04,3.09218750e-03,3.72812500e-03
-5.70212500e-08,-7.15312500e-04,3.09375000e-03,3.74687500e-03
-5.69812500e-08,-7.29375000e-04,3.09843750e-03,3.76875000e-03
-5.69412500e-08,-7.44375000e-04,3.10468750e-03,3.79062500e-03
-5.69012500e-08,-7.60000000e-04,3.11406250e-03,3.81562500e-03
-5.68612500e-08,-7.75937500e-04,3.12656250e-03,3.83750000e-03
-5.68212500e-08,-7.91562500e-04,3.14062500e-03,3.85937500e-03
-5.67812500e-08,-8.06250000e-04,3.15625000e-03,3.88125000e-03
-5.67412500e-08,-8.19687500e-04,3.17187500e-03,3.90000000e-03
-5.67012500e-08,-8.31250000e-04,3.18906250e-03,3.91562500e-03
-5.66612500e-08,-8.40937500e-04,3.20468750e-03,3.92812500e-03
-5.66212500e-08,-8.48437500e-04,3.22031250e-03,3.93750000e-03
-5.65812500e-08,-8.53125000e-04,3.23281250e-03,3.94062500e-03
-5.65412500e-08,-8.55000000e-04,3.24375000e-03,3.94062500e-03
-5.65012500e-08,-8.54375000e-04,3.25000000e-03,3.93437500e-03
-5.64612500e-08,-8.50937500e-04,3.25468750e-03,3.92500000e-03
-5.64212500e-08,-8.45000000e-04,3.25468750e-03,3.91250000e-03
-5.63812500e-08,-8.36562500e-04,3.25312500e-03,3.89375000e-03
-5.63412500e-08,-8.26562500e-04,3.24687500e-03,3.87187500e-03
-5.63012500e-08,-8.14687500e-04,3.23750000e-03,3.85000000e-03
-5.62612500e-08,-8.01562500e-04,3.22500000e-03,3.82187500e-03
-5.62212500e-08,-7.88125000e-04,3.21250000e-03,3.79687500e-03
-5.61812500e-08,-7.74375000e-04,3.19687500e-03,3.77187500e-03
-5.61412500e-08,-7.60937500e-04,3.18281250e-03,3.74687500e-03
-5.61012500e-08,-7.48750000e-04,3.16875000e-03,3.72500000e-03
-5.60612500e-08,-7.37812500e-04,3.15468750e-03,3.70625000e-03
-5.60212500e-08,-7.28750000e-04,3.14375000e-03,3.69062500e-03
-5.59812500e-08,-7.21875000e-04,3.13437500e-03,3.68125000e-03
-5.59412500e-08,-7.17500000e-04,3.12812500e-03,3.67500000e-03
-5.59012500e-08,-7.16250000e-04,3.12500000e-03,3.67500000e-03
-5.58612500e-08,-7.17500000e-04,3.12500000e-03,3.68125000e-03
-5.58212500e-08,-7.21875000e-04,3.12656250e-03,3.69375000e-03
-5.57812500e-08,-7.29062500e-04,3.13125000e-03,3.71250000e-03
-5.57412500e-08,-7.38750000e-04,3.13750000e-03,3.73437500e-03
-5.57012500e-08,-7.50625000e-04,3.14531250e-03,3.76250000e-03
-5.56612500e-08,-7.64687500e-04,3.15312500e-03,3.79062500e-03
-5.56212500e-08,-7.79687500e-04,3.15937500e-03,3.82500000e-03
-5.55812500e-08,-7.95937500e-04,3.16562500e-03,3.85937500e-03
-5.55412500e-08,-8.12187500e-04,3.17031250e-03,3.89375000e-03
-5.55012500e-08,-8.28125000e-04,3.17187500e-03,3.92812500e-03
-5.54612500e-08,-8.43125000e-04,3.17187500e-03,3.95937500e-03
-5.54212500e-08,-8.56562500e-04,3.16875000e-03,3.99062500e-03
-5.53812500e-08,-8.68125000e-04,3.16093750e-03,4.01562500e-03
-5.53412500e-08,-8.76875000e-04,3.15156250e-03,4.03750000e-03
-5.53012500e-08,-8.82812500e-04,3.13906250e-03,4.05625000e-03
-5.52612500e-08,-8.85937500e-04,3.12500000e-03,4.07187500e-03
-5.52212500e-08,-8.85312500e-04,3.11093750e-03,4.08125000e-03
-5.51812500e-08,-8.81562500e-04,3.09531250e-03,4.08437500e-03
-5.51412500e-08,-8.74375000e-04,3.07968750e-03,4.08437500e-03
-5.51012500e-08,-8.64375000e-04,3.06718750e-03,4.08125000e-03
-5.50612500e-08,-8.51562500e-04,3.05625000e-03,4.07500000e-03
-5.50212500e-08,-8.36250000e-04,3.04687500e-03,4.06250000e-03
-5.49812500e-08,-8.19062500e-04,3.04218750e-03,4.05312500e-03
-5.49412500e-08,-8.00625000e-04,3.04218750e-03,4.03750000e-03
-5.49012500e-08,-7.81562500e-04,3.04531250e-03,4.02500000e-03
-5.48612500e-08,-7.62187500e-04,3.05312500e-03,4.01250000e-03
-5.48212500e-08,-7.43125000e-04,3.06406250e-03,4.00000000e-03
-5.47812500e-08,-7.25312500e-04,3.07812500e-03,3.98750000e-03
-5.47412500e-08,-7.08437500e-04,3.09375000e-03,3.97812500e-03
-5.47012500e-08,-6.93750000e-04,3.11093750e-03,3.96875000e-03
-5.46612500e-08,-6.80937500e-04,3.12968750e-03,3.96562500e-03
-5.46212500e-08,-6.70625000e-04,3.14687500e-03,3.96250000e-03
-5.45812500e-08,-6.62812500e-04,3.16250000e-03,3.95937500e-03
-5.45412500e-08,-6.57500000e-04,3.17500000e-03,3.96250000e-03
-5.45012500e-08,-6.54687500e-04,3.18437500e-03,3.96562500e-03
-5.44612500e-08,-6.53750000e-04,3.18906250e-03,3.96875000e-03
-5.44212500e-08,-6.55000000e-04,3.18750000e-03,3.97500000e-03
-5.43812500e-08,-6.58125000e-04,3.18281250e-03,3.98125000e-03
-5.43412500e-08,-6.62187500e-04,3.17187500e-03,3.98750000e-03
-5.43012500e-08,-6.67500000e-04,3.15781250e-03,3.99062500e-03
-5.42612500e-08,-6.73437500e-04,3.13906250e-03,3.99375000e-03
-5.42212500e-08,-6.79375000e-04,3.11718750e-03,3.99375000e-03
-5.41812500e-08,-6.85000000e-04,3.09218750e-03,3.99062500e-03
-5.41412500e-08,-6.90625000e-04,3.06718750e-03,3.98437500e-03
-5.41012500e-08,-6.95312500e-04,3.04218750e-03,3.97812500e-03
-5.40612500e-08,-6.99375000e-04,3.01875000e-03,3.96562500e-03
-5.40212500e-08,-7.02500000e-04,2.99843750e-03,3.94687500e-03
-5.39812500e-08,-7.04687500e-04,2.98281250e-03,3.92812500e-03
-5.39412500e-08,-7.06250000e-04,2.97031250e-03,3.90625000e-03
-5.39012500e-08,-7.06875000e-04,2.96406250e-03,3.87812500e-03
-5.38612500e-08,-7.06875000e-04,2.96406250e-03,3.85000000e-03
-5.38212500e-08,-7.06875000e-04,2.96875000e-03,3.82187500e-03
-5.37812500e-08,-7.06562500e-04,2.97968750e-03,3.79062500e-03
-5.37412500e-08,-7.06250000e-04,2.99531250e-03,3.75937500e-03
-5.37012500e-08,-7.06250000e-04,3.01562500e-03,3.72812500e-03
-5.36612500e-08,-7.06875000e-04,3.03906250e-03,3.69687500e-03
-5.36212500e-08,-7.07812500e-04,3.06562500e-03,3.67187500e-03
-5.35812500e-08,-7.09687500e-04,3.09218750e-03,3.64687500e-03
-5.35412500e-08,-7.12500000e-04,3.12031250e-03,3.62812500e-03
-5.35012500e-08,-7.15937500e-04,3.14531250e-03,3.61250000e-03
-5.34612500e-08,-7.20000000e-04,3.16875000e-03,3.60312500e-03
-5.34212500e-08,-7.25000000e-04,3.18906250e-03,3.60000000e-03
-5.33812500e-08,-7.30000000e-04,3.20625000e-03,3.60312500e-03
-5.33412500e-08,-7.35625000e-04,3.21718750e-03,3.60937500e-03
-5.33012500e-08,-7.40937500e-04,3.22500000e-03,3.62500000e-03
-5.32612500e-08,-7.46250000e-04,3.22812500e-03,3.64375000e-03
-5.32212500e-08,-7.51250000e-04,3.22656250e-03,3.66875000e-03
-5.31812500e-08,-7.55312500e-04,3.22031250e-03,3.69687500e-03
-5.31412500e-08,-7.58750000e-04,3.21250000e-03,3.72812500e-03
-5.31012500e-08,-7.61250000e-04,3.20312500e-03,3.76250000e-03
-5.30612500e-08,-7.62500000e-04,3.19218750e-03,3.79687500e-03
-5.30212500e-08,-7.62812500e-04,3.18281250e-03,3.83437500e-03
-5.29812500e-08,-7.62187500e-04,3.17343750e-03,3.86875000e-03
-5.29412500e-08,-7.60625000e-04,3.16718750e-03,3.90000000e-03
-5.29012500e-08,-7.58125000e-04,3.16250000e-03,3.93125000e-03
-5.28612500e-08,-7.55000000e-04,3.16093750e-03,3.95937500e-03
-5.28212500e-08,-7.51250000e-04,3.16406250e-03,3.98125000e-03
-5.27812500e-08,-7.47500000e-04,3.17031250e-03,4.00312500e-03
-5.27412500e-08,-7.43437500e-04,3.17968750e-03,4.01562500e-03
-5.27012500e-08,-7.39687500e-04,3.19375000e-03,4.02812500e-03
-5.26612500e-08,-7.36250000e-04,3.20781250e-03,4.03437500e-03
-5.26212500e-08,-7.33437500e-04,3.22343750e-03,4.03750000e-03
-5.25812500e-08,-7.31250000e-04,3.24062500e-03,4.03750000e-03
-5.25412500e-08,-7.29687500e-04,3.25625000e-03,4.03437500e-03
-5.25012500e-08,-7.29062500e-04,3.27187500e-03,4.03125000e-03
-5.24612500e-08,-7.29375000e-04,3.28281250e-03,4.02500000e-03
-5.24212500e-08,-7.30000000e-04,3.29218750e-03,4.01875000e-03
-5.23812500e-08,-7.31562500e-04,3.29687500e-03,4.01250000e-03
-5.23412500e-08,-7.33125000e-04,3.29687500e-03,4.00937500e-03
-5.23012500e-08,-7.35312500e-04,3.29375000e-03,4.00312500e-03
-5.22612500e-08,-7.37500000e-04,3.28593750e-03,4.00312500e-03
-5.22212500e-08,-7.39375000e-04,3.27343750e-03,4.00312500e-03
-5.21812500e-08,-7.41250000e-04,3.25937500e-03,4.00625000e-03
-5.21412500e-08,-7.42500000e-04,3.24218750e-03,4.00937500e-03
-5.21012500e-08,-7.43125000e-04,3.22500000e-03,4.01875000e-03
-5.20612500e-08,-7.43125000e-04,3.20781250e-03,4.02500000e-03
-5.20212500e-08,-7.42812500e-04,3.19062500e-03,4.03437500e-03
-5.19812500e-08,-7.41562500e-04,3.17656250e-03,4.04375000e-03
-5.19412500e-08,-7.39687500e-04,3.16562500e-03,4.05625000e-03
-5.19012500e-08,-7.37500000e-04,3.15937500e-03,4.06562500e-03
-5.18612500e-08,-7.35000000e-04,3.15781250e-03,4.07500000e-03
-5.18212500e-08,-7.32500000e-04,3.16250000e-03,4.08437500e-03
-5.17812500e-08,-7.30312500e-04,3.17031250e-03,4.09062500e-03
-5.17412500e-08,-7.28437500e-04,3.18437500e-03,4.09375000e-03
-5.17012500e-08,-7.26875000e-04,3.20312500e-03,4.09687500e-03
-5.16612500e-08,-7.26250000e-04,3.22500000e-03,4.10000000e-03
-5.16212500e-08,-7.26250000e-04,3.24843750e-03,4.09687500e-03
-5.15812500e-08,-7.27500000e-04,3.27343750e-03,4.09375000e-03
-5.15412500e-08,-7.29687500e-04,3.29843750e-03,4.08750000e-03
-5.15012500e-08,-7.33125000e-04,3.32187500e-03,4.07812500e-03
-5.14612500e-08,-7.37187500e-04,3.34062500e-03,4.06875000e-03
-5.14212500e-08,-7.42187500e-04,3.35625000e-03,4.05937500e-03
-5.13812500e-08,-7.47812500e-04,3.36718750e-03,4.04687500e-03
-5.13412500e-08,-7.54062500e-04,3.37031250e-03,4.03437500e-03
-5.13012500e-08,-7.60000000e-04,3.36718750e-03,4.01875000e-03
-5.12612500e-08,-7.65937500e-04,3.35781250e-03,4.00625000e-03
-5.12212500e-08,-7.71250000e-04,3.34062500e-03,3.99375000e-03
-5.11812500e-08,-7.75937500e-04,3.31718750e-03,3.98125000e-03
-5.11412500e-08,-7.79062500e-04,3.28750000e-03,3.96875000e-03
-5.11012500e-08,-7.80937500e-04,3.25468750e-03,3.95937500e-03
-5.10612500e-08,-7.81250000e-04,3.21875000e-03,3.95000000e-03
-5.10212500e-08,-7.79687500e-04,3.18125000e-03,3.94062500e-03
-5.09812500e-08,-7.76250000e-04,3.14531250e-03,3.93437500e-03
-5.09412500e-08,-7.70937500e-04,3.10937500e-03,3.93125000e-03
-5.09012500e-08,-7.63750000e-04,3.07656250e-03,3.92812500e-03
-5.08612500e-08,-7.54687500e-04,3.05000000e-03,3.92812500e-03
-5.08212500e-08,-7.44062500e-04,3.02812500e-03,3.93125000e-03
-5.07812500e-08,-7.32500000e-04,3.01406250e-03,3.93750000e-03
-5.07412500e-08,-7.19687500e-04,3.00625000e-03,3.94687500e-03
-5.07012500e-08,-7.06562500e-04,3.00625000e-03,3.95625000e-03
-5.06612500e-08,-6.93125000e-04,3.01406250e-03,3.96875000e-03
-5.06212500e-08,-6.80000000e-04,3.02968750e-03,3.98125000e-03
-5.05812500e-08,-6.67500000e-04,3.05000000e-03,4.00000000e-03
-5.05412500e-08,-6.55937500e-04,3.07656250e-03,4.01562500e-03
-5.05012500e-08,-6.45937500e-04,3.10625000e-03,4.03437500e-03
-5.04612500e-08,-6.37187500e-04,3.13906250e-03,4.05000000e-03
-5.04212500e-08,-6.30625000e-04,3.17187500e-03,4.06562500e-03
-5.03812500e-08,-6.26250000e-04,3.20468750e-03,4.08125000e-03
-5.03412500e-08,-6.23750000e-04,3.23593750e-03,4.09062500e-03
-5.03012500e-08,-6.23437500e-04,3.26406250e-03,4.10000000e-03
-5.02612500e-08,-6.25625000e-04,3.28750000e-03,4.10312500e-03
-5.02212500e-08,-6.29687500e-04,3.30625000e-03,4.10000000e-03
-5.01812500e-08,-6.35625000e-04,3.32031250e-03,4.09375000e-03
-5.01412500e-08,-6.43437500e-04,3.32812500e-03,4.08125000e-03
-5.01012500e-08,-6.52812500e-04,3.32968750e-03,4.06250000e-03
-5.00612500e-08,-6.63125000e-04,3.32656250e-03,4.03750000e-03
-5.00212500e-08,-6.74375000e-04,3.31718750e-03,4.00937500e-03
-4.99812500e-08,-6.85937500e-04,3.30312500e-03,3.97500000e-03
-4.99412500e-08,-6.98125000e-04,3.28593750e-03,3.93750000e-03
-4.99012500e-08,-7.10000000e-04,3.26562500e-03,3.89687500e-03
-4.98612500e-08,-7.21250000e-04,3.24375000e-03,3.85625000e-03
-4.98212500e-08,-7.32187500e-04,3.22187500e-03,3.81562500e-03
-4.97812500e-08,-7.42187500e-04,3.19843750e-03,3.77812500e-03
-4.97412500e-08,-7.50937500e-04,3.17656250e-03,3.74062500e-03
-4.97012500e-08,-7.58750000e-04,3.15468750e-03,3.70937500e-03
-4.96612500e-08,-7.65312500e-04,3.13593750e-03,3.68437500e-03
-4.96212500e-08,-7.70625000e-04,3.11875000e-03,3.66562500e-03
-4.95812500e-08,-7.74687500e-04,3.10468750e-03,3.65625000e-03
-4.95412500e-08,-7.77812500e-04,3.09218750e-03,3.65000000e-03
-4.95012500e-08,-7.79687500e-04,3.08281250e-03,3.65625000e-03
-4.94612500e-08,-7.80312500e-04,3.07500000e-03,3.66875000e-03
-4.94212500e-08,-7.80625000e-04,3.07031250e-03,3.68750000e-03
-4.93812500e-08,-7.80000000e-04,3.06718750e-03,3.71250000e-03
-4.93412500e-08,-7.78750000e-04,3.06562500e-03,3.74375000e-03
-4.93012500e-08,-7.77187500e-04,3.06562500e-03,3.77812500e-03
-4.92612500e-08,-7.75312500e-04,3.06562500e-03,3.81250000e-03
-4.92212500e-08,-7.73125000e-04,3.06875000e-03,3.85312500e-03
-4.91812500e-08,-7.71250000e-04,3.07187500e-03,3.89062500e-03
-4.91412500e-08,-7.69062500e-04,3.07656250e-03,3.92500000e-03
-4.91012500e-08,-7.66562500e-04,3.08125000e-03,3.95625000e-03
-4.90612500e-08,-7.64375000e-04,3.08750000e-03,3.98750000e-03
-4.90212500e-08,-7.62187500e-04,3.09531250e-03,4.00937500e-03
-4.89812500e-08,-7.59687500e-04,3.10312500e-03,4.02812500e-03
-4.89412500e-08,-7.56875000e-04,3.11250000e-03,4.04062500e-03
-4.89012500e-08,-7.53750000e-04,3.12343750e-03,4.05000000e-03
-4.88612500e-08,-7.50312500e-04,3.13437500e-03,4.05312500e-03
-4.88212500e-08,-7.46250000e-04,3.14531250e-03,4.05000000e-03
-4.87812500e-08,-7.41875000e-04,3.15781250e-03,4.04687500e-03
-4.87412500e-08,-7.36875000e-04,3.17031250e-03,4.04062500e-03
-4.87012500e-08,-7.31250000e-04,3.18281250e-03,4.03125000e-03
-4.86612500e-08,-7.25312500e-04,3.19375000e-03,4.02187500e-03
-4.86212500e-08,-7.18750000e-04,3.20312500e-03,4.01562500e-03
-4.85812500e-08,-7.11562500e-04,3.21093750e-03,4.00937500e-03
-4.85412500e-08,-7.04687500e-04,3.21718750e-03,4.00312500e-03
-4.85012500e-08,-6.97500000e-04,3.22031250e-03,4.00312500e-03
-4.84612500e-08,-6.90937500e-04,3.22031250e-03,4.00312500e-03
-4.84212500e-08,-6.84687500e-04,3.21875000e-03,4.00625000e-03
-4.83812500e-08,-6.79062500e-04,3.21406250e-03,4.00937500e-03
-4.83412500e-08,-6.75000000e-04,3.20781250e-03,4.01562500e-03
-4.83012500e-08,-6.71875000e-04,3.19843750e-03,4.02187500e-03
-4.82612500e-08,-6.70312500e-04,3.18750000e-03,4.02812500e-03
-4.82212500e-08,-6.70625000e-04,3.17500000e-03,4.03437500e-03
-4.81812500e-08,-6.72812500e-04,3.16406250e-03,4.03750000e-03
-4.81412500e-08,-6.76875000e-04,3.15156250e-03,4.03750000e-03
-4.81012500e-08,-6.83125000e-04,3.14062500e-03,4.03125000e-03
-4.80612500e-08,-6.90937500e-04,3.13125000e-03,4.02500000e-03
-4.80212500e-08,-7.00312500e-04,3.12343750e-03,4.00937500e-03
-4.79812500e-08,-7.10937500e-04,3.11875000e-03,3.99375000e-03
-4.79412500e-08,-7.22812500e-04,3.11562500e-03,3.97187500e-03
-4.79012500e-08,-7.35312500e-04,3.11562500e-03,3.94687500e-03
-4.78612500e-08,-7.47812500e-04,3.11875000e-03,3.91875000e-03
-4.78212500e-08,-7.60000000e-04,3.12343750e-03,3.88750000e-03
-4.77812500e-08,-7.71250000e-04,3.12812500e-03,3.85937500e-03
-4.77412500e-08,-7.81250000e-04,3.13437500e-03,3.82812500e-03
-4.77012500e-08,-7.89375000e-04,3.14062500e-03,3.80312500e-03
-4.76612500e-08,-7.95312500e-04,3.14531250e-03,3.77812500e-03
-4.76212500e-08,-7.98437500e-04,3.14531250e-03,3.75625000e-03
-4.75812500e-08,-7.99062500e-04,3.14218750e-03,3.74062500e-03
-4.75412500e-08,-7.96562500e-04,3.13437500e-03,3.73125000e-03
-4.75012500e-08,-7.91250000e-04,3.12031250e-03,3.72500000e-03
-4.74612500e-08,-7.83125000e-04,3.10000000e-03,3.72812500e-03
-4.74212500e-08,-7.72187500e-04,3.07187500e-03,3.73437500e-03
-4.73812500e-08,-7.58750000e-04,3.03750000e-03,3.74375000e-03
-4.73412500e-08,-7.43750000e-04,2.99531250e-03,3.75937500e-03
-4.73012500e-08,-7.27500000e-04,2.94531250e-03,3.77812500e-03
-4.72612500e-08,-7.10625000e-04,2.89062500e-03,3.79687500e-03
-4.72212500e-08,-6.93437500e-04,2.82968750e-03,3.81562500e-03
-4.71812500e-08,-6.77187500e-04,2.76718750e-03,3.83437500e-03
-4.71412500e-08,-6.62187500e-04,2.70156250e-03,3.85000000e-03
-4.71012500e-08,-6.48750000e-04,2.63593750e-03,3.86562500e-03
-4.70612500e-08,-6.38125000e-04,2.57187500e-03,3.87500000e-03
-4.70212500e-08,-6.30625000e-04,2.51093750e-03,3.88125000e-03
-4.69812500e-08,-6.25937500e-04,2.45468750e-03,3.88437500e-03
-4.69412500e-08,-6.25312500e-04,2.40625000e-03,3.88125000e-03
-4.69012500e-08,-6.27812500e-04,2.36406250e-03,3.87500000e-03
-4.68612500e-08,-6.34062500e-04,2.33125000e-03,3.86875000e-03
-4.68212500e-08,-6.43750000e-04,2.30781250e-03,3.85625000e-03
-4.67812500e-08,-6.56562500e-04,2.29531250e-03,3.84375000e-03
-4.67412500e-08,-6.71875000e-04,2.29218750e-03,3.83125000e-03
-4.67012500e-08,-6.89375000e-04,2.29687500e-03,3.81562500e-03
-4.66612500e-08,-7.08125000e-04,2.31093750e-03,3.80625000e-03
-4.66212500e-08,-7.28125000e-04,2.33281250e-03,3.79687500e-03
-4.65812500e-08,-7.47812500e-04,2.35937500e-03,3.79062500e-03
-4.65412500e-08,-7.67187500e-04,2.39218750e-03,3.78437500e-03
-4.65012500e-08,-7.85625000e-04,2.42656250e-03,3.78437500e-03
-4.64612500e-08,-8.02187500e-04,2.46250000e-03,3.78750000e-03
-4.64212500e-08,-8.16562500e-04,2.49843750e-03,3.79375000e-03
-4.63812500e-08,-8.28437500e-04,2.53281250e-03,3.80000000e-03
-4.63412500e-08,-8.37500000e-04,2.56250000e-03,3.80937500e-03
-4.63012500e-08,-8.43437500e-04,2.59062500e-03,3.81562500e-03
-4.62612500e-08,-8.46562500e-04,2.61250000e-03,3.82500000e-03
-4.62212500e-08,-8.47187500e-04,2.62968750e-03,3.82812500e-03
-4.61812500e-08,-8.44687500e-04,2.64218750e-03,3.83125000e-03
-4.61412500e-08,-8.40312500e-04,2.65000000e-03,3.83125000e-03
-4.61012500e-08,-8.33750000e-04,2.65312500e-03,3.82812500e-03
-4.60612500e-08,-8.25625000e-04,2.65312500e-03,3.81875000e-03
-4.60212500e-08,-8.16562500e-04,2.65000000e-03,3.80937500e-03
-4.59812500e-08,-8.06562500e-04,2.64531250e-03,3.79375000e-03
-4.59412500e-08,-7.96875000e-04,2.63906250e-03,3.77500000e-03
-4.59012500e-08,-7.87187500e-04,2.63593750e-03,3.75312500e-03
-4.58612500e-08,-7.78125000e-04,2.63281250e-03,3.73437500e-03
-4.58212500e-08,-7.69687500e-04,2.63281250e-03,3.71250000e-03
-4.57812500e-08,-7.62812500e-04,2.63593750e-03,3.69375000e-03
-4.57412500e-08,-7.56875000e-04,2.64375000e-03,3.68125000e-03
-4.57012500e-08,-7.52187500e-04,2.65468750e-03,3.66875000e-03
-4.56612500e-08,-7.48750000e-04,2.67031250e-03,3.66562500e-03
-4.56212500e-08,-7.46562500e-04,2.68906250e-03,3.66875000e-03
-4.55812500e-08,-7.45312500e-04,2.71250000e-03,3.67812500e-03
-4.55412500e-08,-7.45000000e-04,2.73750000e-03,3.69375000e-03
-4.55012500e-08,-7.45312500e-04,2.76406250e-03,3.71562500e-03
-4.54612500e-08,-7.45937500e-04,2.79062500e-03,3.74687500e-03
-4.54212500e-08,-7.46875000e-04,2.81718750e-03,3.78125000e-03
-4.53812500e-08,-7.48125000e-04,2.84218750e-03,3.82187500e-03
-4.53412500e-08,-7.49062500e-04,2.86406250e-03,3.86562500e-03
-4.53012500e-08,-7.50000000e-04,2.88125000e-03,3.90937500e-03
-4.52612500e-08,-7.50625000e-04,2.89375000e-03,3.95000000e-03
-4.52212500e-08,-7.50937500e-04,2.90156250e-03,3.99062500e-03
-4.51812500e-08,-7.51250000e-04,2.90312500e-03,4.02500000e-03
-4.51412500e-08,-7.51250000e-04,2.89843750e-03,4.05625000e-03
-4.51012500e-08,-7.51250000e-04,2.88906250e-03,4.07812500e-03
-4.50612500e-08,-7.51562500e-04,2.87343750e-03,4.09062500e-03
-4.50212500e-08,-7.51875000e-04,2.85312500e-03,4.09375000e-03
-4.49812500e-08,-7.52500000e-04,2.82812500e-03,4.09062500e-03
-4.49412500e-08,-7.53750000e-04,2.80156250e-03,4.07500000e-03
-4.49012500e-08,-7.55312500e-04,2.77031250e-03,4.05312500e-03
-4.48612500e-08,-7.57500000e-04,2.73906250e-03,4.02187500e-03
-4.48212500e-08,-7.60312500e-04,2.70781250e-03,3.98750000e-03
-4.47812500e-08,-7.63437500e-04,2.67656250e-03,3.94375000e-03
-4.47412500e-08,-7.67187500e-04,2.64687500e-03,3.90312500e-03
-4.47012500e-08,-7.70937500e-04,2.61718750e-03,3.85625000e-03
-4.46612500e-08,-7.74687500e-04,2.59062500e-03,3.81250000e-03
-4.46212500e-08,-7.78437500e-04,2.56406250e-03,3.77187500e-03
-4.45812500e-08,-7.81875000e-04,2.54062500e-03,3.73437500e-03
-4.45412500e-08,-7.85000000e-04,2.51875000e-03,3.70625000e-03
-4.45012500e-08,-7.87187500e-04,2.49531250e-03,3.68125000e-03
-4.44612500e-08,-7.88750000e-04,2.47343750e-03,3.66250000e-03
-4.44212500e-08,-7.89062500e-04,2.44843750e-03,3.65312500e-03
-4.43812500e-08,-7.88437500e-04,2.42343750e-03,3.65312500e-03
-4.43412500e-08,-7.86875000e-04,2.39375000e-03,3.65937500e-03
-4.43012500e-08,-7.84062500e-04,2.36093750e-03,3.67187500e-03
-4.42612500e-08,-7.80312500e-04,2.32343750e-03,3.69375000e-03
-4.42212500e-08,-7.75937500e-04,2.27968750e-03,3.71562500e-03
-4.41812500e-08,-7.70937500e-04,2.23281250e-03,3.74375000e-03
-4.41412500e-08,-7.65312500e-04,2.17968750e-03,3.77500000e-03
-4.41012500e-08,-7.59687500e-04,2.12187500e-03,3.80625000e-03
-4.40612500e-08,-7.54062500e-04,2.06093750e-03,3.83750000e-03
-4.40212500e-08,-7.48750000e-04,1.99687500e-03,3.86875000e-03
-4.39812500e-08,-7.43750000e-04,1.92968750e-03,3.89375000e-03
-4.39412500e-08,-7.39375000e-04,1.86406250e-03,3.91875000e-03
-4.39012500e-08,-7.35937500e-04,1.80000000e-03,3.93750000e-03
-4.38612500e-08,-7.33437500e-04,1.73906250e-03,3.95312500e-03
-4.38212500e-08,-7.31562500e-04,1.68281250e-03,3.96250000e-03
-4.37812500e-08,-7.30937500e-04,1.63281250e-03,3.96562500e-03
-4.37412500e-08,-7.30625000e-04,1.59062500e-03,3.96250000e-03
-4.37012500e-08,-7.31250000e-04,1.55781250e-03,3.95625000e-03
-4.36612500e-08,-7.32187500e-04,1.53437500e-03,3.94687500e-03
-4.36212500e-08,-7.33125000e-04,1.52343750e-03,3.93125000e-03
-4.35812500e-08,-7.34375000e-04,1.52187500e-03,3.91250000e-03
-4.35412500e-08,-7.35312500e-04,1.52968750e-03,3.89375000e-03
-4.35012500e-08,-7.35937500e-04,1.54843750e-03,3.86875000e-03
-4.34612500e-08,-7.35625000e-04,1.57656250e-03,3.84375000e-03
-4.34212500e-08,-7.35000000e-04,1.61250000e-03,3.81875000e-03
-4.33812500e-08,-7.33437500e-04,1.65312500e-03,3.79375000e-03
-4.33412500e-08,-7.30937500e-04,1.69843750e-03,3.76875000e-03
-4.33012500e-08,-7.28125000e-04,1.74687500e-03,3.74687500e-03
-4.32612500e-08,-7.24375000e-04,1.79531250e-03,3.72500000e-03
-4.32212500e-08,-7.20312500e-04,1.84375000e-03,3.70312500e-03
-4.31812500e-08,-7.15937500e-04,1.89062500e-03,3.68750000e-03
-4.31412500e-08,-7.11875000e-04,1.93281250e-03,3.67187500e-03
-4.31012500e-08,-7.08125000e-04,1.97031250e-03,3.66250000e-03
-4.30612500e-08,-7.05000000e-04,2.00468750e-03,3.65625000e-03
-4.30212500e-08,-7.02812500e-04,2.03281250e-03,3.65000000e-03
-4.29812500e-08,-7.02187500e-04,2.05625000e-03,3.65000000e-03
-4.29412500e-08,-7.02812500e-04,2.07656250e-03,3.65312500e-03
-4.29012500e-08,-7.05312500e-04,2.09218750e-03,3.65937500e-03
-4.28612500e-08,-7.09687500e-04,2.10625000e-03,3.66875000e-03
-4.28212500e-08,-7.15937500e-04,2.12031250e-03,3.67812500e-03
-4.27812500e-08,-7.24062500e-04,2.13437500e-03,3.69062500e-03
-4.27412500e-08,-7.33750000e-04,2.14843750e-03,3.70312500e-03
-4.27012500e-08,-7.45000000e-04,2.16718750e-03,3.71562500e-03
-4.26612500e-08,-7.57500000e-04,2.18906250e-03,3.72812500e-03
-4.26212500e-08,-7.71250000e-04,2.21562500e-03,3.74062500e-03
-4.25812500e-08,-7.85312500e-04,2.24687500e-03,3.75000000e-03
-4.25412500e-08,-7.99687500e-04,2.28281250e-03,3.75625000e-03
-4.25012500e-08,-8.14062500e-04,2.32343750e-03,3.75625000e-03
-4.24612500e-08,-8.27812500e-04,2.36718750e-03,3.75625000e-03
-4.24212500e-08,-8.40625000e-04,2.41406250e-03,3.75312500e-03
-4.23812500e-08,-8.52187500e-04,2.46093750e-03,3.74375000e-03
-4.23412500e-08,-8.62187500e-04,2.50937500e-03,3.73437500e-03
-4.23012500e-08,-8.70937500e-04,2.55468750e-03,3.72187500e-03
-4.22612500e-08,-8.77812500e-04,2.59687500e-03,3.70625000e-03
-4.22212500e-08,-8.82812500e-04,2.63437500e-03,3.69062500e-03
-4.21812500e-08,-8.86250000e-04,2.66562500e-03,3.67500000e-03
-4.21412500e-08,-8.88125000e-04,2.69062500e-03,3.66250000e-03
-4.21012500e-08,-8.88437500e-04,2.70781250e-03,3.65312500e-03
-4.20612500e-08,-8.87812500e-04,2.71718750e-03,3.64687500e-03
-4.20212500e-08,-8.86250000e-04,2.71875000e-03,3.64375000e-03
-4.19812500e-08,-8.84062500e-04,2.71562500e-03,3.65000000e-03
-4.19412500e-08,-8.81562500e-04,2.70468750e-03,3.65937500e-03
-4.19012500e-08,-8.79375000e-04,2.69062500e-03,3.67812500e-03
-4.18612500e-08,-8.77187500e-04,2.67500000e-03,3.70000000e-03
-4.18212500e-08,-8.75625000e-04,2.65781250e-03,3.72812500e-03
-4.17812500e-08,-8.75000000e-04,2.64218750e-03,3.76250000e-03
-4.17412500e-08,-8.75000000e-04,2.63125000e-03,3.80312500e-03
-4.17012500e-08,-8.75937500e-04,2.62500000e-03,3.84062500e-03
-4.16612500e-08,-8.78125000e-04,2.62500000e-03,3.88125000e-03
-4.16212500e-08,-8.80625000e-04,2.63125000e-03,3.92187500e-03
-4.15812500e-08,-8.84062500e-04,2.64687500e-03,3.95937500e-03
-4.15412500e-08,-8.88125000e-04,2.67187500e-03,3.99062500e-03
-4.15012500e-08,-8.92500000e-04,2.70468750e-03,4.01250000e-03
-4.14612500e-08,-8.96562500e-04,2.74375000e-03,4.02812500e-03
-4.14212500e-08,-9.00625000e-04,2.79062500e-03,4.03437500e-03
-4.13812500e-08,-9.04062500e-04,2.84062500e-03,4.03125000e-03
-4.13412500e-08,-9.06875000e-04,2.89531250e-03,4.01562500e-03
-4.13012500e-08,-9.08437500e-04,2.95000000e-03,3.99062500e-03
-4.12612500e-08,-9.09062500e-04,3.00468750e-03,3.95937500e-03
-4.12212500e-08,-9.08125000e-04,3.05781250e-03,3.91562500e-03
-4.11812500e-08,-9.05937500e-04,3.10781250e-03,3.86875000e-03
-4.11412500e-08,-9.02187500e-04,3.15312500e-03,3.81562500e-03
-4.11012500e-08,-8.96875000e-04,3.19375000e-03,3.76250000e-03
-4.10612500e-08,-8.90625000e-04,3.22968750e-03,3.71250000e-03
-4.10212500e-08,-8.82812500e-04,3.26250000e-03,3.66562500e-03
-4.09812500e-08,-8.74375000e-04,3.29218750e-03,3.62500000e-03
-4.09412500e-08,-8.65000000e-04,3.32187500e-03,3.59062500e-03
-4.09012500e-08,-8.55312500e-04,3.35156250e-03,3.57187500e-03
-4.08612500e-08,-8.45312500e-04,3.38437500e-03,3.56250000e-03
-4.08212500e-08,-8.35625000e-04,3.42343750e-03,3.56562500e-03
-4.07812500e-08,-8.26250000e-04,3.47031250e-03,3.58437500e-03
-4.07412500e-08,-8.17812500e-04,3.52656250e-03,3.61875000e-03
-4.07012500e-08,-8.10000000e-04,3.59375000e-03,3.66250000e-03
-4.06612500e-08,-8.03750000e-04,3.67343750e-03,3.72187500e-03
-4.06212500e-08,-7.98437500e-04,3.76562500e-03,3.78750000e-03
-4.05812500e-08,-7.94375000e-04,3.86718750e-03,3.86250000e-03
-4.05412500e-08,-7.91875000e-04,3.97968750e-03,3.94062500e-03
-4.05012500e-08,-7.90625000e-04,4.09687500e-03,4.02187500e-03
-4.04612500e-08,-7.90937500e-04,4.21875000e-03,4.10000000e-03
-4.04212500e-08,-7.91875000e-04,4.33906250e-03,4.17500000e-03
-4.03812500e-08,-7.94062500e-04,4.45156250e-03,4.24375000e-03
-4.03412500e-08,-7.96875000e-04,4.55312500e-03,4.30000000e-03
-4.03012500e-08,-8.00312500e-04,4.63750000e-03,4.35000000e-03
-4.02612500e-08,-8.04062500e-04,4.70000000e-03,4.38437500e-03
-4.02212500e-08,-8.07500000e-04,4.73437500e-03,4.40937500e-03
-4.01812500e-08,-8.11250000e-04,4.73593750e-03,4.41875000e-03
-4.01412500e-08,-8.14062500e-04,4.70312500e-03,4.41562500e-03
-4.01012500e-08,-8.16875000e-04,4.63125000e-03,4.40312500e-03
-4.00612500e-08,-8.18750000e-04,4.52187500e-03,4.37812500e-03
-4.00212500e-08,-8.20000000e-04,4.37187500e-03,4.34375000e-03
-3.99812500e-08,-8.20312500e-04,4.18593750e-03,4.30312500e-03
-3.99412500e-08,-8.20000000e-04,3.96562500e-03,4.25625000e-03
-3.99012500e-08,-8.19062500e-04,3.71718750e-03,4.20937500e-03
-3.98612500e-08,-8.17500000e-04,3.44375000e-03,4.15937500e-03
-3.98212500e-08,-8.15625000e-04,3.15468750e-03,4.11250000e-03
-3.97812500e-08,-8.13437500e-04,2.85468750e-03,4.06875000e-03
-3.97412500e-08,-8.11250000e-04,2.55468750e-03,4.03125000e-03
-3.97012500e-08,-8.09062500e-04,2.25937500e-03,3.99687500e-03
-3.96612500e-08,-8.07500000e-04,1.97812500e-03,3.96875000e-03
-3.96212500e-08,-8.06250000e-04,1.71718750e-03,3.94687500e-03
-3.95812500e-08,-8.05937500e-04,1.48437500e-03,3.93125000e-03
-3.95412500e-08,-8.06250000e-04,1.28281250e-03,3.91875000e-03
-3.95012500e-08,-8.07500000e-04,1.11562500e-03,3.91562500e-03
-3.94612500e-08,-8.09375000e-04,9.87500000e-04,3.91562500e-03
-3.94212500e-08,-8.12500000e-04,8.98437500e-04,3.91875000e-03
-3.93812500e-08,-8.16562500e-04,8.45312500e-04,3.92500000e-03
-3.93412500e-08,-8.21250000e-04,8.29687500e-04,3.93437500e-03
-3.93012500e-08,-8.26875000e-04,8.46875000e-04,3.94375000e-03
-3.92612500e-08,-8.32812500e-04,8.90625000e-04,3.95312500e-03
-3.92212500e-08,-8.39375000e-04,9.59375000e-04,3.96562500e-03
-3.91812500e-08,-8.45937500e-04,1.04687500e-03,3.97500000e-03
-3.91412500e-08,-8.52812500e-04,1.14687500e-03,3.98437500e-03
-3.91012500e-08,-8.59375000e-04,1.25625000e-03,3.99687500e-03
-3.90612500e-08,-8.65937500e-04,1.36718750e-03,4.00625000e-03
-3.90212500e-08,-8.71875000e-04,1.47968750e-03,4.01875000e-03
-3.89812500e-08,-8.77812500e-04,1.58906250e-03,4.02812500e-03
-3.89412500e-08,-8.83125000e-04,1.69375000e-03,4.04062500e-03
-3.89012500e-08,-8.88125000e-04,1.79218750e-03,4.05000000e-03
-3.88612500e-08,-8.92812500e-04,1.88750000e-03,4.06250000e-03
-3.88212500e-08,-8.96875000e-04,1.97812500e-03,4.07187500e-03
-3.87812500e-08,-9.00937500e-04,2.06875000e-03,4.08125000e-03
-3.87412500e-08,-9.04687500e-04,2.16250000e-03,4.08750000e-03
-3.87012500e-08,-9.08750000e-04,2.26093750e-03,4.09062500e-03
-3.86612500e-08,-9.12500000e-04,2.36718750e-03,4.09375000e-03
-3.86212500e-08,-9.16562500e-04,2.48593750e-03,4.08750000e-03
-3.85812500e-08,-9.20625000e-04,2.62031250e-03,4.08125000e-03
-3.85412500e-08,-9.24687500e-04,2.77031250e-03,4.06562500e-03
-3.85012500e-08,-9.29062500e-04,2.93593750e-03,4.04375000e-03
-3.84612500e-08,-9.33750000e-04,3.12031250e-03,4.01250000e-03
-3.84212500e-08,-9.38125000e-04,3.31875000e-03,3.97812500e-03
-3.83812500e-08,-9.42500000e-04,3.52812500e-03,3.93750000e-03
-3.83412500e-08,-9.46250000e-04,3.74687500e-03,3.89062500e-03
-3.83012500e-08,-9.49687500e-04,3.96718750e-03,3.84062500e-03
-3.82612500e-08,-9.52500000e-04,4.18437500e-03,3.79062500e-03
-3.82212500e-08,-9.54062500e-04,4.39062500e-03,3.73750000e-03
-3.81812500e-08,-9.54687500e-04,4.58125000e-03,3.68750000e-03
-3.81412500e-08,-9.54062500e-04,4.74687500e-03,3.64062500e-03
-3.81012500e-08,-9.51875000e-04,4.88437500e-03,3.60312500e-03
-3.80612500e-08,-9.48437500e-04,4.98437500e-03,3.57187500e-03
-3.80212500e-08,-9.43437500e-04,5.04531250e-03,3.55312500e-03
-3.79812500e-08,-9.37187500e-04,5.06406250e-03,3.54375000e-03
-3.79412500e-08,-9.30000000e-04,5.03593750e-03,3.54687500e-03
-3.79012500e-08,-9.21875000e-04,4.96406250e-03,3.56562500e-03
-3.78612500e-08,-9.12812500e-04,4.85000000e-03,3.59375000e-03
-3.78212500e-08,-9.04062500e-04,4.69531250e-03,3.63437500e-03
-3.77812500e-08,-8.95312500e-04,4.50468750e-03,3.68750000e-03
-3.77412500e-08,-8.87187500e-04,4.28437500e-03,3.74687500e-03
-3.77012500e-08,-8.80000000e-04,4.04218750e-03,3.80937500e-03
-3.76612500e-08,-8.74375000e-04,3.78437500e-03,3.87812500e-03
-3.76212500e-08,-8.70625000e-04,3.52031250e-03,3.94375000e-03
-3.75812500e-08,-8.69062500e-04,3.25625000e-03,4.00312500e-03
-3.75412500e-08,-8.70000000e-04,3.00000000e-03,4.05937500e-03
-3.75012500e-08,-8.73437500e-04,2.75781250e-03,4.10000000e-03
-3.74612500e-08,-8.79375000e-04,2.53750000e-03,4.12812500e-03
-3.74212500e-08,-8.88125000e-04,2.34062500e-03,4.14375000e-03
-3.73812500e-08,-8.99062500e-04,2.17343750e-03,4.14062500e-03
-3.73412500e-08,-9.11875000e-04,2.03437500e-03,4.11875000e-03
-3.73012500e-08,-9.26250000e-04,1.92656250e-03,4.08125000e-03
-3.72612500e-08,-9.41875000e-04,1.84687500e-03,4.02500000e-03
-3.72212500e-08,-9.58125000e-04,1.79531250e-03,3.95625000e-03
-3.71812500e-08,-9.74062500e-04,1.76718750e-03,3.87500000e-03
-3.71412500e-08,-9.89375000e-04,1.75781250e-03,3.78437500e-03
-3.71012500e-08,-1.00343750e-03,1.76562500e-03,3.69062500e-03
-3.70612500e-08,-1.01531250e-03,1.78281250e-03,3.59375000e-03
-3.70212500e-08,-1.02500000e-03,1.80937500e-03,3.50000000e-03
-3.69812500e-08,-1.03187500e-03,1.83750000e-03,3.41250000e-03
-3.69412500e-08,-1.03562500e-03,1.86718750e-03,3.33437500e-03
-3.69012500e-08,-1.03593750e-03,1.89531250e-03,3.27187500e-03
-3.68612500e-08,-1.03281250e-03,1.91875000e-03,3.22500000e-03
-3.68212500e-08,-1.02625000e-03,1.94062500e-03,3.19687500e-03
-3.67812500e-08,-1.01687500e-03,1.95781250e-03,3.19062500e-03
-3.67412500e-08,-1.00437500e-03,1.97500000e-03,3.20000000e-03
-3.67012500e-08,-9.90000000e-04,1.99218750e-03,3.23125000e-03
-3.66612500e-08,-9.73750000e-04,2.01406250e-03,3.27812500e-03
-3.66212500e-08,-9.56250000e-04,2.04062500e-03,3.34062500e-03
-3.65812500e-08,-9.38437500e-04,2.07812500e-03,3.41562500e-03
-3.65412500e-08,-9.20625000e-04,2.12656250e-03,3.49687500e-03
-3.65012500e-08,-9.03750000e-04,2.19062500e-03,3.58750000e-03
-3.64612500e-08,-8.88437500e-04,2.27031250e-03,3.67500000e-03
-3.64212500e-08,-8.75312500e-04,2.36718750e-03,3.76250000e-03
-3.63812500e-08,-8.64687500e-04,2.48125000e-03,3.84062500e-03
-3.63412500e-08,-8.56562500e-04,2.61250000e-03,3.91250000e-03
-3.63012500e-08,-8.51562500e-04,2.75625000e-03,3.96875000e-03
-3.62612500e-08,-8.50000000e-04,2.91093750e-03,4.00937500e-03
-3.62212500e-08,-8.51562500e-04,3.07343750e-03,4.03437500e-03
-3.61812500e-08,-8.55937500e-04,3.23906250e-03,4.04062500e-03
-3.61412500e-08,-8.63125000e-04,3.40156250e-03,4.03125000e-03
-3.61012500e-08,-8.72500000e-04,3.55781250e-03,4.00625000e-03
-3.60612500e-08,-8.84062500e-04,3.70156250e-03,3.96562500e-03
-3.60212500e-08,-8.97187500e-04,3.82968750e-03,3.91562500e-03
-3.59812500e-08,-9.10937500e-04,3.93593750e-03,3.85312500e-03
-3.59412500e-08,-9.25312500e-04,4.02031250e-03,3.78437500e-03
-3.59012500e-08,-9.40000000e-04,4.07812500e-03,3.71562500e-03
-3.58612500e-08,-9.53750000e-04,4.10781250e-03,3.64375000e-03
-3.58212500e-08,-9.66562500e-04,4.11093750e-03,3.57812500e-03
-3.57812500e-08,-9.78437500e-04,4.08750000e-03,3.51562500e-03
-3.57412500e-08,-9.88437500e-04,4.03906250e-03,3.46562500e-03
-3.57012500e-08,-9.96875000e-04,3.96718750e-03,3.42500000e-03
-3.56612500e-08,-1.00375000e-03,3.87812500e-03,3.39375000e-03
-3.56212500e-08,-1.00843750e-03,3.77187500e-03,3.37812500e-03
-3.55812500e-08,-1.01187500e-03,3.65625000e-03,3.37812500e-03
-3.55412500e-08,-1.01343750e-03,3.53437500e-03,3.38750000e-03
-3.55012500e-08,-1.01375000e-03,3.41093750e-03,3.40937500e-03
-3.54612500e-08,-1.01281250e-03,3.28750000e-03,3.44375000e-03
-3.54212500e-08,-1.01125000e-03,3.17031250e-03,3.48437500e-03
-3.53812500e-08,-1.00906250e-03,3.06093750e-03,3.53437500e-03
-3.53412500e-08,-1.00656250e-03,2.96093750e-03,3.58750000e-03
-3.53012500e-08,-1.00406250e-03,2.87187500e-03,3.64062500e-03
-3.52612500e-08,-1.00187500e-03,2.79531250e-03,3.69687500e-03
-3.52212500e-08,-1.00000000e-03,2.73125000e-03,3.75000000e-03
-3.51812500e-08,-9.98750000e-04,2.67812500e-03,3.80000000e-03
-3.51412500e-08,-9.98437500e-04,2.63437500e-03,3.84687500e-03
-3.51012500e-08,-9.98437500e-04,2.60000000e-03,3.88750000e-03
-3.50612500e-08,-9.99062500e-04,2.57343750e-03,3.91875000e-03
-3.50212500e-08,-1.00000000e-03,2.55156250e-03,3.94687500e-03
-3.49812500e-08,-1.00156250e-03,2.53437500e-03,3.96562500e-03
-3.49412500e-08,-1.00343750e-03,2.52031250e-03,3.98125000e-03
-3.49012500e-08,-1.00500000e-03,2.50781250e-03,3.99062500e-03
-3.48612500e-08,-1.00656250e-03,2.49687500e-03,3.99687500e-03
-3.48212500e-08,-1.00750000e-03,2.48593750e-03,4.00000000e-03
-3.47812500e-08,-1.00781250e-03,2.47656250e-03,4.00000000e-03
-3.47412500e-08,-1.00718750e-03,2.46718750e-03,4.00000000e-03
-3.47012500e-08,-1.00531250e-03,2.46250000e-03,4.00000000e-03
-3.46612500e-08,-1.00218750e-03,2.45937500e-03,4.00312500e-03
-3.46212500e-08,-9.97812500e-04,2.45937500e-03,4.00312500e-03
-3.45812500e-08,-9.91875000e-04,2.46562500e-03,4.00625000e-03
-3.45412500e-08,-9.84375000e-04,2.47812500e-03,4.01250000e-03
-3.45012500e-08,-9.75312500e-04,2.49531250e-03,4.01875000e-03
-3.44612500e-08,-9.64687500e-04,2.52031250e-03,4.02500000e-03
-3.44212500e-08,-9.53125000e-04,2.55156250e-03,4.03437500e-03
-3.43812500e-08,-9.40312500e-04,2.58750000e-03,4.04062500e-03
-3.43412500e-08,-9.26562500e-04,2.62968750e-03,4.04687500e-03
-3.43012500e-08,-9.12187500e-04,2.67500000e-03,4.05312500e-03
-3.42612500e-08,-8.97500000e-04,2.72343750e-03,4.05625000e-03
-3.42212500e-08,-8.82812500e-04,2.77187500e-03,4.05625000e-03
-3.41812500e-08,-8.68437500e-04,2.81875000e-03,4.05312500e-03
-3.41412500e-08,-8.54687500e-04,2.86406250e-03,4.04375000e-03
-3.41012500e-08,-8.41875000e-04,2.90468750e-03,4.03437500e-03
-3.40612500e-08,-8.30312500e-04,2.93906250e-03,4.02187500e-03
-3.40212500e-08,-8.20312500e-04,2.96718750e-03,4.00937500e-03
-3.39812500e-08,-8.11875000e-04,2.99062500e-03,3.99375000e-03
-3.39412500e-08,-8.05312500e-04,3.00625000e-03,3.97500000e-03
-3.39012500e-08,-8.01250000e-04,3.01562500e-03,3.95937500e-03
-3.38612500e-08,-7.99062500e-04,3.02031250e-03,3.94375000e-03
-3.38212500e-08,-7.99062500e-04,3.02031250e-03,3.92812500e-03
-3.37812500e-08,-8.00937500e-04,3.01875000e-03,3.91562500e-03
-3.37412500e-08,-8.05312500e-04,3.01875000e-03,3.90625000e-03
-3.37012500e-08,-8.11250000e-04,3.01875000e-03,3.90312500e-03
-3.36612500e-08,-8.19062500e-04,3.02187500e-03,3.90000000e-03
-3.36212500e-08,-8.28125000e-04,3.03125000e-03,3.90000000e-03
-3.35812500e-08,-8.38125000e-04,3.04687500e-03,3.90625000e-03
-3.35412500e-08,-8.49062500e-04,3.06875000e-03,3.90937500e-03
-3.35012500e-08,-8.60312500e-04,3.09687500e-03,3.91875000e-03
-3.34612500e-08,-8.71562500e-04,3.13281250e-03,3.92500000e-03
-3.34212500e-08,-8.82500000e-04,3.17343750e-03,3.93125000e-03
-3.33812500e-08,-8.92500000e-04,3.21875000e-03,3.93437500e-03
-3.33412500e-08,-9.01562500e-04,3.26562500e-03,3.93437500e-03
-3.33012500e-08,-9.09375000e-04,3.31093750e-03,3.92812500e-03
-3.32612500e-08,-9.15625000e-04,3.35468750e-03,3.91875000e-03
-3.32212500e-08,-9.20000000e-04,3.39062500e-03,3.90625000e-03
-3.31812500e-08,-9.22500000e-04,3.41875000e-03,3.88437500e-03
-3.31412500e-08,-9.23125000e-04,3.43593750e-03,3.85937500e-03
-3.31012500e-08,-9.21875000e-04,3.44062500e-03,3.82812500e-03
-3.30612500e-08,-9.18750000e-04,3.42968750e-03,3.79687500e-03
-3.30212500e-08,-9.14375000e-04,3.40312500e-03,3.75937500e-03
-3.29812500e-08,-9.08437500e-04,3.36093750e-03,3.72500000e-03
-3.29412500e-08,-9.01250000e-04,3.30625000e-03,3.69062500e-03
-3.29012500e-08,-8.93437500e-04,3.23593750e-03,3.65937500e-03
-3.28612500e-08,-8.85312500e-04,3.15625000e-03,3.63437500e-03
-3.28212500e-08,-8.77187500e-04,3.06718750e-03,3.61562500e-03
-3.27812500e-08,-8.69375000e-04,2.97343750e-03,3.60625000e-03
-3.27412500e-08,-8.62187500e-04,2.87968750e-03,3.60625000e-03
-3.27012500e-08,-8.55937500e-04,2.78750000e-03,3.61875000e-03
-3.26612500e-08,-8.50937500e-04,2.70156250e-03,3.64062500e-03
-3.26212500e-08,-8.47500000e-04,2.62656250e-03,3.67500000e-03
-3.25812500e-08,-8.45937500e-04,2.56250000e-03,3.71875000e-03
-3.25412500e-08,-8.45937500e-04,2.51406250e-03,3.77187500e-03
-3.25012500e-08,-8.48125000e-04,2.48281250e-03,3.83125000e-03
-3.24612500e-08,-8.51875000e-04,2.46875000e-03,3.89375000e-03
-3.24212500e-08,-8.57187500e-04,2.47343750e-03,3.95937500e-03
-3.23812500e-08,-8.64375000e-04,2.49375000e-03,4.02500000e-03
-3.23412500e-08,-8.72500000e-04,2.53125000e-03,4.08750000e-03
-3.23012500e-08,-8.81875000e-04,2.57968750e-03,4.14062500e-03
-3.22612500e-08,-8.92187500e-04,2.63906250e-03,4.18437500e-03
-3.22212500e-08,-9.02812500e-04,2.70468750e-03,4.21562500e-03
-3.21812500e-08,-9.13437500e-04,2.77500000e-03,4.23437500e-03
-3.21412500e-08,-9.24062500e-04,2.84375000e-03,4.23437500e-03
-3.21012500e-08,-9.34062500e-04,2.90937500e-03,4.22187500e-03
-3.20612500e-08,-9.43437500e-04,2.96875000e-03,4.19062500e-03
-3.20212500e-08,-9.51562500e-04,3.02031250e-03,4.14687500e-03
-3.19812500e-08,-9.58750000e-04,3.05937500e-03,4.08750000e-03
-3.19412500e-08,-9.64375000e-04,3.08593750e-03,4.01875000e-03
-3.19012500e-08,-9.68437500e-04,3.10000000e-03,3.94062500e-03
-3.18612500e-08,-9.71250000e-04,3.10312500e-03,3.85625000e-03
-3.18212500e-08,-9.72812500e-04,3.09375000e-03,3.76875000e-03
-3.17812500e-08,-9.73125000e-04,3.07500000e-03,3.68437500e-03
-3.17412500e-08,-9.72187500e-04,3.05000000e-03,3.60312500e-03
-3.17012500e-08,-9.70312500e-04,3.02031250e-03,3.53125000e-03
-3.16612500e-08,-9.68125000e-04,2.98750000e-03,3.47187500e-03
-3.16212500e-08,-9.65625000e-04,2.95625000e-03,3.42500000e-03
-3.15812500e-08,-9.62812500e-04,2.92968750e-03,3.39375000e-03
-3.15412500e-08,-9.60625000e-04,2.90781250e-03,3.37812500e-03
-3.15012500e-08,-9.58750000e-04,2.89531250e-03,3.38125000e-03
-3.14612500e-08,-9.57812500e-04,2.89218750e-03,3.40000000e-03
-3.14212500e-08,-9.57812500e-04,2.89843750e-03,3.43437500e-03
-3.13812500e-08,-9.59062500e-04,2.91562500e-03,3.48437500e-03
-3.13412500e-08,-9.61562500e-04,2.94218750e-03,3.54375000e-03
-3.13012500e-08,-9.65312500e-04,2.97812500e-03,3.61250000e-03
-3.12612500e-08,-9.70312500e-04,3.02031250e-03,3.68437500e-03
-3.12212500e-08,-9.76875000e-04,3.06718750e-03,3.75937500e-03
-3.11812500e-08,-9.84062500e-04,3.11562500e-03,3.83437500e-03
-3.11412500e-08,-9.92500000e-04,3.16406250e-03,3.90312500e-03
-3.11012500e-08,-1.00125000e-03,3.20937500e-03,3.96562500e-03
-3.10612500e-08,-1.01031250e-03,3.24687500e-03,4.01875000e-03
-3.10212500e-08,-1.01937500e-03,3.27812500e-03,4.05937500e-03
-3.09812500e-08,-1.02812500e-03,3.29843750e-03,4.09062500e-03
-3.09412500e-08,-1.03593750e-03,3.30625000e-03,4.10625000e-03
-3.09012500e-08,-1.04250000e-03,3.30156250e-03,4.10937500e-03
-3.08612500e-08,-1.04781250e-03,3.28437500e-03,4.10312500e-03
-3.08212500e-08,-1.05125000e-03,3.25625000e-03,4.08750000e-03
-3.07812500e-08,-1.05281250e-03,3.21562500e-03,4.06562500e-03
-3.07412500e-08,-1.05250000e-03,3.16562500e-03,4.03750000e-03
-3.07012500e-08,-1.04968750e-03,3.10937500e-03,4.00625000e-03
-3.06612500e-08,-1.04500000e-03,3.04687500e-03,3.97500000e-03
-3.06212500e-08,-1.03843750e-03,2.98281250e-03,3.95000000e-03
-3.05812500e-08,-1.02968750e-03,2.91718750e-03,3.92812500e-03
-3.05412500e-08,-1.01968750e-03,2.85625000e-03,3.91250000e-03
-3.05012500e-08,-1.00843750e-03,2.80000000e-03,3.90937500e-03
-3.04612500e-08,-9.96250000e-04,2.75156250e-03,3.91562500e-03
-3.04212500e-08,-9.83750000e-04,2.71093750e-03,3.93437500e-03
-3.03812500e-08,-9.71250000e-04,2.68281250e-03,3.96250000e-03
-3.03412500e-08,-9.59375000e-04,2.66562500e-03,4.00000000e-03
-3.03012500e-08,-9.48750000e-04,2.65937500e-03,4.04375000e-03
-3.02612500e-08,-9.39375000e-04,2.66562500e-03,4.09687500e-03
-3.02212500e-08,-9.31875000e-04,2.68281250e-03,4.15625000e-03
-3.01812500e-08,-9.26562500e-04,2.71093750e-03,4.21250000e-03
-3.01412500e-08,-9.23437500e-04,2.74531250e-03,4.27187500e-03
-3.01012500e-08,-9.23125000e-04,2.78750000e-03,4.32812500e-03
-3.00612500e-08,-9.25625000e-04,2.83437500e-03,4.37500000e-03
-3.00212500e-08,-9.30312500e-04,2.88437500e-03,4.41562500e-03
-2.99812500e-08,-9.37812500e-04,2.93437500e-03,4.44687500e-03
-2.99412500e-08,-9.47187500e-04,2.98437500e-03,4.46875000e-03
-2.99012500e-08,-9.58437500e-04,3.03125000e-03,4.47500000e-03
-2.98612500e-08,-9.71250000e-04,3.07343750e-03,4.47187500e-03
-2.98212500e-08,-9.85312500e-04,3.11093750e-03,4.45625000e-03
-2.97812500e-08,-9.99375000e-04,3.14375000e-03,4.42812500e-03
-2.97412500e-08,-1.01375000e-03,3.17031250e-03,4.38750000e-03
-2.97012500e-08,-1.02718750e-03,3.18906250e-03,4.34062500e-03
-2.96612500e-08,-1.03968750e-03,3.20312500e-03,4.28437500e-03
-2.96212500e-08,-1.05062500e-03,3.21093750e-03,4.22500000e-03
-2.95812500e-08,-1.05937500e-03,3.21406250e-03,4.16250000e-03
-2.95412500e-08,-1.06593750e-03,3.21250000e-03,4.10000000e-03
-2.95012500e-08,-1.06968750e-03,3.20937500e-03,4.03750000e-03
-2.94612500e-08,-1.07062500e-03,3.20156250e-03,3.97812500e-03
-2.94212500e-08,-1.06875000e-03,3.19375000e-03,3.92187500e-03
-2.93812500e-08,-1.06406250e-03,3.18437500e-03,3.87187500e-03
-2.93412500e-08,-1.05687500e-03,3.17656250e-03,3.83125000e-03
-2.93012500e-08,-1.04718750e-03,3.16875000e-03,3.79375000e-03
-2.92612500e-08,-1.03531250e-03,3.16093750e-03,3.76875000e-03
-2.92212500e-08,-1.02187500e-03,3.15625000e-03,3.74687500e-03
-2.91812500e-08,-1.00718750e-03,3.15468750e-03,3.73750000e-03
-2.91412500e-08,-9.91875000e-04,3.15312500e-03,3.73125000e-03
-2.91012500e-08,-9.76250000e-04,3.15312500e-03,3.73125000e-03
-2.90612500e-08,-9.61250000e-04,3.15625000e-03,3.74062500e-03
-2.90212500e-08,-9.46875000e-04,3.15937500e-03,3.75000000e-03
-2.89812500e-08,-9.34062500e-04,3.16406250e-03,3.76562500e-03
-2.89412500e-08,-9.23125000e-04,3.16718750e-03,3.78750000e-03
-2.89012500e-08,-9.14375000e-04,3.17187500e-03,3.80937500e-03
-2.88612500e-08,-9.07812500e-04,3.17656250e-03,3.83125000e-03
-2.88212500e-08,-9.04062500e-04,3.17968750e-03,3.85625000e-03
-2.87812500e-08,-9.02812500e-04,3.18125000e-03,3.88125000e-03
-2.87412500e-08,-9.04375000e-04,3.18125000e-03,3.90937500e-03
-2.87012500e-08,-9.08437500e-04,3.17968750e-03,3.93437500e-03
-2.86612500e-08,-9.15000000e-04,3.17500000e-03,3.96250000e-03
-2.86212500e-08,-9.23750000e-04,3.17031250e-03,3.98750000e-03
-2.85812500e-08,-9.34062500e-04,3.16250000e-03,4.01250000e-03
-2.85412500e-08,-9.45937500e-04,3.15156250e-03,4.03437500e-03
-2.85012500e-08,-9.58750000e-04,3.14062500e-03,4.05625000e-03
-2.84612500e-08,-9.72187500e-04,3.12812500e-03,4.07187500e-03
-2.84212500e-08,-9.85625000e-04,3.11250000e-03,4.08750000e-03
-2.83812500e-08,-9.98750000e-04,3.09687500e-03,4.10000000e-03
-2.83412500e-08,-1.01125000e-03,3.07968750e-03,4.10625000e-03
-2.83012500e-08,-1.02250000e-03,3.06250000e-03,4.10625000e-03
-2.82612500e-08,-1.03250000e-03,3.04375000e-03,4.10312500e-03
-2.82212500e-08,-1.04062500e-03,3.02656250e-03,4.09375000e-03
-2.81812500e-08,-1.04718750e-03,3.00781250e-03,4.07500000e-03
-2.81412500e-08,-1.05125000e-03,2.98906250e-03,4.05312500e-03
-2.81012500e-08,-1.05375000e-03,2.97187500e-03,4.02500000e-03
-2.80612500e-08,-1.05406250e-03,2.95468750e-03,3.99062500e-03
-2.80212500e-08,-1.05250000e-03,2.93906250e-03,3.95312500e-03
-2.79812500e-08,-1.04906250e-03,2.92343750e-03,3.90937500e-03
-2.79412500e-08,-1.04437500e-03,2.90937500e-03,3.86250000e-03
-2.79012500e-08,-1.03843750e-03,2.89687500e-03,3.81562500e-03
-2.78612500e-08,-1.03156250e-03,2.88593750e-03,3.76562500e-03
-2.78212500e-08,-1.02406250e-03,2.87500000e-03,3.71875000e-03
-2.77812500e-08,-1.01625000e-03,2.86562500e-03,3.67187500e-03
-2.77412500e-08,-1.00843750e-03,2.85781250e-03,3.62812500e-03
-2.77012500e-08,-1.00093750e-03,2.85312500e-03,3.58750000e-03
-2.76612500e-08,-9.94062500e-04,2.84843750e-03,3.55625000e-03
-2.76212500e-08,-9.87500000e-04,2.84531250e-03,3.52812500e-03
-2.75812500e-08,-9.82187500e-04,2.84531250e-03,3.50625000e-03
-2.75412500e-08,-9.77500000e-04,2.84531250e-03,3.49062500e-03
-2.75012500e-08,-9.73750000e-04,2.84843750e-03,3.48437500e-03
-2.74612500e-08,-9.70937500e-04,2.85312500e-03,3.48437500e-03
-2.74212500e-08,-9.68750000e-04,2.86093750e-03,3.48750000e-03
-2.73812500e-08,-9.67187500e-04,2.86875000e-03,3.49687500e-03
-2.73412500e-08,-9.65625000e-04,2.87812500e-03,3.51250000e-03
-2.73012500e-08,-9.64375000e-04,2.89062500e-03,3.53125000e-03
-2.72612500e-08,-9.63125000e-04,2.90312500e-03,3.55000000e-03
-2.72212500e-08,-9.60937500e-04,2.91562500e-03,3.57187500e-03
-2.71812500e-08,-9.58437500e-04,2.92968750e-03,3.59375000e-03
-2.71412500e-08,-9.54687500e-04,2.94375000e-03,3.61562500e-03
-2.71012500e-08,-9.49687500e-04,2.95781250e-03,3.63437500e-03
-2.70612500e-08,-9.43437500e-04,2.97187500e-03,3.65625000e-03
-2.70212500e-08,-9.35312500e-04,2.98281250e-03,3.67187500e-03
-2.69812500e-08,-9.26250000e-04,2.99218750e-03,3.68750000e-03
-2.69412500e-08,-9.15312500e-04,3.00000000e-03,3.70000000e-03
-2.69012500e-08,-9.03125000e-04,3.00468750e-03,3.71250000e-03
-2.68612500e-08,-8.90000000e-04,3.00625000e-03,3.72500000e-03
-2.68212500e-08,-8.75937500e-04,3.00312500e-03,3.73437500e-03
-2.67812500e-08,-8.61562500e-04,2.99687500e-03,3.74375000e-03
-2.67412500e-08,-8.46875000e-04,2.98750000e-03,3.75000000e-03
-2.67012500e-08,-8.32812500e-04,2.97343750e-03,3.75937500e-03
-2.66612500e-08,-8.19687500e-04,2.95781250e-03,3.76562500e-03
-2.66212500e-08,-8.07500000e-04,2.93750000e-03,3.77187500e-03
-2.65812500e-08,-7.97500000e-04,2.91562500e-03,3.77812500e-03
-2.65412500e-08,-7.89375000e-04,2.89062500e-03,3.78125000e-03
-2.65012500e-08,-7.83437500e-04,2.86562500e-03,3.78125000e-03
-2.64612500e-08,-7.80625000e-04,2.84062500e-03,3.78125000e-03
-2.64212500e-08,-7.80312500e-04,2.81718750e-03,3.77812500e-03
-2.63812500e-08,-7.83125000e-04,2.79375000e-03,3.77187500e-03
-2.63412500e-08,-7.88437500e-04,2.77343750e-03,3.75937500e-03
-2.63012500e-08,-7.96562500e-04,2.75781250e-03,3.74375000e-03
-2.62612500e-08,-8.06875000e-04,2.74375000e-03,3.72187500e-03
-2.62212500e-08,-8.19062500e-04,2.73593750e-03,3.69687500e-03
-2.61812500e-08,-8.32812500e-04,2.73125000e-03,3.66562500e-03
-2.61412500e-08,-8.47500000e-04,2.73125000e-03,3.63437500e-03
-2.61012500e-08,-8.62500000e-04,2.73593750e-03,3.60000000e-03
-2.60612500e-08,-8.77187500e-04,2.74531250e-03,3.56250000e-03
-2.60212500e-08,-8.90937500e-04,2.75781250e-03,3.52812500e-03
-2.59812500e-08,-9.03437500e-04,2.77187500e-03,3.49687500e-03
-2.59412500e-08,-9.14062500e-04,2.78906250e-03,3.46875000e-03
-2.59012500e-08,-9.22500000e-04,2.80625000e-03,3.44375000e-03
-2.58612500e-08,-9.28125000e-04,2.82343750e-03,3.42812500e-03
-2.58212500e-08,-9.31250000e-04,2.83906250e-03,3.42187500e-03
-2.57812500e-08,-9.31875000e-04,2.85156250e-03,3.42500000e-03
-2.57412500e-08,-9.29375000e-04,2.86250000e-03,3.43750000e-03
-2.57012500e-08,-9.25000000e-04,2.87031250e-03,3.45937500e-03
-2.56612500e-08,-9.18125000e-04,2.87500000e-03,3.49375000e-03
-2.56212500e-08,-9.10000000e-04,2.87500000e-03,3.53750000e-03
-2.55812500e-08,-9.00625000e-04,2.87031250e-03,3.58750000e-03
-2.55412500e-08,-8.90937500e-04,2.86406250e-03,3.64687500e-03
-2.55012500e-08,-8.81250000e-04,2.85468750e-03,3.70937500e-03
-2.54612500e-08,-8.72500000e-04,2.84531250e-03,3.77500000e-03
-2.54212500e-08,-8.65312500e-04,2.83281250e-03,3.83750000e-03
-2.53812500e-08,-8.59687500e-04,2.82187500e-03,3.90000000e-03
-2.53412500e-08,-8.56562500e-04,2.81406250e-03,3.95625000e-03
-2.53012500e-08,-8.55937500e-04,2.80781250e-03,4.00312500e-03
-2.52612500e-08,-8.58437500e-04,2.80468750e-03,4.04375000e-03
-2.52212500e-08,-8.63437500e-04,2.80781250e-03,4.07187500e-03
-2.51812500e-08,-8.71562500e-04,2.81406250e-03,4.08750000e-03
-2.51412500e-08,-8.81875000e-04,2.82812500e-03,4.09062500e-03
-2.51012500e-08,-8.94687500e-04,2.84687500e-03,4.08125000e-03
-2.50612500e-08,-9.09062500e-04,2.87031250e-03,4.05937500e-03
-2.50212500e-08,-9.24375000e-04,2.90000000e-03,4.02812500e-03
-2.49812500e-08,-9.40312500e-04,2.93281250e-03,3.98750000e-03
-2.49412500e-08,-9.55937500e-04,2.96875000e-03,3.93750000e-03
-2.49012500e-08,-9.70937500e-04,3.00625000e-03,3.88437500e-03
-2.48612500e-08,-9.84375000e-04,3.04531250e-03,3.82812500e-03
-2.48212500e-08,-9.95937500e-04,3.08125000e-03,3.77187500e-03
-2.47812500e-08,-1.00500000e-03,3.11562500e-03,3.71875000e-03
-2.47412500e-08,-1.01125000e-03,3.14531250e-03,3.66875000e-03
-2.47012500e-08,-1.01437500e-03,3.17031250e-03,3.62500000e-03
-2.46612500e-08,-1.01468750e-03,3.18906250e-03,3.58750000e-03
-2.46212500e-08,-1.01187500e-03,3.20156250e-03,3.55937500e-03
-2.45812500e-08,-1.00656250e-03,3.20625000e-03,3.54062500e-03
-2.45412500e-08,-9.98750000e-04,3.20312500e-03,3.52812500e-03
-2.45012500e-08,-9.89062500e-04,3.19375000e-03,3.52500000e-03
-2.44612500e-08,-9.77812500e-04,3.17656250e-03,3.53125000e-03
-2.44212500e-08,-9.66250000e-04,3.15468750e-03,3.54062500e-03
-2.43812500e-08,-9.54375000e-04,3.12812500e-03,3.55625000e-03
-2.43412500e-08,-9.42812500e-04,3.09687500e-03,3.57500000e-03
-2.43012500e-08,-9.32812500e-04,3.06406250e-03,3.59375000e-03
-2.42612500e-08,-9.24062500e-04,3.03125000e-03,3.61562500e-03
-2.42212500e-08,-9.17812500e-04,2.99687500e-03,3.63437500e-03
-2.41812500e-08,-9.14062500e-04,2.96562500e-03,3.65000000e-03
-2.41412500e-08,-9.12812500e-04,2.93593750e-03,3.66562500e-03
-2.41012500e-08,-9.14375000e-04,2.90937500e-03,3.67500000e-03
-2.40612500e-08,-9.18437500e-04,2.88750000e-03,3.68437500e-03
-2.40212500e-08,-9.25312500e-04,2.86875000e-03,3.69062500e-03
-2.39812500e-08,-9.34375000e-04,2.85312500e-03,3.69375000e-03
-2.39412500e-08,-9.45312500e-04,2.84218750e-03,3.69687500e-03
-2.39012500e-08,-9.57500000e-04,2.83437500e-03,3.70000000e-03
-2.38612500e-08,-9.70312500e-04,2.82968750e-03,3.70625000e-03
-2.38212500e-08,-9.83437500e-04,2.82656250e-03,3.71562500e-03
-2.37812500e-08,-9.96250000e-04,2.82500000e-03,3.72812500e-03
-2.37412500e-08,-1.00812500e-03,2.82343750e-03,3.74687500e-03
-2.37012500e-08,-1.01875000e-03,2.82187500e-03,3.76875000e-03
-2.36612500e-08,-1.02718750e-03,2.82031250e-03,3.80000000e-03
-2.36212500e-08,-1.03343750e-03,2.81718750e-03,3.83125000e-03
-2.35812500e-08,-1.03687500e-03,2.81406250e-03,3.87187500e-03
-2.35412500e-08,-1.03781250e-03,2.80937500e-03,3.91250000e-03
-2.35012500e-08,-1.03625000e-03,2.80312500e-03,3.95625000e-03
-2.34612500e-08,-1.03156250e-03,2.79843750e-03,4.00000000e-03
-2.34212500e-08,-1.02437500e-03,2.79375000e-03,4.04062500e-03
-2.33812500e-08,-1.01500000e-03,2.78906250e-03,4.07812500e-03
-2.33412500e-08,-1.00343750e-03,2.78750000e-03,4.10937500e-03
-2.33012500e-08,-9.90000000e-04,2.78750000e-03,4.13437500e-03
-2.32612500e-08,-9.75312500e-04,2.79218750e-03,4.15000000e-03
-2.32212500e-08,-9.60000000e-04,2.80000000e-03,4.15312500e-03
-2.31812500e-08,-9.44062500e-04,2.81250000e-03,4.14687500e-03
-2.31412500e-08,-9.28437500e-04,2.82968750e-03,4.12812500e-03
-2.31012500e-08,-9.12812500e-04,2.85156250e-03,4.09687500e-03
-2.30612500e-08,-8.98125000e-04,2.87812500e-03,4.05625000e-03
-2.30212500e-08,-8.84687500e-04,2.90937500e-03,4.00625000e-03
-2.29812500e-08,-8.72500000e-04,2.94531250e-03,3.95000000e-03
-2.29412500e-08,-8.61875000e-04,2.98281250e-03,3.88750000e-03
-2.29012500e-08,-8.52812500e-04,3.02187500e-03,3.82187500e-03
-2.28612500e-08,-8.45937500e-04,3.06250000e-03,3.75625000e-03
-2.28212500e-08,-8.40625000e-04,3.10156250e-03,3.69375000e-03
-2.27812500e-08,-8.37500000e-04,3.14062500e-03,3.63437500e-03
-2.27412500e-08,-8.36250000e-04,3.17656250e-03,3.58437500e-03
-2.27012500e-08,-8.36875000e-04,3.21093750e-03,3.54062500e-03
-2.26612500e-08,-8.39062500e-04,3.23906250e-03,3.50937500e-03
-2.26212500e-08,-8.42812500e-04,3.26406250e-03,3.49062500e-03
-2.25812500e-08,-8.48125000e-04,3.28281250e-03,3.48125000e-03
-2.25412500e-08,-8.54375000e-04,3.29843750e-03,3.48750000e-03
-2.25012500e-08,-8.61875000e-04,3.30781250e-03,3.50312500e-03
-2.24612500e-08,-8.70000000e-04,3.31250000e-03,3.52812500e-03
-2.24212500e-08,-8.78437500e-04,3.31406250e-03,3.56250000e-03
-2.23812500e-08,-8.87500000e-04,3.31093750e-03,3.60625000e-03
-2.23412500e-08,-8.96562500e-04,3.30625000e-03,3.65312500e-03
-2.23012500e-08,-9.05312500e-04,3.29687500e-03,3.70312500e-03
-2.22612500e-08,-9.13750000e-04,3.28750000e-03,3.75312500e-03
-2.22212500e-08,-9.21250000e-04,3.27656250e-03,3.80312500e-03
-2.21812500e-08,-9.28125000e-04,3.26406250e-03,3.85000000e-03
-2.21412500e-08,-9.34062500e-04,3.25000000e-03,3.89062500e-03
-2.21012500e-08,-9.38750000e-04,3.23593750e-03,3.92812500e-03
-2.20612500e-08,-9.41875000e-04,3.22187500e-03,3.95625000e-03
-2.20212500e-08,-9.43750000e-04,3.20625000e-03,3.97812500e-03
-2.19812500e-08,-9.44375000e-04,3.19062500e-03,3.99062500e-03
-2.19412500e-08,-9.43125000e-04,3.17187500e-03,3.99687500e-03
-2.19012500e-08,-9.40937500e-04,3.15312500e-03,3.99687500e-03
-2.18612500e-08,-9.37187500e-04,3.13125000e-03,3.99375000e-03
-2.18212500e-08,-9.32187500e-04,3.10781250e-03,3.98437500e-03
-2.17812500e-08,-9.26250000e-04,3.08281250e-03,3.97187500e-03
-2.17412500e-08,-9.19687500e-04,3.05468750e-03,3.95937500e-03
-2.17012500e-08,-9.12812500e-04,3.02500000e-03,3.94687500e-03
-2.16612500e-08,-9.05625000e-04,2.99531250e-03,3.93437500e-03
-2.16212500e-08,-8.98437500e-04,2.96406250e-03,3.92812500e-03
-2.15812500e-08,-8.91562500e-04,2.93281250e-03,3.92187500e-03
-2.15412500e-08,-8.85625000e-04,2.90468750e-03,3.91875000e-03
-2.15012500e-08,-8.80000000e-04,2.87968750e-03,3.92187500e-03
-2.14612500e-08,-8.75625000e-04,2.85781250e-03,3.92812500e-03
-2.14212500e-08,-8.72500000e-04,2.84218750e-03,3.93750000e-03
-2.13812500e-08,-8.70312500e-04,2.83125000e-03,3.95000000e-03
-2.13412500e-08,-8.69062500e-04,2.82968750e-03,3.96562500e-03
-2.13012500e-08,-8.69062500e-04,2.83437500e-03,3.98125000e-03
-2.12612500e-08,-8.70000000e-04,2.84843750e-03,4.00000000e-03
-2.12212500e-08,-8.71875000e-04,2.87187500e-03,4.01562500e-03
-2.11812500e-08,-8.73750000e-04,2.90156250e-03,4.03125000e-03
-2.11412500e-08,-8.76250000e-04,2.94062500e-03,4.04375000e-03
-2.11012500e-08,-8.78437500e-04,2.98437500e-03,4.05312500e-03
-2.10612500e-08,-8.80000000e-04,3.03281250e-03,4.05937500e-03
-2.10212500e-08,-8.81250000e-04,3.08593750e-03,4.06250000e-03
-2.09812500e-08,-8.81250000e-04,3.13750000e-03,4.05937500e-03
-2.09412500e-08,-8.80312500e-04,3.19062500e-03,4.05625000e-03
-2.09012500e-08,-8.77812500e-04,3.23750000e-03,4.04687500e-03
-2.08612500e-08,-8.74062500e-04,3.28125000e-03,4.03750000e-03
-2.08212500e-08,-8.69062500e-04,3.31718750e-03,4.02500000e-03
-2.07812500e-08,-8.62500000e-04,3.34375000e-03,4.00937500e-03
-2.07412500e-08,-8.54687500e-04,3.35937500e-03,3.99375000e-03
-2.07012500e-08,-8.45937500e-04,3.36406250e-03,3.98125000e-03
-2.06612500e-08,-8.36562500e-04,3.35781250e-03,3.96875000e-03
-2.06212500e-08,-8.27187500e-04,3.34062500e-03,3.95625000e-03
-2.05812500e-08,-8.17500000e-04,3.31250000e-03,3.94687500e-03
-2.05412500e-08,-8.08750000e-04,3.27343750e-03,3.94062500e-03
-2.05012500e-08,-8.00625000e-04,3.22656250e-03,3.93750000e-03
-2.04612500e-08,-7.94062500e-04,3.17500000e-03,3.93750000e-03
-2.04212500e-08,-7.89062500e-04,3.11875000e-03,3.94062500e-03
-2.03812500e-08,-7.86250000e-04,3.05937500e-03,3.94687500e-03
-2.03412500e-08,-7.85312500e-04,3.00312500e-03,3.95625000e-03
-2.03012500e-08,-7.87187500e-04,2.94843750e-03,3.96875000e-03
-2.02612500e-08,-7.91250000e-04,2.90000000e-03,3.98437500e-03
-2.02212500e-08,-7.97500000e-04,2.85781250e-03,4.00000000e-03
-2.01812500e-08,-8.06250000e-04,2.82500000e-03,4.01875000e-03
-2.01412500e-08,-8.16875000e-04,2.80156250e-03,4.04062500e-03
-2.01012500e-08,-8.29062500e-04,2.78750000e-03,4.06250000e-03
-2.00612500e-08,-8.42500000e-04,2.78593750e-03,4.08437500e-03
-2.00212500e-08,-8.57187500e-04,2.79375000e-03,4.10937500e-03
-1.99812500e-08,-8.71875000e-04,2.81093750e-03,4.13125000e-03
-1.99412500e-08,-8.86875000e-04,2.83593750e-03,4.15625000e-03
-1.99012500e-08,-9.01250000e-04,2.86875000e-03,4.17812500e-03
-1.98612500e-08,-9.14687500e-04,2.90625000e-03,4.20312500e-03
-1.98212500e-08,-9.26875000e-04,2.94687500e-03,4.22500000e-03
-1.97812500e-08,-9.37500000e-04,2.98906250e-03,4.24375000e-03
-1.97412500e-08,-9.46562500e-04,3.02968750e-03,4.26250000e-03
-1.97012500e-08,-9.54062500e-04,3.06875000e-03,4.27812500e-03
-1.96612500e-08,-9.59375000e-04,3.10312500e-03,4.29062500e-03
-1.96212500e-08,-9.62812500e-04,3.13437500e-03,4.30000000e-03
-1.95812500e-08,-9.64687500e-04,3.15781250e-03,4.30312500e-03
-1.95412500e-08,-9.65000000e-04,3.17656250e-03,4.30312500e-03
-1.95012500e-08,-9.64062500e-04,3.18906250e-03,4.30000000e-03
-1.94612500e-08,-9.62187500e-04,3.19531250e-03,4.28750000e-03
-1.94212500e-08,-9.59687500e-04,3.19687500e-03,4.27187500e-03
-1.93812500e-08,-9.56562500e-04,3.19375000e-03,4.24687500e-03
-1.93412500e-08,-9.53437500e-04,3.18750000e-03,4.21875000e-03
-1.93012500e-08,-9.50312500e-04,3.17968750e-03,4.18437500e-03
-1.92612500e-08,-9.47500000e-04,3.17031250e-03,4.14375000e-03
-1.92212500e-08,-9.45312500e-04,3.16093750e-03,4.09687500e-03
-1.91812500e-08,-9.43437500e-04,3.15156250e-03,4.05000000e-03
-1.91412500e-08,-9.41875000e-04,3.14531250e-03,3.99687500e-03
-1.91012500e-08,-9.40937500e-04,3.14218750e-03,3.94375000e-03
-1.90612500e-08,-9.40625000e-04,3.14062500e-03,3.89062500e-03
-1.90212500e-08,-9.40312500e-04,3.14218750e-03,3.84062500e-03
-1.89812500e-08,-9.40000000e-04,3.14531250e-03,3.79375000e-03
-1.89412500e-08,-9.40000000e-04,3.15156250e-03,3.75000000e-03
-1.89012500e-08,-9.39375000e-04,3.15781250e-03,3.71250000e-03
-1.88612500e-08,-9.38750000e-04,3.16562500e-03,3.68125000e-03
-1.88212500e-08,-9.37500000e-04,3.17343750e-03,3.65937500e-03
-1.87812500e-08,-9.35625000e-04,3.17812500e-03,3.64687500e-03
-1.87412500e-08,-9.33437500e-04,3.18125000e-03,3.64062500e-03
-1.87012500e-08,-9.30625000e-04,3.18125000e-03,3.64687500e-03
-1.86612500e-08,-9.27500000e-04,3.17656250e-03,3.66250000e-03
-1.86212500e-08,-9.24375000e-04,3.16875000e-03,3.68437500e-03
-1.85812500e-08,-9.20937500e-04,3.15625000e-03,3.71562500e-03
-1.85412500e-08,-9.18125000e-04,3.14062500e-03,3.75000000e-03
-1.85012500e-08,-9.15312500e-04,3.12031250e-03,3.79375000e-03
-1.84612500e-08,-9.13750000e-04,3.09687500e-03,3.83750000e-03
-1.84212500e-08,-9.12812500e-04,3.07187500e-03,3.88437500e-03
-1.83812500e-08,-9.13125000e-04,3.04531250e-03,3.92812500e-03
-1.83412500e-08,-9.15000000e-04,3.01875000e-03,3.97187500e-03
-1.83012500e-08,-9.17812500e-04,2.99218750e-03,4.01250000e-03
-1.82612500e-08,-9.22500000e-04,2.96875000e-03,4.04687500e-03
-1.82212500e-08,-9.28125000e-04,2.94843750e-03,4.07500000e-03
-1.81812500e-08,-9.35000000e-04,2.93125000e-03,4.09687500e-03
-1.81412500e-08,-9.42500000e-04,2.91875000e-03,4.10937500e-03
-1.81012500e-08,-9.50625000e-04,2.91093750e-03,4.11562500e-03
-1.80612500e-08,-9.58437500e-04,2.90937500e-03,4.11250000e-03
-1.80212500e-08,-9.66250000e-04,2.91093750e-03,4.10000000e-03
-1.79812500e-08,-9.72812500e-04,2.91875000e-03,4.08437500e-03
-1.79412500e-08,-9.77812500e-04,2.92968750e-03,4.06250000e-03
-1.79012500e-08,-9.81250000e-04,2.94375000e-03,4.03437500e-03
-1.78612500e-08,-9.82187500e-04,2.95937500e-03,4.00312500e-03
-1.78212500e-08,-9.80312500e-04,2.97656250e-03,3.97187500e-03
-1.77812500e-08,-9.75625000e-04,2.99375000e-03,3.94062500e-03
-1.77412500e-08,-9.68125000e-04,3.00937500e-03,3.90937500e-03
-1.77012500e-08,-9.57187500e-04,3.02187500e-03,3.88125000e-03
-1.76612500e-08,-9.43750000e-04,3.03281250e-03,3.85625000e-03
-1.76212500e-08,-9.27500000e-04,3.04062500e-03,3.83437500e-03
-1.75812500e-08,-9.09375000e-04,3.04375000e-03,3.81875000e-03
-1.75412500e-08,-8.89375000e-04,3.04218750e-03,3.80937500e-03
-1.75012500e-08,-8.68437500e-04,3.03750000e-03,3.80312500e-03
-1.74612500e-08,-8.47187500e-04,3.02968750e-03,3.80625000e-03
-1.74212500e-08,-8.26562500e-04,3.01875000e-03,3.81250000e-03
-1.73812500e-08,-8.06875000e-04,3.00468750e-03,3.82187500e-03
-1.73412500e-08,-7.89062500e-04,2.98906250e-03,3.83437500e-03
-1.73012500e-08,-7.73750000e-04,2.97500000e-03,3.85000000e-03
-1.72612500e-08,-7.61250000e-04,2.95937500e-03,3.86875000e-03
-1.72212500e-08,-7.52500000e-04,2.94687500e-03,3.88750000e-03
-1.71812500e-08,-7.47500000e-04,2.93593750e-03,3.90312500e-03
-1.71412500e-08,-7.46562500e-04,2.92968750e-03,3.91875000e-03
-1.71012500e-08,-7.49375000e-04,2.92656250e-03,3.93125000e-03
-1.70612500e-08,-7.55937500e-04,2.92656250e-03,3.94062500e-03
-1.70212500e-08,-7.65625000e-04,2.93281250e-03,3.94375000e-03
-1.69812500e-08,-7.78437500e-04,2.94218750e-03,3.94375000e-03
-1.69412500e-08,-7.93437500e-04,2.95625000e-03,3.94062500e-03
-1.69012500e-08,-8.10312500e-04,2.97343750e-03,3.93125000e-03
-1.68612500e-08,-8.27812500e-04,2.99218750e-03,3.91562500e-03
-1.68212500e-08,-8.45312500e-04,3.01406250e-03,3.89687500e-03
-1.67812500e-08,-8.62500000e-04,3.03750000e-03,3.87500000e-03
-1.67412500e-08,-8.78125000e-04,3.05937500e-03,3.85000000e-03
-1.67012500e-08,-8.91875000e-04,3.08125000e-03,3.81875000e-03
-1.66612500e-08,-9.03125000e-04,3.10156250e-03,3.79062500e-03
-1.66212500e-08,-9.11562500e-04,3.11875000e-03,3.75937500e-03
-1.65812500e-08,-9.16875000e-04,3.13125000e-03,3.72812500e-03
-1.65412500e-08,-9.19062500e-04,3.14218750e-03,3.70000000e-03
-1.65012500e-08,-9.18125000e-04,3.14687500e-03,3.67187500e-03
-1.64612500e-08,-9.14375000e-04,3.14843750e-03,3.64375000e-03
-1.64212500e-08,-9.08437500e-04,3.14531250e-03,3.62187500e-03
-1.63812500e-08,-9.00312500e-04,3.13906250e-03,3.60312500e-03
-1.63412500e-08,-8.90937500e-04,3.12812500e-03,3.59062500e-03
-1.63012500e-08,-8.80937500e-04,3.11406250e-03,3.58125000e-03
-1.62612500e-08,-8.70937500e-04,3.09843750e-03,3.57500000e-03
-1.62212500e-08,-8.61250000e-04,3.07968750e-03,3.57812500e-03
-1.61812500e-08,-8.52812500e-04,3.06093750e-03,3.58437500e-03
-1.61412500e-08,-8.46250000e-04,3.04218750e-03,3.59375000e-03
-1.61012500e-08,-8.41875000e-04,3.02187500e-03,3.60937500e-03
-1.60612500e-08,-8.39687500e-04,3.00468750e-03,3.63125000e-03
-1.60212500e-08,-8.40312500e-04,2.98906250e-03,3.65625000e-03
-1.59812500e-08,-8.43437500e-04,2.97500000e-03,3.68437500e-03
-1.59412500e-08,-8.49375000e-04,2.96250000e-03,3.71562500e-03
-1.59012500e-08,-8.57500000e-04,2.95312500e-03,3.75000000e-03
-1.58612500e-08,-8.67500000e-04,2.94687500e-03,3.78750000e-03
-1.58212500e-08,-8.79062500e-04,2.94375000e-03,3.82500000e-03
-1.57812500e-08,-8.91875000e-04,2.94218750e-03,3.86250000e-03
-1.57412500e-08,-9.04687500e-04,2.94218750e-03,3.90312500e-03
-1.57012500e-08,-9.17812500e-04,2.94531250e-03,3.93750000e-03
-1.56612500e-08,-9.29687500e-04,2.95000000e-03,3.97500000e-03
-1.56212500e-08,-9.40625000e-04,2.95625000e-03,4.00625000e-03
-1.55812500e-08,-9.49687500e-04,2.96250000e-03,4.03437500e-03
-1.55412500e-08,-9.56875000e-04,2.97031250e-03,4.05937500e-03
-1.55012500e-08,-9.61562500e-04,2.97656250e-03,4.07812500e-03
-1.54612500e-08,-9.64062500e-04,2.98437500e-03,4.09375000e-03
-1.54212500e-08,-9.63750000e-04,2.99218750e-03,4.10312500e-03
-1.53812500e-08,-9.61250000e-04,2.99687500e-03,4.10937500e-03
-1.53412500e-08,-9.56250000e-04,3.00312500e-03,4.10625000e-03
-1.53012500e-08,-9.49687500e-04,3.00625000e-03,4.10312500e-03
-1.52612500e-08,-9.41562500e-04,3.00937500e-03,4.09062500e-03
-1.52212500e-08,-9.32500000e-04,3.01093750e-03,4.07500000e-03
-1.51812500e-08,-9.22500000e-04,3.01093750e-03,4.05625000e-03
-1.51412500e-08,-9.12812500e-04,3.00937500e-03,4.03750000e-03
-1.51012500e-08,-9.03125000e-04,3.00625000e-03,4.01250000e-03
-1.50612500e-08,-8.94375000e-04,3.00312500e-03,3.99062500e-03
-1.50212500e-08,-8.86562500e-04,2.99687500e-03,3.96562500e-03
-1.49812500e-08,-8.80000000e-04,2.99218750e-03,3.94375000e-03
-1.49412500e-08,-8.75000000e-04,2.98437500e-03,3.92500000e-03
-1.49012500e-08,-8.71250000e-04,2.97656250e-03,3.90937500e-03
-1.48612500e-08,-8.69375000e-04,2.97031250e-03,3.89375000e-03
-1.48212500e-08,-8.68750000e-04,2.96250000e-03,3.88437500e-03
-1.47812500e-08,-8.69062500e-04,2.95625000e-03,3.88125000e-03
-1.47412500e-08,-8.70625000e-04,2.95000000e-03,3.87812500e-03
-1.47012500e-08,-8.72812500e-04,2.94531250e-03,3.88125000e-03
-1.46612500e-08,-8.75312500e-04,2.94218750e-03,3.88750000e-03
-1.46212500e-08,-8.77812500e-04,2.94062500e-03,3.89687500e-03
-1.45812500e-08,-8.80312500e-04,2.94218750e-03,3.90625000e-03
-1.45412500e-08,-8.82187500e-04,2.94687500e-03,3.91562500e-03
-1.45012500e-08,-8.83125000e-04,2.95312500e-03,3.92500000e-03
-1.44612500e-08,-8.83750000e-04,2.96250000e-03,3.93125000e-03
-1.44212500e-08,-8.83125000e-04,2.97343750e-03,3.93437500e-03
-1.43812500e-08,-8.81875000e-04,2.98750000e-03,3.93437500e-03
-1.43412500e-08,-8.80000000e-04,3.00312500e-03,3.92812500e-03
-1.43012500e-08,-8.77500000e-04,3.02031250e-03,3.91875000e-03
-1.42612500e-08,-8.75000000e-04,3.03750000e-03,3.90000000e-03
-1.42212500e-08,-8.72500000e-04,3.05625000e-03,3.87500000e-03
-1.41812500e-08,-8.70312500e-04,3.07343750e-03,3.84687500e-03
-1.41412500e-08,-8.69062500e-04,3.08906250e-03,3.80937500e-03
-1.41012500e-08,-8.68437500e-04,3.10312500e-03,3.77187500e-03
-1.40612500e-08,-8.69687500e-04,3.11250000e-03,3.72812500e-03
-1.40212500e-08,-8.72187500e-04,3.12031250e-03,3.68125000e-03
-1.39812500e-08,-8.76250000e-04,3.12187500e-03,3.63750000e-03
-1.39412500e-08,-8.82187500e-04,3.11875000e-03,3.59375000e-03
-1.39012500e-08,-8.90000000e-04,3.11093750e-03,3.55625000e-03
-1.38612500e-08,-8.99375000e-04,3.09843750e-03,3.51875000e-03
-1.38212500e-08,-9.10312500e-04,3.07968750e-03,3.49375000e-03
-1.37812500e-08,-9.22500000e-04,3.05625000e-03,3.47187500e-03
-1.37412500e-08,-9.35312500e-04,3.02968750e-03,3.46250000e-03
-1.37012500e-08,-9.48750000e-04,2.99843750e-03,3.46250000e-03
-1.36612500e-08,-9.62500000e-04,2.96562500e-03,3.47187500e-03
-1.36212500e-08,-9.75625000e-04,2.92968750e-03,3.49375000e-03
-1.35812500e-08,-9.87812500e-04,2.89531250e-03,3.52187500e-03
-1.35412500e-08,-9.99062500e-04,2.86093750e-03,3.55937500e-03
-1.35012500e-08,-1.00843750e-03,2.82968750e-03,3.60625000e-03
-1.34612500e-08,-1.01625000e-03,2.80000000e-03,3.65937500e-03
-1.34212500e-08,-1.02218750e-03,2.77656250e-03,3.71250000e-03
-1.33812500e-08,-1.02593750e-03,2.75781250e-03,3.77187500e-03
-1.33412500e-08,-1.02750000e-03,2.74531250e-03,3.82812500e-03
-1.33012500e-08,-1.02718750e-03,2.73906250e-03,3.88437500e-03
-1.32612500e-08,-1.02500000e-03,2.73906250e-03,3.93750000e-03
-1.32212500e-08,-1.02093750e-03,2.74531250e-03,3.98125000e-03
-1.31812500e-08,-1.01593750e-03,2.75937500e-03,4.02187500e-03
-1.31412500e-08,-1.00968750e-03,2.77812500e-03,4.05312500e-03
-1.31012500e-08,-1.00281250e-03,2.80312500e-03,4.07812500e-03
-1.30612500e-08,-9.95625000e-04,2.83125000e-03,4.09062500e-03
-1.30212500e-08,-9.88437500e-04,2.86250000e-03,4.09687500e-03
-1.29812500e-08,-9.81562500e-04,2.89531250e-03,4.09687500e-03
-1.29412500e-08,-9.75312500e-04,2.92812500e-03,4.08750000e-03
-1.29012500e-08,-9.70000000e-04,2.96093750e-03,4.07187500e-03
-1.28612500e-08,-9.65312500e-04,2.99218750e-03,4.05312500e-03
-1.28212500e-08,-9.61562500e-04,3.02031250e-03,4.02812500e-03
-1.27812500e-08,-9.58750000e-04,3.04531250e-03,4.00312500e-03
-1.27412500e-08,-9.56562500e-04,3.06562500e-03,3.97812500e-03
-1.27012500e-08,-9.55000000e-04,3.08125000e-03,3.95625000e-03
-1.26612500e-08,-9.53750000e-04,3.09218750e-03,3.93437500e-03
-1.26212500e-08,-9.52812500e-04,3.09843750e-03,3.91250000e-03
-1.25812500e-08,-9.51250000e-04,3.10000000e-03,3.89687500e-03
-1.25412500e-08,-9.49687500e-04,3.09687500e-03,3.88437500e-03
-1.25012500e-08,-9.47187500e-04,3.09062500e-03,3.87812500e-03
-1.24612500e-08,-9.44062500e-04,3.08125000e-03,3.87187500e-03
-1.24212500e-08,-9.39687500e-04,3.06875000e-03,3.86875000e-03
-1.23812500e-08,-9.34375000e-04,3.05625000e-03,3.86562500e-03
-1.23412500e-08,-9.27812500e-04,3.04375000e-03,3.86562500e-03
-1.23012500e-08,-9.20312500e-04,3.03125000e-03,3.86875000e-03
-1.22612500e-08,-9.11562500e-04,3.01875000e-03,3.86562500e-03
-1.22212500e-08,-9.02187500e-04,3.00937500e-03,3.86562500e-03
-1.21812500e-08,-8.92187500e-04,3.00156250e-03,3.86250000e-03
-1.21412500e-08,-8.81875000e-04,2.99531250e-03,3.85625000e-03
-1.21012500e-08,-8.71562500e-04,2.99218750e-03,3.84687500e-03
-1.20612500e-08,-8.61562500e-04,2.99062500e-03,3.83437500e-03
-1.20212500e-08,-8.52187500e-04,2.99218750e-03,3.82187500e-03
-1.19812500e-08,-8.43750000e-04,2.99531250e-03,3.80625000e-03
-1.19412500e-08,-8.36562500e-04,2.99843750e-03,3.79062500e-03
-1.19012500e-08,-8.30312500e-04,3.00312500e-03,3.77500000e-03
-1.18612500e-08,-8.25937500e-04,3.00781250e-03,3.76250000e-03
-1.18212500e-08,-8.23125000e-04,3.01250000e-03,3.74687500e-03
-1.17812500e-08,-8.21875000e-04,3.01562500e-03,3.73750000e-03
-1.17412500e-08,-8.22187500e-04,3.01718750e-03,3.73125000e-03
-1.17012500e-08,-8.23750000e-04,3.01562500e-03,3.73125000e-03
-1.16612500e-08,-8.26875000e-04,3.01250000e-03,3.73125000e-03
-1.16212500e-08,-8.30937500e-04,3.00781250e-03,3.74062500e-03
-1.15812500e-08,-8.35937500e-04,2.99843750e-03,3.75312500e-03
-1.15412500e-08,-8.41562500e-04,2.98750000e-03,3.76875000e-03
-1.15012500e-08,-8.47812500e-04,2.97500000e-03,3.78750000e-03
-1.14612500e-08,-8.54062500e-04,2.95937500e-03,3.81250000e-03
-1.14212500e-08,-8.60000000e-04,2.94062500e-03,3.83750000e-03
-1.13812500e-08,-8.65937500e-04,2.92187500e-03,3.86250000e-03
-1.13412500e-08,-8.71562500e-04,2.90312500e-03,3.88750000e-03
-1.13012500e-08,-8.76562500e-04,2.88281250e-03,3.90937500e-03
-1.12612500e-08,-8.80625000e-04,2.86406250e-03,3.93125000e-03
-1.12212500e-08,-8.84375000e-04,2.84531250e-03,3.95000000e-03
-1.11812500e-08,-8.87500000e-04,2.82812500e-03,3.96250000e-03
-1.11412500e-08,-8.89687500e-04,2.81406250e-03,3.97187500e-03
-1.11012500e-08,-8.91562500e-04,2.80312500e-03,3.97812500e-03
-1.10612500e-08,-8.92812500e-04,2.79531250e-03,3.98125000e-03
-1.10212500e-08,-8.93437500e-04,2.79062500e-03,3.97812500e-03
-1.09812500e-08,-8.94062500e-04,2.78906250e-03,3.97500000e-03
-1.09412500e-08,-8.94375000e-04,2.79218750e-03,3.96562500e-03
-1.09012500e-08,-8.94375000e-04,2.80000000e-03,3.95937500e-03
-1.08612500e-08,-8.94687500e-04,2.81093750e-03,3.95312500e-03
-1.08212500e-08,-8.94687500e-04,2.82656250e-03,3.94687500e-03
-1.07812500e-08,-8.94687500e-04,2.84531250e-03,3.94375000e-03
-1.07412500e-08,-8.94687500e-04,2.86718750e-03,3.94062500e-03
-1.07012500e-08,-8.95000000e-04,2.89218750e-03,3.94375000e-03
-1.06612500e-08,-8.95312500e-04,2.91875000e-03,3.95000000e-03
-1.06212500e-08,-8.95625000e-04,2.94531250e-03,3.95937500e-03
-1.05812500e-08,-8.95937500e-04,2.97500000e-03,3.97187500e-03
-1.05412500e-08,-8.96562500e-04,3.00312500e-03,3.98437500e-03
-1.05012500e-08,-8.97187500e-04,3.03125000e-03,4.00000000e-03
-1.04612500e-08,-8.97812500e-04,3.05625000e-03,4.01562500e-03
-1.04212500e-08,-8.98750000e-04,3.07968750e-03,4.02812500e-03
-1.03812500e-08,-9.00000000e-04,3.10000000e-03,4.03750000e-03
-1.03412500e-08,-9.01250000e-04,3.11718750e-03,4.04375000e-03
-1.03012500e-08,-9.02812500e-04,3.12968750e-03,4.04687500e-03
-1.02612500e-08,-9.05000000e-04,3.13750000e-03,4.04062500e-03
-1.02212500e-08,-9.07187500e-04,3.14218750e-03,4.02812500e-03
-1.01812500e-08,-9.10000000e-04,3.14062500e-03,4.00625000e-03
-1.01412500e-08,-9.13125000e-04,3.13437500e-03,3.97812500e-03
-1.01012500e-08,-9.16562500e-04,3.12343750e-03,3.94375000e-03
-1.00612500e-08,-9.20312500e-04,3.10781250e-03,3.90625000e-03
-1.00212500e-08,-9.24687500e-04,3.09062500e-03,3.86250000e-03
-9.98125000e-09,-9.29062500e-04,3.06875000e-03,3.81562500e-03
-9.94125000e-09,-9.33437500e-04,3.04687500e-03,3.77187500e-03
-9.90125000e-09,-9.38125000e-04,3.02343750e-03,3.72812500e-03
-9.86125000e-09,-9.42187500e-04,2.99843750e-03,3.69062500e-03
-9.82125000e-09,-9.46250000e-04,2.97656250e-03,3.65625000e-03
-9.78125000e-09,-9.49687500e-04,2.95625000e-03,3.63437500e-03
-9.74125000e-09,-9.52187500e-04,2.93750000e-03,3.62187500e-03
-9.70125000e-09,-9.54375000e-04,2.92343750e-03,3.61875000e-03
-9.66125000e-09,-9.55312500e-04,2.91406250e-03,3.62812500e-03
-9.62125000e-09,-9.55625000e-04,2.90781250e-03,3.65000000e-03
-9.58125000e-09,-9.55000000e-04,2.90781250e-03,3.68437500e-03
-9.54125000e-09,-9.53437500e-04,2.91250000e-03,3.72812500e-03
-9.50125000e-09,-9.50937500e-04,2.92031250e-03,3.78125000e-03
-9.46125000e-09,-9.48125000e-04,2.93437500e-03,3.83750000e-03
-9.42125000e-09,-9.44687500e-04,2.95156250e-03,3.90000000e-03
-9.38125000e-09,-9.40937500e-04,2.97187500e-03,3.96250000e-03
-9.34125000e-09,-9.37500000e-04,2.99375000e-03,4.02187500e-03
-9.30125000e-09,-9.34062500e-04,3.01718750e-03,4.07500000e-03
-9.26125000e-09,-9.31250000e-04,3.04218750e-03,4.12187500e-03
-9.22125000e-09,-9.29375000e-04,3.06562500e-03,4.15312500e-03
-9.18125000e-09,-9.28437500e-04,3.08906250e-03,4.17500000e-03
-9.14125000e-09,-9.28437500e-04,3.11093750e-03,4.18125000e-03
-9.10125000e-09,-9.30000000e-04,3.13125000e-03,4.17187500e-03
-9.06125000e-09,-9.32812500e-04,3.14687500e-03,4.14375000e-03
-9.02125000e-09,-9.36562500e-04,3.16250000e-03,4.10312500e-03
-8.98125000e-09,-9.41562500e-04,3.17343750e-03,4.04687500e-03
-8.94125000e-09,-9.47500000e-04,3.18281250e-03,3.98125000e-03
-8.90125000e-09,-9.54062500e-04,3.18906250e-03,3.90312500e-03
-8.86125000e-09,-9.60937500e-04,3.19531250e-03,3.82187500e-03
-8.82125000e-09,-9.67812500e-04,3.20000000e-03,3.73750000e-03
-8.78125000e-09,-9.74687500e-04,3.20312500e-03,3.65312500e-03
-8.74125000e-09,-9.80312500e-04,3.20625000e-03,3.57500000e-03
-8.70125000e-09,-9.85312500e-04,3.21093750e-03,3.50625000e-03
-8.66125000e-09,-9.88750000e-04,3.21562500e-03,3.45000000e-03
-8.62125000e-09,-9.90625000e-04,3.22343750e-03,3.40625000e-03
-8.58125000e-09,-9.90625000e-04,3.23125000e-03,3.37812500e-03
-8.54125000e-09,-9.88750000e-04,3.24062500e-03,3.36875000e-03
-8.50125000e-09,-9.85000000e-04,3.25156250e-03,3.37812500e-03
-8.46125000e-09,-9.79375000e-04,3.26250000e-03,3.40625000e-03
-8.42125000e-09,-9.71875000e-04,3.27343750e-03,3.45000000e-03
-8.38125000e-09,-9.63125000e-04,3.28437500e-03,3.50625000e-03
-8.34125000e-09,-9.53125000e-04,3.29375000e-03,3.57812500e-03
-8.30125000e-09,-9.41875000e-04,3.30156250e-03,3.65625000e-03
-8.26125000e-09,-9.30312500e-04,3.30468750e-03,3.74062500e-03
-8.22125000e-09,-9.18437500e-04,3.30468750e-03,3.82500000e-03
-8.18125000e-09,-9.06875000e-04,3.30000000e-03,3.90937500e-03
-8.14125000e-09,-8.95312500e-04,3.28906250e-03,3.98750000e-03
-8.10125000e-09,-8.84375000e-04,3.27187500e-03,4.05625000e-03
-8.06125000e-09,-8.74375000e-04,3.25000000e-03,4.11562500e-03
-8.02125000e-09,-8.65000000e-04,3.22031250e-03,4.15937500e-03
-7.98125000e-09,-8.56562500e-04,3.18750000e-03,4.18750000e-03
-7.94125000e-09,-8.48750000e-04,3.14687500e-03,4.20000000e-03
-7.90125000e-09,-8.41562500e-04,3.10468750e-03,4.19375000e-03
-7.86125000e-09,-8.34687500e-04,3.05937500e-03,4.17500000e-03
-7.82125000e-09,-8.27812500e-04,3.01093750e-03,4.14062500e-03
-7.78125000e-09,-8.20625000e-04,2.96406250e-03,4.09375000e-03
-7.74125000e-09,-8.13125000e-04,2.91875000e-03,4.04062500e-03
-7.70125000e-09,-8.04687500e-04,2.87500000e-03,3.97812500e-03
-7.66125000e-09,-7.95312500e-04,2.83750000e-03,3.90937500e-03
-7.62125000e-09,-7.84375000e-04,2.80625000e-03,3.84375000e-03
-7.58125000e-09,-7.71875000e-04,2.78125000e-03,3.77812500e-03
-7.54125000e-09,-7.57812500e-04,2.76562500e-03,3.71875000e-03
-7.50125000e-09,-7.42187500e-04,2.75937500e-03,3.66562500e-03
-7.46125000e-09,-7.25000000e-04,2.76250000e-03,3.62187500e-03
-7.42125000e-09,-7.06250000e-04,2.77656250e-03,3.58750000e-03
-7.38125000e-09,-6.85937500e-04,2.80000000e-03,3.56250000e-03
-7.34125000e-09,-6.64687500e-04,2.83437500e-03,3.55000000e-03
-7.30125000e-09,-6.42187500e-04,2.87968750e-03,3.54687500e-03
-7.26125000e-09,-6.18750000e-04,2.93281250e-03,3.55312500e-03
-7.22125000e-09,-5.94375000e-04,2.99687500e-03,3.56562500e-03
-7.18125000e-09,-5.69375000e-04,3.06875000e-03,3.58750000e-03
-7.14125000e-09,-5.43437500e-04,3.14843750e-03,3.60937500e-03
-7.10125000e-09,-5.16250000e-04,3.23593750e-03,3.63750000e-03
-7.06125000e-09,-4.87812500e-04,3.33125000e-03,3.66250000e-03
-7.02125000e-09,-4.57500000e-04,3.43437500e-03,3.68750000e-03
-6.98125000e-09,-4.25000000e-04,3.54531250e-03,3.70937500e-03
-6.94125000e-09,-3.89687500e-04,3.66406250e-03,3.72500000e-03
-6.90125000e-09,-3.50937500e-04,3.79218750e-03,3.73750000e-03
-6.86125000e-09,-3.08125000e-04,3.92812500e-03,3.74375000e-03
-6.82125000e-09,-2.60625000e-04,4.07656250e-03,3.74687500e-03
-6.78125000e-09,-2.07812500e-04,4.23593750e-03,3.74375000e-03
-6.74125000e-09,-1.49375000e-04,4.40781250e-03,3.73437500e-03
-6.70125000e-09,-8.53125000e-05,4.59375000e-03,3.72500000e-03
-6.66125000e-09,-1.56250000e-05,4.79531250e-03,3.71250000e-03
-6.62125000e-09,6.00000000e-05,5.01406250e-03,3.70000000e-03
-6.58125000e-09,1.40625000e-04,5.25000000e-03,3.68750000e-03
-6.54125000e-09,2.25625000e-04,5.50468750e-03,3.67812500e-03
-6.50125000e-09,3.13750000e-04,5.77812500e-03,3.67187500e-03
-6.46125000e-09,4.04062500e-04,6.07031250e-03,3.66875000e-03
-6.42125000e-09,4.95000000e-04,6.38281250e-03,3.66875000e-03
-6.38125000e-09,5.84375000e-04,6.71406250e-03,3.67187500e-03
-6.34125000e-09,6.70312500e-04,7.06406250e-03,3.68125000e-03
-6.30125000e-09,7.51250000e-04,7.43125000e-03,3.69375000e-03
-6.26125000e-09,8.25000000e-04,7.81718750e-03,3.70625000e-03
-6.22125000e-09,8.89375000e-04,8.21875000e-03,3.72187500e-03
-6.18125000e-09,9.42812500e-04,8.63593750e-03,3.73437500e-03
-6.14125000e-09,9.83437500e-04,9.06875000e-03,3.75000000e-03
-6.10125000e-09,1.01031250e-03,9.51406250e-03,3.75937500e-03
-6.06125000e-09,1.02187500e-03,9.97343750e-03,3.76875000e-03
-6.02125000e-09,1.01812500e-03,1.04453125e-02,3.77187500e-03
-5.98125000e-09,9.98437500e-04,1.09296875e-02,3.76875000e-03
-5.94125000e-09,9.63125000e-04,1.14250000e-02,3.76250000e-03
-5.90125000e-09,9.13125000e-04,1.19328125e-02,3.75000000e-03
-5.86125000e-09,8.49062500e-04,1.24546875e-02,3.73437500e-03
-5.82125000e-09,7.72812500e-04,1.29875000e-02,3.71250000e-03
-5.78125000e-09,6.85625000e-04,1.35359375e-02,3.69062500e-03
-5.74125000e-09,5.90000000e-04,1.40984375e-02,3.66562500e-03
-5.70125000e-09,4.87812500e-04,1.46750000e-02,3.63750000e-03
-5.66125000e-09,3.81562500e-04,1.52687500e-02,3.61250000e-03
-5.62125000e-09,2.73750000e-04,1.58781250e-02,3.59062500e-03
-5.58125000e-09,1.65937500e-04,1.65046875e-02,3.57187500e-03
-5.54125000e-09,6.06250000e-05,1.71468750e-02,3.55625000e-03
-5.50125000e-09,-4.03125000e-05,1.78062500e-02,3.54687500e-03
-5.46125000e-09,-1.35000000e-04,1.84812500e-02,3.54375000e-03
-5.42125000e-09,-2.23125000e-04,1.91718750e-02,3.54375000e-03
-5.38125000e-09,-3.02812500e-04,1.98765625e-02,3.55000000e-03
-5.34125000e-09,-3.74062500e-04,2.05921875e-02,3.56250000e-03
-5.30125000e-09,-4.36562500e-04,2.13171875e-02,3.57500000e-03
-5.26125000e-09,-4.90625000e-04,2.20515625e-02,3.59375000e-03
-5.22125000e-09,-5.36875000e-04,2.27906250e-02,3.61250000e-03
-5.18125000e-09,-5.75625000e-04,2.35328125e-02,3.62812500e-03
-5.14125000e-09,-6.08125000e-04,2.42765625e-02,3.64375000e-03
-5.10125000e-09,-6.35312500e-04,2.50187500e-02,3.65625000e-03
-5.06125000e-09,-6.58437500e-04,2.57578125e-02,3.66562500e-03
-5.02125000e-09,-6.78750000e-04,2.64906250e-02,3.66875000e-03
-4.98125000e-09,-6.97500000e-04,2.72187500e-02,3.66875000e-03
-4.94125000e-09,-7.15312500e-04,2.79375000e-02,3.66562500e-03
-4.90125000e-09,-7.33125000e-04,2.86484375e-02,3.65625000e-03
-4.86125000e-09,-7.51562500e-04,2.93515625e-02,3.64375000e-03
-4.82125000e-09,-7.71250000e-04,3.00468750e-02,3.63125000e-03
-4.78125000e-09,-7.91875000e-04,3.07328125e-02,3.61875000e-03
-4.74125000e-09,-8.13750000e-04,3.14125000e-02,3.60625000e-03
-4.70125000e-09,-8.36562500e-04,3.20859375e-02,3.60000000e-03
-4.66125000e-09,-8.60000000e-04,3.27562500e-02,3.59687500e-03
-4.62125000e-09,-8.83125000e-04,3.34203125e-02,3.60312500e-03
-4.58125000e-09,-9.05625000e-04,3.40828125e-02,3.61562500e-03
-4.54125000e-09,-9.26875000e-04,3.47437500e-02,3.64062500e-03
-4.50125000e-09,-9.45625000e-04,3.54046875e-02,3.67187500e-03
-4.46125000e-09,-9.61875000e-04,3.60640625e-02,3.71562500e-03
-4.42125000e-09,-9.74687500e-04,3.67250000e-02,3.76562500e-03
-4.38125000e-09,-9.83750000e-04,3.73843750e-02,3.82500000e-03
-4.34125000e-09,-9.89062500e-04,3.80437500e-02,3.89062500e-03
-4.30125000e-09,-9.90000000e-04,3.87015625e-02,3.95937500e-03
-4.26125000e-09,-9.87187500e-04,3.93578125e-02,4.02812500e-03
-4.22125000e-09,-9.80312500e-04,4.00109375e-02,4.09375000e-03
-4.18125000e-09,-9.70625000e-04,4.06593750e-02,4.15312500e-03
-4.14125000e-09,-9.57812500e-04,4.13031250e-02,4.20625000e-03
-4.10125000e-09,-9.43125000e-04,4.19390625e-02,4.25000000e-03
-4.06125000e-09,-9.27500000e-04,4.25687500e-02,4.27812500e-03
-4.02125000e-09,-9.10937500e-04,4.31890625e-02,4.29062500e-03
-3.98125000e-09,-8.95000000e-04,4.38015625e-02,4.29062500e-03
-3.94125000e-09,-8.80000000e-04,4.44046875e-02,4.27187500e-03
-3.90125000e-09,-8.66562500e-04,4.50015625e-02,4.23750000e-03
-3.86125000e-09,-8.55625000e-04,4.55890625e-02,4.19062500e-03
-3.82125000e-09,-8.47187500e-04,4.61703125e-02,4.12812500e-03
-3.78125000e-09,-8.41562500e-04,4.67484375e-02,4.05937500e-03
-3.74125000e-09,-8.38750000e-04,4.73218750e-02,3.98125000e-03
-3.70125000e-09,-8.38750000e-04,4.78953125e-02,3.90000000e-03
-3.66125000e-09,-8.41562500e-04,4.84671875e-02,3.81562500e-03
-3.62125000e-09,-8.46875000e-04,4.90421875e-02,3.74062500e-03
-3.58125000e-09,-8.53750000e-04,4.96218750e-02,3.66875000e-03
-3.54125000e-09,-8.61875000e-04,5.02046875e-02,3.60937500e-03
-3.50125000e-09,-8.70937500e-04,5.07953125e-02,3.55937500e-03
-3.46125000e-09,-8.80000000e-04,5.13906250e-02,3.52812500e-03
-3.42125000e-09,-8.88437500e-04,5.19921875e-02,3.51250000e-03
-3.38125000e-09,-8.96250000e-04,5.26000000e-02,3.51250000e-03
-3.34125000e-09,-9.02500000e-04,5.32125000e-02,3.52812500e-03
-3.30125000e-09,-9.07187500e-04,5.38281250e-02,3.55625000e-03
-3.26125000e-09,-9.10000000e-04,5.44453125e-02,3.60000000e-03
-3.22125000e-09,-9.10312500e-04,5.50625000e-02,3.65312500e-03
-3.18125000e-09,-9.08750000e-04,5.56765625e-02,3.71250000e-03
-3.14125000e-09,-9.05312500e-04,5.62875000e-02,3.77500000e-03
-3.10125000e-09,-8.99687500e-04,5.68906250e-02,3.83750000e-03
-3.06125000e-09,-8.92812500e-04,5.74859375e-02,3.89375000e-03
-3.02125000e-09,-8.84687500e-04,5.80718750e-02,3.94375000e-03
-2.98125000e-09,-8.75937500e-04,5.86468750e-02,3.98125000e-03
-2.94125000e-09,-8.66562500e-04,5.92125000e-02,4.00937500e-03
-2.90125000e-09,-8.57187500e-04,5.97671875e-02,4.01875000e-03
-2.86125000e-09,-8.48125000e-04,6.03140625e-02,4.01562500e-03
-2.82125000e-09,-8.40000000e-04,6.08531250e-02,3.99375000e-03
-2.78125000e-09,-8.32812500e-04,6.13859375e-02,3.95625000e-03
-2.74125000e-09,-8.26875000e-04,6.19156250e-02,3.90625000e-03
-2.70125000e-09,-8.22187500e-04,6.24437500e-02,3.84687500e-03
-2.66125000e-09,-8.19062500e-04,6.29734375e-02,3.77500000e-03
-2.62125000e-09,-8.17187500e-04,6.35078125e-02,3.70000000e-03
-2.58125000e-09,-8.16875000e-04,6.40484375e-02,3.61875000e-03
-2.54125000e-09,-8.17500000e-04,6.45953125e-02,3.54062500e-03
-2.50125000e-09,-8.19062500e-04,6.51515625e-02,3.46875000e-03
-2.46125000e-09,-8.21562500e-04,6.57171875e-02,3.40312500e-03
-2.42125000e-09,-8.24375000e-04,6.62906250e-02,3.34375000e-03
-2.38125000e-09,-8.27812500e-04,6.68687500e-02,3.30000000e-03
-2.34125000e-09,-8.31250000e-04,6.74531250e-02,3.26875000e-03
-2.30125000e-09,-8.34687500e-04,6.80359375e-02,3.25000000e-03
-2.26125000e-09,-8.37812500e-04,6.86171875e-02,3.24687500e-03
-2.22125000e-09,-8.40937500e-04,6.91890625e-02,3.25937500e-03
-2.18125000e-09,-8.43437500e-04,6.97468750e-02,3.28125000e-03
-2.14125000e-09,-8.45937500e-04,7.02843750e-02,3.31562500e-03
-2.10125000e-09,-8.47812500e-04,7.07984375e-02,3.35937500e-03
-2.06125000e-09,-8.49375000e-04,7.12812500e-02,3.40625000e-03
-2.02125000e-09,-8.50625000e-04,7.17281250e-02,3.45937500e-03
-1.98125000e-09,-8.51562500e-04,7.21359375e-02,3.51562500e-03
-1.94125000e-09,-8.52500000e-04,7.24984375e-02,3.57187500e-03
-1.90125000e-09,-8.53437500e-04,inf,3.62500000e-03
-1.86125000e-09,-8.54375000e-04,inf,3.67500000e-03
-1.82125000e-09,-8.55625000e-04,inf,3.72187500e-03
-1.78125000e-09,-8.56562500e-04,inf,3.76250000e-03
-1.74125000e-09,-8.57812500e-04,inf,3.80312500e-03
-1.70125000e-09,-8.59062500e-04,inf,3.84062500e-03
-1.66125000e-09,-8.60000000e-04,inf,3.87500000e-03
-1.62125000e-09,-8.60937500e-04,inf,3.91250000e-03
-1.58125000e-09,-8.61875000e-04,inf,3.95000000e-03
-1.54125000e-09,-8.62187500e-04,inf,3.99375000e-03
-1.50125000e-09,-8.62187500e-04,inf,4.04375000e-03
-1.46125000e-09,-8.61250000e-04,inf,4.10625000e-03
-1.42125000e-09,-8.60000000e-04,inf,4.17812500e-03
-1.38125000e-09,-8.57812500e-04,inf,4.26562500e-03
-1.34125000e-09,-8.55000000e-04,inf,4.36875000e-03
-1.30125000e-09,-8.51250000e-04,inf,4.48750000e-03
-1.26125000e-09,-8.46875000e-04,inf,4.62500000e-03
-1.22125000e-09,-8.41875000e-04,inf,4.78125000e-03
-1.18125000e-09,-8.36250000e-04,inf,4.95625000e-03
-1.14125000e-09,-8.30312500e-04,inf,5.15000000e-03
-1.10125000e-09,-8.24062500e-04,inf,5.36250000e-03
-1.06125000e-09,-8.17812500e-04,inf,5.59375000e-03
-1.02125000e-09,-8.11562500e-04,inf,5.84375000e-03
-9.81250000e-10,-8.06250000e-04,inf,6.11250000e-03
-9.41250000e-10,-8.01250000e-04,inf,6.39687500e-03
-9.01250000e-10,-7.97187500e-04,inf,6.70000000e-03
-8.61250000e-10,-7.94062500e-04,inf,7.02187500e-03
-8.21250000e-10,-7.92500000e-04,inf,7.36250000e-03
-7.81250000e-10,-7.91875000e-04,inf,7.72187500e-03
-7.41250000e-10,-7.93125000e-04,inf,8.10312500e-03
-7.01250000e-10,-7.95312500e-04,inf,8.50312500e-03
-6.61250000e-10,-7.99375000e-04,inf,8.93125000e-03
-6.21250000e-10,-8.04687500e-04,inf,9.38125000e-03
-5.81250000e-10,-8.11250000e-04,inf,9.85625000e-03
-5.41250000e-10,-8.19062500e-04,inf,1.03593750e-02
-5.01250000e-10,-8.27812500e-04,inf,1.08906250e-02
-4.61250000e-10,-8.37500000e-04,inf,1.14500000e-02
-4.21250000e-10,-8.47812500e-04,inf,1.20406250e-02
-3.81250000e-10,-8.58437500e-04,inf,1.26562500e-02
-3.41250000e-10,-8.69062500e-04,inf,1.33031250e-02
-3.01250000e-10,-8.79375000e-04,inf,1.39781250e-02
-2.61250000e-10,-8.89687500e-04,inf,1.46781250e-02
-2.21250000e-10,-8.99062500e-04,inf,1.54031250e-02
-1.81250000e-10,-9.07500000e-04,inf,1.61531250e-02
-1.41250000e-10,-9.15312500e-04,inf,1.69218750e-02
-1.01250000e-10,-9.21562500e-04,inf,1.77093750e-02
-6.12500000e-11,-9.26562500e-04,inf,1.85125000e-02
-2.12500000e-11,-9.30000000e-04,inf,1.93312500e-02
1.87500000e-11,-9.32187500e-04,inf,2.01656250e-02
5.87500000e-11,-9.32812500e-04,inf,2.10125000e-02
9.87500000e-11,-9.31875000e-04,inf,2.18687500e-02
1.38750000e-10,-9.29687500e-04,inf,2.27343750e-02
1.78750000e-10,-9.25937500e-04,inf,2.36125000e-02
2.18750000e-10,-9.21250000e-04,inf,2.45000000e-02
2.58750000e-10,-9.15625000e-04,inf,2.54000000e-02
2.98750000e-10,-9.09062500e-04,inf,2.63093750e-02
3.38750000e-10,-9.01562500e-04,inf,2.72343750e-02
3.78750000e-10,-8.94062500e-04,inf,2.81718750e-02
4.18750000e-10,-8.86250000e-04,inf,2.91218750e-02
4.58750000e-10,-8.78437500e-04,inf,3.00906250e-02
4.98750000e-10,-8.70937500e-04,inf,3.10718750e-02
5.38750000e-10,-8.63750000e-04,inf,3.20687500e-02
5.78750000e-10,-8.57500000e-04,inf,3.30812500e-02
6.18750000e-10,-8.51562500e-04,inf,3.41093750e-02
6.58750000e-10,-8.46562500e-04,inf,3.51500000e-02
6.98750000e-10,-8.42187500e-04,inf,3.62000000e-02
7.38750000e-10,-8.38750000e-04,inf,3.72625000e-02
7.78750000e-10,-8.36250000e-04,inf,3.83312500e-02
8.18750000e-10,-8.34687500e-04,inf,3.94031250e-02
8.58750000e-10,-8.33437500e-04,inf,4.04812500e-02
8.98750000e-10,-8.32812500e-04,inf,4.15562500e-02
9.38750000e-10,-8.32500000e-04,inf,4.26343750e-02
9.78750000e-10,-8.32187500e-04,inf,4.37062500e-02
1.01875000e-09,-8.32187500e-04,inf,4.47750000e-02
1.05875000e-09,-8.31875000e-04,inf,4.58375000e-02
1.09875000e-09,-8.30937500e-04,inf,4.69000000e-02
1.13875000e-09,-8.29687500e-04,inf,4.79562500e-02
1.17875000e-09,-8.27812500e-04,inf,4.90093750e-02
1.21875000e-09,-8.25312500e-04,inf,5.00625000e-02
1.25875000e-09,-8.21875000e-04,inf,5.11156250e-02
1.29875000e-09,-8.18125000e-04,inf,5.21750000e-02
1.33875000e-09,-8.13437500e-04,inf,5.32406250e-02
1.37875000e-09,-8.08437500e-04,inf,5.43156250e-02
1.41875000e-09,-8.03125000e-04,inf,5.54000000e-02
1.45875000e-09,-7.97812500e-04,inf,5.64968750e-02
1.49875000e-09,-7.92500000e-04,inf,5.76062500e-02
1.53875000e-09,-7.87500000e-04,inf,5.87343750e-02
1.57875000e-09,-7.83125000e-04,inf,5.98750000e-02
1.61875000e-09,-7.79375000e-04,inf,6.10281250e-02
1.65875000e-09,-7.76562500e-04,inf,6.21937500e-02
1.69875000e-09,-7.75000000e-04,inf,6.33656250e-02
1.73875000e-09,-7.74375000e-04,inf,6.45468750e-02
1.77875000e-09,-7.75000000e-04,inf,6.57312500e-02
1.81875000e-09,-7.76875000e-04,inf,6.69156250e-02
1.85875000e-09,-7.79687500e-04,inf,6.80937500e-02
1.89875000e-09,-7.83125000e-04,inf,6.92625000e-02
1.93875000e-09,-7.87187500e-04,inf,7.04187500e-02
1.97875000e-09,-7.91562500e-04,inf,7.15625000e-02
2.01875000e-09,-7.95937500e-04,inf,7.26906250e-02
2.05875000e-09,-8.00000000e-04,inf,7.38000000e-02
2.09875000e-09,-8.03125000e-04,inf,7.48906250e-02
2.13875000e-09,-8.05312500e-04,inf,7.59656250e-02
2.17875000e-09,-8.05937500e-04,inf,7.70250000e-02
2.21875000e-09,-8.04687500e-04,inf,7.80718750e-02
2.25875000e-09,-8.01875000e-04,inf,7.91093750e-02
2.29875000e-09,-7.96875000e-04,inf,8.01437500e-02
2.33875000e-09,-7.89375000e-04,inf,8.11781250e-02
2.37875000e-09,-7.80312500e-04,inf,8.22156250e-02
2.41875000e-09,-7.69062500e-04,inf,8.32625000e-02
2.45875000e-09,-7.55937500e-04,inf,8.43187500e-02
2.49875000e-09,-7.41875000e-04,inf,8.53906250e-02
2.53875000e-09,-7.26250000e-04,inf,8.64781250e-02
2.57875000e-09,-7.10312500e-04,inf,8.75812500e-02
2.61875000e-09,-6.94375000e-04,inf,8.87000000e-02
2.65875000e-09,-6.78437500e-04,inf,8.98312500e-02
2.69875000e-09,-6.63750000e-04,inf,9.09687500e-02
2.73875000e-09,-6.50000000e-04,inf,9.21062500e-02
2.77875000e-09,-6.38437500e-04,inf,9.32375000e-02
2.81875000e-09,-6.28750000e-04,inf,9.43562500e-02
2.85875000e-09,-6.21562500e-04,inf,9.54468750e-02
2.89875000e-09,-6.16875000e-04,inf,9.65062500e-02
2.93875000e-09,-6.15000000e-04,inf,9.75187500e-02
2.97875000e-09,-6.15625000e-04,inf,9.84750000e-02
3.01875000e-09,-6.19062500e-04,inf,9.93687500e-02
3.05875000e-09,-6.25000000e-04,inf,1.00187500e-01
3.09875000e-09,-6.33437500e-04,inf,1.00928125e-01
3.13875000e-09,-6.43437500e-04,inf,1.01581250e-01
3.17875000e-09,-6.55000000e-04,inf,1.02146875e-01
3.21875000e-09,-6.67812500e-04,inf,inf
3.25875000e-09,-6.81250000e-04,inf,inf
3.29875000e-09,-6.95000000e-04,inf,inf
3.33875000e-09,-7.08750000e-04,inf,inf
3.37875000e-09,-7.21875000e-04,inf,inf
3.41875000e-09,-7.34062500e-04,inf,inf
3.45875000e-09,-7.45312500e-04,inf,inf
3.49875000e-09,-7.55000000e-04,inf,inf
3.53875000e-09,-7.63437500e-04,inf,inf
3.57875000e-09,-7.70000000e-04,inf,inf
3.61875000e-09,-7.75000000e-04,inf,inf
3.65875000e-09,-7.78437500e-04,inf,inf
3.69875000e-09,-7.80312500e-04,inf,inf
3.73875000e-09,-7.80625000e-04,inf,inf
3.77875000e-09,-7.79687500e-04,inf,inf
3.81875000e-09,-7.77187500e-04,inf,inf
3.85875000e-09,-7.74062500e-04,7.25968750e-02,inf
3.89875000e-09,-7.70000000e-04,7.25968750e-02,inf
3.93875000e-09,-7.65312500e-04,7.25968750e-02,inf
3.97875000e-09,-7.60000000e-04,inf,inf
4.01875000e-09,-7.54375000e-04,inf,inf
4.05875000e-09,-7.48750000e-04,inf,inf
4.09875000e-09,-7.43125000e-04,inf,inf
4.13875000e-09,-7.37812500e-04,7.25968750e-02,inf
4.17875000e-09,-7.32812500e-04,7.25953125e-02,inf
4.21875000e-09,-7.28125000e-04,7.25937500e-02,inf
4.25875000e-09,-7.24375000e-04,7.25906250e-02,inf
4.29875000e-09,-7.21562500e-04,7.25875000e-02,inf
4.33875000e-09,-7.20000000e-04,7.25843750e-02,inf
4.37875000e-09,-7.19375000e-04,7.25796875e-02,inf
4.41875000e-09,-7.20312500e-04,7.25734375e-02,inf
4.45875000e-09,-7.22500000e-04,7.25687500e-02,inf
4.49875000e-09,-7.26250000e-04,7.25640625e-02,inf
4.53875000e-09,-7.31875000e-04,7.25593750e-02,inf
4.57875000e-09,-7.39062500e-04,7.25546875e-02,inf
4.61875000e-09,-7.47812500e-04,7.25500000e-02,inf
4.65875000e-09,-7.58125000e-04,7.25453125e-02,inf
4.69875000e-09,-7.69687500e-04,7.25421875e-02,inf
4.73875000e-09,-7.82187500e-04,7.25406250e-02,inf
4.77875000e-09,-7.95625000e-04,7.25375000e-02,inf
4.81875000e-09,-8.09375000e-04,7.25359375e-02,inf
4.85875000e-09,-8.23125000e-04,7.25359375e-02,inf
4.89875000e-09,-8.36250000e-04,7.25359375e-02,inf
4.93875000e-09,-8.48437500e-04,7.25359375e-02,inf
4.97875000e-09,-8.59375000e-04,7.25359375e-02,inf
5.01875000e-09,-8.68437500e-04,7.25359375e-02,inf
5.05875000e-09,-8.75312500e-04,7.25359375e-02,inf
5.09875000e-09,-8.79375000e-04,7.25359375e-02,inf
5.13875000e-09,-8.80937500e-04,7.25343750e-02,inf
5.17875000e-09,-8.79687500e-04,7.25343750e-02,inf
5.21875000e-09,-8.75625000e-04,7.25328125e-02,inf
5.25875000e-09,-8.69062500e-04,7.25312500e-02,inf
5.29875000e-09,-8.59687500e-04,7.25281250e-02,inf
5.33875000e-09,-8.48750000e-04,7.25250000e-02,inf
5.37875000e-09,-8.35937500e-04,7.25218750e-02,inf
5.41875000e-09,-8.22500000e-04,7.25187500e-02,inf
5.45875000e-09,-8.08437500e-04,7.25156250e-02,inf
5.49875000e-09,-7.95000000e-04,7.25109375e-02,inf
5.53875000e-09,-7.82812500e-04,7.25078125e-02,inf
5.57875000e-09,-7.72187500e-04,7.25046875e-02,inf
5.61875000e-09,-7.63750000e-04,7.25015625e-02,inf
5.65875000e-09,-7.58125000e-04,7.24984375e-02,inf
5.69875000e-09,-7.55312500e-04,7.24953125e-02,inf
5.73875000e-09,-7.55937500e-04,7.24921875e-02,inf
5.77875000e-09,-7.59687500e-04,7.24906250e-02,inf
5.81875000e-09,-7.66250000e-04,7.24890625e-02,inf
5.85875000e-09,-7.75312500e-04,7.24890625e-02,inf
5.89875000e-09,-7.86562500e-04,7.24875000e-02,inf
5.93875000e-09,-7.98750000e-04,7.24859375e-02,inf
5.97875000e-09,-8.11562500e-04,7.24859375e-02,inf
6.01875000e-09,-8.24062500e-04,7.24859375e-02,inf
6.05875000e-09,-8.35312500e-04,7.24843750e-02,inf
6.09875000e-09,-8.44062500e-04,7.24828125e-02,inf
6.13875000e-09,-8.50000000e-04,7.24828125e-02,inf
6.17875000e-09,-8.52500000e-04,7.24812500e-02,inf
6.21875000e-09,-8.50312500e-04,7.24796875e-02,inf
6.25875000e-09,-8.43750000e-04,7.24765625e-02,inf
6.29875000e-09,-8.32500000e-04,7.24750000e-02,inf
6.33875000e-09,-8.16562500e-04,7.24718750e-02,inf
6.37875000e-09,-7.96250000e-04,7.24687500e-02,inf
6.41875000e-09,-7.72500000e-04,7.24671875e-02,inf
6.45875000e-09,-7.45312500e-04,7.24640625e-02,inf
6.49875000e-09,-7.16250000e-04,7.24609375e-02,inf
6.53875000e-09,-6.85937500e-04,7.24578125e-02,inf
6.57875000e-09,-6.55625000e-04,7.24546875e-02,inf
6.61875000e-09,-6.26562500e-04,7.24515625e-02,inf
6.65875000e-09,-5.99375000e-04,7.24500000e-02,inf
6.69875000e-09,-5.75937500e-04,7.24468750e-02,1.02378125e-01
6.73875000e-09,-5.56250000e-04,7.24453125e-02,1.02362500e-01
6.77875000e-09,-5.41250000e-04,7.24437500e-02,1.02350000e-01
6.81875000e-09,-5.31562500e-04,7.24421875e-02,1.02340625e-01
6.85875000e-09,-5.27187500e-04,7.24421875e-02,1.02331250e-01
6.89875000e-09,-5.28437500e-04,7.24406250e-02,1.02325000e-01
6.93875000e-09,-5.34375000e-04,7.24406250e-02,1.02325000e-01
6.97875000e-09,-5.45000000e-04,7.24406250e-02,1.02325000e-01
7.01875000e-09,-5.59375000e-04,7.24390625e-02,1.02325000e-01
7.05875000e-09,-5.76250000e-04,7.24390625e-02,1.02328125e-01
7.09875000e-09,-5.95000000e-04,7.24375000e-02,1.02331250e-01
7.13875000e-09,-6.14375000e-04,7.24375000e-02,1.02337500e-01
7.17875000e-09,-6.33437500e-04,7.24359375e-02,1.02340625e-01
7.21875000e-09,-6.50625000e-04,7.24343750e-02,1.02340625e-01
7.25875000e-09,-6.65000000e-04,7.24328125e-02,1.02340625e-01
7.29875000e-09,-6.76250000e-04,7.24312500e-02,1.02340625e-01
7.33875000e-09,-6.83125000e-04,7.24296875e-02,1.02337500e-01
7.37875000e-09,-6.85625000e-04,7.24265625e-02,1.02331250e-01
7.41875000e-09,-6.83125000e-04,7.24250000e-02,1.02321875e-01
7.45875000e-09,-6.76250000e-04,7.24234375e-02,1.02312500e-01
7.49875000e-09,-6.64687500e-04,7.24203125e-02,1.02300000e-01
7.53875000e-09,-6.49375000e-04,7.24187500e-02,1.02287500e-01
7.57875000e-09,-6.30937500e-04,7.24156250e-02,1.02275000e-01
7.61875000e-09,-6.10000000e-04,7.24140625e-02,1.02259375e-01
7.65875000e-09,-5.87812500e-04,7.24125000e-02,1.02246875e-01
7.69875000e-09,-5.65000000e-04,7.24109375e-02,1.02237500e-01
7.73875000e-09,-5.43125000e-04,7.24093750e-02,1.02225000e-01
7.77875000e-09,-5.22500000e-04,7.24078125e-02,1.02215625e-01
7.81875000e-09,-5.04375000e-04,7.24078125e-02,1.02209375e-01
7.85875000e-09,-4.89375000e-04,7.24062500e-02,1.02203125e-01
7.89875000e-09,-4.77812500e-04,7.24062500e-02,1.02200000e-01
7.93875000e-09,-4.70312500e-04,7.24046875e-02,1.02200000e-01
7.97875000e-09,-4.66875000e-04,7.24046875e-02,1.02200000e-01
8.01875000e-09,-4.67187500e-04,7.24031250e-02,1.02200000e-01
8.05875000e-09,-4.71250000e-04,7.24031250e-02,1.02200000e-01
8.09875000e-09,-4.78750000e-04,7.24015625e-02,1.02203125e-01
8.13875000e-09,-4.88750000e-04,7.24015625e-02,1.02206250e-01
8.17875000e-09,-5.00625000e-04,7.24000000e-02,1.02206250e-01
8.21875000e-09,-5.13750000e-04,7.23984375e-02,1.02206250e-01
8.25875000e-09,-5.27500000e-04,7.23968750e-02,1.02206250e-01
8.29875000e-09,-5.40937500e-04,7.23953125e-02,1.02206250e-01
8.33875000e-09,-5.53437500e-04,7.23937500e-02,1.02203125e-01
8.37875000e-09,-5.64687500e-04,7.23921875e-02,1.02200000e-01
8.41875000e-09,-5.73750000e-04,7.23906250e-02,1.02193750e-01
8.45875000e-09,-5.80625000e-04,7.23890625e-02,1.02187500e-01
8.49875000e-09,-5.85625000e-04,7.23875000e-02,1.02181250e-01
8.53875000e-09,-5.87812500e-04,7.23859375e-02,1.02171875e-01
8.57875000e-09,-5.88125000e-04,7.23843750e-02,1.02165625e-01
8.61875000e-09,-5.86562500e-04,7.23812500e-02,1.02156250e-01
8.65875000e-09,-5.83750000e-04,7.23812500e-02,1.02150000e-01
8.69875000e-09,-5.80000000e-04,7.23796875e-02,1.02143750e-01
8.73875000e-09,-5.75625000e-04,7.23781250e-02,1.02137500e-01
8.77875000e-09,-5.71562500e-04,7.23765625e-02,1.02134375e-01
8.81875000e-09,-5.68125000e-04,7.23750000e-02,1.02131250e-01
8.85875000e-09,-5.65937500e-04,7.23750000e-02,1.02131250e-01
8.89875000e-09,-5.65312500e-04,7.23734375e-02,1.02131250e-01
8.93875000e-09,-5.66562500e-04,7.23734375e-02,1.02131250e-01
8.97875000e-09,-5.70312500e-04,7.23718750e-02,1.02131250e-01
9.01875000e-09,-5.76562500e-04,7.23703125e-02,1.02134375e-01
9.05875000e-09,-5.85000000e-04,7.23703125e-02,1.02137500e-01
9.09875000e-09,-5.95937500e-04,7.23687500e-02,1.02137500e-01
9.13875000e-09,-6.09062500e-04,7.23687500e-02,1.02140625e-01
9.17875000e-09,-6.24375000e-04,7.23671875e-02,1.02140625e-01
9.21875000e-09,-6.41562500e-04,7.23656250e-02,1.02140625e-01
9.25875000e-09,-6.60312500e-04,7.23640625e-02,1.02140625e-01
9.29875000e-09,-6.80312500e-04,7.23640625e-02,1.02137500e-01
9.33875000e-09,-7.01250000e-04,7.23625000e-02,1.02134375e-01
9.37875000e-09,-7.22812500e-04,7.23609375e-02,1.02131250e-01
9.41875000e-09,-7.44687500e-04,7.23593750e-02,1.02128125e-01
9.45875000e-09,-7.66875000e-04,7.23578125e-02,1.02121875e-01
9.49875000e-09,-7.88750000e-04,7.23562500e-02,1.02115625e-01
9.53875000e-09,-8.10625000e-04,7.23546875e-02,1.02109375e-01
9.57875000e-09,-8.31875000e-04,7.23531250e-02,1.02103125e-01
9.61875000e-09,-8.52812500e-04,7.23515625e-02,1.02096875e-01
9.65875000e-09,-8.72812500e-04,7.23515625e-02,1.02090625e-01
9.69875000e-09,-8.92187500e-04,7.23500000e-02,1.02084375e-01
9.73875000e-09,-9.10625000e-04,7.23484375e-02,1.02081250e-01
9.77875000e-09,-9.27812500e-04,7.23484375e-02,1.02075000e-01
9.81875000e-09,-9.43750000e-04,7.23468750e-02,1.02071875e-01
9.85875000e-09,-9.58125000e-04,7.23468750e-02,1.02071875e-01
9.89875000e-09,-9.70625000e-04,7.23453125e-02,1.02068750e-01
9.93875000e-09,-9.81250000e-04,7.23453125e-02,1.02068750e-01
9.97875000e-09,-9.89375000e-04,7.23437500e-02,1.02068750e-01
1.00187500e-08,-9.95000000e-04,7.23437500e-02,1.02068750e-01
1.00587500e-08,-9.97500000e-04,7.23421875e-02,1.02068750e-01
1.00987500e-08,-9.97187500e-04,7.23421875e-02,1.02071875e-01
1.01387500e-08,-9.93750000e-04,7.23406250e-02,1.02071875e-01
1.01787500e-08,-9.86875000e-04,7.23390625e-02,1.02071875e-01
1.02187500e-08,-9.76875000e-04,7.23390625e-02,1.02068750e-01
1.02587500e-08,-9.63437500e-04,7.23375000e-02,1.02068750e-01
1.02987500e-08,-9.46875000e-04,7.23359375e-02,1.02065625e-01
1.03387500e-08,-9.27812500e-04,7.23359375e-02,1.02062500e-01
1.03787500e-08,-9.06562500e-04,7.23343750e-02,1.02059375e-01
1.04187500e-08,-8.83437500e-04,7.23328125e-02,1.02056250e-01
1.04587500e-08,-8.58750000e-04,7.23328125e-02,1.02050000e-01
1.04987500e-08,-8.33750000e-04,7.23312500e-02,1.02046875e-01
1.05387500e-08,-8.08750000e-04,7.23296875e-02,1.02040625e-01
1.05787500e-08,-7.84375000e-04,7.23281250e-02,1.02034375e-01
1.06187500e-08,-7.60937500e-04,7.23281250e-02,1.02028125e-01
1.06587500e-08,-7.39687500e-04,7.23265625e-02,1.02025000e-01
1.06987500e-08,-7.20625000e-04,7.23250000e-02,1.02018750e-01
1.07387500e-08,-7.04062500e-04,7.23250000e-02,1.02015625e-01
1.07787500e-08,-6.90312500e-04,7.23234375e-02,1.02012500e-01
1.08187500e-08,-6.79687500e-04,7.23234375e-02,1.02009375e-01
1.08587500e-08,-6.71875000e-04,7.23218750e-02,1.02006250e-01
1.08987500e-08,-6.66562500e-04,7.23218750e-02,1.02006250e-01
1.09387500e-08,-6.63750000e-04,7.23203125e-02,1.02006250e-01
1.09787500e-08,-6.63125000e-04,7.23203125e-02,1.02003125e-01
1.10187500e-08,-6.63437500e-04,7.23187500e-02,1.02003125e-01
1.10587500e-08,-6.65000000e-04,7.23187500e-02,1.02003125e-01
1.10987500e-08,-6.66562500e-04,7.23187500e-02,1.02003125e-01
1.11387500e-08,-6.67812500e-04,7.23171875e-02,1.02000000e-01
1.11787500e-08,-6.68125000e-04,7.23156250e-02,1.02000000e-01
1.12187500e-08,-6.66875000e-04,7.23156250e-02,1.01996875e-01
1.12587500e-08,-6.63750000e-04,7.23140625e-02,1.01996875e-01
1.12987500e-08,-6.59062500e-04,7.23140625e-02,1.01993750e-01
1.13387500e-08,-6.51875000e-04,7.23125000e-02,1.01990625e-01
1.13787500e-08,-6.42812500e-04,7.23109375e-02,1.01987500e-01
1.14187500e-08,-6.31562500e-04,7.23109375e-02,1.01984375e-01
1.14587500e-08,-6.19062500e-04,7.23093750e-02,1.01978125e-01
1.14987500e-08,-6.05312500e-04,7.23093750e-02,1.01975000e-01
1.15387500e-08,-5.90937500e-04,7.23078125e-02,1.01968750e-01
1.15787500e-08,-5.76875000e-04,7.23062500e-02,1.01965625e-01
1.16187500e-08,-5.63437500e-04,7.23062500e-02,1.01962500e-01
1.16587500e-08,-5.51250000e-04,7.23046875e-02,1.01956250e-01
1.16987500e-08,-5.41250000e-04,7.23046875e-02,1.01953125e-01
1.17387500e-08,-5.33750000e-04,7.23031250e-02,1.01950000e-01
1.17787500e-08,-5.29062500e-04,7.23031250e-02,1.01946875e-01
1.18187500e-08,-5.27500000e-04,7.23031250e-02,1.01946875e-01
1.18587500e-08,-5.29375000e-04,7.23015625e-02,1.01943750e-01
1.18987500e-08,-5.34687500e-04,7.23015625e-02,1.01940625e-01
1.19387500e-08,-5.42812500e-04,7.23000000e-02,1.01940625e-01
1.19787500e-08,-5.54062500e-04,7.23000000e-02,1.01940625e-01
1.20187500e-08,-5.67187500e-04,7.23000000e-02,1.01937500e-01
1.20587500e-08,-5.81875000e-04,7.22984375e-02,1.01937500e-01
1.20987500e-08,-5.97500000e-04,7.22984375e-02,1.01937500e-01
1.21387500e-08,-6.13437500e-04,7.22968750e-02,1.01937500e-01
1.21787500e-08,-6.28750000e-04,7.22968750e-02,1.01934375e-01
1.22187500e-08,-6.42500000e-04,7.22953125e-02,1.01934375e-01
1.22587500e-08,-6.54062500e-04,7.22953125e-02,1.01931250e-01
1.22987500e-08,-6.63125000e-04,7.22937500e-02,1.01931250e-01
1.23387500e-08,-6.68750000e-04,7.22937500e-02,1.01928125e-01
1.23787500e-08,-6.71250000e-04,7.22921875e-02,1.01925000e-01
1.24187500e-08,-6.70312500e-04,7.22921875e-02,1.01921875e-01
1.24587500e-08,-6.65625000e-04,7.22906250e-02,1.01918750e-01
1.24987500e-08,-6.58125000e-04,7.22906250e-02,1.01915625e-01
1.25387500e-08,-6.47500000e-04,7.22890625e-02,1.01912500e-01
1.25787500e-08,-6.34687500e-04,7.22890625e-02,1.01909375e-01
1.26187500e-08,-6.20312500e-04,7.22875000e-02,1.01906250e-01
1.26587500e-08,-6.05000000e-04,7.22875000e-02,1.01903125e-01
1.26987500e-08,-5.89687500e-04,7.22875000e-02,1.01900000e-01
1.27387500e-08,-5.75312500e-04,7.22859375e-02,1.01896875e-01
1.27787500e-08,-5.62187500e-04,7.22859375e-02,1.01896875e-01
1.28187500e-08,-5.51562500e-04,7.22843750e-02,1.01893750e-01
1.28587500e-08,-5.44062500e-04,7.22843750e-02,1.01893750e-01
1.28987500e-08,-5.39687500e-04,7.22843750e-02,1.01890625e-01
1.29387500e-08,-5.39375000e-04,7.22828125e-02,1.01890625e-01
1.29787500e-08,-5.42812500e-04,7.22828125e-02,1.01887500e-01
1.30187500e-08,-5.50312500e-04,7.22828125e-02,1.01887500e-01
1.30587500e-08,-5.61250000e-04,7.22812500e-02,1.01887500e-01
1.30987500e-08,-5.75937500e-04,7.22812500e-02,1.01884375e-01
1.31387500e-08,-5.93750000e-04,7.22796875e-02,1.01884375e-01
1.31787500e-08,-6.13750000e-04,7.22796875e-02,1.01884375e-01
1.32187500e-08,-6.35625000e-04,7.22796875e-02,1.01881250e-01
1.32587500e-08,-6.58437500e-04,7.22781250e-02,1.01881250e-01
1.32987500e-08,-6.81562500e-04,7.22781250e-02,1.01878125e-01
1.33387500e-08,-7.04375000e-04,7.22765625e-02,1.01875000e-01
1.33787500e-08,-7.25937500e-04,7.22765625e-02,1.01875000e-01
1.34187500e-08,-7.45625000e-04,7.22750000e-02,1.01871875e-01
1.34587500e-08,-7.62812500e-04,7.22750000e-02,1.01868750e-01
1.34987500e-08,-7.77500000e-04,7.22734375e-02,1.01865625e-01
1.35387500e-08,-7.89062500e-04,7.22734375e-02,1.01862500e-01
1.35787500e-08,-7.97812500e-04,7.22734375e-02,1.01859375e-01
1.36187500e-08,-8.03125000e-04,7.22718750e-02,1.01856250e-01
1.36587500e-08,-8.05312500e-04,7.22718750e-02,1.01856250e-01
1.36987500e-08,-8.05000000e-04,7.22703125e-02,1.01853125e-01
1.37387500e-08,-8.02187500e-04,7.22703125e-02,1.01850000e-01
1.37787500e-08,-7.97500000e-04,7.22703125e-02,1.01850000e-01
1.38187500e-08,-7.91250000e-04,7.22687500e-02,1.01846875e-01
1.38587500e-08,-7.83750000e-04,7.22687500e-02,1.01843750e-01
1.38987500e-08,-7.75937500e-04,7.22687500e-02,1.01843750e-01
1.39387500e-08,-7.68437500e-04,7.22671875e-02,1.01843750e-01
1.39787500e-08,-7.60937500e-04,7.22671875e-02,1.01840625e-01
1.40187500e-08,-7.54687500e-04,7.22671875e-02,1.01840625e-01
1.40587500e-08,-7.49375000e-04,7.22656250e-02,1.01840625e-01
1.40987500e-08,-7.45625000e-04,7.22656250e-02,1.01837500e-01
1.41387500e-08,-7.43437500e-04,7.22656250e-02,1.01837500e-01
1.41787500e-08,-7.42500000e-04,7.22656250e-02,1.01834375e-01
1.42187500e-08,-7.43437500e-04,7.22640625e-02,1.01834375e-01
1.42587500e-08,-7.45625000e-04,7.22640625e-02,1.01834375e-01
1.42987500e-08,-7.49062500e-04,7.22640625e-02,1.01831250e-01
1.43387500e-08,-7.53437500e-04,7.22625000e-02,1.01828125e-01
1.43787500e-08,-7.58437500e-04,7.22625000e-02,1.01828125e-01
1.44187500e-08,-7.63750000e-04,7.22625000e-02,1.01825000e-01
1.44587500e-08,-7.69062500e-04,7.22609375e-02,1.01825000e-01
1.44987500e-08,-7.73750000e-04,7.22609375e-02,1.01821875e-01
1.45387500e-08,-7.77812500e-04,7.22609375e-02,1.01818750e-01
1.45787500e-08,-7.80625000e-04,7.22593750e-02,1.01815625e-01
1.46187500e-08,-7.82500000e-04,7.22593750e-02,1.01815625e-01
1.46587500e-08,-7.82500000e-04,7.22593750e-02,1.01812500e-01
1.46987500e-08,-7.81250000e-04,7.22578125e-02,1.01812500e-01
1.47387500e-08,-7.78125000e-04,7.22578125e-02,1.01809375e-01
1.47787500e-08,-7.73437500e-04,7.22578125e-02,1.01806250e-01
1.48187500e-08,-7.67187500e-04,7.22562500e-02,1.01806250e-01
1.48587500e-08,-7.59375000e-04,7.22562500e-02,1.01803125e-01
1.48987500e-08,-7.50625000e-04,7.22562500e-02,1.01803125e-01
1.49387500e-08,-7.40625000e-04,7.22562500e-02,1.01803125e-01
1.49787500e-08,-7.30000000e-04,7.22546875e-02,1.01800000e-01
1.50187500e-08,-7.19062500e-04,7.22546875e-02,1.01800000e-01
1.50587500e-08,-7.08125000e-04,7.22546875e-02,1.01800000e-01
1.50987500e-08,-6.97187500e-04,7.22546875e-02,1.01796875e-01
1.51387500e-08,-6.86875000e-04,7.22531250e-02,1.01796875e-01
1.51787500e-08,-6.77187500e-04,7.22531250e-02,1.01796875e-01
1.52187500e-08,-6.68750000e-04,7.22531250e-02,1.01793750e-01
1.52587500e-08,-6.61250000e-04,7.22515625e-02,1.01793750e-01
1.52987500e-08,-6.55000000e-04,7.22515625e-02,1.01790625e-01
1.53387500e-08,-6.50312500e-04,7.22515625e-02,1.01790625e-01
1.53787500e-08,-6.47187500e-04,7.22500000e-02,1.01787500e-01
1.54187500e-08,-6.45312500e-04,7.22500000e-02,1.01787500e-01
1.54587500e-08,-6.44687500e-04,7.22500000e-02,1.01784375e-01
1.54987500e-08,-6.45625000e-04,7.22484375e-02,1.01784375e-01
1.55387500e-08,-6.47500000e-04,7.22484375e-02,1.01781250e-01
1.55787500e-08,-6.50000000e-04,7.22484375e-02,1.01781250e-01
1.56187500e-08,-6.53437500e-04,7.22484375e-02,1.01778125e-01
1.56587500e-08,-6.57187500e-04,7.22468750e-02,1.01778125e-01
1.56987500e-08,-6.60937500e-04,7.22468750e-02,1.01775000e-01
1.57387500e-08,-6.65000000e-04,7.22468750e-02,1.01775000e-01
1.57787500e-08,-6.69062500e-04,7.22453125e-02,1.01771875e-01
1.58187500e-08,-6.72500000e-04,7.22453125e-02,1.01771875e-01
1.58587500e-08,-6.75625000e-04,7.22453125e-02,1.01771875e-01
1.58987500e-08,-6.78125000e-04,7.22453125e-02,1.01768750e-01
1.59387500e-08,-6.80312500e-04,7.22437500e-02,1.01768750e-01
1.59787500e-08,-6.81875000e-04,7.22437500e-02,1.01768750e-01
1.60187500e-08,-6.83125000e-04,7.22437500e-02,1.01765625e-01
1.60587500e-08,-6.84062500e-04,7.22437500e-02,1.01765625e-01
1.60987500e-08,-6.84687500e-04,7.22421875e-02,1.01765625e-01
1.61387500e-08,-6.85312500e-04,7.22421875e-02,1.01762500e-01
1.61787500e-08,-6.85937500e-04,7.22421875e-02,1.01762500e-01
1.62187500e-08,-6.86875000e-04,7.22421875e-02,1.01762500e-01
1.62587500e-08,-6.88437500e-04,7.22406250e-02,1.01759375e-01
1.62987500e-08,-6.90312500e-04,7.22406250e-02,1.01759375e-01
1.63387500e-08,-6.92812500e-04,7.22406250e-02,1.01759375e-01
1.63787500e-08,-6.95937500e-04,7.22406250e-02,1.01756250e-01
1.64187500e-08,-6.99375000e-04,7.22390625e-02,1.01756250e-01
1.64587500e-08,-7.03750000e-04,7.22390625e-02,1.01753125e-01
1.64987500e-08,-7.08125000e-04,7.22390625e-02,1.01753125e-01
1.65387500e-08,-7.12500000e-04,7.22390625e-02,1.01750000e-01
1.65787500e-08,-7.16875000e-04,7.22375000e-02,1.01750000e-01
1.66187500e-08,-7.20937500e-04,7.22375000e-02,1.01746875e-01
1.66587500e-08,-7.24062500e-04,7.22375000e-02,1.01746875e-01
1.66987500e-08,-7.26250000e-04,7.22375000e-02,1.01746875e-01
1.67387500e-08,-7.27187500e-04,7.22375000e-02,1.01743750e-01
1.67787500e-08,-7.26562500e-04,7.22359375e-02,1.01743750e-01
1.68187500e-08,-7.24375000e-04,7.22359375e-02,1.01743750e-01
1.68587500e-08,-7.20000000e-04,7.22359375e-02,1.01740625e-01
1.68987500e-08,-7.13750000e-04,7.22359375e-02,1.01740625e-01
1.69387500e-08,-7.05625000e-04,7.22359375e-02,1.01740625e-01
1.69787500e-08,-6.95625000e-04,7.22343750e-02,1.01740625e-01
1.70187500e-08,-6.84062500e-04,7.22343750e-02,1.01737500e-01
1.70587500e-08,-6.71250000e-04,7.22343750e-02,1.01737500e-01
1.70987500e-08,-6.57500000e-04,7.22343750e-02,1.01737500e-01
1.71387500e-08,-6.43437500e-04,7.22343750e-02,1.01734375e-01
1.71787500e-08,-6.29062500e-04,7.22328125e-02,1.01734375e-01
1.72187500e-08,-6.15312500e-04,7.22328125e-02,1.01734375e-01
1.72587500e-08,-6.02812500e-04,7.22328125e-02,1.01731250e-01
1.72987500e-08,-5.91562500e-04,7.22328125e-02,1.01731250e-01
1.73387500e-08,-5.82500000e-04,7.22328125e-02,1.01731250e-01
1.73787500e-08,-5.75625000e-04,7.22328125e-02,1.01728125e-01
1.74187500e-08,-5.71250000e-04,7.22312500e-02,1.01728125e-01
1.74587500e-08,-5.70000000e-04,7.22312500e-02,1.01728125e-01
1.74987500e-08,-5.71250000e-04,7.22312500e-02,1.01725000e-01
1.75387500e-08,-5.75625000e-04,7.22312500e-02,1.01725000e-01
1.75787500e-08,-5.82187500e-04,7.22312500e-02,1.01725000e-01
1.76187500e-08,-5.91562500e-04,7.22296875e-02,1.01721875e-01
1.76587500e-08,-6.02500000e-04,7.22296875e-02,1.01721875e-01
1.76987500e-08,-6.14687500e-04,7.22296875e-02,1.01721875e-01
1.77387500e-08,-6.27812500e-04,7.22296875e-02,1.01718750e-01
1.77787500e-08,-6.41250000e-04,7.22296875e-02,1.01718750e-01
1.78187500e-08,-6.54375000e-04,7.22296875e-02,1.01718750e-01
1.78587500e-08,-6.66562500e-04,7.22281250e-02,1.01718750e-01
1.78987500e-08,-6.77187500e-04,7.22281250e-02,1.01715625e-01
1.79387500e-08,-6.86250000e-04,7.22281250e-02,1.01715625e-01
1.79787500e-08,-6.93125000e-04,7.22281250e-02,1.01715625e-01
1.80187500e-08,-6.97187500e-04,7.22281250e-02,1.01715625e-01
1.80587500e-08,-6.99062500e-04,7.22281250e-02,1.01712500e-01
1.80987500e-08,-6.98437500e-04,7.22265625e-02,1.01712500e-01
1.81387500e-08,-6.95625000e-04,7.22265625e-02,1.01712500e-01
1.81787500e-08,-6.90625000e-04,7.22265625e-02,1.01712500e-01
1.82187500e-08,-6.84062500e-04,7.22265625e-02,1.01709375e-01
1.82587500e-08,-6.76250000e-04,7.22265625e-02,1.01709375e-01
1.82987500e-08,-6.67812500e-04,7.22265625e-02,1.01709375e-01
1.83387500e-08,-6.59062500e-04,7.22250000e-02,1.01706250e-01
1.83787500e-08,-6.51250000e-04,7.22250000e-02,1.01706250e-01
1.84187500e-08,-6.44062500e-04,7.22250000e-02,1.01706250e-01
1.84587500e-08,-6.38437500e-04,7.22250000e-02,1.01706250e-01
1.84987500e-08,-6.34375000e-04,7.22250000e-02,1.01703125e-01
1.85387500e-08,-6.32500000e-04,7.22250000e-02,1.01703125e-01
1.85787500e-08,-6.32812500e-04,7.22234375e-02,1.01703125e-01
1.86187500e-08,-6.35625000e-04,7.22234375e-02,1.01700000e-01
1.86587500e-08,-6.40312500e-04,7.22234375e-02,1.01700000e-01
1.86987500e-08,-6.47187500e-04,7.22234375e-02,1.01700000e-01
1.87387500e-08,-6.55625000e-04,7.22234375e-02,1.01700000e-01
1.87787500e-08,-6.65312500e-04,7.22234375e-02,1.01696875e-01
1.88187500e-08,-6.75937500e-04,7.22218750e-02,1.01696875e-01
1.88587500e-08,-6.86875000e-04,7.22218750e-02,1.01696875e-01
1.88987500e-08,-6.97812500e-04,7.22218750e-02,1.01696875e-01
1.89387500e-08,-7.07812500e-04,7.22218750e-02,1.01696875e-01
1.89787500e-08,-7.17187500e-04,7.22218750e-02,1.01693750e-01
1.90187500e-08,-7.25000000e-04,7.22218750e-02,1.01693750e-01
1.90587500e-08,-7.31250000e-04,7.22218750e-02,1.01693750e-01
1.90987500e-08,-7.35625000e-04,7.22218750e-02,1.01693750e-01
1.91387500e-08,-7.38125000e-04,7.22203125e-02,1.01693750e-01
1.91787500e-08,-7.38750000e-04,7.22203125e-02,1.01690625e-01
1.92187500e-08,-7.37500000e-04,7.22203125e-02,1.01690625e-01
1.92587500e-08,-7.34687500e-04,7.22203125e-02,1.01690625e-01
1.92987500e-08,-7.30625000e-04,7.22203125e-02,1.01690625e-01
1.93387500e-08,-7.25625000e-04,7.22203125e-02,1.01687500e-01
1.93787500e-08,-7.20000000e-04,7.22203125e-02,1.01687500e-01
1.94187500e-08,-7.14062500e-04,7.22203125e-02,1.01687500e-01
1.94587500e-08,-7.08437500e-04,7.22187500e-02,1.01687500e-01
1.94987500e-08,-7.03125000e-04,7.22187500e-02,1.01684375e-01
1.95387500e-08,-6.98437500e-04,7.22187500e-02,1.01684375e-01
1.95787500e-08,-6.94687500e-04,7.22187500e-02,1.01684375e-01
1.96187500e-08,-6.91875000e-04,7.22187500e-02,1.01684375e-01
1.96587500e-08,-6.90000000e-04,7.22187500e-02,1.01684375e-01
1.96987500e-08,-6.89062500e-04,7.22187500e-02,1.01681250e-01
1.97387500e-08,-6.88437500e-04,7.22187500e-02,1.01681250e-01
1.97787500e-08,-6.88750000e-04,7.22171875e-02,1.01681250e-01
1.98187500e-08,-6.88750000e-04,7.22171875e-02,1.01681250e-01
1.98587500e-08,-6.88750000e-04,7.22171875e-02,1.01681250e-01
1.98987500e-08,-6.88437500e-04,7.22171875e-02,1.01678125e-01
1.99387500e-08,-6.87187500e-04,7.22171875e-02,1.01678125e-01
1.99787500e-08,-6.85000000e-04,7.22171875e-02,1.01678125e-01
2.00187500e-08,-6.81250000e-04,7.22171875e-02,1.01678125e-01
2.00587500e-08,-6.76250000e-04,7.22171875e-02,1.01678125e-01
2.00987500e-08,-6.70000000e-04,7.22171875e-02,1.01678125e-01
2.01387500e-08,-6.61875000e-04,7.22156250e-02,1.01675000e-01
2.01787500e-08,-6.52500000e-04,7.22156250e-02,1.01675000e-01
2.02187500e-08,-6.41875000e-04,7.22156250e-02,1.01675000e-01
2.02587500e-08,-6.30625000e-04,7.22156250e-02,1.01675000e-01
2.02987500e-08,-6.18750000e-04,7.22156250e-02,1.01675000e-01
2.03387500e-08,-6.06875000e-04,7.22156250e-02,1.01671875e-01
2.03787500e-08,-5.95312500e-04,7.22156250e-02,1.01671875e-01
2.04187500e-08,-5.84375000e-04,7.22156250e-02,1.01671875e-01
2.04587500e-08,-5.75000000e-04,7.22156250e-02,1.01671875e-01
2.04987500e-08,-5.66875000e-04,7.22140625e-02,1.01671875e-01
2.05387500e-08,-5.60937500e-04,7.22140625e-02,1.01668750e-01
2.05787500e-08,-5.56875000e-04,7.22140625e-02,1.01668750e-01
2.06187500e-08,-5.55312500e-04,7.22140625e-02,1.01668750e-01
2.06587500e-08,-5.56250000e-04,7.22140625e-02,1.01668750e-01
2.06987500e-08,-5.59062500e-04,7.22140625e-02,1.01668750e-01
2.07387500e-08,-5.64375000e-04,7.22140625e-02,1.01665625e-01
2.07787500e-08,-5.71562500e-04,7.22140625e-02,1.01665625e-01
2.08187500e-08,-5.80000000e-04,7.22140625e-02,1.01665625e-01
2.08587500e-08,-5.89375000e-04,7.22140625e-02,1.01665625e-01
2.08987500e-08,-5.99687500e-04,7.22125000e-02,1.01665625e-01
2.09387500e-08,-6.09687500e-04,7.22125000e-02,1.01665625e-01
2.09787500e-08,-6.19375000e-04,7.22125000e-02,1.01665625e-01
2.10187500e-08,-6.28125000e-04,7.22125000e-02,1.01662500e-01
2.10587500e-08,-6.35312500e-04,7.22125000e-02,1.01662500e-01
2.10987500e-08,-6.40625000e-04,7.22125000e-02,1.01662500e-01
2.11387500e-08,-6.44062500e-04,7.22125000e-02,1.01662500e-01
2.11787500e-08,-6.45000000e-04,7.22125000e-02,1.01662500e-01
2.12187500e-08,-6.43437500e-04,7.22125000e-02,1.01662500e-01
2.12587500e-08,-6.39375000e-04,7.22125000e-02,1.01659375e-01
2.12987500e-08,-6.33125000e-04,7.22125000e-02,1.01659375e-01
2.13387500e-08,-6.24687500e-04,7.22125000e-02,1.01659375e-01
2.13787500e-08,-6.14687500e-04,7.22109375e-02,1.01659375e-01
2.14187500e-08,-6.03125000e-04,7.22109375e-02,1.01659375e-01
2.14587500e-08,-5.90625000e-04,7.22109375e-02,1.01659375e-01
2.14987500e-08,-5.77500000e-04,7.22109375e-02,1.01656250e-01
2.15387500e-08,-5.64687500e-04,7.22109375e-02,1.01656250e-01
2.15787500e-08,-5.52187500e-04,7.22109375e-02,1.01656250e-01
2.16187500e-08,-5.40937500e-04,7.22109375e-02,1.01656250e-01
2.16587500e-08,-5.31250000e-04,7.22109375e-02,1.01656250e-01
2.16987500e-08,-5.23125000e-04,7.22109375e-02,1.01656250e-01
2.17387500e-08,-5.17187500e-04,7.22109375e-02,1.01656250e-01
2.17787500e-08,-5.13750000e-04,7.22109375e-02,1.01653125e-01
2.18187500e-08,-5.12500000e-04,7.22109375e-02,1.01653125e-01
2.18587500e-08,-5.13750000e-04,7.22109375e-02,1.01653125e-01
2.18987500e-08,-5.17187500e-04,7.22109375e-02,1.01653125e-01
2.19387500e-08,-5.22812500e-04,7.22093750e-02,1.01653125e-01
2.19787500e-08,-5.30312500e-04,7.22093750e-02,1.01653125e-01
2.20187500e-08,-5.39375000e-04,7.22093750e-02,1.01653125e-01
2.20587500e-08,-5.49375000e-04,7.22093750e-02,1.01653125e-01
2.20987500e-08,-5.60312500e-04,7.22093750e-02,1.01650000e-01
2.21387500e-08,-5.71562500e-04,7.22093750e-02,1.01650000e-01
2.21787500e-08,-5.82812500e-04,7.22093750e-02,1.01650000e-01
2.22187500e-08,-5.93750000e-04,7.22093750e-02,1.01650000e-01
2.22587500e-08,-6.04062500e-04,7.22093750e-02,1.01650000e-01
2.22987500e-08,-6.13125000e-04,7.22093750e-02,1.01650000e-01
2.23387500e-08,-6.21250000e-04,7.22093750e-02,1.01650000e-01
2.23787500e-08,-6.27812500e-04,7.22093750e-02,1.01650000e-01
2.24187500e-08,-6.33125000e-04,7.22093750e-02,1.01646875e-01
2.24587500e-08,-6.36875000e-04,7.22093750e-02,1.01646875e-01
2.24987500e-08,-6.39687500e-04,7.22093750e-02,1.01646875e-01
2.25387500e-08,-6.41250000e-04,7.22078125e-02,1.01646875e-01
2.25787500e-08,-6.41875000e-04,7.22078125e-02,1.01646875e-01
2.26187500e-08,-6.41562500e-04,7.22078125e-02,1.01646875e-01
2.26587500e-08,-6.41250000e-04,7.22078125e-02,1.01646875e-01
2.26987500e-08,-6.40312500e-04,7.22078125e-02,1.01646875e-01
2.27387500e-08,-6.40000000e-04,7.22078125e-02,1.01643750e-01
2.27787500e-08,-6.39687500e-04,7.22078125e-02,1.01643750e-01
2.28187500e-08,-6.40000000e-04,7.22078125e-02,1.01643750e-01
2.28587500e-08,-6.40937500e-04,7.22078125e-02,1.01643750e-01
2.28987500e-08,-6.42812500e-04,7.22078125e-02,1.01643750e-01
2.29387500e-08,-6.45312500e-04,7.22078125e-02,1.01643750e-01
2.29787500e-08,-6.49062500e-04,7.22078125e-02,1.01643750e-01
2.30187500e-08,-6.53437500e-04,7.22078125e-02,1.01643750e-01
2.30587500e-08,-6.58437500e-04,7.22078125e-02,1.01643750e-01
2.30987500e-08,-6.63750000e-04,7.22078125e-02,1.01640625e-01
2.31387500e-08,-6.69375000e-04,7.22078125e-02,1.01640625e-01
2.31787500e-08,-6.74687500e-04,7.22062500e-02,1.01640625e-01
2.32187500e-08,-6.80000000e-04,7.22062500e-02,1.01640625e-01
2.32587500e-08,-6.84687500e-04,7.22062500e-02,1.01640625e-01
2.32987500e-08,-6.88437500e-04,7.22062500e-02,1.01640625e-01
2.33387500e-08,-6.90937500e-04,7.22062500e-02,1.01640625e-01
2.33787500e-08,-6.91875000e-04,7.22062500e-02,1.01640625e-01
2.34187500e-08,-6.91875000e-04,7.22062500e-02,1.01640625e-01
2.34587500e-08,-6.89687500e-04,7.22062500e-02,1.01637500e-01
2.34987500e-08,-6.86250000e-04,7.22062500e-02,1.01637500e-01
2.35387500e-08,-6.81250000e-04,7.22062500e-02,1.01637500e-01
2.35787500e-08,-6.74687500e-04,7.22062500e-02,1.01637500e-01
2.36187500e-08,-6.67187500e-04,7.22062500e-02,1.01637500e-01
2.36587500e-08,-6.58437500e-04,7.22062500e-02,1.01637500e-01
2.36987500e-08,-6.49062500e-04,7.22062500e-02,1.01637500e-01
2.37387500e-08,-6.39375000e-04,7.22062500e-02,1.01637500e-01
2.37787500e-08,-6.29687500e-04,7.22062500e-02,1.01637500e-01
2.38187500e-08,-6.20312500e-04,7.22062500e-02,1.01637500e-01
2.38587500e-08,-6.11875000e-04,7.22062500e-02,1.01634375e-01
2.38987500e-08,-6.04687500e-04,7.22062500e-02,1.01634375e-01
2.39387500e-08,-5.98750000e-04,7.22062500e-02,1.01634375e-01
2.39787500e-08,-5.94687500e-04,7.22062500e-02,1.01634375e-01
2.40187500e-08,-5.92187500e-04,7.22046875e-02,1.01634375e-01
2.40587500e-08,-5.91875000e-04,7.22046875e-02,1.01634375e-01
2.40987500e-08,-5.93437500e-04,7.22046875e-02,1.01634375e-01
2.41387500e-08,-5.96562500e-04,7.22046875e-02,1.01634375e-01
2.41787500e-08,-6.01875000e-04,7.22046875e-02,1.01634375e-01
2.42187500e-08,-6.08125000e-04,7.22046875e-02,1.01634375e-01
2.42587500e-08,-6.15937500e-04,7.22046875e-02,1.01634375e-01
2.42987500e-08,-6.24375000e-04,7.22046875e-02,1.01631250e-01
2.43387500e-08,-6.33125000e-04,7.22046875e-02,1.01631250e-01
2.43787500e-08,-6.41562500e-04,7.22046875e-02,1.01631250e-01
2.44187500e-08,-6.49687500e-04,7.22046875e-02,1.01631250e-01
2.44587500e-08,-6.56562500e-04,7.22046875e-02,1.01631250e-01
2.44987500e-08,-6.61875000e-04,7.22046875e-02,1.01631250e-01
2.45387500e-08,-6.65625000e-04,7.22046875e-02,1.01631250e-01
2.45787500e-08,-6.67187500e-04,7.22046875e-02,1.01631250e-01
2.46187500e-08,-6.66250000e-04,7.22046875e-02,1.01631250e-01
2.46587500e-08,-6.63125000e-04,7.22046875e-02,1.01631250e-01
2.46987500e-08,-6.57187500e-04,7.22046875e-02,1.01631250e-01
2.47387500e-08,-6.48750000e-04,7.22046875e-02,1.01631250e-01
2.47787500e-08,-6.38125000e-04,7.22046875e-02,1.01628125e-01
2.48187500e-08,-6.25312500e-04,7.22046875e-02,1.01628125e-01
2.48587500e-08,-6.10625000e-04,7.22046875e-02,1.01628125e-01
2.48987500e-08,-5.94687500e-04,7.22046875e-02,1.01628125e-01
2.49387500e-08,-5.77500000e-04,7.22046875e-02,1.01628125e-01
2.49787500e-08,-5.59687500e-04,7.22046875e-02,1.01628125e-01
2.50187500e-08,-5.41875000e-04,7.22046875e-02,1.01628125e-01
2.50587500e-08,-5.24687500e-04,7.22046875e-02,1.01628125e-01
2.50987500e-08,-5.08125000e-04,7.22046875e-02,1.01628125e-01
2.51387500e-08,-4.93125000e-04,7.22031250e-02,1.01628125e-01
2.51787500e-08,-4.79687500e-04,7.22031250e-02,1.01628125e-01
2.52187500e-08,-4.68125000e-04,7.22031250e-02,1.01628125e-01
2.52587500e-08,-4.59062500e-04,7.22031250e-02,1.01628125e-01
2.52987500e-08,-4.52187500e-04,7.22031250e-02,1.01625000e-01
2.53387500e-08,-4.48125000e-04,7.22031250e-02,1.01625000e-01
2.53787500e-08,-4.46562500e-04,7.22031250e-02,1.01625000e-01
2.54187500e-08,-4.47500000e-04,7.22031250e-02,1.01625000e-01
2.54587500e-08,-4.50937500e-04,7.22031250e-02,1.01625000e-01
2.54987500e-08,-4.56562500e-04,7.22031250e-02,1.01625000e-01
2.55387500e-08,-4.64375000e-04,7.22031250e-02,1.01625000e-01
2.55787500e-08,-4.73750000e-04,7.22031250e-02,1.01625000e-01
2.56187500e-08,-4.84375000e-04,7.22031250e-02,1.01625000e-01
2.56587500e-08,-4.96250000e-04,7.22031250e-02,1.01625000e-01
2.56987500e-08,-5.08750000e-04,7.22031250e-02,1.01625000e-01
2.57387500e-08,-5.21562500e-04,7.22031250e-02,1.01625000e-01
2.57787500e-08,-5.34687500e-04,7.22031250e-02,1.01625000e-01
2.58187500e-08,-5.47187500e-04,7.22031250e-02,1.01625000e-01
2.58587500e-08,-5.59375000e-04,7.22031250e-02,1.01625000e-01
2.58987500e-08,-5.70625000e-04,7.22031250e-02,1.01621875e-01
2.59387500e-08,-5.80625000e-04,7.22031250e-02,1.01621875e-01
2.59787500e-08,-5.89375000e-04,7.22031250e-02,1.01621875e-01
2.60187500e-08,-5.96875000e-04,7.22031250e-02,1.01621875e-01
2.60587500e-08,-6.02812500e-04,7.22031250e-02,1.01621875e-01
2.60987500e-08,-6.06875000e-04,7.22031250e-02,1.01621875e-01
2.61387500e-08,-6.09687500e-04,7.22031250e-02,1.01621875e-01
2.61787500e-08,-6.10625000e-04,7.22031250e-02,1.01621875e-01
2.62187500e-08,-6.10000000e-04,7.22031250e-02,1.01621875e-01
2.62587500e-08,-6.08125000e-04,7.22031250e-02,1.01621875e-01
2.62987500e-08,-6.05000000e-04,7.22031250e-02,1.01621875e-01
2.63387500e-08,-6.00625000e-04,7.22031250e-02,1.01621875e-01
2.63787500e-08,-5.95625000e-04,7.22031250e-02,1.01621875e-01
2.64187500e-08,-5.89687500e-04,7.22031250e-02,1.01621875e-01
2.64587500e-08,-5.83437500e-04,7.22031250e-02,1.01621875e-01
2.64987500e-08,-5.76875000e-04,7.22031250e-02,1.01618750e-01
2.65387500e-08,-5.70625000e-04,7.22031250e-02,1.01618750e-01
2.65787500e-08,-5.64687500e-04,7.22031250e-02,1.01618750e-01
2.66187500e-08,-5.59375000e-04,7.22031250e-02,1.01618750e-01
2.66587500e-08,-5.54687500e-04,7.22015625e-02,1.01618750e-01
2.66987500e-08,-5.50937500e-04,7.22015625e-02,1.01618750e-01
2.67387500e-08,-5.48750000e-04,7.22015625e-02,1.01618750e-01
2.67787500e-08,-5.47500000e-04,7.22015625e-02,1.01618750e-01
2.68187500e-08,-5.47500000e-04,7.22015625e-02,1.01618750e-01
2.68587500e-08,-5.49062500e-04,7.22015625e-02,1.01618750e-01
2.68987500e-08,-5.51875000e-04,7.22015625e-02,1.01618750e-01
2.69387500e-08,-5.55625000e-04,7.22015625e-02,1.01618750e-01
2.69787500e-08,-5.60625000e-04,7.22015625e-02,1.01618750e-01
2.70187500e-08,-5.66562500e-04,7.22015625e-02,1.01618750e-01
2.70587500e-08,-5.72812500e-04,7.22015625e-02,1.01618750e-01
2.70987500e-08,-5.79687500e-04,7.22015625e-02,1.01618750e-01
2.71387500e-08,-5.86562500e-04,7.22015625e-02,1.01618750e-01
2.71787500e-08,-5.93125000e-04,7.22015625e-02,1.01618750e-01
2.72187500e-08,-5.99375000e-04,7.22015625e-02,1.01615625e-01
2.72587500e-08,-6.05000000e-04,7.22015625e-02,1.01615625e-01
2.72987500e-08,-6.09375000e-04,7.22015625e-02,1.01615625e-01
2.73387500e-08,-6.13125000e-04,7.22015625e-02,1.01615625e-01
2.73787500e-08,-6.15625000e-04,7.22015625e-02,1.01615625e-01
2.74187500e-08,-6.16875000e-04,7.22015625e-02,1.01615625e-01
2.74587500e-08,-6.16875000e-04,7.22015625e-02,1.01615625e-01
2.74987500e-08,-6.15937500e-04,7.22015625e-02,1.01615625e-01
2.75387500e-08,-6.14062500e-04,7.22015625e-02,1.01615625e-01
2.75787500e-08,-6.11250000e-04,7.22015625e-02,1.01615625e-01
2.76187500e-08,-6.08437500e-04,7.22015625e-02,1.01615625e-01
2.76587500e-08,-6.05312500e-04,7.22015625e-02,1.01615625e-01
2.76987500e-08,-6.02500000e-04,7.22015625e-02,1.01615625e-01
2.77387500e-08,-6.00000000e-04,7.22015625e-02,1.01615625e-01
2.77787500e-08,-5.98437500e-04,7.22015625e-02,1.01615625e-01
2.78187500e-08,-5.98125000e-04,7.22015625e-02,1.01615625e-01
2.78587500e-08,-5.98750000e-04,7.22015625e-02,1.01615625e-01
2.78987500e-08,-6.00937500e-04,7.22015625e-02,1.01615625e-01
2.79387500e-08,-6.04687500e-04,7.22015625e-02,1.01615625e-01
2.79787500e-08,-6.10000000e-04,7.22015625e-02,1.01615625e-01
2.80187500e-08,-6.16562500e-04,7.22015625e-02,1.01612500e-01
2.80587500e-08,-6.24375000e-04,7.22015625e-02,1.01612500e-01
2.80987500e-08,-6.32812500e-04,7.22015625e-02,1.01612500e-01
2.81387500e-08,-6.42187500e-04,7.22015625e-02,1.01612500e-01
2.81787500e-08,-6.51250000e-04,7.22015625e-02,1.01612500e-01
2.82187500e-08,-6.60312500e-04,7.22015625e-02,1.01612500e-01
2.82587500e-08,-6.68437500e-04,7.22015625e-02,1.01612500e-01
2.82987500e-08,-6.75000000e-04,7.22015625e-02,1.01612500e-01
2.83387500e-08,-6.80000000e-04,7.22015625e-02,1.01612500e-01
2.83787500e-08,-6.83125000e-04,7.22015625e-02,1.01612500e-01
2.84187500e-08,-6.83437500e-04,7.22015625e-02,1.01612500e-01
2.84587500e-08,-6.81250000e-04,7.22015625e-02,1.01612500e-01
2.84987500e-08,-6.75937500e-04,7.22015625e-02,1.01612500e-01
2.85387500e-08,-6.68125000e-04,7.22015625e-02,1.01612500e-01
2.85787500e-08,-6.57500000e-04,7.22015625e-02,1.01612500e-01
2.86187500e-08,-6.44687500e-04,7.22015625e-02,1.01612500e-01
2.86587500e-08,-6.29375000e-04,7.22015625e-02,1.01612500e-01
2.86987500e-08,-6.12812500e-04,7.22015625e-02,1.01612500e-01
2.87387500e-08,-5.95000000e-04,7.22015625e-02,1.01612500e-01
2.87787500e-08,-5.76875000e-04,7.22015625e-02,1.01612500e-01
2.88187500e-08,-5.58750000e-04,7.22015625e-02,1.01612500e-01
2.88587500e-08,-5.41875000e-04,7.22015625e-02,1.01612500e-01
2.88987500e-08,-5.26562500e-04,7.22015625e-02,1.01612500e-01
2.89387500e-08,-5.13750000e-04,7.22015625e-02,1.01612500e-01
2.89787500e-08,-5.03750000e-04,7.22015625e-02,1.01609375e-01
2.90187500e-08,-4.96875000e-04,7.22015625e-02,1.01609375e-01
2.90587500e-08,-4.93750000e-04,7.22015625e-02,1.01609375e-01
2.90987500e-08,-4.94687500e-04,7.22015625e-02,1.01609375e-01
2.91387500e-08,-4.99375000e-04,7.22015625e-02,1.01609375e-01
2.91787500e-08,-5.08125000e-04,7.22015625e-02,1.01609375e-01
2.92187500e-08,-5.20312500e-04,7.22015625e-02,1.01609375e-01
2.92587500e-08,-5.35937500e-04,7.22015625e-02,1.01609375e-01
2.92987500e-08,-5.54062500e-04,7.22015625e-02,1.01609375e-01
2.93387500e-08,-5.74375000e-04,7.22015625e-02,1.01609375e-01
2.93787500e-08,-5.95937500e-04,7.22015625e-02,1.01609375e-01
2.94187500e-08,-6.18125000e-04,7.22000000e-02,1.01609375e-01
2.94587500e-08,-6.40000000e-04,7.22000000e-02,1.01609375e-01
2.94987500e-08,-6.60625000e-04,7.22000000e-02,1.01609375e-01
2.95387500e-08,-6.79375000e-04,7.22000000e-02,1.01609375e-01
2.95787500e-08,-6.95625000e-04,7.22000000e-02,1.01609375e-01
2.96187500e-08,-7.08750000e-04,7.22000000e-02,1.01609375e-01
2.96587500e-08,-7.17812500e-04,7.22000000e-02,1.01609375e-01
2.96987500e-08,-7.22812500e-04,7.22000000e-02,1.01609375e-01
2.97387500e-08,-7.23750000e-04,7.22000000e-02,1.01609375e-01
2.97787500e-08,-7.20312500e-04,7.22000000e-02,1.01609375e-01
2.98187500e-08,-7.12500000e-04,7.22000000e-02,1.01609375e-01
2.98587500e-08,-7.00937500e-04,7.22000000e-02,1.01609375e-01
2.98987500e-08,-6.85937500e-04,7.22000000e-02,1.01609375e-01
2.99387500e-08,-6.68125000e-04,7.22000000e-02,1.01609375e-01
2.99787500e-08,-6.48125000e-04,7.22000000e-02,1.01609375e-01
3.00187500e-08,-6.26562500e-04,7.22000000e-02,1.01609375e-01
3.00587500e-08,-6.04375000e-04,7.22000000e-02,1.01609375e-01
3.00987500e-08,-5.82187500e-04,7.22000000e-02,1.01609375e-01
3.01387500e-08,-5.61250000e-04,7.22000000e-02,1.01606250e-01
3.01787500e-08,-5.41562500e-04,7.22000000e-02,1.01606250e-01
3.02187500e-08,-5.24375000e-04,7.22000000e-02,1.01606250e-01
3.02587500e-08,-5.10000000e-04,7.22000000e-02,1.01606250e-01
3.02987500e-08,-4.98750000e-04,7.22000000e-02,1.01606250e-01
3.03387500e-08,-4.90937500e-04,7.22000000e-02,1.01606250e-01
3.03787500e-08,-4.86562500e-04,7.22000000e-02,1.01606250e-01
3.04187500e-08,-4.85625000e-04,7.22000000e-02,1.01606250e-01
3.04587500e-08,-4.88125000e-04,7.22000000e-02,1.01606250e-01
3.04987500e-08,-4.93750000e-04,7.22000000e-02,1.01606250e-01
3.05387500e-08,-5.01562500e-04,7.22000000e-02,1.01606250e-01
3.05787500e-08,-5.11562500e-04,7.22000000e-02,1.01606250e-01
3.06187500e-08,-5.22812500e-04,7.22000000e-02,1.01606250e-01
3.06587500e-08,-5.35000000e-04,7.22000000e-02,1.01606250e-01
3.06987500e-08,-5.47500000e-04,7.22000000e-02,1.01606250e-01
3.07387500e-08,-5.59375000e-04,7.22000000e-02,1.01606250e-01
3.07787500e-08,-5.70000000e-04,7.22000000e-02,1.01606250e-01
3.08187500e-08,-5.79375000e-04,7.22000000e-02,1.01606250e-01
3.08587500e-08,-5.86875000e-04,7.22000000e-02,1.01606250e-01
3.08987500e-08,-5.92187500e-04,7.22000000e-02,1.01606250e-01
3.09387500e-08,-5.95625000e-04,7.22000000e-02,1.01606250e-01
3.09787500e-08,-5.96562500e-04,7.22000000e-02,1.01606250e-01
3.10187500e-08,-5.95312500e-04,7.22000000e-02,1.01606250e-01
3.10587500e-08,-5.92187500e-04,7.22000000e-02,1.01606250e-01
3.10987500e-08,-5.87812500e-04,7.22000000e-02,1.01606250e-01
3.11387500e-08,-5.81875000e-04,7.22000000e-02,1.01606250e-01
3.11787500e-08,-5.75625000e-04,7.22000000e-02,1.01606250e-01
3.12187500e-08,-5.69375000e-04,7.22000000e-02,1.01606250e-01
3.12587500e-08,-5.63125000e-04,7.22000000e-02,1.01606250e-01
3.12987500e-08,-5.58125000e-04,7.22000000e-02,1.01606250e-01
3.13387500e-08,-5.54062500e-04,7.22000000e-02,1.01606250e-01
3.13787500e-08,-5.51562500e-04,7.22000000e-02,1.01606250e-01
3.14187500e-08,-5.51250000e-04,7.22000000e-02,1.01606250e-01
3.14587500e-08,-5.52500000e-04,7.22000000e-02,1.01606250e-01
3.14987500e-08,-5.55937500e-04,7.22000000e-02,1.01606250e-01
3.15387500e-08,-5.61250000e-04,7.22000000e-02,1.01606250e-01
3.15787500e-08,-5.68125000e-04,7.22000000e-02,1.01606250e-01
3.16187500e-08,-5.76562500e-04,7.22000000e-02,1.01606250e-01
3.16587500e-08,-5.85937500e-04,7.22000000e-02,1.01606250e-01
3.16987500e-08,-5.95625000e-04,7.22000000e-02,1.01603125e-01
3.17387500e-08,-6.05312500e-04,7.22000000e-02,1.01603125e-01
3.17787500e-08,-6.14375000e-04,7.22000000e-02,1.01603125e-01
3.18187500e-08,-6.22187500e-04,7.22000000e-02,1.01603125e-01
3.18587500e-08,-6.28750000e-04,7.22000000e-02,1.01603125e-01
3.18987500e-08,-6.33125000e-04,7.22000000e-02,1.01603125e-01
3.19387500e-08,-6.35312500e-04,7.22000000e-02,1.01603125e-01
3.19787500e-08,-6.35000000e-04,7.22000000e-02,1.01603125e-01
3.20187500e-08,-6.32187500e-04,7.22000000e-02,1.01603125e-01
3.20587500e-08,-6.26875000e-04,7.22000000e-02,1.01603125e-01
3.20987500e-08,-6.19062500e-04,7.22000000e-02,1.01603125e-01
3.21387500e-08,-6.09375000e-04,7.22000000e-02,1.01603125e-01
3.21787500e-08,-5.98125000e-04,7.22000000e-02,1.01603125e-01
3.22187500e-08,-5.85937500e-04,7.22000000e-02,1.01603125e-01
3.22587500e-08,-5.72812500e-04,7.22000000e-02,1.01603125e-01
3.22987500e-08,-5.60000000e-04,7.22000000e-02,1.01603125e-01
3.23387500e-08,-5.47500000e-04,7.22000000e-02,1.01603125e-01
3.23787500e-08,-5.36562500e-04,7.22000000e-02,1.01603125e-01
3.24187500e-08,-5.27187500e-04,7.22000000e-02,1.01603125e-01
3.24587500e-08,-5.20000000e-04,7.22000000e-02,1.01603125e-01
3.24987500e-08,-5.15625000e-04,7.22000000e-02,1.01603125e-01
3.25387500e-08,-5.14062500e-04,7.22000000e-02,1.01603125e-01
3.25787500e-08,-5.15312500e-04,7.22000000e-02,1.01603125e-01
3.26187500e-08,-5.19687500e-04,7.22000000e-02,1.01603125e-01
3.26587500e-08,-5.26875000e-04,7.22000000e-02,1.01603125e-01
3.26987500e-08,-5.36250000e-04,7.22000000e-02,1.01603125e-01
3.27387500e-08,-5.48125000e-04,7.22000000e-02,1.01603125e-01
3.27787500e-08,-5.61562500e-04,7.22000000e-02,1.01603125e-01
3.28187500e-08,-5.76250000e-04,7.22000000e-02,1.01603125e-01
3.28587500e-08,-5.91562500e-04,7.22000000e-02,1.01603125e-01
3.28987500e-08,-6.06562500e-04,7.22000000e-02,1.01603125e-01
3.29387500e-08,-6.20937500e-04,7.22000000e-02,1.01603125e-01
3.29787500e-08,-6.34062500e-04,7.22000000e-02,1.01603125e-01
3.30187500e-08,-6.45625000e-04,7.22000000e-02,1.01603125e-01
3.30587500e-08,-6.54687500e-04,7.22000000e-02,1.01603125e-01
3.30987500e-08,-6.61562500e-04,7.22000000e-02,1.01603125e-01
3.31387500e-08,-6.65312500e-04,7.22000000e-02,1.01603125e-01
3.31787500e-08,-6.66562500e-04,7.22000000e-02,1.01603125e-01
3.32187500e-08,-6.65312500e-04,7.22000000e-02,1.01603125e-01
3.32587500e-08,-6.61250000e-04,7.22000000e-02,1.01603125e-01
3.32987500e-08,-6.54687500e-04,7.22000000e-02,1.01603125e-01
3.33387500e-08,-6.46562500e-04,7.22000000e-02,1.01603125e-01
3.33787500e-08,-6.36562500e-04,7.22000000e-02,1.01603125e-01
3.34187500e-08,-6.25625000e-04,7.22000000e-02,1.01603125e-01
3.34587500e-08,-6.14062500e-04,7.22000000e-02,1.01603125e-01
3.34987500e-08,-6.02812500e-04,7.22000000e-02,1.01603125e-01
3.35387500e-08,-5.91875000e-04,7.22000000e-02,1.01603125e-01
3.35787500e-08,-5.81562500e-04,7.22000000e-02,1.01603125e-01
3.36187500e-08,-5.73125000e-04,7.22000000e-02,1.01603125e-01
3.36587500e-08,-5.65937500e-04,7.22000000e-02,1.01603125e-01
3.36987500e-08,-5.60625000e-04,7.22000000e-02,1.01603125e-01
3.37387500e-08,-5.57500000e-04,7.22000000e-02,1.01603125e-01
3.37787500e-08,-5.56562500e-04,7.22000000e-02,1.01603125e-01
3.38187500e-08,-5.57812500e-04,7.22000000e-02,1.01603125e-01
3.38587500e-08,-5.60625000e-04,7.22000000e-02,1.01603125e-01
3.38987500e-08,-5.65625000e-04,7.22000000e-02,1.01603125e-01
3.39387500e-08,-5.72187500e-04,7.22000000e-02,1.01603125e-01
3.39787500e-08,-5.79687500e-04,7.22000000e-02,1.01603125e-01
3.40187500e-08,-5.88437500e-04,7.22000000e-02,1.01603125e-01
3.40587500e-08,-5.97812500e-04,7.22000000e-02,1.01603125e-01
3.40987500e-08,-6.07500000e-04,7.22000000e-02,1.01603125e-01
3.41387500e-08,-6.17500000e-04,7.22000000e-02,1.01603125e-01
3.41787500e-08,-6.26875000e-04,7.22000000e-02,1.01603125e-01
3.42187500e-08,-6.35937500e-04,7.22000000e-02,1.01603125e-01
3.42587500e-08,-6.44062500e-04,7.22000000e-02,1.01603125e-01
3.42987500e-08,-6.51250000e-04,7.22000000e-02,1.01603125e-01
3.43387500e-08,-6.57500000e-04,7.22000000e-02,1.01603125e-01
3.43787500e-08,-6.62500000e-04,7.22000000e-02,1.01603125e-01
3.44187500e-08,-6.66250000e-04,7.22000000e-02,1.01603125e-01
3.44587500e-08,-6.68437500e-04,7.22000000e-02,1.01603125e-01
3.44987500e-08,-6.69687500e-04,7.22000000e-02,1.01603125e-01
3.45387500e-08,-6.69375000e-04,7.22000000e-02,1.01603125e-01
3.45787500e-08,-6.67812500e-04,7.22000000e-02,1.01600000e-01
3.46187500e-08,-6.65000000e-04,7.22000000e-02,1.01600000e-01
3.46587500e-08,-6.60937500e-04,7.22000000e-02,1.01600000e-01
3.46987500e-08,-6.55937500e-04,7.22000000e-02,1.01600000e-01
3.47387500e-08,-6.49375000e-04,7.22000000e-02,1.01600000e-01
3.47787500e-08,-6.41875000e-04,7.22000000e-02,1.01600000e-01
3.48187500e-08,-6.33750000e-04,7.22000000e-02,1.01600000e-01
3.48587500e-08,-6.24375000e-04,7.22000000e-02,1.01600000e-01
3.48987500e-08,-6.14375000e-04,7.22000000e-02,1.01600000e-01
3.49387500e-08,-6.03750000e-04,7.22000000e-02,1.01600000e-01
3.49787500e-08,-5.92812500e-04,7.22000000e-02,1.01600000e-01
3.50187500e-08,-5.81875000e-04,7.22000000e-02,1.01600000e-01
3.50587500e-08,-5.70625000e-04,7.22000000e-02,1.01600000e-01
3.50987500e-08,-5.60000000e-04,7.22000000e-02,1.01600000e-01
3.51387500e-08,-5.50000000e-04,7.22000000e-02,1.01600000e-01
3.51787500e-08,-5.40625000e-04,7.22000000e-02,1.01600000e-01
3.52187500e-08,-5.32812500e-04,7.22000000e-02,1.01600000e-01
3.52587500e-08,-5.26250000e-04,7.22000000e-02,1.01600000e-01
3.52987500e-08,-5.21562500e-04,7.22000000e-02,1.01600000e-01
3.53387500e-08,-5.18750000e-04,7.22000000e-02,1.01600000e-01
3.53787500e-08,-5.17812500e-04,7.22000000e-02,1.01600000e-01
3.54187500e-08,-5.19375000e-04,7.22000000e-02,1.01600000e-01
3.54587500e-08,-5.23125000e-04,7.22000000e-02,1.01600000e-01
3.54987500e-08,-5.28750000e-04,7.22000000e-02,1.01600000e-01
3.55387500e-08,-5.36562500e-04,7.22000000e-02,1.01600000e-01
3.55787500e-08,-5.46250000e-04,7.22000000e-02,1.01600000e-01
3.56187500e-08,-5.56875000e-04,7.22000000e-02,1.01600000e-01
3.56587500e-08,-5.68750000e-04,7.22000000e-02,1.01600000e-01
3.56987500e-08,-5.80937500e-04,7.22000000e-02,1.01600000e-01
3.57387500e-08,-5.93125000e-04,7.22000000e-02,1.01600000e-01
3.57787500e-08,-6.04687500e-04,7.22000000e-02,1.01600000e-01
3.58187500e-08,-6.15312500e-04,7.22000000e-02,1.01600000e-01
3.58587500e-08,-6.24062500e-04,7.22000000e-02,1.01600000e-01
3.58987500e-08,-6.30625000e-04,7.22000000e-02,1.01600000e-01
3.59387500e-08,-6.34687500e-04,7.22000000e-02,1.01600000e-01
3.59787500e-08,-6.35937500e-04,7.22000000e-02,1.01600000e-01
3.60187500e-08,-6.34062500e-04,7.22000000e-02,1.01600000e-01
3.60587500e-08,-6.29375000e-04,7.22000000e-02,1.01600000e-01
3.60987500e-08,-6.21562500e-04,7.22000000e-02,1.01600000e-01
3.61387500e-08,-6.11250000e-04,7.22000000e-02,1.01600000e-01
3.61787500e-08,-5.98437500e-04,7.22000000e-02,1.01600000e-01
3.62187500e-08,-5.83750000e-04,7.22000000e-02,1.01600000e-01
3.62587500e-08,-5.67500000e-04,7.22000000e-02,1.01600000e-01
3.62987500e-08,-5.50937500e-04,7.22000000e-02,1.01600000e-01
3.63387500e-08,-5.34062500e-04,7.22000000e-02,1.01600000e-01
3.63787500e-08,-5.18125000e-04,7.22000000e-02,1.01600000e-01
3.64187500e-08,-5.03437500e-04,7.22000000e-02,1.01600000e-01
3.64587500e-08,-4.90937500e-04,7.22000000e-02,1.01600000e-01
3.64987500e-08,-4.80937500e-04,7.22000000e-02,1.01600000e-01
3.65387500e-08,-4.74062500e-04,7.22000000e-02,1.01600000e-01
3.65787500e-08,-4.70312500e-04,7.22000000e-02,1.01600000e-01
3.66187500e-08,-4.70312500e-04,7.22000000e-02,1.01600000e-01
3.66587500e-08,-4.74062500e-04,7.22000000e-02,1.01600000e-01
3.66987500e-08,-4.80937500e-04,7.22000000e-02,1.01600000e-01
3.67387500e-08,-4.91250000e-04,7.22000000e-02,1.01600000e-01
3.67787500e-08,-5.04375000e-04,7.22000000e-02,1.01600000e-01
3.68187500e-08,-5.20000000e-04,7.22000000e-02,1.01600000e-01
3.68587500e-08,-5.37187500e-04,7.22000000e-02,1.01600000e-01
3.68987500e-08,-5.55312500e-04,7.22000000e-02,1.01600000e-01
3.69387500e-08,-5.73750000e-04,7.22000000e-02,1.01600000e-01
3.69787500e-08,-5.92187500e-04,7.22000000e-02,1.01600000e-01
3.70187500e-08,-6.09375000e-04,7.22000000e-02,1.01600000e-01
3.70587500e-08,-6.25000000e-04,7.22000000e-02,1.01600000e-01
3.70987500e-08,-6.38750000e-04,7.22000000e-02,1.01600000e-01
3.71387500e-08,-6.49687500e-04,7.22000000e-02,1.01600000e-01
3.71787500e-08,-6.58125000e-04,7.22000000e-02,1.01600000e-01
3.72187500e-08,-6.64062500e-04,7.22000000e-02,1.01600000e-01
3.72587500e-08,-6.66875000e-04,7.22000000e-02,1.01600000e-01
3.72987500e-08,-6.67187500e-04,7.22000000e-02,1.01600000e-01
3.73387500e-08,-6.65000000e-04,7.22000000e-02,1.01600000e-01
3.73787500e-08,-6.60937500e-04,7.22000000e-02,1.01600000e-01
3.74187500e-08,-6.55312500e-04,7.22000000e-02,1.01600000e-01
3.74587500e-08,-6.48750000e-04,7.22000000e-02,1.01600000e-01
3.74987500e-08,-6.41875000e-04,7.22000000e-02,1.01600000e-01
3.75387500e-08,-6.34687500e-04,7.22000000e-02,1.01600000e-01
3.75787500e-08,-6.28125000e-04,7.22000000e-02,1.01600000e-01
3.76187500e-08,-6.22500000e-04,7.22000000e-02,1.01600000e-01
3.76587500e-08,-6.18125000e-04,7.22000000e-02,1.01600000e-01
3.76987500e-08,-6.15312500e-04,7.22000000e-02,1.01600000e-01
3.77387500e-08,-6.14062500e-04,7.22000000e-02,1.01600000e-01
3.77787500e-08,-6.14375000e-04,7.22000000e-02,1.01600000e-01
3.78187500e-08,-6.15937500e-04,7.22000000e-02,1.01600000e-01
3.78587500e-08,-6.19375000e-04,7.22000000e-02,1.01600000e-01
3.78987500e-08,-6.23437500e-04,7.22000000e-02,1.01600000e-01
3.79387500e-08,-6.28437500e-04,7.22000000e-02,1.01600000e-01
3.79787500e-08,-6.33750000e-04,7.22000000e-02,1.01600000e-01
3.80187500e-08,-6.39062500e-04,7.22000000e-02,1.01600000e-01
3.80587500e-08,-6.43437500e-04,7.22000000e-02,1.01600000e-01
3.80987500e-08,-6.47187500e-04,7.22000000e-02,1.01600000e-01
3.81387500e-08,-6.49375000e-04,7.22000000e-02,1.01600000e-01
3.81787500e-08,-6.50312500e-04,7.22000000e-02,1.01600000e-01
3.82187500e-08,-6.49062500e-04,7.22000000e-02,1.01600000e-01
3.82587500e-08,-6.45937500e-04,7.22000000e-02,1.01600000e-01
3.82987500e-08,-6.40625000e-04,7.22000000e-02,1.01600000e-01
3.83387500e-08,-6.33437500e-04,7.22000000e-02,1.01600000e-01
3.83787500e-08,-6.24375000e-04,7.22000000e-02,1.01600000e-01
3.84187500e-08,-6.13750000e-04,7.22000000e-02,1.01600000e-01
3.84587500e-08,-6.01875000e-04,7.22000000e-02,1.01600000e-01
3.84987500e-08,-5.88750000e-04,7.22000000e-02,1.01600000e-01
3.85387500e-08,-5.75000000e-04,7.22000000e-02,1.01600000e-01
3.85787500e-08,-5.61250000e-04,7.22000000e-02,1.01600000e-01
3.86187500e-08,-5.47500000e-04,7.22000000e-02,1.01600000e-01
3.86587500e-08,-5.34687500e-04,7.22000000e-02,1.01600000e-01
3.86987500e-08,-5.22500000e-04,7.22000000e-02,1.01600000e-01
3.87387500e-08,-5.11562500e-04,7.22000000e-02,1.01600000e-01
3.87787500e-08,-5.02500000e-04,7.22000000e-02,1.01600000e-01
3.88187500e-08,-4.95000000e-04,7.22000000e-02,1.01600000e-01
3.88587500e-08,-4.89062500e-04,7.22000000e-02,1.01600000e-01
3.88987500e-08,-4.85312500e-04,7.22000000e-02,1.01600000e-01
3.89387500e-08,-4.83437500e-04,7.22000000e-02,1.01600000e-01
3.89787500e-08,-4.83125000e-04,7.22000000e-02,1.01600000e-01
3.90187500e-08,-4.84375000e-04,7.22000000e-02,1.01600000e-01
3.90587500e-08,-4.87187500e-04,7.22000000e-02,1.01600000e-01
3.90987500e-08,-4.90937500e-04,7.22000000e-02,1.01600000e-01
3.91387500e-08,-4.95625000e-04,7.22000000e-02,1.01600000e-01
3.91787500e-08,-5.00625000e-04,7.22000000e-02,1.01600000e-01
3.92187500e-08,-5.05937500e-04,7.22000000e-02,1.01600000e-01
3.92587500e-08,-5.11250000e-04,7.22000000e-02,1.01600000e-01
3.92987500e-08,-5.15937500e-04,7.22000000e-02,1.01600000e-01
3.93387500e-08,-5.19687500e-04,7.22000000e-02,1.01600000e-01
3.93787500e-08,-5.22812500e-04,7.22000000e-02,1.01600000e-01
3.94187500e-08,-5.24687500e-04,7.22000000e-02,1.01600000e-01
3.94587500e-08,-5.25000000e-04,7.22000000e-02,1.01600000e-01
3.94987500e-08,-5.24062500e-04,7.22000000e-02,1.01600000e-01
3.95387500e-08,-5.21562500e-04,7.22000000e-02,1.01600000e-01
3.95787500e-08,-5.17500000e-04,7.22000000e-02,1.01600000e-01
3.96187500e-08,-5.11875000e-04,7.22000000e-02,1.01600000e-01
3.96587500e-08,-5.05000000e-04,7.22000000e-02,1.01600000e-01
3.96987500e-08,-4.96562500e-04,7.22000000e-02,1.01600000e-01
3.97387500e-08,-4.87500000e-04,7.22000000e-02,1.01600000e-01
3.97787500e-08,-4.77500000e-04,7.22000000e-02,1.01600000e-01
3.98187500e-08,-4.66875000e-04,7.22000000e-02,1.01600000e-01
3.98587500e-08,-4.55937500e-04,7.22000000e-02,1.01600000e-01
3.98987500e-08,-4.45312500e-04,7.22000000e-02,1.01600000e-01
3.99387500e-08,-4.35312500e-04,7.22000000e-02,1.01600000e-01
3.99787500e-08,-4.25937500e-04,7.22000000e-02,1.01600000e-01
4.00187500e-08,-4.17500000e-04,7.22000000e-02,1.01600000e-01
4.00587500e-08,-4.10625000e-04,7.22000000e-02,1.01600000e-01
4.00987500e-08,-4.05312500e-04,7.22000000e-02,1.01600000e-01
4.01387500e-08,-4.01875000e-04,7.22000000e-02,1.01600000e-01
4.01787500e-08,-4.00625000e-04,7.22000000e-02,1.01600000e-01
4.02187500e-08,-4.01562500e-04,7.22000000e-02,1.01600000e-01
4.02587500e-08,-4.04687500e-04,7.22000000e-02,1.01600000e-01
4.02987500e-08,-4.10000000e-04,7.22000000e-02,1.01600000e-01
4.03387500e-08,-4.17187500e-04,7.22000000e-02,1.01600000e-01
4.03787500e-08,-4.26562500e-04,7.22000000e-02,1.01600000e-01
4.04187500e-08,-4.37812500e-04,7.22000000e-02,1.01600000e-01
4.04587500e-08,-4.50000000e-04,7.22000000e-02,1.01600000e-01
4.04987500e-08,-4.63750000e-04,7.22000000e-02,1.01600000e-01
4.05387500e-08,-4.78125000e-04,7.22000000e-02,1.01600000e-01
4.05787500e-08,-4.92500000e-04,7.22000000e-02,1.01600000e-01
4.06187500e-08,-5.07187500e-04,7.22000000e-02,1.01600000e-01
4.06587500e-08,-5.21250000e-04,7.22000000e-02,1.01600000e-01
4.06987500e-08,-5.34375000e-04,7.22000000e-02,1.01600000e-01
4.07387500e-08,-5.46562500e-04,7.22000000e-02,1.01600000e-01
4.07787500e-08,-5.56875000e-04,7.22000000e-02,1.01600000e-01
4.08187500e-08,-5.65625000e-04,7.22000000e-02,1.01600000e-01
4.08587500e-08,-5.72500000e-04,7.22000000e-02,1.01600000e-01
4.08987500e-08,-5.77187500e-04,7.22000000e-02,1.01600000e-01
4.09387500e-08,-5.79687500e-04,7.22000000e-02,1.01600000e-01
4.09787500e-08,-5.80312500e-04,7.22000000e-02,1.01600000e-01
4.10187500e-08,-5.79062500e-04,7.22000000e-02,1.01600000e-01
4.10587500e-08,-5.76250000e-04,7.22000000e-02,1.01600000e-01
4.10987500e-08,-5.71562500e-04,7.22000000e-02,1.01600000e-01
4.11387500e-08,-5.65937500e-04,7.22000000e-02,1.01600000e-01
4.11787500e-08,-5.59375000e-04,7.22000000e-02,1.01600000e-01
4.12187500e-08,-5.51875000e-04,7.22000000e-02,1.01600000e-01
4.12587500e-08,-5.44375000e-04,7.22000000e-02,1.01600000e-01
4.12987500e-08,-5.36562500e-04,7.22000000e-02,1.01600000e-01
4.13387500e-08,-5.29375000e-04,7.22000000e-02,1.01600000e-01
4.13787500e-08,-5.22500000e-04,7.22000000e-02,1.01600000e-01
4.14187500e-08,-5.16250000e-04,7.22000000e-02,1.01600000e-01
4.14587500e-08,-5.10937500e-04,7.22000000e-02,1.01600000e-01
4.14987500e-08,-5.06562500e-04,7.22000000e-02,1.01600000e-01
4.15387500e-08,-5.03125000e-04,7.22000000e-02,1.01600000e-01
4.15787500e-08,-5.00625000e-04,7.22000000e-02,1.01600000e-01
4.16187500e-08,-4.99375000e-04,7.22000000e-02,1.01600000e-01
4.16587500e-08,-4.98750000e-04,7.22000000e-02,1.01600000e-01
4.16987500e-08,-4.99375000e-04,7.22000000e-02,1.01600000e-01
4.17387500e-08,-5.00312500e-04,7.22000000e-02,1.01600000e-01
4.17787500e-08,-5.02187500e-04,7.22000000e-02,1.01600000e-01
4.18187500e-08,-5.04687500e-04,7.22000000e-02,1.01600000e-01
4.18587500e-08,-5.07187500e-04,7.22000000e-02,1.01600000e-01
4.18987500e-08,-5.10312500e-04,7.22000000e-02,1.01600000e-01
4.19387500e-08,-5.13437500e-04,7.22000000e-02,1.01600000e-01
4.19787500e-08,-5.16562500e-04,7.22000000e-02,1.01600000e-01
4.20187500e-08,-5.19687500e-04,7.22000000e-02,1.01600000e-01
4.20587500e-08,-5.22812500e-04,7.22000000e-02,1.01600000e-01
4.20987500e-08,-5.25625000e-04,7.22000000e-02,1.01600000e-01
4.21387500e-08,-5.28437500e-04,7.22000000e-02,1.01600000e-01
4.21787500e-08,-5.30625000e-04,7.22000000e-02,1.01600000e-01
4.22187500e-08,-5.32500000e-04,7.22000000e-02,1.01600000e-01
4.22587500e-08,-5.33750000e-04,7.22000000e-02,1.01600000e-01
4.22987500e-08,-5.34687500e-04,7.22000000e-02,1.01600000e-01
4.23387500e-08,-5.34687500e-04,7.22000000e-02,1.01600000e-01
4.23787500e-08,-5.34062500e-04,7.22000000e-02,1.01600000e-01
4.24187500e-08,-5.32187500e-04,7.22000000e-02,1.01600000e-01
4.24587500e-08,-5.29687500e-04,7.22000000e-02,1.01600000e-01
4.24987500e-08,-5.26250000e-04,7.22000000e-02,1.01600000e-01
4.25387500e-08,-5.21562500e-04,7.22000000e-02,1.01600000e-01
4.25787500e-08,-5.15937500e-04,7.22000000e-02,1.01600000e-01
4.26187500e-08,-5.09375000e-04,7.22000000e-02,1.01600000e-01
4.26587500e-08,-5.01875000e-04,7.22000000e-02,1.01600000e-01
4.26987500e-08,-4.94062500e-04,7.22000000e-02,1.01600000e-01
4.27387500e-08,-4.85625000e-04,7.22000000e-02,1.01600000e-01
4.27787500e-08,-4.76875000e-04,7.22000000e-02,1.01600000e-01
4.28187500e-08,-4.68437500e-04,7.22000000e-02,1.01600000e-01
4.28587500e-08,-4.60312500e-04,7.22000000e-02,1.01600000e-01
4.28987500e-08,-4.53125000e-04,7.22000000e-02,1.01600000e-01
4.29387500e-08,-4.47187500e-04,7.22000000e-02,1.01600000e-01
4.29787500e-08,-4.42500000e-04,7.22000000e-02,1.01600000e-01
4.30187500e-08,-4.40000000e-04,7.22000000e-02,1.01600000e-01
4.30587500e-08,-4.39375000e-04,7.22000000e-02,1.01600000e-01
4.30987500e-08,-4.40937500e-04,7.22000000e-02,1.01600000e-01
4.31387500e-08,-4.45312500e-04,7.22000000e-02,1.01600000e-01
4.31787500e-08,-4.51562500e-04,7.22000000e-02,1.01600000e-01
4.32187500e-08,-4.60312500e-04,7.22000000e-02,1.01600000e-01
4.32587500e-08,-4.71250000e-04,7.22000000e-02,1.01600000e-01
4.32987500e-08,-4.83750000e-04,7.22000000e-02,1.01600000e-01
4.33387500e-08,-4.97500000e-04,7.22000000e-02,1.01600000e-01
4.33787500e-08,-5.12187500e-04,7.22000000e-02,1.01600000e-01
4.34187500e-08,-5.27187500e-04,7.22000000e-02,1.01600000e-01
4.34587500e-08,-5.41875000e-04,7.22000000e-02,1.01600000e-01
4.34987500e-08,-5.55312500e-04,7.22000000e-02,1.01600000e-01
4.35387500e-08,-5.67187500e-04,7.22000000e-02,1.01600000e-01
4.35787500e-08,-5.76875000e-04,7.22000000e-02,1.01600000e-01
4.36187500e-08,-5.84062500e-04,7.22000000e-02,1.01600000e-01
4.36587500e-08,-5.88125000e-04,7.22000000e-02,1.01600000e-01
4.36987500e-08,-5.88750000e-04,7.22000000e-02,1.01600000e-01
4.37387500e-08,-5.86250000e-04,7.22000000e-02,1.01600000e-01
4.37787500e-08,-5.80000000e-04,7.22000000e-02,1.01600000e-01
4.38187500e-08,-5.70625000e-04,7.22000000e-02,1.01600000e-01
4.38587500e-08,-5.58437500e-04,7.22000000e-02,1.01600000e-01
4.38987500e-08,-5.43750000e-04,7.22000000e-02,1.01600000e-01
4.39387500e-08,-5.26875000e-04,7.22000000e-02,1.01600000e-01
4.39787500e-08,-5.09062500e-04,7.22000000e-02,1.01600000e-01
4.40187500e-08,-4.90312500e-04,7.22000000e-02,1.01600000e-01
4.40587500e-08,-4.71875000e-04,7.22000000e-02,1.01600000e-01
4.40987500e-08,-4.54375000e-04,7.22000000e-02,1.01600000e-01
4.41387500e-08,-4.38437500e-04,7.22000000e-02,1.01600000e-01
4.41787500e-08,-4.24375000e-04,7.22000000e-02,1.01600000e-01
4.42187500e-08,-4.13125000e-04,7.22000000e-02,1.01600000e-01
4.42587500e-08,-4.04687500e-04,7.22000000e-02,1.01600000e-01
4.42987500e-08,-3.99375000e-04,7.22000000e-02,1.01600000e-01
4.43387500e-08,-3.97187500e-04,7.22000000e-02,1.01600000e-01
4.43787500e-08,-3.98125000e-04,7.22000000e-02,1.01600000e-01
4.44187500e-08,-4.02187500e-04,7.22000000e-02,1.01600000e-01
4.44587500e-08,-4.08125000e-04,7.22000000e-02,1.01600000e-01
4.44987500e-08,-4.16250000e-04,7.22000000e-02,1.01600000e-01
4.45387500e-08,-4.25625000e-04,7.22000000e-02,1.01600000e-01
4.45787500e-08,-4.35625000e-04,7.22000000e-02,1.01600000e-01
4.46187500e-08,-4.45937500e-04,7.22000000e-02,1.01600000e-01
4.46587500e-08,-4.55312500e-04,7.22000000e-02,1.01600000e-01
4.46987500e-08,-4.63437500e-04,7.22000000e-02,1.01600000e-01
4.47387500e-08,-4.69687500e-04,7.22000000e-02,1.01600000e-01
4.47787500e-08,-4.74062500e-04,7.22000000e-02,1.01600000e-01
4.48187500e-08,-4.75937500e-04,7.22000000e-02,1.01600000e-01
4.48587500e-08,-4.75625000e-04,7.22000000e-02,1.01600000e-01
4.48987500e-08,-4.72812500e-04,7.22000000e-02,1.01600000e-01
4.49387500e-08,-4.67812500e-04,7.22000000e-02,1.01600000e-01
4.49787500e-08,-4.60937500e-04,7.22000000e-02,1.01600000e-01
4.50187500e-08,-4.52500000e-04,7.22000000e-02,1.01600000e-01
4.50587500e-08,-4.43437500e-04,7.22000000e-02,1.01600000e-01
4.50987500e-08,-4.34062500e-04,7.22000000e-02,1.01600000e-01
4.51387500e-08,-4.25312500e-04,7.22000000e-02,1.01600000e-01
4.51787500e-08,-4.17500000e-04,7.22000000e-02,1.01600000e-01
4.52187500e-08,-4.10937500e-04,7.22000000e-02,1.01600000e-01
4.52587500e-08,-4.06875000e-04,7.22000000e-02,1.01600000e-01
4.52987500e-08,-4.05312500e-04,7.22000000e-02,1.01600000e-01
4.53387500e-08,-4.06250000e-04,7.22000000e-02,1.01600000e-01
4.53787500e-08,-4.10312500e-04,7.22000000e-02,1.01600000e-01
4.54187500e-08,-4.17500000e-04,7.22000000e-02,1.01600000e-01
4.54587500e-08,-4.27187500e-04,7.22000000e-02,1.01600000e-01
4.54987500e-08,-4.39375000e-04,7.22000000e-02,1.01600000e-01
4.55387500e-08,-4.53437500e-04,7.22000000e-02,1.01600000e-01
4.55787500e-08,-4.69062500e-04,7.22000000e-02,1.01600000e-01
4.56187500e-08,-4.85312500e-04,7.22000000e-02,1.01600000e-01
4.56587500e-08,-5.01875000e-04,7.22000000e-02,1.01600000e-01
4.56987500e-08,-5.17812500e-04,7.22000000e-02,1.01600000e-01
4.57387500e-08,-5.32500000e-04,7.22000000e-02,1.01600000e-01
4.57787500e-08,-5.45625000e-04,7.22000000e-02,1.01600000e-01
4.58187500e-08,-5.55937500e-04,7.22000000e-02,1.01600000e-01
4.58587500e-08,-5.63750000e-04,7.22000000e-02,1.01600000e-01
4.58987500e-08,-5.68437500e-04,7.22000000e-02,1.01600000e-01
4.59387500e-08,-5.69687500e-04,7.22000000e-02,1.01600000e-01
4.59787500e-08,-5.67812500e-04,7.22000000e-02,1.01600000e-01
4.60187500e-08,-5.62812500e-04,7.22000000e-02,1.01600000e-01
4.60587500e-08,-5.54687500e-04,7.22000000e-02,1.01600000e-01
4.60987500e-08,-5.44062500e-04,7.22000000e-02,1.01600000e-01
4.61387500e-08,-5.31250000e-04,7.22000000e-02,1.01600000e-01
4.61787500e-08,-5.17187500e-04,7.22000000e-02,1.01600000e-01
4.62187500e-08,-5.02187500e-04,7.22000000e-02,1.01600000e-01
4.62587500e-08,-4.86875000e-04,7.22000000e-02,1.01600000e-01
4.62987500e-08,-4.71875000e-04,7.22000000e-02,1.01600000e-01
4.63387500e-08,-4.58125000e-04,7.22000000e-02,1.01600000e-01
4.63787500e-08,-4.45625000e-04,7.22000000e-02,1.01600000e-01
4.64187500e-08,-4.35312500e-04,7.22000000e-02,1.01600000e-01
4.64587500e-08,-4.27187500e-04,7.22000000e-02,1.01600000e-01
4.64987500e-08,-4.22187500e-04,7.22000000e-02,1.01600000e-01
4.65387500e-08,-4.19687500e-04,7.22000000e-02,1.01600000e-01
4.65787500e-08,-4.20312500e-04,7.22000000e-02,1.01600000e-01
4.66187500e-08,-4.23750000e-04,7.22000000e-02,1.01600000e-01
4.66587500e-08,-4.30000000e-04,7.22000000e-02,1.01600000e-01
4.66987500e-08,-4.38437500e-04,7.22000000e-02,1.01600000e-01
4.67387500e-08,-4.49375000e-04,7.22000000e-02,1.01600000e-01
4.67787500e-08,-4.62187500e-04,7.22000000e-02,1.01600000e-01
4.68187500e-08,-4.76562500e-04,7.22000000e-02,1.01600000e-01
4.68587500e-08,-4.91875000e-04,7.22000000e-02,1.01600000e-01
4.68987500e-08,-5.07500000e-04,7.22000000e-02,1.01600000e-01
4.69387500e-08,-5.23437500e-04,7.22000000e-02,1.01600000e-01
4.69787500e-08,-5.39062500e-04,7.22000000e-02,1.01600000e-01
4.70187500e-08,-5.53750000e-04,7.22000000e-02,1.01600000e-01
4.70587500e-08,-5.67500000e-04,7.22000000e-02,1.01600000e-01
4.70987500e-08,-5.79687500e-04,7.22000000e-02,1.01600000e-01
4.71387500e-08,-5.90000000e-04,7.22000000e-02,1.01600000e-01
4.71787500e-08,-5.98437500e-04,7.22000000e-02,1.01600000e-01
4.72187500e-08,-6.04687500e-04,7.22000000e-02,1.01600000e-01
4.72587500e-08,-6.08437500e-04,7.22000000e-02,1.01600000e-01
4.72987500e-08,-6.10000000e-04,7.22000000e-02,1.01600000e-01
4.73387500e-08,-6.09062500e-04,7.22000000e-02,1.01600000e-01
4.73787500e-08,-6.05937500e-04,7.22000000e-02,1.01600000e-01
4.74187500e-08,-6.00312500e-04,7.22000000e-02,1.01600000e-01
4.74587500e-08,-5.92500000e-04,7.22000000e-02,1.01600000e-01
4.74987500e-08,-5.82500000e-04,7.22000000e-02,1.01600000e-01
4.75387500e-08,-5.70937500e-04,7.22000000e-02,1.01600000e-01
4.75787500e-08,-5.57812500e-04,7.22000000e-02,1.01600000e-01
4.76187500e-08,-5.43437500e-04,7.22000000e-02,1.01600000e-01
4.76587500e-08,-5.28125000e-04,7.22000000e-02,1.01600000e-01
4.76987500e-08,-5.12187500e-04,7.22000000e-02,1.01600000e-01
4.77387500e-08,-4.96562500e-04,7.22000000e-02,1.01600000e-01
4.77787500e-08,-4.80937500e-04,7.22000000e-02,1.01600000e-01
4.78187500e-08,-4.65937500e-04,7.22000000e-02,1.01600000e-01
4.78587500e-08,-4.51875000e-04,7.22000000e-02,1.01600000e-01
4.78987500e-08,-4.39375000e-04,7.22000000e-02,1.01600000e-01
4.79387500e-08,-4.28750000e-04,7.22000000e-02,1.01600000e-01
4.79787500e-08,-4.20000000e-04,7.22000000e-02,1.01600000e-01
4.80187500e-08,-4.13437500e-04,7.22000000e-02,1.01600000e-01
4.80587500e-08,-4.09062500e-04,7.22000000e-02,1.01600000e-01
4.80987500e-08,-4.06875000e-04,7.22000000e-02,1.01600000e-01
4.81387500e-08,-4.07187500e-04,7.22000000e-02,1.01600000e-01
4.81787500e-08,-4.09375000e-04,7.22000000e-02,1.01600000e-01
4.82187500e-08,-4.13437500e-04,7.22000000e-02,1.01600000e-01
4.82587500e-08,-4.18750000e-04,7.22000000e-02,1.01600000e-01
4.82987500e-08,-4.25312500e-04,7.22000000e-02,1.01600000e-01
4.83387500e-08,-4.32812500e-04,7.22000000e-02,1.01600000e-01
4.83787500e-08,-4.40000000e-04,7.22000000e-02,1.01600000e-01
4.84187500e-08,-4.47187500e-04,7.22000000e-02,1.01600000e-01
4.84587500e-08,-4.53437500e-04,7.22000000e-02,1.01600000e-01
4.84987500e-08,-4.58437500e-04,7.22000000e-02,1.01600000e-01
4.85387500e-08,-4.62187500e-04,7.22000000e-02,1.01600000e-01
4.85787500e-08,-4.63750000e-04,7.22000000e-02,1.01600000e-01
4.86187500e-08,-4.63437500e-04,7.22000000e-02,1.01600000e-01
4.86587500e-08,-4.60937500e-04,7.22000000e-02,1.01600000e-01
4.86987500e-08,-4.56250000e-04,7.22000000e-02,1.01600000e-01
4.87387500e-08,-4.50000000e-04,7.22000000e-02,1.01600000e-01
4.87787500e-08,-4.41875000e-04,7.22000000e-02,1.01600000e-01
4.88187500e-08,-4.32812500e-04,7.22000000e-02,1.01600000e-01
4.88587500e-08,-4.22812500e-04,7.22000000e-02,1.01600000e-01
4.88987500e-08,-4.12500000e-04,7.22000000e-02,1.01600000e-01
4.89387500e-08,-4.02500000e-04,7.22000000e-02,1.01600000e-01
4.89787500e-08,-3.93437500e-04,7.22000000e-02,1.01600000e-01
4.90187500e-08,-3.85937500e-04,7.22000000e-02,1.01600000e-01
4.90587500e-08,-3.80000000e-04,7.22000000e-02,1.01600000e-01
4.90987500e-08,-3.76562500e-04,7.22000000e-02,1.01600000e-01
4.91387500e-08,-3.75625000e-04,7.22000000e-02,1.01600000e-01
4.91787500e-08,-3.77187500e-04,7.22000000e-02,1.01600000e-01
4.92187500e-08,-3.81875000e-04,7.22000000e-02,1.01600000e-01
4.92587500e-08,-3.88750000e-04,7.22000000e-02,1.01600000e-01
4.92987500e-08,-3.98125000e-04,7.22000000e-02,1.01600000e-01
4.93387500e-08,-4.09375000e-04,7.22000000e-02,1.01600000e-01
4.93787500e-08,-4.22187500e-04,7.22000000e-02,1.01600000e-01
4.94187500e-08,-4.35937500e-04,7.22000000e-02,1.01600000e-01
4.94587500e-08,-4.50000000e-04,7.22000000e-02,1.01600000e-01
4.94987500e-08,-4.63437500e-04,7.22000000e-02,1.01600000e-01
4.95387500e-08,-4.76250000e-04,7.22000000e-02,1.01600000e-01
4.95787500e-08,-4.87187500e-04,7.22000000e-02,1.01600000e-01
4.96187500e-08,-4.96562500e-04,7.22000000e-02,1.01600000e-01
4.96587500e-08,-5.03437500e-04,7.22000000e-02,1.01600000e-01
4.96987500e-08,-5.07812500e-04,7.22000000e-02,1.01600000e-01
4.97387500e-08,-5.09687500e-04,7.22000000e-02,1.01600000e-01
4.97787500e-08,-5.08750000e-04,7.22000000e-02,1.01600000e-01
4.98187500e-08,-5.05937500e-04,7.22000000e-02,1.01600000e-01
4.98587500e-08,-5.01250000e-04,7.22000000e-02,1.01600000e-01
4.98987500e-08,-4.95312500e-04,7.22000000e-02,1.01600000e-01
4.99387500e-08,-4.88750000e-04,7.22000000e-02,1.01600000e-01
4.99787500e-08,-4.82187500e-04,7.22000000e-02,1.01600000e-01
5.00187500e-08,-4.76250000e-04,7.22000000e-02,1.01600000e-01
5.00587500e-08,-4.71562500e-04,7.22000000e-02,1.01600000e-01
5.00987500e-08,-4.68750000e-04,7.22000000e-02,1.01600000e-01
5.01387500e-08,-4.68437500e-04,7.22000000e-02,1.01600000e-01
5.01787500e-08,-4.71250000e-04,7.22000000e-02,1.01600000e-01
5.02187500e-08,-4.76875000e-04,7.22000000e-02,1.01600000e-01
5.02587500e-08,-4.85625000e-04,7.22000000e-02,1.01600000e-01
5.02987500e-08,-4.97187500e-04,7.22000000e-02,1.01600000e-01
5.03387500e-08,-5.11562500e-04,7.22000000e-02,1.01600000e-01
5.03787500e-08,-5.28125000e-04,7.22000000e-02,1.01600000e-01
5.04187500e-08,-5.46562500e-04,7.22000000e-02,1.01600000e-01
5.04587500e-08,-5.65625000e-04,7.22000000e-02,1.01600000e-01
5.04987500e-08,-5.85000000e-04,7.22000000e-02,1.01600000e-01
5.05387500e-08,-6.03750000e-04,7.22000000e-02,1.01600000e-01
5.05787500e-08,-6.21250000e-04,7.22000000e-02,1.01600000e-01
5.06187500e-08,-6.36250000e-04,7.22000000e-02,1.01600000e-01
5.06587500e-08,-6.48750000e-04,7.22000000e-02,1.01600000e-01
5.06987500e-08,-6.58125000e-04,7.22000000e-02,1.01600000e-01
5.07387500e-08,-6.63437500e-04,7.22000000e-02,1.01600000e-01
5.07787500e-08,-6.65312500e-04,7.22000000e-02,1.01600000e-01
5.08187500e-08,-6.63437500e-04,7.22000000e-02,1.01600000e-01
5.08587500e-08,-6.57812500e-04,7.22000000e-02,1.01600000e-01
5.08987500e-08,-6.49375000e-04,7.22000000e-02,1.01600000e-01
5.09387500e-08,-6.38125000e-04,7.22000000e-02,1.01600000e-01
5.09787500e-08,-6.24687500e-04,7.22000000e-02,1.01600000e-01
5.10187500e-08,-6.10312500e-04,7.22000000e-02,1.01600000e-01
5.10587500e-08,-5.95625000e-04,7.22000000e-02,1.01600000e-01
5.10987500e-08,-5.80937500e-04,7.22000000e-02,1.01600000e-01
5.11387500e-08,-5.67500000e-04,7.22000000e-02,1.01600000e-01
5.11787500e-08,-5.55937500e-04,7.22000000e-02,1.01600000e-01
5.12187500e-08,-5.46562500e-04,7.22000000e-02,1.01600000e-01
5.12587500e-08,-5.40000000e-04,7.22000000e-02,1.01600000e-01
5.12987500e-08,-5.36250000e-04,7.22000000e-02,1.01600000e-01
5.13387500e-08,-5.35312500e-04,7.22000000e-02,1.01600000e-01
5.13787500e-08,-5.37500000e-04,7.22000000e-02,1.01600000e-01
5.14187500e-08,-5.42187500e-04,7.22000000e-02,1.01600000e-01
5.14587500e-08,-5.49062500e-04,7.22000000e-02,1.01600000e-01
5.14987500e-08,-5.57500000e-04,7.22000000e-02,1.01600000e-01
5.15387500e-08,-5.67187500e-04,7.22000000e-02,1.01600000e-01
5.15787500e-08,-5.77187500e-04,7.22000000e-02,1.01600000e-01
5.16187500e-08,-5.86875000e-04,7.22000000e-02,1.01600000e-01
5.16587500e-08,-5.95937500e-04,7.22000000e-02,1.01600000e-01
5.16987500e-08,-6.03437500e-04,7.22000000e-02,1.01600000e-01
5.17387500e-08,-6.09375000e-04,7.22000000e-02,1.01600000e-01
5.17787500e-08,-6.13125000e-04,7.22000000e-02,1.01600000e-01
5.18187500e-08,-6.15000000e-04,7.22000000e-02,1.01600000e-01
5.18587500e-08,-6.14375000e-04,7.22000000e-02,1.01600000e-01
5.18987500e-08,-6.12187500e-04,7.22000000e-02,1.01600000e-01
5.19387500e-08,-6.07812500e-04,7.22000000e-02,1.01600000e-01
5.19787500e-08,-6.02187500e-04,7.22000000e-02,1.01600000e-01
5.20187500e-08,-5.95625000e-04,7.22000000e-02,1.01600000e-01
5.20587500e-08,-5.88750000e-04,7.22000000e-02,1.01600000e-01
5.20987500e-08,-5.82187500e-04,7.22000000e-02,1.01600000e-01
5.21387500e-08,-5.75937500e-04,7.22000000e-02,1.01600000e-01
5.21787500e-08,-5.70625000e-04,7.22000000e-02,1.01600000e-01
5.22187500e-08,-5.66562500e-04,7.22000000e-02,1.01600000e-01
5.22587500e-08,-5.64375000e-04,7.22000000e-02,1.01600000e-01
5.22987500e-08,-5.63750000e-04,7.22000000e-02,1.01600000e-01
5.23387500e-08,-5.64687500e-04,7.22000000e-02,1.01600000e-01
5.23787500e-08,-5.67187500e-04,7.22000000e-02,1.01600000e-01
5.24187500e-08,-5.70625000e-04,7.22000000e-02,1.01600000e-01
5.24587500e-08,-5.75000000e-04,7.22000000e-02,1.01600000e-01
5.24987500e-08,-5.79687500e-04,7.22000000e-02,1.01600000e-01
5.25387500e-08,-5.84375000e-04,7.22000000e-02,1.01600000e-01
5.25787500e-08,-5.88125000e-04,7.22000000e-02,1.01600000e-01
5.26187500e-08,-5.91250000e-04,7.22000000e-02,1.01600000e-01
5.26587500e-08,-5.92500000e-04,7.22000000e-02,1.01600000e-01
5.26987500e-08,-5.92187500e-04,7.22000000e-02,1.01600000e-01
5.27387500e-08,-5.89687500e-04,7.22000000e-02,1.01600000e-01
5.27787500e-08,-5.85312500e-04,7.22000000e-02,1.01600000e-01
5.28187500e-08,-5.79062500e-04,7.22000000e-02,1.01600000e-01
5.28587500e-08,-5.71250000e-04,7.22000000e-02,1.01600000e-01
5.28987500e-08,-5.61875000e-04,7.22000000e-02,1.01600000e-01
5.29387500e-08,-5.51562500e-04,7.22000000e-02,1.01600000e-01
5.29787500e-08,-5.40937500e-04,7.22000000e-02,1.01600000e-01
5.30187500e-08,-5.30312500e-04,7.22000000e-02,1.01600000e-01
5.30587500e-08,-5.20937500e-04,7.22000000e-02,1.01600000e-01
5.30987500e-08,-5.12500000e-04,7.22000000e-02,1.01600000e-01
5.31387500e-08,-5.06250000e-04,7.22000000e-02,1.01600000e-01
5.31787500e-08,-5.02500000e-04,7.22000000e-02,1.01600000e-01
5.32187500e-08,-5.01250000e-04,7.22000000e-02,1.01600000e-01
5.32587500e-08,-5.02812500e-04,7.22000000e-02,1.01600000e-01
5.32987500e-08,-5.07187500e-04,7.22000000e-02,1.01600000e-01
5.33387500e-08,-5.14062500e-04,7.22000000e-02,1.01600000e-01
5.33787500e-08,-5.23437500e-04,7.22000000e-02,1.01600000e-01
5.34187500e-08,-5.34687500e-04,7.22000000e-02,1.01600000e-01
5.34587500e-08,-5.47187500e-04,7.22000000e-02,1.01600000e-01
5.34987500e-08,-5.60625000e-04,7.22000000e-02,1.01600000e-01
5.35387500e-08,-5.74062500e-04,7.22000000e-02,1.01600000e-01
5.35787500e-08,-5.86562500e-04,7.22000000e-02,1.01600000e-01
5.36187500e-08,-5.98125000e-04,7.22000000e-02,1.01600000e-01
5.36587500e-08,-6.08125000e-04,7.22000000e-02,1.01600000e-01
5.36987500e-08,-6.15625000e-04,7.22000000e-02,1.01600000e-01
5.37387500e-08,-6.20312500e-04,7.22000000e-02,1.01600000e-01
5.37787500e-08,-6.22500000e-04,7.22000000e-02,1.01600000e-01
5.38187500e-08,-6.21875000e-04,7.22000000e-02,1.01600000e-01
5.38587500e-08,-6.18437500e-04,7.22000000e-02,1.01600000e-01
5.38987500e-08,-6.12812500e-04,7.22000000e-02,1.01600000e-01
5.39387500e-08,-6.05312500e-04,7.22000000e-02,1.01600000e-01
5.39787500e-08,-5.96250000e-04,7.22000000e-02,1.01600000e-01
5.40187500e-08,-5.86250000e-04,7.22000000e-02,1.01600000e-01
5.40587500e-08,-5.75937500e-04,7.22000000e-02,1.01600000e-01
5.40987500e-08,-5.66250000e-04,7.22000000e-02,1.01600000e-01
5.41387500e-08,-5.57500000e-04,7.22000000e-02,1.01600000e-01
5.41787500e-08,-5.50312500e-04,7.22000000e-02,1.01600000e-01
5.42187500e-08,-5.45000000e-04,7.22000000e-02,1.01600000e-01
5.42587500e-08,-5.41875000e-04,7.22000000e-02,1.01600000e-01
5.42987500e-08,-5.41250000e-04,7.22000000e-02,1.01600000e-01
5.43387500e-08,-5.43125000e-04,7.22000000e-02,1.01600000e-01
5.43787500e-08,-5.46875000e-04,7.22000000e-02,1.01600000e-01
5.44187500e-08,-5.52500000e-04,7.22000000e-02,1.01600000e-01
5.44587500e-08,-5.60000000e-04,7.22000000e-02,1.01600000e-01
5.44987500e-08,-5.68437500e-04,7.22000000e-02,1.01600000e-01
5.45387500e-08,-5.77187500e-04,7.22000000e-02,1.01600000e-01
5.45787500e-08,-5.85937500e-04,7.22000000e-02,1.01600000e-01
5.46187500e-08,-5.94062500e-04,7.22000000e-02,1.01600000e-01
5.46587500e-08,-6.01250000e-04,7.22000000e-02,1.01600000e-01
5.46987500e-08,-6.06875000e-04,7.22000000e-02,1.01600000e-01
5.47387500e-08,-6.10625000e-04,7.22000000e-02,1.01600000e-01
5.47787500e-08,-6.12187500e-04,7.22000000e-02,1.01600000e-01
5.48187500e-08,-6.11875000e-04,7.22000000e-02,1.01600000e-01
5.48587500e-08,-6.09375000e-04,7.22000000e-02,1.01600000e-01
5.48987500e-08,-6.05312500e-04,7.22000000e-02,1.01600000e-01
5.49387500e-08,-5.99375000e-04,7.22000000e-02,1.01600000e-01
5.49787500e-08,-5.92812500e-04,7.22000000e-02,1.01600000e-01
5.50187500e-08,-5.85312500e-04,7.22000000e-02,1.01600000e-01
5.50587500e-08,-5.77812500e-04,7.22000000e-02,1.01600000e-01
5.50987500e-08,-5.70625000e-04,7.22000000e-02,1.01600000e-01
5.51387500e-08,-5.64375000e-04,7.22000000e-02,1.01600000e-01
5.51787500e-08,-5.59687500e-04,7.22000000e-02,1.01600000e-01
5.52187500e-08,-5.56562500e-04,7.22000000e-02,1.01600000e-01
5.52587500e-08,-5.55312500e-04,7.22000000e-02,1.01600000e-01
5.52987500e-08,-5.55937500e-04,7.22000000e-02,1.01600000e-01
5.53387500e-08,-5.58750000e-04,7.22000000e-02,1.01600000e-01
5.53787500e-08,-5.63437500e-04,7.22000000e-02,1.01600000e-01
5.54187500e-08,-5.69375000e-04,7.22000000e-02,1.01600000e-01
5.54587500e-08,-5.76875000e-04,7.22000000e-02,1.01600000e-01
5.54987500e-08,-5.85000000e-04,7.22000000e-02,1.01600000e-01
5.55387500e-08,-5.93437500e-04,7.22000000e-02,1.01600000e-01
5.55787500e-08,-6.01875000e-04,7.22000000e-02,1.01600000e-01
5.56187500e-08,-6.09375000e-04,7.22000000e-02,1.01600000e-01
5.56587500e-08,-6.15625000e-04,7.22000000e-02,1.01600000e-01
5.56987500e-08,-6.20625000e-04,7.22000000e-02,1.01600000e-01
5.57387500e-08,-6.23437500e-04,7.22000000e-02,1.01600000e-01
5.57787500e-08,-6.24687500e-04,7.22000000e-02,1.01600000e-01
5.58187500e-08,-6.23437500e-04,7.22000000e-02,1.01600000e-01
5.58587500e-08,-6.20312500e-04,7.22000000e-02,1.01600000e-01
5.58987500e-08,-6.15312500e-04,7.22000000e-02,1.01600000e-01
5.59387500e-08,-6.08750000e-04,7.22000000e-02,1.01600000e-01
5.59787500e-08,-6.00937500e-04,7.22000000e-02,1.01600000e-01
5.60187500e-08,-5.92187500e-04,7.22000000e-02,1.01600000e-01
5.60587500e-08,-5.83125000e-04,7.22000000e-02,1.01600000e-01
5.60987500e-08,-5.74062500e-04,7.22000000e-02,1.01600000e-01
5.61387500e-08,-5.65625000e-04,7.22000000e-02,1.01600000e-01
5.61787500e-08,-5.58125000e-04,7.22000000e-02,1.01600000e-01
5.62187500e-08,-5.51875000e-04,7.22000000e-02,1.01600000e-01
5.62587500e-08,-5.46875000e-04,7.22000000e-02,1.01600000e-01
5.62987500e-08,-5.43750000e-04,7.22000000e-02,1.01600000e-01
5.63387500e-08,-5.42187500e-04,7.22000000e-02,1.01600000e-01
5.63787500e-08,-5.42187500e-04,7.22000000e-02,1.01600000e-01
5.64187500e-08,-5.43750000e-04,7.22000000e-02,1.01600000e-01
5.64587500e-08,-5.46562500e-04,7.22000000e-02,1.01600000e-01
5.64987500e-08,-5.50312500e-04,7.22000000e-02,1.01600000e-01
5.65387500e-08,-5.54687500e-04,7.22000000e-02,1.01600000e-01
5.65787500e-08,-5.59375000e-04,7.22000000e-02,1.01600000e-01
5.66187500e-08,-5.63750000e-04,7.22000000e-02,1.01600000e-01
5.66587500e-08,-5.67812500e-04,7.22000000e-02,1.01600000e-01
5.66987500e-08,-5.71562500e-04,7.22000000e-02,1.01600000e-01
5.67387500e-08,-5.74062500e-04,7.22000000e-02,1.01600000e-01
5.67787500e-08,-5.75937500e-04,7.22000000e-02,1.01600000e-01
5.68187500e-08,-5.76562500e-04,7.22000000e-02,1.01600000e-01
5.68587500e-08,-5.76250000e-04,7.22000000e-02,1.01600000e-01
5.68987500e-08,-5.75312500e-04,7.22000000e-02,1.01600000e-01
5.69387500e-08,-5.73750000e-04,7.22000000e-02,1.01600000e-01
5.69787500e-08,-5.71562500e-04,7.22000000e-02,1.01600000e-01
5.70187500e-08,-5.69687500e-04,7.22000000e-02,1.01600000e-01
5.70587500e-08,-5.67500000e-04,7.22000000e-02,1.01600000e-01
5.70987500e-08,-5.65937500e-04,7.22000000e-02,1.01600000e-01
5.71387500e-08,-5.65000000e-04,7.22000000e-02,1.01600000e-01
5.71787500e-08,-5.65000000e-04,7.22000000e-02,1.01600000e-01
5.72187500e-08,-5.65937500e-04,7.22000000e-02,1.01600000e-01
5.72587500e-08,-5.67812500e-04,7.22000000e-02,1.01600000e-01
5.72987500e-08,-5.70625000e-04,7.22000000e-02,1.01600000e-01
5.73387500e-08,-5.74062500e-04,7.22000000e-02,1.01600000e-01
5.73787500e-08,-5.78750000e-04,7.22000000e-02,1.01600000e-01
5.74187500e-08,-5.83437500e-04,7.22000000e-02,1.01600000e-01
5.74587500e-08,-5.88750000e-04,7.22000000e-02,1.01600000e-01
5.74987500e-08,-5.93750000e-04,7.22000000e-02,1.01600000e-01
5.75387500e-08,-5.98437500e-04,7.22000000e-02,1.01600000e-01
5.75787500e-08,-6.02500000e-04,7.22000000e-02,1.01600000e-01
5.76187500e-08,-6.05937500e-04,7.22000000e-02,1.01600000e-01
5.76587500e-08,-6.08125000e-04,7.22000000e-02,1.01600000e-01
5.76987500e-08,-6.09062500e-04,7.22000000e-02,1.01600000e-01
5.77387500e-08,-6.09062500e-04,7.22000000e-02,1.01600000e-01
5.77787500e-08,-6.07812500e-04,7.22000000e-02,1.01600000e-01
5.78187500e-08,-6.05625000e-04,7.22000000e-02,1.01600000e-01
5.78587500e-08,-6.02500000e-04,7.22000000e-02,1.01600000e-01
5.78987500e-08,-5.98750000e-04,7.22000000e-02,1.01600000e-01
5.79387500e-08,-5.94375000e-04,7.22000000e-02,1.01600000e-01
5.79787500e-08,-5.90000000e-04,7.22000000e-02,1.01600000e-01
5.80187500e-08,-5.85937500e-04,7.22000000e-02,1.01600000e-01
5.80587500e-08,-5.82187500e-04,7.22000000e-02,1.01600000e-01
5.80987500e-08,-5.79062500e-04,7.22000000e-02,1.01600000e-01
5.81387500e-08,-5.76562500e-04,7.22000000e-02,1.01600000e-01
5.81787500e-08,-5.75312500e-04,7.22000000e-02,1.01600000e-01
5.82187500e-08,-5.74687500e-04,7.22000000e-02,1.01600000e-01
5.82587500e-08,-5.75000000e-04,7.22000000e-02,1.01600000e-01
5.82987500e-08,-5.75937500e-04,7.22000000e-02,1.01600000e-01
5.83387500e-08,-5.77812500e-04,7.22000000e-02,1.01600000e-01
5.83787500e-08,-5.79687500e-04,7.22000000e-02,1.01600000e-01
5.84187500e-08,-5.81875000e-04,7.22000000e-02,1.01600000e-01
5.84587500e-08,-5.84062500e-04,7.22000000e-02,1.01600000e-01
5.84987500e-08,-5.85937500e-04,7.22000000e-02,1.01600000e-01
5.85387500e-08,-5.87187500e-04,7.22000000e-02,1.01600000e-01
5.85787500e-08,-5.87500000e-04,7.22000000e-02,1.01600000e-01
5.86187500e-08,-5.87500000e-04,7.22000000e-02,1.01600000e-01
5.86587500e-08,-5.86562500e-04,7.22000000e-02,1.01600000e-01
5.86987500e-08,-5.84687500e-04,7.22000000e-02,1.01600000e-01
5.87387500e-08,-5.82500000e-04,7.22000000e-02,1.01600000e-01
5.87787500e-08,-5.80000000e-04,7.22000000e-02,1.01600000e-01
5.88187500e-08,-5.77500000e-04,7.22000000e-02,1.01600000e-01
5.88587500e-08,-5.75312500e-04,7.22000000e-02,1.01600000e-01
5.88987500e-08,-5.73750000e-04,7.22000000e-02,1.01600000e-01
5.89387500e-08,-5.73437500e-04,7.22000000e-02,1.01600000e-01
5.89787500e-08,-5.74375000e-04,7.22000000e-02,1.01600000e-01
5.90187500e-08,-5.76875000e-04,7.22000000e-02,1.01600000e-01
5.90587500e-08,-5.81562500e-04,7.22000000e-02,1.01600000e-01
5.90987500e-08,-5.88125000e-04,7.22000000e-02,1.01600000e-01
5.91387500e-08,-5.96875000e-04,7.22000000e-02,1.01600000e-01
5.91787500e-08,-6.07500000e-04,7.22000000e-02,1.01600000e-01
5.92187500e-08,-6.20312500e-04,7.22000000e-02,1.01600000e-01
5.92587500e-08,-6.34062500e-04,7.22000000e-02,1.01600000e-01
5.92987500e-08,-6.49375000e-04,7.22000000e-02,1.01600000e-01
5.93387500e-08,-6.65000000e-04,7.22000000e-02,1.01600000e-01
5.93787500e-08,-6.80312500e-04,7.22000000e-02,1.01600000e-01
5.94187500e-08,-6.95312500e-04,7.22000000e-02,1.01600000e-01
5.94587500e-08,-7.09062500e-04,7.22000000e-02,1.01600000e-01
5.94987500e-08,-7.20625000e-04,7.22000000e-02,1.01600000e-01
5.95387500e-08,-7.30000000e-04,7.22000000e-02,1.01600000e-01
5.95787500e-08,-7.36562500e-04,7.22000000e-02,1.01600000e-01
5.96187500e-08,-7.39687500e-04,7.22000000e-02,1.01600000e-01
5.96587500e-08,-7.39375000e-04,7.22000000e-02,1.01600000e-01
5.96987500e-08,-7.35625000e-04,7.22000000e-02,1.01600000e-01
5.97387500e-08,-7.28125000e-04,7.22000000e-02,1.01600000e-01
5.97787500e-08,-7.17500000e-04,7.22000000e-02,1.01600000e-01
5.98187500e-08,-7.03750000e-04,7.22000000e-02,1.01600000e-01
5.98587500e-08,-6.87812500e-04,7.22000000e-02,1.01600000e-01
5.98987500e-08,-6.69687500e-04,7.22000000e-02,1.01600000e-01
5.99387500e-08,-6.50000000e-04,7.22000000e-02,1.01600000e-01
5.99787500e-08,-6.30000000e-04,7.22000000e-02,1.01600000e-01
6.00187500e-08,-6.10000000e-04,7.22000000e-02,1.01600000e-01
6.00587500e-08,-5.90937500e-04,7.22000000e-02,1.01600000e-01
6.00987500e-08,-5.73125000e-04,7.22000000e-02,1.01600000e-01
6.01387500e-08,-5.57187500e-04,7.22000000e-02,1.01600000e-01
6.01787500e-08,-5.43750000e-04,7.22000000e-02,1.01600000e-01
6.02187500e-08,-5.33437500e-04,7.22000000e-02,1.01600000e-01
6.02587500e-08,-5.25937500e-04,7.22000000e-02,1.01600000e-01
6.02987500e-08,-5.21875000e-04,7.22000000e-02,1.01600000e-01
6.03387500e-08,-5.20937500e-04,7.22000000e-02,1.01600000e-01
6.03787500e-08,-5.23125000e-04,7.22000000e-02,1.01600000e-01
6.04187500e-08,-5.28437500e-04,7.22000000e-02,1.01600000e-01
6.04587500e-08,-5.35937500e-04,7.22000000e-02,1.01600000e-01
6.04987500e-08,-5.45937500e-04,7.22000000e-02,1.01600000e-01
6.05387500e-08,-5.57500000e-04,7.22000000e-02,1.01600000e-01
6.05787500e-08,-5.70000000e-04,7.22000000e-02,1.01600000e-01
6.06187500e-08,-5.83437500e-04,7.22000000e-02,1.01600000e-01
6.06587500e-08,-5.97187500e-04,7.22000000e-02,1.01600000e-01
6.06987500e-08,-6.10312500e-04,7.22000000e-02,1.01600000e-01
6.07387500e-08,-6.23125000e-04,7.22000000e-02,1.01600000e-01
6.07787500e-08,-6.34687500e-04,7.22000000e-02,1.01600000e-01
6.08187500e-08,-6.45000000e-04,7.22000000e-02,1.01600000e-01
6.08587500e-08,-6.53750000e-04,7.22000000e-02,1.01600000e-01
6.08987500e-08,-6.60937500e-04,7.22000000e-02,1.01600000e-01
6.09387500e-08,-6.66250000e-04,7.22000000e-02,1.01600000e-01
6.09787500e-08,-6.69687500e-04,7.22000000e-02,1.01600000e-01
6.10187500e-08,-6.71562500e-04,7.22000000e-02,1.01600000e-01
6.10587500e-08,-6.71875000e-04,7.22000000e-02,1.01600000e-01
6.10987500e-08,-6.70937500e-04,7.22000000e-02,1.01600000e-01
6.11387500e-08,-6.68750000e-04,7.22000000e-02,1.01600000e-01
6.11787500e-08,-6.65312500e-04,7.22000000e-02,1.01600000e-01
6.12187500e-08,-6.61250000e-04,7.22000000e-02,1.01600000e-01
6.12587500e-08,-6.56250000e-04,7.22000000e-02,1.01600000e-01
6.12987500e-08,-6.51250000e-04,7.22000000e-02,1.01600000e-01
6.13387500e-08,-6.45625000e-04,7.22000000e-02,1.01600000e-01
6.13787500e-08,-6.40312500e-04,7.22000000e-02,1.01600000e-01
6.14187500e-08,-6.34687500e-04,7.22000000e-02,1.01600000e-01
6.14587500e-08,-6.29375000e-04,7.22000000e-02,1.01600000e-01
6.14987500e-08,-6.24375000e-04,7.22000000e-02,1.01600000e-01
6.15387500e-08,-6.20000000e-04,7.22000000e-02,1.01600000e-01
6.15787500e-08,-6.15625000e-04,7.22000000e-02,1.01600000e-01
6.16187500e-08,-6.11875000e-04,7.22000000e-02,1.01600000e-01
6.16587500e-08,-6.08437500e-04,7.22000000e-02,1.01600000e-01
6.16987500e-08,-6.05625000e-04,7.22000000e-02,1.01600000e-01
6.17387500e-08,-6.03125000e-04,7.22000000e-02,1.01600000e-01
6.17787500e-08,-6.00937500e-04,7.22000000e-02,1.01600000e-01
6.18187500e-08,-5.99062500e-04,7.22000000e-02,1.01600000e-01
6.18587500e-08,-5.97500000e-04,7.22000000e-02,1.01600000e-01
6.18987500e-08,-5.96250000e-04,7.22000000e-02,1.01600000e-01
6.19387500e-08,-5.95000000e-04,7.22000000e-02,1.01600000e-01
6.19787500e-08,-5.94062500e-04,7.22000000e-02,1.01600000e-01
6.20187500e-08,-5.92812500e-04,7.22000000e-02,1.01600000e-01
6.20587500e-08,-5.91562500e-04,7.22000000e-02,1.01600000e-01
6.20987500e-08,-5.90000000e-04,7.22000000e-02,1.01600000e-01
6.21387500e-08,-5.88125000e-04,7.22000000e-02,1.01600000e-01
6.21787500e-08,-5.85937500e-04,7.22000000e-02,1.01600000e-01
6.22187500e-08,-5.83437500e-04,7.22000000e-02,1.01600000e-01
6.22587500e-08,-5.80625000e-04,7.22000000e-02,1.01600000e-01
6.22987500e-08,-5.77187500e-04,7.22000000e-02,1.01600000e-01
6.23387500e-08,-5.73437500e-04,7.22000000e-02,1.01600000e-01
6.23787500e-08,-5.69062500e-04,7.22000000e-02,1.01600000e-01
6.24187500e-08,-5.64375000e-04,7.22000000e-02,1.01600000e-01
6.24587500e-08,-5.59687500e-04,7.22000000e-02,1.01600000e-01
6.24987500e-08,-5.54687500e-04,7.22000000e-02,1.01600000e-01
6.25387500e-08,-5.50000000e-04,7.22000000e-02,1.01600000e-01
6.25787500e-08,-5.45312500e-04,7.22000000e-02,1.01600000e-01
6.26187500e-08,-5.40937500e-04,7.22000000e-02,1.01600000e-01
6.26587500e-08,-5.37500000e-04,7.22000000e-02,1.01600000e-01
6.26987500e-08,-5.34687500e-04,7.22000000e-02,1.01600000e-01
6.27387500e-08,-5.32812500e-04,7.22000000e-02,1.01600000e-01
6.27787500e-08,-5.32187500e-04,7.22000000e-02,1.01600000e-01
6.28187500e-08,-5.32500000e-04,7.22000000e-02,1.01600000e-01
6.28587500e-08,-5.34687500e-04,7.22000000e-02,1.01600000e-01
6.28987500e-08,-5.38125000e-04,7.22000000e-02,1.01600000e-01
6.29387500e-08,-5.42812500e-04,7.22000000e-02,1.01600000e-01
6.29787500e-08,-5.49062500e-04,7.22000000e-02,1.01600000e-01
6.30187500e-08,-5.56562500e-04,7.22000000e-02,1.01600000e-01
6.30587500e-08,-5.65312500e-04,7.22000000e-02,1.01600000e-01
6.30987500e-08,-5.75000000e-04,7.22000000e-02,1.01600000e-01
6.31387500e-08,-5.85312500e-04,7.22000000e-02,1.01600000e-01
6.31787500e-08,-5.95937500e-04,7.22000000e-02,1.01600000e-01
6.32187500e-08,-6.06250000e-04,7.22000000e-02,1.01600000e-01
6.32587500e-08,-6.16562500e-04,7.22000000e-02,1.01600000e-01
6.32987500e-08,-6.25937500e-04,7.22000000e-02,1.01600000e-01
6.33387500e-08,-6.34375000e-04,7.22000000e-02,1.01600000e-01
6.33787500e-08,-6.41250000e-04,7.22000000e-02,1.01600000e-01
6.34187500e-08,-6.46250000e-04,7.22000000e-02,1.01600000e-01
6.34587500e-08,-6.49375000e-04,7.22000000e-02,1.01600000e-01
6.34987500e-08,-6.50000000e-04,7.22000000e-02,1.01600000e-01
6.35387500e-08,-6.48125000e-04,7.22000000e-02,1.01600000e-01
6.35787500e-08,-6.43437500e-04,7.22000000e-02,1.01600000e-01
6.36187500e-08,-6.36562500e-04,7.22000000e-02,1.01600000e-01
6.36587500e-08,-6.26875000e-04,7.22000000e-02,1.01600000e-01
6.36987500e-08,-6.15000000e-04,7.22000000e-02,1.01600000e-01
6.37387500e-08,-6.00937500e-04,7.22000000e-02,1.01600000e-01
6.37787500e-08,-5.85000000e-04,7.22000000e-02,1.01600000e-01
6.38187500e-08,-5.68125000e-04,7.22000000e-02,1.01600000e-01
6.38587500e-08,-5.50000000e-04,7.22000000e-02,1.01600000e-01
6.38987500e-08,-5.31562500e-04,7.22000000e-02,1.01600000e-01
6.39387500e-08,-5.13437500e-04,7.22000000e-02,1.01600000e-01
6.39787500e-08,-4.95937500e-04,7.22000000e-02,1.01600000e-01
6.40187500e-08,-4.80000000e-04,7.22000000e-02,1.01600000e-01
6.40587500e-08,-4.65625000e-04,7.22000000e-02,1.01600000e-01
6.40987500e-08,-4.54062500e-04,7.22000000e-02,1.01600000e-01
6.41387500e-08,-4.45000000e-04,7.22000000e-02,1.01600000e-01
6.41787500e-08,-4.39375000e-04,7.22000000e-02,1.01600000e-01
6.42187500e-08,-4.37187500e-04,7.22000000e-02,1.01600000e-01
6.42587500e-08,-4.39062500e-04,7.22000000e-02,1.01600000e-01
6.42987500e-08,-4.44375000e-04,7.22000000e-02,1.01600000e-01
6.43387500e-08,-4.53750000e-04,7.22000000e-02,1.01600000e-01
6.43787500e-08,-4.66562500e-04,7.22000000e-02,1.01600000e-01
6.44187500e-08,-4.82812500e-04,7.22000000e-02,1.01600000e-01
6.44587500e-08,-5.02187500e-04,7.22000000e-02,1.01600000e-01
6.44987500e-08,-5.24062500e-04,7.22000000e-02,1.01600000e-01
6.45387500e-08,-5.47500000e-04,7.22000000e-02,1.01600000e-01
6.45787500e-08,-5.72500000e-04,7.22000000e-02,1.01600000e-01
6.46187500e-08,-5.98125000e-04,7.22000000e-02,1.01600000e-01
6.46587500e-08,-6.23437500e-04,7.22000000e-02,1.01600000e-01
6.46987500e-08,-6.47812500e-04,7.22000000e-02,1.01600000e-01
6.47387500e-08,-6.70625000e-04,7.22000000e-02,1.01600000e-01
6.47787500e-08,-6.91250000e-04,7.22000000e-02,1.01600000e-01
6.48187500e-08,-7.09062500e-04,7.22000000e-02,1.01600000e-01
6.48587500e-08,-7.23750000e-04,7.22000000e-02,1.01600000e-01
6.48987500e-08,-7.34687500e-04,7.22000000e-02,1.01600000e-01
6.49387500e-08,-7.41562500e-04,7.22000000e-02,1.01600000e-01
6.49787500e-08,-7.44687500e-04,7.22000000e-02,1.01600000e-01
6.50187500e-08,-7.44062500e-04,7.22000000e-02,1.01600000e-01
6.50587500e-08,-7.39375000e-04,7.22000000e-02,1.01600000e-01
6.50987500e-08,-7.31250000e-04,7.22000000e-02,1.01600000e-01
6.51387500e-08,-7.20312500e-04,7.22000000e-02,1.01600000e-01
6.51787500e-08,-7.07187500e-04,7.22000000e-02,1.01600000e-01
6.52187500e-08,-6.91875000e-04,7.22000000e-02,1.01600000e-01
6.52587500e-08,-6.75625000e-04,7.22000000e-02,1.01600000e-01
6.52987500e-08,-6.59062500e-04,7.22015625e-02,1.01600000e-01
6.53387500e-08,-6.42812500e-04,7.22015625e-02,1.01600000e-01
6.53787500e-08,-6.27187500e-04,7.22015625e-02,1.01600000e-01
6.54187500e-08,-6.13437500e-04,7.22015625e-02,1.01600000e-01
6.54587500e-08,-6.01875000e-04,7.22015625e-02,1.01600000e-01
6.54987500e-08,-5.92812500e-04,7.22015625e-02,1.01600000e-01
6.55387500e-08,-5.86875000e-04,7.22000000e-02,1.01600000e-01
6.55787500e-08,-5.83437500e-04,7.22000000e-02,1.01600000e-01
6.56187500e-08,-5.83437500e-04,7.22000000e-02,1.01600000e-01
6.56587500e-08,-5.86250000e-04,7.22000000e-02,1.01600000e-01
6.56987500e-08,-5.91875000e-04,7.22000000e-02,1.01600000e-01
6.57387500e-08,-5.99687500e-04,7.22000000e-02,1.01600000e-01
6.57787500e-08,-6.09375000e-04,7.22000000e-02,1.01600000e-01
6.58187500e-08,-6.20312500e-04,7.22000000e-02,1.01600000e-01
6.58587500e-08,-6.32187500e-04,7.22000000e-02,1.01600000e-01
6.58987500e-08,-6.44062500e-04,7.22000000e-02,1.01600000e-01
6.59387500e-08,-6.55625000e-04,7.22000000e-02,1.01600000e-01
6.59787500e-08,-6.66250000e-04,7.22000000e-02,1.01600000e-01
6.60187500e-08,-6.75312500e-04,7.22000000e-02,1.01600000e-01
6.60587500e-08,-6.82187500e-04,7.22000000e-02,1.01600000e-01
6.60987500e-08,-6.87187500e-04,7.22000000e-02,1.01600000e-01
6.61387500e-08,-6.89375000e-04,7.22000000e-02,1.01600000e-01
6.61787500e-08,-6.89375000e-04,7.22015625e-02,1.01600000e-01
6.62187500e-08,-6.86875000e-04,7.22015625e-02,1.01600000e-01
6.62587500e-08,-6.81875000e-04,7.22015625e-02,1.01600000e-01
6.62987500e-08,-6.74687500e-04,7.22015625e-02,1.01600000e-01
6.63387500e-08,-6.65937500e-04,7.22015625e-02,1.01600000e-01
6.63787500e-08,-6.55625000e-04,7.22015625e-02,1.01600000e-01
6.64187500e-08,-6.44375000e-04,7.22015625e-02,1.01600000e-01
6.64587500e-08,-6.32812500e-04,7.22015625e-02,1.01600000e-01
6.64987500e-08,-6.21250000e-04,7.22015625e-02,1.01600000e-01
6.65387500e-08,-6.10000000e-04,7.22015625e-02,1.01600000e-01
6.65787500e-08,-5.99375000e-04,7.22015625e-02,1.01600000e-01
6.66187500e-08,-5.90000000e-04,7.22015625e-02,1.01600000e-01
6.66587500e-08,-5.81562500e-04,7.22000000e-02,1.01600000e-01
6.66987500e-08,-5.75000000e-04,7.22000000e-02,1.01600000e-01
6.67387500e-08,-5.69687500e-04,7.22000000e-02,1.01600000e-01
6.67787500e-08,-5.65625000e-04,7.22000000e-02,1.01600000e-01
6.68187500e-08,-5.63125000e-04,7.22000000e-02,1.01600000e-01
6.68587500e-08,-5.61562500e-04,7.22000000e-02,1.01600000e-01
6.68987500e-08,-5.60937500e-04,7.22000000e-02,1.01600000e-01
6.69387500e-08,-5.60937500e-04,7.22000000e-02,1.01600000e-01
6.69787500e-08,-5.61562500e-04,7.22000000e-02,1.01600000e-01
6.70187500e-08,-5.61875000e-04,7.22000000e-02,1.01600000e-01
6.70587500e-08,-5.62500000e-04,7.22000000e-02,1.01600000e-01
6.70987500e-08,-5.62500000e-04,7.22000000e-02,1.01600000e-01
6.71387500e-08,-5.61875000e-04,7.22015625e-02,1.01600000e-01
6.71787500e-08,-5.60937500e-04,7.22015625e-02,1.01600000e-01
6.72187500e-08,-5.59062500e-04,7.22015625e-02,1.01600000e-01
6.72587500e-08,-5.56875000e-04,7.22015625e-02,1.01600000e-01
6.72987500e-08,-5.54062500e-04,7.22015625e-02,1.01600000e-01
6.73387500e-08,-5.50937500e-04,7.22015625e-02,1.01600000e-01
6.73787500e-08,-5.47812500e-04,7.22015625e-02,1.01600000e-01
6.74187500e-08,-5.44375000e-04,7.22015625e-02,1.01600000e-01
6.74587500e-08,-5.41562500e-04,7.22015625e-02,1.01600000e-01
6.74987500e-08,-5.39062500e-04,7.22015625e-02,1.01600000e-01
6.75387500e-08,-5.37187500e-04,7.22015625e-02,1.01600000e-01
6.75787500e-08,-5.35937500e-04,7.22015625e-02,1.01600000e-01
6.76187500e-08,-5.35937500e-04,7.22015625e-02,1.01600000e-01
6.76587500e-08,-5.36875000e-04,7.22015625e-02,1.01600000e-01
6.76987500e-08,-5.39062500e-04,7.22000000e-02,1.01600000e-01
6.77387500e-08,-5.41875000e-04,7.22000000e-02,1.01600000e-01
6.77787500e-08,-5.45625000e-04,7.22000000e-02,1.01600000e-01
6.78187500e-08,-5.50312500e-04,7.22000000e-02,1.01600000e-01
6.78587500e-08,-5.55312500e-04,7.22000000e-02,1.01600000e-01
6.78987500e-08,-5.60625000e-04,7.22000000e-02,1.01600000e-01
6.79387500e-08,-5.66250000e-04,7.22000000e-02,1.01600000e-01
6.79787500e-08,-5.71562500e-04,7.22000000e-02,1.01600000e-01
6.80187500e-08,-5.76562500e-04,7.22000000e-02,1.01600000e-01
6.80587500e-08,-5.80937500e-04,7.22015625e-02,1.01600000e-01
6.80987500e-08,-5.85000000e-04,7.22015625e-02,1.01600000e-01
6.81387500e-08,-5.88125000e-04,7.22015625e-02,1.01600000e-01
6.81787500e-08,-5.90625000e-04,7.22015625e-02,1.01600000e-01
6.82187500e-08,-5.92500000e-04,7.22015625e-02,1.01600000e-01
6.82587500e-08,-5.93437500e-04,7.22015625e-02,1.01600000e-01
6.82987500e-08,-5.94375000e-04,7.22015625e-02,1.01600000e-01
6.83387500e-08,-5.94687500e-04,7.22015625e-02,1.01600000e-01
6.83787500e-08,-5.94687500e-04,7.22015625e-02,1.01600000e-01
6.84187500e-08,-5.95000000e-04,7.22015625e-02,1.01600000e-01
6.84587500e-08,-5.95312500e-04,7.22015625e-02,1.01600000e-01
6.84987500e-08,-5.95937500e-04,7.22015625e-02,1.01600000e-01
6.85387500e-08,-5.96875000e-04,7.22015625e-02,1.01600000e-01
6.85787500e-08,-5.98437500e-04,7.22015625e-02,1.01600000e-01
6.86187500e-08,-6.00625000e-04,7.22015625e-02,1.01600000e-01
6.86587500e-08,-6.02812500e-04,7.22015625e-02,1.01600000e-01
6.86987500e-08,-6.05625000e-04,7.22015625e-02,1.01600000e-01
6.87387500e-08,-6.08750000e-04,7.22000000e-02,1.01600000e-01
6.87787500e-08,-6.11875000e-04,7.22000000e-02,1.01600000e-01
6.88187500e-08,-6.14687500e-04,7.22000000e-02,1.01600000e-01
6.88587500e-08,-6.17187500e-04,7.22000000e-02,1.01600000e-01
6.88987500e-08,-6.18750000e-04,7.22000000e-02,1.01600000e-01
6.89387500e-08,-6.19687500e-04,7.22000000e-02,1.01600000e-01
6.89787500e-08,-6.19687500e-04,7.22000000e-02,1.01600000e-01
6.90187500e-08,-6.18437500e-04,7.22015625e-02,1.01600000e-01
6.90587500e-08,-6.15937500e-04,7.22015625e-02,1.01600000e-01
6.90987500e-08,-6.12187500e-04,7.22015625e-02,1.01600000e-01
6.91387500e-08,-6.07500000e-04,7.22015625e-02,1.01600000e-01
6.91787500e-08,-6.01562500e-04,7.22015625e-02,1.01600000e-01
6.92187500e-08,-5.95312500e-04,7.22015625e-02,1.01600000e-01
6.92587500e-08,-5.88437500e-04,7.22015625e-02,1.01600000e-01
6.92987500e-08,-5.81562500e-04,7.22015625e-02,1.01600000e-01
6.93387500e-08,-5.75000000e-04,7.22015625e-02,1.01600000e-01
6.93787500e-08,-5.69062500e-04,7.22015625e-02,1.01600000e-01
6.94187500e-08,-5.64375000e-04,7.22015625e-02,1.01600000e-01
6.94587500e-08,-5.60937500e-04,7.22015625e-02,1.01600000e-01
6.94987500e-08,-5.59375000e-04,7.22015625e-02,1.01600000e-01
6.95387500e-08,-5.59687500e-04,7.22015625e-02,1.01600000e-01
6.95787500e-08,-5.62187500e-04,7.22015625e-02,1.01600000e-01
6.96187500e-08,-5.66875000e-04,7.22015625e-02,1.01600000e-01
6.96587500e-08,-5.73437500e-04,7.22015625e-02,1.01600000e-01
6.96987500e-08,-5.82187500e-04,7.22015625e-02,1.01600000e-01
6.97387500e-08,-5.92500000e-04,7.22000000e-02,1.01600000e-01
6.97787500e-08,-6.04375000e-04,7.22000000e-02,1.01600000e-01
6.98187500e-08,-6.17500000e-04,7.22000000e-02,1.01600000e-01
6.98587500e-08,-6.30937500e-04,7.22000000e-02,1.01600000e-01
6.98987500e-08,-6.44687500e-04,7.22000000e-02,1.01600000e-01
6.99387500e-08,-6.58125000e-04,7.22000000e-02,1.01600000e-01
6.99787500e-08,-6.70625000e-04,7.22000000e-02,1.01600000e-01
7.00187500e-08,-6.82187500e-04,7.22015625e-02,1.01600000e-01
7.00587500e-08,-6.91875000e-04,7.22015625e-02,1.01600000e-01
7.00987500e-08,-7.00312500e-04,7.22015625e-02,1.01600000e-01
7.01387500e-08,-7.06250000e-04,7.22015625e-02,1.01600000e-01
7.01787500e-08,-7.10312500e-04,7.22015625e-02,1.01600000e-01
7.02187500e-08,-7.12500000e-04,7.22015625e-02,1.01600000e-01
7.02587500e-08,-7.12812500e-04,7.22015625e-02,1.01600000e-01
7.02987500e-08,-7.11250000e-04,7.22015625e-02,1.01600000e-01
7.03387500e-08,-7.08437500e-04,7.22031250e-02,1.01600000e-01
7.03787500e-08,-7.04375000e-04,7.22031250e-02,1.01600000e-01
7.04187500e-08,-6.99687500e-04,7.22015625e-02,1.01600000e-01
7.04587500e-08,-6.94687500e-04,7.22015625e-02,1.01600000e-01
7.04987500e-08,-6.90000000e-04,7.22015625e-02,1.01600000e-01
7.05387500e-08,-6.85625000e-04,7.22015625e-02,1.01600000e-01
7.05787500e-08,-6.81875000e-04,7.22015625e-02,1.01600000e-01
7.06187500e-08,-6.79062500e-04,7.22015625e-02,1.01600000e-01
7.06587500e-08,-6.77500000e-04,7.22015625e-02,1.01600000e-01
7.06987500e-08,-6.77187500e-04,7.22015625e-02,1.01600000e-01
7.07387500e-08,-6.78125000e-04,7.22000000e-02,1.01600000e-01
7.07787500e-08,-6.79687500e-04,7.22000000e-02,1.01600000e-01
7.08187500e-08,-6.82187500e-04,7.22000000e-02,1.01600000e-01
7.08587500e-08,-6.85312500e-04,7.22000000e-02,1.01600000e-01
7.08987500e-08,-6.88437500e-04,7.22000000e-02,1.01600000e-01
7.09387500e-08,-6.91562500e-04,7.22000000e-02,1.01600000e-01
7.09787500e-08,-6.93750000e-04,7.22000000e-02,1.01600000e-01
7.10187500e-08,-6.95312500e-04,7.22015625e-02,1.01600000e-01
7.10587500e-08,-6.95312500e-04,7.22015625e-02,1.01600000e-01
7.10987500e-08,-6.93750000e-04,7.22015625e-02,1.01600000e-01
7.11387500e-08,-6.90312500e-04,7.22015625e-02,1.01600000e-01
7.11787500e-08,-6.85000000e-04,7.22031250e-02,1.01600000e-01
7.12187500e-08,-6.77812500e-04,7.22031250e-02,1.01600000e-01
7.12587500e-08,-6.68437500e-04,7.22031250e-02,1.01600000e-01
7.12987500e-08,-6.57812500e-04,7.22031250e-02,1.01600000e-01
7.13387500e-08,-6.45625000e-04,7.22031250e-02,1.01600000e-01
7.13787500e-08,-6.32812500e-04,7.22031250e-02,1.01600000e-01
7.14187500e-08,-6.19062500e-04,7.22031250e-02,1.01600000e-01
7.14587500e-08,-6.05312500e-04,7.22031250e-02,1.01600000e-01
7.14987500e-08,-5.92187500e-04,7.22031250e-02,1.01600000e-01
7.15387500e-08,-5.79687500e-04,7.22015625e-02,1.01600000e-01
7.15787500e-08,-5.68750000e-04,7.22015625e-02,1.01600000e-01
7.16187500e-08,-5.59375000e-04,7.22015625e-02,1.01600000e-01
7.16587500e-08,-5.52187500e-04,7.22015625e-02,1.01600000e-01
7.16987500e-08,-5.46875000e-04,7.22000000e-02,1.01600000e-01
7.17387500e-08,-5.44375000e-04,7.22000000e-02,1.01600000e-01
7.17787500e-08,-5.43750000e-04,7.22000000e-02,1.01600000e-01
7.18187500e-08,-5.45625000e-04,7.22000000e-02,1.01600000e-01
7.18587500e-08,-5.49062500e-04,7.22000000e-02,1.01600000e-01
7.18987500e-08,-5.54375000e-04,7.22000000e-02,1.01600000e-01
7.19387500e-08,-5.60625000e-04,7.22000000e-02,1.01600000e-01
7.19787500e-08,-5.67187500e-04,7.22000000e-02,1.01600000e-01
7.20187500e-08,-5.74062500e-04,7.22015625e-02,1.01600000e-01
7.20587500e-08,-5.80625000e-04,7.22015625e-02,1.01600000e-01
7.20987500e-08,-5.85937500e-04,7.22015625e-02,1.01600000e-01
7.21387500e-08,-5.89687500e-04,7.22031250e-02,1.01600000e-01
7.21787500e-08,-5.91562500e-04,7.22031250e-02,1.01600000e-01
7.22187500e-08,-5.91250000e-04,7.22031250e-02,1.01600000e-01
7.22587500e-08,-5.88437500e-04,7.22031250e-02,1.01600000e-01
7.22987500e-08,-5.83125000e-04,7.22046875e-02,1.01600000e-01
7.23387500e-08,-5.75312500e-04,7.22046875e-02,1.01600000e-01
7.23787500e-08,-5.65312500e-04,7.22046875e-02,1.01600000e-01
7.24187500e-08,-5.53750000e-04,7.22031250e-02,1.01600000e-01
7.24587500e-08,-5.40312500e-04,7.22031250e-02,1.01600000e-01
7.24987500e-08,-5.25937500e-04,7.22031250e-02,1.01600000e-01
7.25387500e-08,-5.11562500e-04,7.22031250e-02,1.01600000e-01
7.25787500e-08,-4.97187500e-04,7.22015625e-02,1.01600000e-01
7.26187500e-08,-4.83750000e-04,7.22015625e-02,1.01600000e-01
7.26587500e-08,-4.71562500e-04,7.22000000e-02,1.01600000e-01
7.26987500e-08,-4.61562500e-04,7.22000000e-02,1.01600000e-01
7.27387500e-08,-4.54375000e-04,7.22000000e-02,1.01600000e-01
7.27787500e-08,-4.49687500e-04,7.22000000e-02,1.01600000e-01
7.28187500e-08,-4.48125000e-04,7.22000000e-02,1.01600000e-01
7.28587500e-08,-4.50000000e-04,7.22000000e-02,1.01600000e-01
7.28987500e-08,-4.55000000e-04,7.22000000e-02,1.01600000e-01
7.29387500e-08,-4.62812500e-04,7.22000000e-02,1.01600000e-01
7.29787500e-08,-4.73125000e-04,7.22000000e-02,1.01600000e-01
7.30187500e-08,-4.85937500e-04,7.22015625e-02,1.01600000e-01
7.30587500e-08,-5.00625000e-04,7.22015625e-02,1.01600000e-01
7.30987500e-08,-5.15937500e-04,7.22031250e-02,1.01600000e-01
7.31387500e-08,-5.32187500e-04,7.22031250e-02,1.01600000e-01
7.31787500e-08,-5.48125000e-04,7.22046875e-02,1.01600000e-01
7.32187500e-08,-5.63437500e-04,7.22046875e-02,1.01600000e-01
7.32587500e-08,-5.77187500e-04,7.22046875e-02,1.01600000e-01
7.32987500e-08,-5.89375000e-04,7.22046875e-02,1.01600000e-01
7.33387500e-08,-5.99375000e-04,7.22046875e-02,1.01600000e-01
7.33787500e-08,-6.06562500e-04,7.22046875e-02,1.01600000e-01
7.34187500e-08,-6.11562500e-04,7.22046875e-02,1.01600000e-01
7.34587500e-08,-6.13750000e-04,7.22046875e-02,1.01600000e-01
7.34987500e-08,-6.13437500e-04,7.22031250e-02,1.01600000e-01
7.35387500e-08,-6.10937500e-04,7.22031250e-02,1.01600000e-01
7.35787500e-08,-6.06562500e-04,7.22015625e-02,1.01600000e-01
7.36187500e-08,-6.00937500e-04,7.22015625e-02,1.01600000e-01
7.36587500e-08,-5.94375000e-04,7.22000000e-02,1.01600000e-01
7.36987500e-08,-5.87187500e-04,7.22000000e-02,1.01600000e-01
7.37387500e-08,-5.80312500e-04,7.21984375e-02,1.01600000e-01
7.37787500e-08,-5.74062500e-04,7.21984375e-02,1.01600000e-01
7.38187500e-08,-5.69062500e-04,7.21984375e-02,1.01600000e-01
7.38587500e-08,-5.65625000e-04,7.21984375e-02,1.01600000e-01
7.38987500e-08,-5.64375000e-04,7.21984375e-02,1.01600000e-01
7.39387500e-08,-5.65000000e-04,7.22000000e-02,1.01600000e-01
7.39787500e-08,-5.68125000e-04,7.22000000e-02,1.01600000e-01
7.40187500e-08,-5.73750000e-04,7.22015625e-02,1.01600000e-01
7.40587500e-08,-5.81250000e-04,7.22031250e-02,1.01600000e-01
7.40987500e-08,-5.90937500e-04,7.22046875e-02,1.01600000e-01
7.41387500e-08,-6.02187500e-04,7.22046875e-02,1.01600000e-01
7.41787500e-08,-6.15000000e-04,7.22062500e-02,1.01600000e-01
7.42187500e-08,-6.28437500e-04,7.22078125e-02,1.01600000e-01
7.42587500e-08,-6.42500000e-04,7.22078125e-02,1.01600000e-01
7.42987500e-08,-6.56250000e-04,7.22078125e-02,1.01600000e-01
7.43387500e-08,-6.69687500e-04,7.22078125e-02,1.01600000e-01
7.43787500e-08,-6.82187500e-04,7.22078125e-02,1.01600000e-01
7.44187500e-08,-6.93437500e-04,7.22062500e-02,1.01600000e-01
7.44587500e-08,-7.03125000e-04,7.22046875e-02,1.01600000e-01
7.44987500e-08,-7.10625000e-04,7.22046875e-02,1.01600000e-01
7.45387500e-08,-7.16250000e-04,7.22031250e-02,1.01600000e-01
7.45787500e-08,-7.19687500e-04,7.22015625e-02,1.01600000e-01
7.46187500e-08,-7.21250000e-04,7.22000000e-02,1.01600000e-01
7.46587500e-08,-7.20625000e-04,7.21984375e-02,1.01600000e-01
7.46987500e-08,-7.17812500e-04,7.21984375e-02,1.01600000e-01
7.47387500e-08,-7.13437500e-04,7.21968750e-02,1.01600000e-01
7.47787500e-08,-7.07812500e-04,7.21968750e-02,1.01600000e-01
7.48187500e-08,-7.00625000e-04,7.21968750e-02,1.01600000e-01
7.48587500e-08,-6.92500000e-04,7.21968750e-02,1.01600000e-01
7.48987500e-08,-6.83437500e-04,7.21984375e-02,1.01600000e-01
7.49387500e-08,-6.74062500e-04,7.22000000e-02,1.01600000e-01
7.49787500e-08,-6.64375000e-04,7.22015625e-02,1.01600000e-01
7.50187500e-08,-6.54375000e-04,7.22031250e-02,1.01600000e-01
7.50587500e-08,-6.44687500e-04,7.22046875e-02,1.01600000e-01
7.50987500e-08,-6.35312500e-04,7.22062500e-02,1.01600000e-01
7.51387500e-08,-6.26250000e-04,7.22078125e-02,1.01600000e-01
7.51787500e-08,-6.17500000e-04,7.22093750e-02,1.01600000e-01
7.52187500e-08,-6.09375000e-04,7.22109375e-02,1.01600000e-01
7.52587500e-08,-6.01875000e-04,7.22109375e-02,1.01600000e-01
7.52987500e-08,-5.95000000e-04,7.22109375e-02,1.01600000e-01
7.53387500e-08,-5.88750000e-04,7.22109375e-02,1.01600000e-01
7.53787500e-08,-5.83437500e-04,7.22093750e-02,1.01600000e-01
7.54187500e-08,-5.79062500e-04,7.22078125e-02,1.01600000e-01
7.54587500e-08,-5.75937500e-04,7.22062500e-02,1.01600000e-01
7.54987500e-08,-5.73437500e-04,7.22046875e-02,1.01600000e-01
7.55387500e-08,-5.72500000e-04,7.22015625e-02,1.01600000e-01
7.55787500e-08,-5.72500000e-04,7.22000000e-02,1.01600000e-01
7.56187500e-08,-5.74062500e-04,7.21968750e-02,1.01600000e-01
7.56587500e-08,-5.76875000e-04,7.21953125e-02,1.01600000e-01
7.56987500e-08,-5.81250000e-04,7.21937500e-02,1.01600000e-01
7.57387500e-08,-5.86875000e-04,7.21937500e-02,1.01600000e-01
7.57787500e-08,-5.94062500e-04,7.21921875e-02,1.01600000e-01
7.58187500e-08,-6.02500000e-04,7.21937500e-02,1.01600000e-01
7.58587500e-08,-6.11875000e-04,7.21953125e-02,1.01600000e-01
7.58987500e-08,-6.22187500e-04,7.21968750e-02,1.01600000e-01
7.59387500e-08,-6.32812500e-04,7.21984375e-02,1.01600000e-01
7.59787500e-08,-6.43750000e-04,7.22015625e-02,1.01600000e-01
7.60187500e-08,-6.54375000e-04,7.22062500e-02,1.01600000e-01
7.60587500e-08,-6.64375000e-04,7.22093750e-02,1.01600000e-01
7.60987500e-08,-6.73750000e-04,7.22125000e-02,1.01600000e-01
7.61387500e-08,-6.81250000e-04,7.22156250e-02,1.01600000e-01
7.61787500e-08,-6.87500000e-04,7.22171875e-02,1.01600000e-01
7.62187500e-08,-6.91250000e-04,7.22187500e-02,1.01600000e-01
7.62587500e-08,-6.92812500e-04,7.22203125e-02,1.01600000e-01
7.62987500e-08,-6.92187500e-04,7.22187500e-02,1.01600000e-01
7.63387500e-08,-6.88750000e-04,7.22171875e-02,1.01600000e-01
7.63787500e-08,-6.82812500e-04,7.22156250e-02,1.01600000e-01
7.64187500e-08,-6.74687500e-04,7.22125000e-02,1.01600000e-01
7.64587500e-08,-6.64687500e-04,7.22078125e-02,1.01600000e-01
7.64987500e-08,-6.52812500e-04,7.22031250e-02,1.01600000e-01
7.65387500e-08,-6.39687500e-04,7.21984375e-02,1.01600000e-01
7.65787500e-08,-6.25625000e-04,7.21921875e-02,1.01600000e-01
7.66187500e-08,-6.11875000e-04,7.21875000e-02,1.01600000e-01
7.66587500e-08,-5.98125000e-04,7.21843750e-02,1.01600000e-01
7.66987500e-08,-5.85625000e-04,7.21812500e-02,1.01600000e-01
7.67387500e-08,-5.74687500e-04,7.21812500e-02,1.01600000e-01
7.67787500e-08,-5.65625000e-04,7.21812500e-02,1.01600000e-01
7.68187500e-08,-5.59062500e-04,7.21828125e-02,1.01600000e-01
7.68587500e-08,-5.55000000e-04,7.21859375e-02,1.01600000e-01
7.68987500e-08,-5.54062500e-04,7.21921875e-02,1.01600000e-01
7.69387500e-08,-5.55625000e-04,7.21984375e-02,1.01600000e-01
7.69787500e-08,-5.60000000e-04,7.22062500e-02,1.01600000e-01
7.70187500e-08,-5.66562500e-04,7.22156250e-02,1.01600000e-01
7.70587500e-08,-5.75312500e-04,7.22250000e-02,1.01600000e-01
7.70987500e-08,-5.85625000e-04,7.22328125e-02,1.01600000e-01
7.71387500e-08,-5.96562500e-04,7.22421875e-02,1.01600000e-01
7.71787500e-08,-6.07812500e-04,7.22484375e-02,1.01600000e-01
7.72187500e-08,-6.18437500e-04,7.22531250e-02,1.01600000e-01
7.72587500e-08,-6.28125000e-04,7.22546875e-02,1.01600000e-01
7.72987500e-08,-6.36250000e-04,7.22531250e-02,1.01600000e-01
7.73387500e-08,-6.41875000e-04,7.22484375e-02,1.01600000e-01
7.73787500e-08,-6.44687500e-04,7.22406250e-02,1.01600000e-01
7.74187500e-08,-6.44687500e-04,7.22296875e-02,1.01600000e-01
7.74587500e-08,-6.41875000e-04,7.22140625e-02,1.01600000e-01
7.74987500e-08,-6.35625000e-04,7.21953125e-02,1.01600000e-01
7.75387500e-08,-6.26875000e-04,7.21750000e-02,1.01600000e-01
7.75787500e-08,-6.15312500e-04,7.21515625e-02,1.01600000e-01
7.76187500e-08,-6.02187500e-04,7.21265625e-02,1.01600000e-01
7.76587500e-08,-5.87500000e-04,7.21015625e-02,1.01600000e-01
7.76987500e-08,-5.72500000e-04,7.20765625e-02,1.01600000e-01
7.77387500e-08,-5.57500000e-04,7.20515625e-02,1.01600000e-01
7.77787500e-08,-5.43750000e-04,7.20296875e-02,1.01600000e-01
7.78187500e-08,-5.31875000e-04,7.20109375e-02,1.01600000e-01
7.78587500e-08,-5.22500000e-04,7.19953125e-02,1.01600000e-01
7.78987500e-08,-5.16250000e-04,7.19843750e-02,1.01600000e-01
7.79387500e-08,-5.13437500e-04,7.19781250e-02,1.01600000e-01
7.79787500e-08,-5.14687500e-04,7.19765625e-02,1.01600000e-01
7.80187500e-08,-5.20312500e-04,7.19812500e-02,1.01600000e-01
7.80587500e-08,-5.29687500e-04,7.19890625e-02,1.01600000e-01
7.80987500e-08,-5.42812500e-04,7.20015625e-02,1.01600000e-01
7.81387500e-08,-5.59062500e-04,7.20171875e-02,1.01600000e-01
7.81787500e-08,-5.78125000e-04,7.20359375e-02,1.01600000e-01
7.82187500e-08,-5.99375000e-04,7.20562500e-02,1.01600000e-01
7.82587500e-08,-6.21562500e-04,7.20781250e-02,1.01600000e-01
7.82987500e-08,-6.43750000e-04,7.20984375e-02,1.01600000e-01
7.83387500e-08,-6.65625000e-04,7.21171875e-02,1.01600000e-01
7.83787500e-08,-6.85625000e-04,7.21312500e-02,1.01600000e-01
7.84187500e-08,-7.03437500e-04,7.21421875e-02,1.01600000e-01
7.84587500e-08,-7.17812500e-04,7.21468750e-02,1.01600000e-01
7.84987500e-08,-7.28750000e-04,7.21453125e-02,1.01600000e-01
7.85387500e-08,-7.35312500e-04,7.21359375e-02,1.01600000e-01
7.85787500e-08,-7.37812500e-04,7.21187500e-02,1.01600000e-01
7.86187500e-08,-7.35937500e-04,7.20937500e-02,1.01600000e-01
7.86587500e-08,-7.30000000e-04,7.20593750e-02,1.01600000e-01
7.86987500e-08,-7.20312500e-04,7.20187500e-02,1.01600000e-01
7.87387500e-08,-7.07500000e-04,7.19687500e-02,1.01600000e-01
7.87787500e-08,-6.92187500e-04,7.19140625e-02,1.01600000e-01
7.88187500e-08,-6.75312500e-04,7.18515625e-02,1.01600000e-01
7.88587500e-08,-6.57500000e-04,7.17843750e-02,1.01600000e-01
7.88987500e-08,-6.39687500e-04,7.17140625e-02,1.01600000e-01
7.89387500e-08,-6.22500000e-04,7.16406250e-02,1.01600000e-01
7.89787500e-08,-6.07187500e-04,7.15671875e-02,1.01600000e-01
7.90187500e-08,-5.93750000e-04,7.14921875e-02,1.01600000e-01
7.90587500e-08,-5.83437500e-04,7.14203125e-02,1.01600000e-01
7.90987500e-08,-5.75937500e-04,7.13484375e-02,1.01600000e-01
7.91387500e-08,-5.71875000e-04,7.12828125e-02,1.01600000e-01
7.91787500e-08,-5.71250000e-04,7.12187500e-02,1.01600000e-01
7.92187500e-08,-5.73437500e-04,7.11609375e-02,1.01600000e-01
7.92587500e-08,-5.78437500e-04,7.11093750e-02,1.01600000e-01
7.92987500e-08,-5.85937500e-04,7.10625000e-02,1.01600000e-01
7.93387500e-08,-5.95312500e-04,7.10203125e-02,1.01600000e-01
7.93787500e-08,-6.05625000e-04,7.09843750e-02,1.01600000e-01
7.94187500e-08,-6.16562500e-04,7.09531250e-02,1.01600000e-01
7.94587500e-08,-6.26875000e-04,7.09281250e-02,1.01600000e-01
7.94987500e-08,-6.36562500e-04,7.09062500e-02,1.01600000e-01
7.95387500e-08,-6.45000000e-04,7.08890625e-02,1.01600000e-01
7.95787500e-08,-6.51250000e-04,7.08750000e-02,1.01600000e-01
7.96187500e-08,-6.55000000e-04,7.08640625e-02,1.01600000e-01
7.96587500e-08,-6.56562500e-04,7.08562500e-02,1.01600000e-01
7.96987500e-08,-6.55625000e-04,7.08484375e-02,1.01600000e-01
7.97387500e-08,-6.51875000e-04,7.08437500e-02,1.01600000e-01
7.97787500e-08,-6.46250000e-04,7.08390625e-02,1.01600000e-01
7.98187500e-08,-6.38437500e-04,7.08359375e-02,1.01600000e-01
7.98587500e-08,-6.29062500e-04,7.08328125e-02,1.01600000e-01
7.98987500e-08,-6.19062500e-04,7.08312500e-02,1.01600000e-01
7.99387500e-08,-6.08437500e-04,7.08296875e-02,1.01600000e-01
7.99787500e-08,-5.97812500e-04,7.08296875e-02,1.01600000e-01
8.00187500e-08,-5.88125000e-04,7.08296875e-02,1.01600000e-01
8.00587500e-08,-5.79687500e-04,7.08312500e-02,1.01600000e-01
8.00987500e-08,-5.72500000e-04,7.08328125e-02,1.01600000e-01
8.01387500e-08,-5.67500000e-04,7.08343750e-02,1.01600000e-01
8.01787500e-08,-5.64375000e-04,7.08375000e-02,1.01600000e-01
8.02187500e-08,-5.63750000e-04,7.08390625e-02,1.01600000e-01
8.02587500e-08,-5.65000000e-04,7.08406250e-02,1.01600000e-01
8.02987500e-08,-5.68125000e-04,7.08421875e-02,1.01600000e-01
8.03387500e-08,-5.73437500e-04,7.08421875e-02,1.01600000e-01
8.03787500e-08,-5.80000000e-04,7.08406250e-02,1.01600000e-01
8.04187500e-08,-5.87500000e-04,7.08359375e-02,1.01600000e-01
8.04587500e-08,-5.95625000e-04,7.08296875e-02,1.01600000e-01
8.04987500e-08,-6.04062500e-04,7.08187500e-02,1.01600000e-01
8.05387500e-08,-6.12187500e-04,7.08046875e-02,1.01600000e-01
8.05787500e-08,-6.20000000e-04,7.07875000e-02,1.01600000e-01
8.06187500e-08,-6.26562500e-04,7.07656250e-02,1.01600000e-01
8.06587500e-08,-6.31875000e-04,7.07390625e-02,1.01600000e-01
8.06987500e-08,-6.36250000e-04,7.07093750e-02,1.01600000e-01
8.07387500e-08,-6.38750000e-04,7.06765625e-02,1.01600000e-01
8.07787500e-08,-6.40000000e-04,7.06421875e-02,1.01600000e-01
8.08187500e-08,-6.40000000e-04,7.06046875e-02,1.01600000e-01
8.08587500e-08,-6.38750000e-04,7.05656250e-02,1.01600000e-01
8.08987500e-08,-6.36562500e-04,7.05281250e-02,1.01600000e-01
8.09387500e-08,-6.33750000e-04,7.04921875e-02,1.01600000e-01
8.09787500e-08,-6.30625000e-04,7.04578125e-02,1.01600000e-01
8.10187500e-08,-6.26875000e-04,7.04281250e-02,1.01600000e-01
8.10587500e-08,-6.23750000e-04,7.04031250e-02,1.01600000e-01
8.10987500e-08,-6.20625000e-04,7.03828125e-02,1.01600000e-01
8.11387500e-08,-6.18125000e-04,7.03687500e-02,1.01600000e-01
8.11787500e-08,-6.16250000e-04,7.03625000e-02,1.01600000e-01
8.12187500e-08,-6.15000000e-04,7.03609375e-02,1.01600000e-01
8.12587500e-08,-6.14375000e-04,7.03671875e-02,1.01600000e-01
8.12987500e-08,-6.14375000e-04,7.03796875e-02,1.01600000e-01
8.13387500e-08,-6.14687500e-04,7.03968750e-02,1.01600000e-01
8.13787500e-08,-6.15312500e-04,7.04171875e-02,1.01600000e-01
8.14187500e-08,-6.15937500e-04,7.04406250e-02,1.01600000e-01
8.14587500e-08,-6.16562500e-04,7.04671875e-02,1.01600000e-01
8.14987500e-08,-6.16562500e-04,7.04921875e-02,1.01600000e-01
8.15387500e-08,-6.16250000e-04,7.05140625e-02,1.01600000e-01
8.15787500e-08,-6.15000000e-04,7.05343750e-02,1.01600000e-01
8.16187500e-08,-6.13125000e-04,7.05484375e-02,1.01600000e-01
8.16587500e-08,-6.10625000e-04,7.05578125e-02,1.01600000e-01
8.16987500e-08,-6.07187500e-04,7.05593750e-02,1.01600000e-01
8.17387500e-08,-6.03437500e-04,7.05531250e-02,1.01600000e-01
8.17787500e-08,-5.99062500e-04,7.05375000e-02,1.01600000e-01
8.18187500e-08,-5.94687500e-04,7.05156250e-02,1.01600000e-01
8.18587500e-08,-5.90625000e-04,7.04859375e-02,1.01600000e-01
8.18987500e-08,-5.87187500e-04,7.04500000e-02,1.01600000e-01
8.19387500e-08,-5.84375000e-04,7.04078125e-02,1.01600000e-01
8.19787500e-08,-5.82812500e-04,7.03625000e-02,1.01600000e-01
8.20187500e-08,-5.82500000e-04,7.03140625e-02,1.01600000e-01
8.20587500e-08,-5.84375000e-04,7.02656250e-02,1.01600000e-01
8.20987500e-08,-5.87812500e-04,7.02171875e-02,1.01600000e-01
8.21387500e-08,-5.93125000e-04,7.01718750e-02,1.01600000e-01
8.21787500e-08,-6.00312500e-04,7.01296875e-02,1.01600000e-01
8.22187500e-08,-6.09375000e-04,7.00937500e-02,1.01600000e-01
8.22587500e-08,-6.20312500e-04,7.00640625e-02,1.01600000e-01
8.22987500e-08,-6.32187500e-04,7.00406250e-02,1.01600000e-01
8.23387500e-08,-6.44687500e-04,7.00250000e-02,1.01600000e-01
8.23787500e-08,-6.57812500e-04,7.00156250e-02,1.01600000e-01
8.24187500e-08,-6.70937500e-04,7.00125000e-02,1.01600000e-01
8.24587500e-08,-6.83125000e-04,7.00140625e-02,1.01600000e-01
8.24987500e-08,-6.94062500e-04,7.00187500e-02,1.01600000e-01
8.25387500e-08,-7.03437500e-04,7.00265625e-02,1.01600000e-01
8.25787500e-08,-7.10625000e-04,7.00343750e-02,1.01600000e-01
8.26187500e-08,-7.15625000e-04,7.00421875e-02,1.01600000e-01
8.26587500e-08,-7.17500000e-04,7.00453125e-02,1.01600000e-01
8.26987500e-08,-7.16875000e-04,7.00437500e-02,1.01600000e-01
8.27387500e-08,-7.13125000e-04,7.00375000e-02,1.01600000e-01
8.27787500e-08,-7.06875000e-04,7.00218750e-02,1.01600000e-01
8.28187500e-08,-6.98437500e-04,7.00000000e-02,1.01600000e-01
8.28587500e-08,-6.87812500e-04,6.99687500e-02,1.01600000e-01
8.28987500e-08,-6.75625000e-04,6.99312500e-02,1.01600000e-01
8.29387500e-08,-6.62500000e-04,6.98843750e-02,1.01600000e-01
8.29787500e-08,-6.49375000e-04,6.98312500e-02,1.01600000e-01
8.30187500e-08,-6.36250000e-04,6.97734375e-02,1.01600000e-01
8.30587500e-08,-6.24375000e-04,6.97125000e-02,1.01600000e-01
8.30987500e-08,-6.14375000e-04,6.96484375e-02,1.01600000e-01
8.31387500e-08,-6.06250000e-04,6.95859375e-02,1.01600000e-01
8.31787500e-08,-6.00937500e-04,6.95265625e-02,1.01600000e-01
8.32187500e-08,-5.98437500e-04,6.94703125e-02,1.01600000e-01
8.32587500e-08,-5.99062500e-04,6.94203125e-02,1.01600000e-01
8.32987500e-08,-6.03125000e-04,6.93781250e-02,1.01600000e-01
8.33387500e-08,-6.10312500e-04,6.93437500e-02,1.01600000e-01
8.33787500e-08,-6.20000000e-04,6.93187500e-02,1.01600000e-01
8.34187500e-08,-6.32500000e-04,6.93031250e-02,1.01600000e-01
8.34587500e-08,-6.46562500e-04,6.92968750e-02,1.01600000e-01
8.34987500e-08,-6.62500000e-04,6.92984375e-02,1.01600000e-01
8.35387500e-08,-6.78750000e-04,6.93078125e-02,1.01600000e-01
8.35787500e-08,-6.95000000e-04,6.93218750e-02,1.01600000e-01
8.36187500e-08,-7.10937500e-04,6.93406250e-02,1.01600000e-01
8.36587500e-08,-7.25312500e-04,6.93609375e-02,1.01600000e-01
8.36987500e-08,-7.37812500e-04,6.93812500e-02,1.01600000e-01
8.37387500e-08,-7.48125000e-04,6.94000000e-02,1.01600000e-01
8.37787500e-08,-7.55312500e-04,6.94140625e-02,1.01600000e-01
8.38187500e-08,-7.60000000e-04,6.94218750e-02,1.01600000e-01
8.38587500e-08,-7.61250000e-04,6.94234375e-02,1.01600000e-01
8.38987500e-08,-7.59375000e-04,6.94171875e-02,1.01600000e-01
8.39387500e-08,-7.54687500e-04,6.94015625e-02,1.01600000e-01
8.39787500e-08,-7.47500000e-04,6.93781250e-02,1.01600000e-01
8.40187500e-08,-7.38437500e-04,6.93468750e-02,1.01600000e-01
8.40587500e-08,-7.27187500e-04,6.93078125e-02,1.01600000e-01
8.40987500e-08,-7.15000000e-04,6.92625000e-02,1.01600000e-01
8.41387500e-08,-7.02500000e-04,6.92140625e-02,1.01600000e-01
8.41787500e-08,-6.90000000e-04,6.91609375e-02,1.01600000e-01
8.42187500e-08,-6.77812500e-04,6.91078125e-02,1.01600000e-01
8.42587500e-08,-6.66875000e-04,6.90546875e-02,1.01600000e-01
8.42987500e-08,-6.57500000e-04,6.90046875e-02,1.01600000e-01
8.43387500e-08,-6.50000000e-04,6.89578125e-02,1.01600000e-01
8.43787500e-08,-6.44375000e-04,6.89156250e-02,1.01600000e-01
8.44187500e-08,-6.41250000e-04,6.88796875e-02,1.01600000e-01
8.44587500e-08,-6.40000000e-04,6.88500000e-02,1.01600000e-01
8.44987500e-08,-6.40937500e-04,6.88281250e-02,1.01600000e-01
8.45387500e-08,-6.43437500e-04,6.88109375e-02,1.01600000e-01
8.45787500e-08,-6.47500000e-04,6.88000000e-02,1.01600000e-01
8.46187500e-08,-6.53125000e-04,6.87937500e-02,1.01600000e-01
8.46587500e-08,-6.59062500e-04,6.87921875e-02,1.01600000e-01
8.46987500e-08,-6.65625000e-04,6.87906250e-02,1.01600000e-01
8.47387500e-08,-6.72187500e-04,6.87906250e-02,1.01600000e-01
8.47787500e-08,-6.78125000e-04,6.87890625e-02,1.01600000e-01
8.48187500e-08,-6.83750000e-04,6.87859375e-02,1.01600000e-01
8.48587500e-08,-6.88125000e-04,6.87796875e-02,1.01600000e-01
8.48987500e-08,-6.91562500e-04,6.87671875e-02,1.01600000e-01
8.49387500e-08,-6.94062500e-04,6.87515625e-02,1.01600000e-01
8.49787500e-08,-6.95000000e-04,6.87281250e-02,1.01600000e-01
8.50187500e-08,-6.94687500e-04,6.87000000e-02,1.01600000e-01
8.50587500e-08,-6.93437500e-04,6.86671875e-02,1.01600000e-01
8.50987500e-08,-6.91562500e-04,6.86296875e-02,1.01600000e-01
8.51387500e-08,-6.88750000e-04,6.85890625e-02,1.01600000e-01
8.51787500e-08,-6.85312500e-04,6.85453125e-02,1.01600000e-01
8.52187500e-08,-6.81875000e-04,6.85000000e-02,1.01600000e-01
8.52587500e-08,-6.78125000e-04,6.84562500e-02,1.01600000e-01
8.52987500e-08,-6.74687500e-04,6.84140625e-02,1.01600000e-01
8.53387500e-08,-6.71562500e-04,6.83734375e-02,1.01600000e-01
8.53787500e-08,-6.68750000e-04,6.83375000e-02,1.01600000e-01
8.54187500e-08,-6.66250000e-04,6.83062500e-02,1.01600000e-01
8.54587500e-08,-6.64062500e-04,6.82812500e-02,1.01600000e-01
8.54987500e-08,-6.62187500e-04,6.82609375e-02,1.01600000e-01
8.55387500e-08,-6.60937500e-04,6.82453125e-02,1.01600000e-01
8.55787500e-08,-6.59375000e-04,6.82343750e-02,1.01600000e-01
8.56187500e-08,-6.58125000e-04,6.82265625e-02,1.01600000e-01
8.56587500e-08,-6.56250000e-04,6.82234375e-02,1.01600000e-01
8.56987500e-08,-6.54375000e-04,6.82203125e-02,1.01600000e-01
8.57387500e-08,-6.52187500e-04,6.82187500e-02,1.01600000e-01
8.57787500e-08,-6.49062500e-04,6.82156250e-02,1.01600000e-01
8.58187500e-08,-6.45625000e-04,6.82109375e-02,1.01600000e-01
8.58587500e-08,-6.41562500e-04,6.82031250e-02,1.01600000e-01
8.58987500e-08,-6.37187500e-04,6.81921875e-02,1.01600000e-01
8.59387500e-08,-6.32187500e-04,6.81765625e-02,1.01600000e-01
8.59787500e-08,-6.27187500e-04,6.81546875e-02,1.01600000e-01
8.60187500e-08,-6.21875000e-04,6.81296875e-02,1.01600000e-01
8.60587500e-08,-6.16875000e-04,6.81000000e-02,1.01600000e-01
8.60987500e-08,-6.11875000e-04,6.80656250e-02,1.01600000e-01
8.61387500e-08,-6.07812500e-04,6.80296875e-02,1.01600000e-01
8.61787500e-08,-6.04687500e-04,6.79921875e-02,1.01600000e-01
8.62187500e-08,-6.02187500e-04,6.79531250e-02,1.01600000e-01
8.62587500e-08,-6.01250000e-04,6.79156250e-02,1.01600000e-01
8.62987500e-08,-6.00937500e-04,6.78812500e-02,1.01600000e-01
8.63387500e-08,-6.02187500e-04,6.78484375e-02,1.01600000e-01
8.63787500e-08,-6.04687500e-04,6.78218750e-02,1.01600000e-01
8.64187500e-08,-6.07812500e-04,6.77984375e-02,1.01600000e-01
8.64587500e-08,-6.12187500e-04,6.77812500e-02,1.01600000e-01
8.64987500e-08,-6.16875000e-04,6.77687500e-02,1.01600000e-01
8.65387500e-08,-6.22187500e-04,6.77609375e-02,1.01600000e-01
8.65787500e-08,-6.27500000e-04,6.77578125e-02,1.01600000e-01
8.66187500e-08,-6.32500000e-04,6.77578125e-02,1.01600000e-01
8.66587500e-08,-6.37187500e-04,6.77609375e-02,1.01600000e-01
8.66987500e-08,-6.40625000e-04,6.77640625e-02,1.01600000e-01
8.67387500e-08,-6.43437500e-04,6.77687500e-02,1.01600000e-01
8.67787500e-08,-6.44687500e-04,6.77703125e-02,1.01600000e-01
8.68187500e-08,-6.44687500e-04,6.77687500e-02,1.01600000e-01
8.68587500e-08,-6.43437500e-04,6.77640625e-02,1.01600000e-01
8.68987500e-08,-6.40625000e-04,6.77531250e-02,1.01600000e-01
8.69387500e-08,-6.36250000e-04,6.77390625e-02,1.01600000e-01
8.69787500e-08,-6.30937500e-04,6.77171875e-02,1.01600000e-01
8.70187500e-08,-6.24687500e-04,6.76921875e-02,1.01600000e-01
8.70587500e-08,-6.17812500e-04,6.76609375e-02,1.01600000e-01
8.70987500e-08,-6.10625000e-04,6.76265625e-02,1.01600000e-01
8.71387500e-08,-6.03125000e-04,6.75890625e-02,1.01600000e-01
8.71787500e-08,-5.96250000e-04,6.75500000e-02,1.01600000e-01
8.72187500e-08,-5.90000000e-04,6.75093750e-02,1.01600000e-01
8.72587500e-08,-5.84687500e-04,6.74718750e-02,1.01600000e-01
8.72987500e-08,-5.80312500e-04,6.74375000e-02,1.01600000e-01
8.73387500e-08,-5.77500000e-04,6.74062500e-02,1.01600000e-01
8.73787500e-08,-5.76250000e-04,6.73796875e-02,1.01600000e-01
8.74187500e-08,-5.76250000e-04,6.73593750e-02,1.01600000e-01
8.74587500e-08,-5.77812500e-04,6.73453125e-02,1.01600000e-01
8.74987500e-08,-5.80937500e-04,6.73359375e-02,1.01600000e-01
8.75387500e-08,-5.85000000e-04,6.73328125e-02,1.01600000e-01
8.75787500e-08,-5.90312500e-04,6.73328125e-02,1.01600000e-01
8.76187500e-08,-5.96250000e-04,6.73375000e-02,1.01600000e-01
8.76587500e-08,-6.02500000e-04,6.73437500e-02,1.01600000e-01
8.76987500e-08,-6.09062500e-04,6.73500000e-02,1.01600000e-01
8.77387500e-08,-6.15312500e-04,6.73546875e-02,1.01600000e-01
8.77787500e-08,-6.21250000e-04,6.73546875e-02,1.01600000e-01
8.78187500e-08,-6.26562500e-04,6.73500000e-02,1.01600000e-01
8.78587500e-08,-6.31250000e-04,6.73390625e-02,1.01600000e-01
8.78987500e-08,-6.34687500e-04,6.73203125e-02,1.01600000e-01
8.79387500e-08,-6.37500000e-04,6.72921875e-02,1.01600000e-01
8.79787500e-08,-6.39375000e-04,6.72546875e-02,1.01600000e-01
8.80187500e-08,-6.40000000e-04,6.72078125e-02,1.01600000e-01
8.80587500e-08,-6.40312500e-04,6.71531250e-02,1.01600000e-01
8.80987500e-08,-6.40000000e-04,6.70906250e-02,1.01600000e-01
8.81387500e-08,-6.39687500e-04,6.70218750e-02,1.01600000e-01
8.81787500e-08,-6.39062500e-04,6.69500000e-02,1.01600000e-01
8.82187500e-08,-6.38750000e-04,6.68765625e-02,1.01600000e-01
8.82587500e-08,-6.39062500e-04,6.68031250e-02,1.01600000e-01
8.82987500e-08,-6.40312500e-04,6.67312500e-02,1.01600000e-01
8.83387500e-08,-6.42500000e-04,6.66656250e-02,1.01600000e-01
8.83787500e-08,-6.45625000e-04,6.66062500e-02,1.01600000e-01
8.84187500e-08,-6.50000000e-04,6.65546875e-02,1.01600000e-01
8.84587500e-08,-6.55625000e-04,6.65125000e-02,1.01600000e-01
8.84987500e-08,-6.62187500e-04,6.64812500e-02,1.01600000e-01
8.85387500e-08,-6.70000000e-04,6.64609375e-02,1.01600000e-01
8.85787500e-08,-6.78437500e-04,6.64515625e-02,1.01600000e-01
8.86187500e-08,-6.87500000e-04,6.64515625e-02,1.01600000e-01
8.86587500e-08,-6.96875000e-04,6.64609375e-02,1.01600000e-01
8.86987500e-08,-7.05937500e-04,6.64765625e-02,1.01600000e-01
8.87387500e-08,-7.14687500e-04,6.64968750e-02,1.01600000e-01
8.87787500e-08,-7.22812500e-04,6.65203125e-02,1.01600000e-01
8.88187500e-08,-7.29687500e-04,6.65453125e-02,1.01600000e-01
8.88587500e-08,-7.35312500e-04,6.65671875e-02,1.01600000e-01
8.88987500e-08,-7.39375000e-04,6.65859375e-02,1.01600000e-01
8.89387500e-08,-7.41875000e-04,6.65984375e-02,1.01600000e-01
8.89787500e-08,-7.42500000e-04,6.66046875e-02,1.01600000e-01
8.90187500e-08,-7.40937500e-04,6.66031250e-02,1.01600000e-01
8.90587500e-08,-7.38125000e-04,6.65906250e-02,1.01600000e-01
8.90987500e-08,-7.33125000e-04,6.65703125e-02,1.01600000e-01
8.91387500e-08,-7.27187500e-04,6.65421875e-02,1.01600000e-01
8.91787500e-08,-7.19687500e-04,6.65046875e-02,1.01600000e-01
8.92187500e-08,-7.11562500e-04,6.64625000e-02,1.01600000e-01
8.92587500e-08,-7.02812500e-04,6.64140625e-02,1.01600000e-01
8.92987500e-08,-6.93437500e-04,6.63625000e-02,1.01600000e-01
8.93387500e-08,-6.84375000e-04,6.63109375e-02,1.01600000e-01
8.93787500e-08,-6.75625000e-04,6.62593750e-02,1.01600000e-01
8.94187500e-08,-6.67500000e-04,6.62125000e-02,1.01600000e-01
8.94587500e-08,-6.60000000e-04,6.61687500e-02,1.01600000e-01
8.94987500e-08,-6.53750000e-04,6.61328125e-02,1.01600000e-01
8.95387500e-08,-6.48125000e-04,6.61031250e-02,1.01600000e-01
8.95787500e-08,-6.43437500e-04,6.60812500e-02,1.01600000e-01
8.96187500e-08,-6.39687500e-04,6.60687500e-02,1.01600000e-01
8.96587500e-08,-6.36562500e-04,6.60640625e-02,1.01600000e-01
8.96987500e-08,-6.34375000e-04,6.60671875e-02,1.01600000e-01
8.97387500e-08,-6.32187500e-04,6.60765625e-02,1.01600000e-01
8.97787500e-08,-6.30625000e-04,6.60921875e-02,1.01600000e-01
8.98187500e-08,-6.28750000e-04,6.61109375e-02,1.01600000e-01
8.98587500e-08,-6.26875000e-04,6.61328125e-02,1.01600000e-01
8.98987500e-08,-6.24375000e-04,6.61531250e-02,1.01600000e-01
8.99387500e-08,-6.21562500e-04,6.61718750e-02,1.01600000e-01
8.99787500e-08,-6.18125000e-04,6.61875000e-02,1.01600000e-01
9.00187500e-08,-6.14375000e-04,6.61984375e-02,1.01600000e-01
9.00587500e-08,-6.10000000e-04,6.62031250e-02,1.01600000e-01
9.00987500e-08,-6.05000000e-04,6.62000000e-02,1.01600000e-01
9.01387500e-08,-6.00000000e-04,6.61906250e-02,1.01600000e-01
9.01787500e-08,-5.95000000e-04,6.61718750e-02,1.01600000e-01
9.02187500e-08,-5.90000000e-04,6.61468750e-02,1.01600000e-01
9.02587500e-08,-5.85937500e-04,6.61140625e-02,1.01600000e-01
9.02987500e-08,-5.82500000e-04,6.60750000e-02,1.01600000e-01
9.03387500e-08,-5.80312500e-04,6.60296875e-02,1.01600000e-01
9.03787500e-08,-5.79375000e-04,6.59828125e-02,1.01600000e-01
9.04187500e-08,-5.80000000e-04,6.59328125e-02,1.01600000e-01
9.04587500e-08,-5.82187500e-04,6.58828125e-02,1.01600000e-01
9.04987500e-08,-5.86250000e-04,6.58328125e-02,1.01600000e-01
9.05387500e-08,-5.91875000e-04,6.57843750e-02,1.01600000e-01
9.05787500e-08,-5.99062500e-04,6.57406250e-02,1.01600000e-01
9.06187500e-08,-6.07500000e-04,6.57000000e-02,1.01600000e-01
9.06587500e-08,-6.17187500e-04,6.56656250e-02,1.01600000e-01
9.06987500e-08,-6.27500000e-04,6.56359375e-02,1.01600000e-01
9.07387500e-08,-6.37812500e-04,6.56109375e-02,1.01600000e-01
9.07787500e-08,-6.48125000e-04,6.55921875e-02,1.01600000e-01
9.08187500e-08,-6.57500000e-04,6.55796875e-02,1.01600000e-01
9.08587500e-08,-6.65625000e-04,6.55703125e-02,1.01600000e-01
9.08987500e-08,-6.72500000e-04,6.55671875e-02,1.01600000e-01
9.09387500e-08,-6.77187500e-04,6.55656250e-02,1.01600000e-01
9.09787500e-08,-6.79687500e-04,6.55656250e-02,1.01600000e-01
9.10187500e-08,-6.79687500e-04,6.55687500e-02,1.01600000e-01
9.10587500e-08,-6.77187500e-04,6.55718750e-02,1.01600000e-01
9.10987500e-08,-6.71875000e-04,6.55750000e-02,1.01600000e-01
9.11387500e-08,-6.64375000e-04,6.55765625e-02,1.01600000e-01
9.11787500e-08,-6.55000000e-04,6.55765625e-02,1.01600000e-01
9.12187500e-08,-6.43437500e-04,6.55750000e-02,1.01600000e-01
9.12587500e-08,-6.30937500e-04,6.55703125e-02,1.01600000e-01
9.12987500e-08,-6.17500000e-04,6.55640625e-02,1.01600000e-01
9.13387500e-08,-6.03750000e-04,6.55531250e-02,1.01600000e-01
9.13787500e-08,-5.90625000e-04,6.55406250e-02,1.01600000e-01
9.14187500e-08,-5.78437500e-04,6.55250000e-02,1.01600000e-01
9.14587500e-08,-5.68125000e-04,6.55062500e-02,1.01600000e-01
9.14987500e-08,-5.59687500e-04,6.54843750e-02,1.01600000e-01
9.15387500e-08,-5.54062500e-04,6.54609375e-02,1.01600000e-01
9.15787500e-08,-5.51250000e-04,6.54359375e-02,1.01600000e-01
9.16187500e-08,-5.51562500e-04,6.54078125e-02,1.01600000e-01
9.16587500e-08,-5.55312500e-04,6.53765625e-02,1.01600000e-01
9.16987500e-08,-5.62187500e-04,6.53453125e-02,1.01600000e-01
9.17387500e-08,-5.71875000e-04,6.53125000e-02,1.01600000e-01
9.17787500e-08,-5.84062500e-04,6.52781250e-02,1.01600000e-01
9.18187500e-08,-5.98750000e-04,6.52421875e-02,1.01600000e-01
9.18587500e-08,-6.15000000e-04,6.52062500e-02,1.01600000e-01
9.18987500e-08,-6.32500000e-04,6.51703125e-02,1.01600000e-01
9.19387500e-08,-6.50000000e-04,6.51343750e-02,1.01600000e-01
9.19787500e-08,-6.67500000e-04,6.51000000e-02,1.01600000e-01
9.20187500e-08,-6.84062500e-04,6.50656250e-02,1.01600000e-01
9.20587500e-08,-6.99375000e-04,6.50328125e-02,1.01600000e-01
9.20987500e-08,-7.12187500e-04,6.50031250e-02,1.01600000e-01
9.21387500e-08,-7.22812500e-04,6.49765625e-02,1.01600000e-01
9.21787500e-08,-7.30625000e-04,6.49531250e-02,1.01600000e-01
9.22187500e-08,-7.35625000e-04,6.49328125e-02,1.01600000e-01
9.22587500e-08,-7.37187500e-04,6.49171875e-02,1.01600000e-01
9.22987500e-08,-7.36250000e-04,6.49062500e-02,1.01600000e-01
9.23387500e-08,-7.32500000e-04,6.48984375e-02,1.01600000e-01
9.23787500e-08,-7.26250000e-04,6.48968750e-02,1.01600000e-01
9.24187500e-08,-7.18125000e-04,6.48984375e-02,1.01600000e-01
9.24587500e-08,-7.08437500e-04,6.49031250e-02,1.01600000e-01
9.24987500e-08,-6.98125000e-04,6.49125000e-02,1.01600000e-01
9.25387500e-08,-6.87500000e-04,6.49234375e-02,1.01600000e-01
9.25787500e-08,-6.77500000e-04,6.49343750e-02,1.01600000e-01
9.26187500e-08,-6.68125000e-04,6.49468750e-02,1.01600000e-01
9.26587500e-08,-6.60625000e-04,6.49578125e-02,1.01600000e-01
9.26987500e-08,-6.54687500e-04,6.49671875e-02,1.01600000e-01
9.27387500e-08,-6.50937500e-04,6.49734375e-02,1.01600000e-01
9.27787500e-08,-6.49687500e-04,6.49750000e-02,1.01600000e-01
9.28187500e-08,-6.50937500e-04,6.49718750e-02,1.01600000e-01
9.28587500e-08,-6.54687500e-04,6.49625000e-02,1.01600000e-01
9.28987500e-08,-6.60937500e-04,6.49453125e-02,1.01600000e-01
9.29387500e-08,-6.69062500e-04,6.49234375e-02,1.01600000e-01
9.29787500e-08,-6.79062500e-04,6.48937500e-02,1.01600000e-01
9.30187500e-08,-6.90000000e-04,6.48593750e-02,1.01600000e-01
9.30587500e-08,-7.01875000e-04,6.48187500e-02,1.01600000e-01
9.30987500e-08,-7.14062500e-04,6.47718750e-02,1.01600000e-01
9.31387500e-08,-7.26250000e-04,6.47218750e-02,1.01600000e-01
9.31787500e-08,-7.37500000e-04,6.46687500e-02,1.01600000e-01
9.32187500e-08,-7.47812500e-04,6.46140625e-02,1.01600000e-01
9.32587500e-08,-7.56875000e-04,6.45593750e-02,1.01600000e-01
9.32987500e-08,-7.64062500e-04,6.45046875e-02,1.01600000e-01
9.33387500e-08,-7.69687500e-04,6.44531250e-02,1.01600000e-01
9.33787500e-08,-7.73437500e-04,6.44031250e-02,1.01600000e-01
9.34187500e-08,-7.75312500e-04,6.43578125e-02,1.01600000e-01
9.34587500e-08,-7.75625000e-04,6.43171875e-02,1.01600000e-01
9.34987500e-08,-7.74375000e-04,6.42796875e-02,1.01600000e-01
9.35387500e-08,-7.72187500e-04,6.42484375e-02,1.01600000e-01
9.35787500e-08,-7.69375000e-04,6.42218750e-02,1.01600000e-01
9.36187500e-08,-7.65937500e-04,6.42000000e-02,1.01600000e-01
9.36587500e-08,-7.62500000e-04,6.41812500e-02,1.01600000e-01
9.36987500e-08,-7.59687500e-04,6.41671875e-02,1.01600000e-01
9.37387500e-08,-7.57187500e-04,6.41546875e-02,1.01600000e-01
9.37787500e-08,-7.55625000e-04,6.41421875e-02,1.01600000e-01
9.38187500e-08,-7.55312500e-04,6.41328125e-02,1.01600000e-01
9.38587500e-08,-7.56250000e-04,6.41234375e-02,1.01600000e-01
9.38987500e-08,-7.58125000e-04,6.41125000e-02,1.01600000e-01
9.39387500e-08,-7.61250000e-04,6.41015625e-02,1.01600000e-01
9.39787500e-08,-7.65000000e-04,6.40890625e-02,1.01600000e-01
9.40187500e-08,-7.69687500e-04,6.40750000e-02,1.01600000e-01
9.40587500e-08,-7.74687500e-04,6.40609375e-02,1.01600000e-01
9.40987500e-08,-7.79687500e-04,6.40453125e-02,1.01600000e-01
9.41387500e-08,-7.84375000e-04,6.40281250e-02,1.01600000e-01
9.41787500e-08,-7.88125000e-04,6.40125000e-02,1.01600000e-01
9.42187500e-08,-7.90937500e-04,6.39968750e-02,1.01600000e-01
9.42587500e-08,-7.92500000e-04,6.39828125e-02,1.01600000e-01
9.42987500e-08,-7.92187500e-04,6.39703125e-02,1.01600000e-01
9.43387500e-08,-7.90312500e-04,6.39609375e-02,1.01600000e-01
9.43787500e-08,-7.86562500e-04,6.39546875e-02,1.01600000e-01
9.44187500e-08,-7.80625000e-04,6.39515625e-02,1.01600000e-01
9.44587500e-08,-7.72812500e-04,6.39515625e-02,1.01600000e-01
9.44987500e-08,-7.63437500e-04,6.39531250e-02,1.01600000e-01
9.45387500e-08,-7.52500000e-04,6.39593750e-02,1.01600000e-01
9.45787500e-08,-7.40000000e-04,6.39671875e-02,1.01600000e-01
9.46187500e-08,-7.26875000e-04,6.39765625e-02,1.01600000e-01
9.46587500e-08,-7.12812500e-04,6.39843750e-02,1.01600000e-01
9.46987500e-08,-6.98125000e-04,6.39937500e-02,1.01600000e-01
9.47387500e-08,-6.83750000e-04,6.40015625e-02,1.01600000e-01
9.47787500e-08,-6.69375000e-04,6.40062500e-02,1.01600000e-01
9.48187500e-08,-6.55625000e-04,6.40078125e-02,1.01600000e-01
9.48587500e-08,-6.42812500e-04,6.40062500e-02,1.01600000e-01
9.48987500e-08,-6.30625000e-04,6.40000000e-02,1.01600000e-01
9.49387500e-08,-6.19687500e-04,6.39875000e-02,1.01600000e-01
9.49787500e-08,-6.10000000e-04,6.39718750e-02,1.01600000e-01
9.50187500e-08,-6.01250000e-04,6.39515625e-02,1.01600000e-01
9.50587500e-08,-5.94062500e-04,6.39265625e-02,1.01600000e-01
9.50987500e-08,-5.88125000e-04,6.38984375e-02,1.01600000e-01
9.51387500e-08,-5.83125000e-04,6.38671875e-02,1.01600000e-01
9.51787500e-08,-5.79375000e-04,6.38359375e-02,1.01600000e-01
9.52187500e-08,-5.76875000e-04,6.38031250e-02,1.01600000e-01
9.52587500e-08,-5.75312500e-04,6.37718750e-02,1.01600000e-01
9.52987500e-08,-5.74687500e-04,6.37437500e-02,1.01600000e-01
9.53387500e-08,-5.75000000e-04,6.37171875e-02,1.01600000e-01
9.53787500e-08,-5.76562500e-04,6.36937500e-02,1.01600000e-01
9.54187500e-08,-5.79062500e-04,6.36750000e-02,1.01600000e-01
9.54587500e-08,-5.82500000e-04,6.36593750e-02,1.01600000e-01
9.54987500e-08,-5.86875000e-04,6.36484375e-02,1.01600000e-01
9.55387500e-08,-5.92187500e-04,6.36421875e-02,1.01600000e-01
9.55787500e-08,-5.98750000e-04,6.36375000e-02,1.01600000e-01
9.56187500e-08,-6.06250000e-04,6.36359375e-02,1.01600000e-01
9.56587500e-08,-6.14375000e-04,6.36359375e-02,1.01600000e-01
9.56987500e-08,-6.23437500e-04,6.36343750e-02,1.01600000e-01
9.57387500e-08,-6.33125000e-04,6.36312500e-02,1.01600000e-01
9.57787500e-08,-6.42812500e-04,6.36250000e-02,1.01600000e-01
9.58187500e-08,-6.53125000e-04,6.36156250e-02,1.01600000e-01
9.58587500e-08,-6.62812500e-04,6.36015625e-02,1.01600000e-01
9.58987500e-08,-6.72500000e-04,6.35796875e-02,1.01600000e-01
9.59387500e-08,-6.80937500e-04,6.35531250e-02,1.01600000e-01
9.59787500e-08,-6.88750000e-04,6.35203125e-02,1.01600000e-01
9.60187500e-08,-6.94687500e-04,6.34796875e-02,1.01600000e-01
9.60587500e-08,-6.99375000e-04,6.34359375e-02,1.01600000e-01
9.60987500e-08,-7.02187500e-04,6.33859375e-02,1.01600000e-01
9.61387500e-08,-7.02812500e-04,6.33328125e-02,1.01600000e-01
9.61787500e-08,-7.01562500e-04,6.32765625e-02,1.01600000e-01
9.62187500e-08,-6.98125000e-04,6.32218750e-02,1.01600000e-01
9.62587500e-08,-6.92812500e-04,6.31671875e-02,1.01600000e-01
9.62987500e-08,-6.85625000e-04,6.31156250e-02,1.01600000e-01
9.63387500e-08,-6.77500000e-04,6.30703125e-02,1.01600000e-01
9.63787500e-08,-6.67812500e-04,6.30296875e-02,1.01600000e-01
9.64187500e-08,-6.57812500e-04,6.29953125e-02,1.01600000e-01
9.64587500e-08,-6.47500000e-04,6.29703125e-02,1.01600000e-01
9.64987500e-08,-6.37812500e-04,6.29531250e-02,1.01600000e-01
9.65387500e-08,-6.28437500e-04,6.29437500e-02,1.01600000e-01
9.65787500e-08,-6.20625000e-04,6.29437500e-02,1.01600000e-01
9.66187500e-08,-6.14375000e-04,6.29500000e-02,1.01600000e-01
9.66587500e-08,-6.09687500e-04,6.29640625e-02,1.01600000e-01
9.66987500e-08,-6.07500000e-04,6.29828125e-02,1.01600000e-01
9.67387500e-08,-6.07500000e-04,6.30046875e-02,1.01600000e-01
9.67787500e-08,-6.09687500e-04,6.30296875e-02,1.01600000e-01
9.68187500e-08,-6.14062500e-04,6.30531250e-02,1.01600000e-01
9.68587500e-08,-6.20625000e-04,6.30765625e-02,1.01600000e-01
9.68987500e-08,-6.28750000e-04,6.30984375e-02,1.01600000e-01
9.69387500e-08,-6.38125000e-04,6.31140625e-02,1.01600000e-01
9.69787500e-08,-6.48125000e-04,6.31250000e-02,1.01600000e-01
9.70187500e-08,-6.58750000e-04,6.31312500e-02,1.01600000e-01
9.70587500e-08,-6.69062500e-04,6.31296875e-02,1.01600000e-01
9.70987500e-08,-6.78437500e-04,6.31203125e-02,1.01600000e-01
9.71387500e-08,-6.87187500e-04,6.31062500e-02,1.01600000e-01
9.71787500e-08,-6.94062500e-04,6.30843750e-02,1.01600000e-01
9.72187500e-08,-6.99062500e-04,6.30578125e-02,1.01600000e-01
9.72587500e-08,-7.01562500e-04,6.30250000e-02,1.01600000e-01
9.72987500e-08,-7.02187500e-04,6.29906250e-02,1.01600000e-01
9.73387500e-08,-7.00312500e-04,6.29515625e-02,1.01600000e-01
9.73787500e-08,-6.95937500e-04,6.29109375e-02,1.01600000e-01
9.74187500e-08,-6.89687500e-04,6.28703125e-02,1.01600000e-01
9.74587500e-08,-6.81562500e-04,6.28281250e-02,1.01600000e-01
9.74987500e-08,-6.71562500e-04,6.27875000e-02,1.01600000e-01
9.75387500e-08,-6.60625000e-04,6.27468750e-02,1.01600000e-01
9.75787500e-08,-6.49062500e-04,6.27078125e-02,1.01600000e-01
9.76187500e-08,-6.36875000e-04,6.26703125e-02,1.01600000e-01
9.76587500e-08,-6.25000000e-04,6.26343750e-02,1.01600000e-01
9.76987500e-08,-6.13437500e-04,6.25984375e-02,1.01600000e-01
9.77387500e-08,-6.02812500e-04,6.25640625e-02,1.01600000e-01
9.77787500e-08,-5.93437500e-04,6.25281250e-02,1.01600000e-01
9.78187500e-08,-5.85312500e-04,6.24937500e-02,1.01600000e-01
9.78587500e-08,-5.78750000e-04,6.24593750e-02,1.01600000e-01
9.78987500e-08,-5.73750000e-04,6.24234375e-02,1.01600000e-01
9.79387500e-08,-5.70312500e-04,6.23859375e-02,1.01600000e-01
9.79787500e-08,-5.68437500e-04,6.23500000e-02,1.01600000e-01
9.80187500e-08,-5.67812500e-04,6.23125000e-02,1.01600000e-01
9.80587500e-08,-5.68750000e-04,6.22750000e-02,1.01600000e-01
9.80987500e-08,-5.70312500e-04,6.22390625e-02,1.01600000e-01
9.81387500e-08,-5.73125000e-04,6.22046875e-02,1.01600000e-01
9.81787500e-08,-5.76562500e-04,6.21718750e-02,1.01600000e-01
9.82187500e-08,-5.80312500e-04,6.21421875e-02,1.01600000e-01
9.82587500e-08,-5.84375000e-04,6.21171875e-02,1.01600000e-01
9.82987500e-08,-5.88750000e-04,6.20968750e-02,1.01600000e-01
9.83387500e-08,-5.93437500e-04,6.20812500e-02,1.01600000e-01
9.83787500e-08,-5.97812500e-04,6.20718750e-02,1.01600000e-01
9.84187500e-08,-6.02812500e-04,6.20671875e-02,1.01600000e-01
9.84587500e-08,-6.07500000e-04,6.20687500e-02,1.01600000e-01
9.84987500e-08,-6.12812500e-04,6.20750000e-02,1.01600000e-01
9.85387500e-08,-6.18125000e-04,6.20859375e-02,1.01600000e-01
9.85787500e-08,-6.24062500e-04,6.21000000e-02,1.01600000e-01
9.86187500e-08,-6.30312500e-04,6.21156250e-02,1.01600000e-01
9.86587500e-08,-6.37187500e-04,6.21328125e-02,1.01600000e-01
9.86987500e-08,-6.44687500e-04,6.21484375e-02,1.01600000e-01
9.87387500e-08,-6.52500000e-04,6.21609375e-02,1.01600000e-01
9.87787500e-08,-6.60937500e-04,6.21703125e-02,1.01600000e-01
9.88187500e-08,-6.70000000e-04,6.21750000e-02,1.01600000e-01
9.88587500e-08,-6.79062500e-04,6.21734375e-02,1.01600000e-01
9.88987500e-08,-6.88125000e-04,6.21640625e-02,1.01600000e-01
9.89387500e-08,-6.97187500e-04,6.21484375e-02,1.01600000e-01
9.89787500e-08,-7.05625000e-04,6.21234375e-02,1.01600000e-01
9.90187500e-08,-7.13437500e-04,6.20921875e-02,1.01600000e-01
9.90587500e-08,-7.20312500e-04,6.20546875e-02,1.01600000e-01
9.90987500e-08,-7.25937500e-04,6.20109375e-02,1.01600000e-01
9.91387500e-08,-7.30000000e-04,6.19640625e-02,1.01600000e-01
9.91787500e-08,-7.32812500e-04,6.19140625e-02,1.01600000e-01
9.92187500e-08,-7.33750000e-04,6.18625000e-02,1.01600000e-01
9.92587500e-08,-7.33125000e-04,6.18125000e-02,1.01600000e-01
9.92987500e-08,-7.30625000e-04,6.17640625e-02,1.01600000e-01
9.93387500e-08,-7.26250000e-04,6.17218750e-02,1.01600000e-01
9.93787500e-08,-7.20625000e-04,6.16843750e-02,1.01600000e-01
9.94187500e-08,-7.13750000e-04,6.16546875e-02,1.01600000e-01
9.94587500e-08,-7.05625000e-04,6.16328125e-02,1.01600000e-01
9.94987500e-08,-6.96875000e-04,6.16187500e-02,1.01600000e-01
9.95387500e-08,-6.87500000e-04,6.16156250e-02,1.01600000e-01
9.95787500e-08,-6.78125000e-04,6.16187500e-02,1.01600000e-01
9.96187500e-08,-6.68437500e-04,6.16312500e-02,1.01600000e-01
9.96587500e-08,-6.59687500e-04,6.16500000e-02,1.01600000e-01
9.96987500e-08,-6.51250000e-04,6.16734375e-02,1.01600000e-01
9.97387500e-08,-6.44062500e-04,6.17015625e-02,1.01600000e-01
9.97787500e-08,-6.37500000e-04,6.17312500e-02,1.01600000e-01
9.98187500e-08,-6.32187500e-04,6.17609375e-02,1.01600000e-01
9.98587500e-08,-6.28125000e-04,6.17890625e-02,1.01600000e-01
9.98987500e-08,-6.25312500e-04,6.18140625e-02,1.01600000e-01
9.99387500e-08,-6.23437500e-04,6.18343750e-02,1.01600000e-01
9.99787500e-08,-6.22812500e-04,6.18484375e-02,1.01600000e-01
1.00018750e-07,-6.22812500e-04,6.18546875e-02,1.01600000e-01
1.00058750e-07,-6.23750000e-04,6.18562500e-02,1.01600000e-01
1.00098750e-07,-6.25312500e-04,6.18484375e-02,1.01600000e-01
1.00138750e-07,-6.27187500e-04,6.18359375e-02,1.01600000e-01
1.00178750e-07,-6.29375000e-04,6.18156250e-02,1.01600000e-01
1.00218750e-07,-6.31875000e-04,6.17906250e-02,1.01600000e-01
1.00258750e-07,-6.34687500e-04,6.17625000e-02,1.01600000e-01
1.00298750e-07,-6.37500000e-04,6.17312500e-02,1.01600000e-01
1.00338750e-07,-6.40312500e-04,6.16984375e-02,1.01600000e-01
1.00378750e-07,-6.43437500e-04,6.16656250e-02,1.01600000e-01
1.00418750e-07,-6.46562500e-04,6.16359375e-02,1.01600000e-01
1.00458750e-07,-6.50312500e-04,6.16062500e-02,1.01600000e-01
1.00498750e-07,-6.54062500e-04,6.15812500e-02,1.01600000e-01
1.00538750e-07,-6.58437500e-04,6.15609375e-02,1.01600000e-01
1.00578750e-07,-6.63125000e-04,6.15437500e-02,1.01600000e-01
1.00618750e-07,-6.68437500e-04,6.15312500e-02,1.01600000e-01
1.00658750e-07,-6.74062500e-04,6.15218750e-02,1.01600000e-01
1.00698750e-07,-6.80000000e-04,6.15140625e-02,1.01600000e-01
1.00738750e-07,-6.86250000e-04,6.15093750e-02,1.01600000e-01
1.00778750e-07,-6.92812500e-04,6.15062500e-02,1.01600000e-01
1.00818750e-07,-6.99375000e-04,6.15000000e-02,1.01600000e-01
1.00858750e-07,-7.05312500e-04,6.14937500e-02,1.01600000e-01
1.00898750e-07,-7.10937500e-04,6.14843750e-02,1.01600000e-01
1.00938750e-07,-7.15625000e-04,6.14703125e-02,1.01600000e-01
1.00978750e-07,-7.19375000e-04,6.14515625e-02,1.01600000e-01
1.01018750e-07,-7.21562500e-04,6.14281250e-02,1.01600000e-01
1.01058750e-07,-7.22187500e-04,6.13984375e-02,1.01600000e-01
1.01098750e-07,-7.21250000e-04,6.13640625e-02,1.01600000e-01
1.01138750e-07,-7.18125000e-04,6.13250000e-02,1.01600000e-01
1.01178750e-07,-7.13437500e-04,6.12812500e-02,1.01600000e-01
1.01218750e-07,-7.06562500e-04,6.12359375e-02,1.01600000e-01
1.01258750e-07,-6.97812500e-04,6.11890625e-02,1.01600000e-01
1.01298750e-07,-6.87812500e-04,6.11421875e-02,1.01600000e-01
1.01338750e-07,-6.76250000e-04,6.10984375e-02,1.01600000e-01
1.01378750e-07,-6.63750000e-04,6.10578125e-02,1.01600000e-01
1.01418750e-07,-6.50937500e-04,6.10234375e-02,1.01600000e-01
1.01458750e-07,-6.37812500e-04,6.09937500e-02,1.01600000e-01
1.01498750e-07,-6.25000000e-04,6.09734375e-02,1.01600000e-01
1.01538750e-07,-6.13125000e-04,6.09609375e-02,1.01600000e-01
1.01578750e-07,-6.02187500e-04,6.09578125e-02,1.01600000e-01
1.01618750e-07,-5.93125000e-04,6.09625000e-02,1.01600000e-01
1.01658750e-07,-5.85937500e-04,6.09750000e-02,1.01600000e-01
1.01698750e-07,-5.80625000e-04,6.09937500e-02,1.01600000e-01
1.01738750e-07,-5.77500000e-04,6.10187500e-02,1.01600000e-01
1.01778750e-07,-5.76875000e-04,6.10484375e-02,1.01600000e-01
1.01818750e-07,-5.78125000e-04,6.10796875e-02,1.01600000e-01
1.01858750e-07,-5.81562500e-04,6.11093750e-02,1.01600000e-01
1.01898750e-07,-5.86875000e-04,6.11390625e-02,1.01600000e-01
1.01938750e-07,-5.93750000e-04,6.11625000e-02,1.01600000e-01
1.01978750e-07,-6.01562500e-04,6.11812500e-02,1.01600000e-01
