Model,MSO64
Channel,CH1,,Channel,CH2,,Channel,CH3
Label,,,Label,,,Label,
Waveform Type,ANALOG,,Waveform Type,ANALOG,,Waveform Type,ANALOG
Digital Type,None,,Digital Type,None,,Digital Type,None
Horizontal Units,s,,Horizontal Units,s,,Horizontal Units,s
Sample Interval,4.00000000e-11,,Sample Interval,4.00000000e-11,,Sample Interval,4.00000000e-11
Record Length,5000,,Record Length,5000,,Record Length,5000
Zero Index,2449.53125000,,Zero Index,2449.53125000,,Zero Index,2449.53125000
Vertical Units,V,,Vertical Units,V,,Vertical Units,V
,,,,,,,
ANALOG_Thumbnail,,,ANALOG_Thumbnail,,,ANALOG_Thumbnail,
yOffset,0.000000,,yOffset,0.000000,,yOffset,0.000000
yPosition,-0.680000,,yPosition,-2.140000,,yPosition,0.000000

Labels,,,
TIME,CH1,CH2,CH3
-9.79812500e-08,-4.45312500e-03,3.00468750e-03,3.92187500e-03
-9.79412500e-08,-4.45000000e-03,3.01562500e-03,3.92500000e-03
-9.79012500e-08,-4.44687500e-03,3.02656250e-03,3.93125000e-03
-9.78612500e-08,-4.44687500e-03,3.03906250e-03,3.94375000e-03
-9.78212500e-08,-4.44687500e-03,3.05156250e-03,3.95625000e-03
-9.77812500e-08,-4.44687500e-03,3.06406250e-03,3.97500000e-03
-9.77412500e-08,-4.45000000e-03,3.07656250e-03,3.99687500e-03
-9.77012500e-08,-4.45312500e-03,3.08750000e-03,4.01875000e-03
-9.76612500e-08,-4.45625000e-03,3.09687500e-03,4.04062500e-03
-9.76212500e-08,-4.45937500e-03,3.10312500e-03,4.05937500e-03
-9.75812500e-08,-4.46250000e-03,3.10781250e-03,4.07812500e-03
-9.75412500e-08,-4.46875000e-03,3.10937500e-03,4.09375000e-03
-9.75012500e-08,-4.47812500e-03,3.10781250e-03,4.10625000e-03
-9.74612500e-08,-4.48750000e-03,3.10312500e-03,4.11250000e-03
-9.74212500e-08,-4.50000000e-03,3.09531250e-03,4.10937500e-03
-9.73812500e-08,-4.51562500e-03,3.08593750e-03,4.10312500e-03
-9.73412500e-08,-4.53750000e-03,3.07343750e-03,4.08750000e-03
-9.73012500e-08,-4.56250000e-03,3.05937500e-03,4.06562500e-03
-9.72612500e-08,-4.59062500e-03,3.04531250e-03,4.03750000e-03
-9.72212500e-08,-4.62500000e-03,3.02968750e-03,4.00312500e-03
-9.71812500e-08,-4.66562500e-03,3.01406250e-03,3.96562500e-03
-9.71412500e-08,-4.70625000e-03,3.00000000e-03,3.92187500e-03
-9.71012500e-08,-4.75312500e-03,2.98750000e-03,3.87500000e-03
-9.70612500e-08,-4.80000000e-03,2.97500000e-03,3.82500000e-03
-9.70212500e-08,-4.85000000e-03,2.96718750e-03,3.77812500e-03
-9.69812500e-08,-4.90000000e-03,2.96093750e-03,3.73125000e-03
-9.69412500e-08,-4.94687500e-03,2.95781250e-03,3.69062500e-03
-9.69012500e-08,-4.99062500e-03,2.95781250e-03,3.65312500e-03
-9.68612500e-08,-5.02812500e-03,2.96250000e-03,3.62187500e-03
-9.68212500e-08,-5.06250000e-03,2.96875000e-03,3.60000000e-03
-9.67812500e-08,-5.08437500e-03,2.97812500e-03,3.58437500e-03
-9.67412500e-08,-5.10000000e-03,2.99062500e-03,3.57812500e-03
-9.67012500e-08,-5.10625000e-03,3.00625000e-03,3.58125000e-03
-9.66612500e-08,-5.10312500e-03,3.02187500e-03,3.59375000e-03
-9.66212500e-08,-5.08750000e-03,3.04062500e-03,3.61250000e-03
-9.65812500e-08,-5.05937500e-03,3.05937500e-03,3.64375000e-03
-9.65412500e-08,-5.02500000e-03,3.07968750e-03,3.67812500e-03
-9.65012500e-08,-4.98125000e-03,3.10000000e-03,3.71875000e-03
-9.64612500e-08,-4.92812500e-03,3.11875000e-03,3.76250000e-03
-9.64212500e-08,-4.86875000e-03,3.13593750e-03,3.80937500e-03
-9.63812500e-08,-4.80625000e-03,3.15312500e-03,3.85937500e-03
-9.63412500e-08,-4.73750000e-03,3.16718750e-03,3.90625000e-03
-9.63012500e-08,-4.67187500e-03,3.17968750e-03,3.95000000e-03
-9.62612500e-08,-4.60312500e-03,3.18906250e-03,3.99062500e-03
-9.62212500e-08,-4.53750000e-03,3.19687500e-03,4.02812500e-03
-9.61812500e-08,-4.47500000e-03,3.20000000e-03,4.05625000e-03
-9.61412500e-08,-4.41562500e-03,3.20156250e-03,4.08125000e-03
-9.61012500e-08,-4.36250000e-03,3.20000000e-03,4.09687500e-03
-9.60612500e-08,-4.31562500e-03,3.19531250e-03,4.10625000e-03
-9.60212500e-08,-4.27500000e-03,3.18750000e-03,4.10625000e-03
-9.59812500e-08,-4.24062500e-03,3.17656250e-03,4.10312500e-03
-9.59412500e-08,-4.21250000e-03,3.16562500e-03,4.09375000e-03
-9.59012500e-08,-4.18750000e-03,3.15156250e-03,4.07812500e-03
-9.58612500e-08,-4.16875000e-03,3.13593750e-03,4.05937500e-03
-9.58212500e-08,-4.15312500e-03,3.12031250e-03,4.04062500e-03
-9.57812500e-08,-4.13750000e-03,3.10468750e-03,4.01875000e-03
-9.57412500e-08,-4.12500000e-03,3.08906250e-03,4.00000000e-03
-9.57012500e-08,-4.11562500e-03,3.07500000e-03,3.98125000e-03
-9.56612500e-08,-4.10312500e-03,3.06250000e-03,3.96250000e-03
-9.56212500e-08,-4.09062500e-03,3.05156250e-03,3.95000000e-03
-9.55812500e-08,-4.07500000e-03,3.04218750e-03,3.94062500e-03
-9.55412500e-08,-4.05937500e-03,3.03750000e-03,3.93437500e-03
-9.55012500e-08,-4.04375000e-03,3.03437500e-03,3.93437500e-03
-9.54612500e-08,-4.02500000e-03,3.03437500e-03,3.93750000e-03
-9.54212500e-08,-4.00625000e-03,3.03750000e-03,3.94375000e-03
-9.53812500e-08,-3.98750000e-03,3.04218750e-03,3.95625000e-03
-9.53412500e-08,-3.96875000e-03,3.05000000e-03,3.96875000e-03
-9.53012500e-08,-3.95000000e-03,3.05937500e-03,3.98125000e-03
-9.52612500e-08,-3.93437500e-03,3.07031250e-03,3.99687500e-03
-9.52212500e-08,-3.92187500e-03,3.08281250e-03,4.01250000e-03
-9.51812500e-08,-3.91562500e-03,3.09531250e-03,4.02812500e-03
-9.51412500e-08,-3.91250000e-03,3.10625000e-03,4.04062500e-03
-9.51012500e-08,-3.91250000e-03,3.11562500e-03,4.05000000e-03
-9.50612500e-08,-3.91875000e-03,3.12187500e-03,4.05625000e-03
-9.50212500e-08,-3.93125000e-03,3.12656250e-03,4.05937500e-03
-9.49812500e-08,-3.95000000e-03,3.12812500e-03,4.05937500e-03
-9.49412500e-08,-3.97187500e-03,3.12500000e-03,4.05312500e-03
-9.49012500e-08,-4.00000000e-03,3.11875000e-03,4.04375000e-03
-9.48612500e-08,-4.03437500e-03,3.10937500e-03,4.03437500e-03
-9.48212500e-08,-4.06875000e-03,3.09687500e-03,4.01875000e-03
-9.47812500e-08,-4.10937500e-03,3.08125000e-03,4.00312500e-03
-9.47412500e-08,-4.14687500e-03,3.06250000e-03,3.98750000e-03
-9.47012500e-08,-4.19062500e-03,3.04375000e-03,3.96875000e-03
-9.46612500e-08,-4.23125000e-03,3.02343750e-03,3.95312500e-03
-9.46212500e-08,-4.27187500e-03,3.00468750e-03,3.94062500e-03
-9.45812500e-08,-4.30937500e-03,2.98750000e-03,3.93125000e-03
-9.45412500e-08,-4.34375000e-03,2.97187500e-03,3.92187500e-03
-9.45012500e-08,-4.37500000e-03,2.96093750e-03,3.92187500e-03
-9.44612500e-08,-4.40312500e-03,2.95468750e-03,3.92500000e-03
-9.44212500e-08,-4.42812500e-03,2.95468750e-03,3.93125000e-03
-9.43812500e-08,-4.45000000e-03,2.95937500e-03,3.94687500e-03
-9.43412500e-08,-4.46250000e-03,2.97031250e-03,3.96562500e-03
-9.43012500e-08,-4.47500000e-03,2.98593750e-03,3.99062500e-03
-9.42612500e-08,-4.48125000e-03,3.00781250e-03,4.01875000e-03
-9.42212500e-08,-4.48437500e-03,3.03593750e-03,4.05000000e-03
-9.41812500e-08,-4.48125000e-03,3.06562500e-03,4.08750000e-03
-9.41412500e-08,-4.47812500e-03,3.10000000e-03,4.12500000e-03
-9.41012500e-08,-4.46875000e-03,3.13437500e-03,4.16250000e-03
-9.40612500e-08,-4.45625000e-03,3.16875000e-03,4.20312500e-03
-9.40212500e-08,-4.44062500e-03,3.20312500e-03,4.24062500e-03
-9.39812500e-08,-4.42500000e-03,3.23281250e-03,4.27500000e-03
-9.39412500e-08,-4.40312500e-03,3.25937500e-03,4.30312500e-03
-9.39012500e-08,-4.38125000e-03,3.28125000e-03,4.33125000e-03
-9.38612500e-08,-4.35625000e-03,3.29531250e-03,4.35000000e-03
-9.38212500e-08,-4.33125000e-03,3.30156250e-03,4.36562500e-03
-9.37812500e-08,-4.30000000e-03,3.30156250e-03,4.37500000e-03
-9.37412500e-08,-4.26875000e-03,3.29375000e-03,4.37500000e-03
-9.37012500e-08,-4.23437500e-03,3.27968750e-03,4.36875000e-03
-9.36612500e-08,-4.20000000e-03,3.25781250e-03,4.35937500e-03
-9.36212500e-08,-4.15937500e-03,3.22968750e-03,4.34062500e-03
-9.35812500e-08,-4.11875000e-03,3.19843750e-03,4.31875000e-03
-9.35412500e-08,-4.07500000e-03,3.16250000e-03,4.29062500e-03
-9.35012500e-08,-4.02500000e-03,3.12500000e-03,4.25937500e-03
-9.34612500e-08,-3.97500000e-03,3.08750000e-03,4.22500000e-03
-9.34212500e-08,-3.92187500e-03,3.05000000e-03,4.19062500e-03
-9.33812500e-08,-3.86562500e-03,3.01562500e-03,4.15625000e-03
-9.33412500e-08,-3.80625000e-03,2.98437500e-03,4.12187500e-03
-9.33012500e-08,-3.74375000e-03,2.95781250e-03,4.09062500e-03
-9.32612500e-08,-3.68125000e-03,2.93593750e-03,4.06250000e-03
-9.32212500e-08,-3.61250000e-03,2.92031250e-03,4.03750000e-03
-9.31812500e-08,-3.54687500e-03,2.90937500e-03,4.01562500e-03
-9.31412500e-08,-3.47812500e-03,2.90468750e-03,4.00000000e-03
-9.31012500e-08,-3.41250000e-03,2.90312500e-03,3.99062500e-03
-9.30612500e-08,-3.34687500e-03,2.90625000e-03,3.98125000e-03
-9.30212500e-08,-3.28437500e-03,2.91093750e-03,3.98125000e-03
-9.29812500e-08,-3.22500000e-03,2.91875000e-03,3.98125000e-03
-9.29412500e-08,-3.16875000e-03,2.92656250e-03,3.98750000e-03
-9.29012500e-08,-3.11875000e-03,2.93281250e-03,3.99375000e-03
-9.28612500e-08,-3.07812500e-03,2.93750000e-03,4.00312500e-03
-9.28212500e-08,-3.04375000e-03,2.93906250e-03,4.01250000e-03
-9.27812500e-08,-3.01875000e-03,2.93750000e-03,4.02187500e-03
-9.27412500e-08,-3.00312500e-03,2.93125000e-03,4.03125000e-03
-9.27012500e-08,-2.99687500e-03,2.92187500e-03,4.03750000e-03
-9.26612500e-08,-3.00312500e-03,2.90781250e-03,4.04375000e-03
-9.26212500e-08,-3.02187500e-03,2.89218750e-03,4.04375000e-03
-9.25812500e-08,-3.05000000e-03,2.87187500e-03,4.04375000e-03
-9.25412500e-08,-3.09062500e-03,2.85000000e-03,4.03750000e-03
-9.25012500e-08,-3.14062500e-03,2.82812500e-03,4.03125000e-03
-9.24612500e-08,-3.19687500e-03,2.80781250e-03,4.01875000e-03
-9.24212500e-08,-3.26562500e-03,2.78750000e-03,4.00625000e-03
-9.23812500e-08,-3.33750000e-03,2.77187500e-03,3.99375000e-03
-9.23412500e-08,-3.41562500e-03,2.75937500e-03,3.97812500e-03
-9.23012500e-08,-3.49687500e-03,2.75312500e-03,3.96562500e-03
-9.22612500e-08,-3.58125000e-03,2.75156250e-03,3.95312500e-03
-9.22212500e-08,-3.66250000e-03,2.75625000e-03,3.94375000e-03
-9.21812500e-08,-3.74062500e-03,2.76718750e-03,3.93750000e-03
-9.21412500e-08,-3.81562500e-03,2.78281250e-03,3.93750000e-03
-9.21012500e-08,-3.88437500e-03,2.80468750e-03,3.93750000e-03
-9.20612500e-08,-3.94687500e-03,2.82968750e-03,3.94375000e-03
-9.20212500e-08,-4.00000000e-03,2.85781250e-03,3.95625000e-03
-9.19812500e-08,-4.04375000e-03,2.88750000e-03,3.96875000e-03
-9.19412500e-08,-4.07500000e-03,2.91718750e-03,3.98750000e-03
-9.19012500e-08,-4.10000000e-03,2.94531250e-03,4.00625000e-03
-9.18612500e-08,-4.11250000e-03,2.97187500e-03,4.02812500e-03
-9.18212500e-08,-4.11562500e-03,2.99531250e-03,4.05000000e-03
-9.17812500e-08,-4.11250000e-03,3.01250000e-03,4.06875000e-03
-9.17412500e-08,-4.10000000e-03,3.02500000e-03,4.08750000e-03
-9.17012500e-08,-4.08125000e-03,3.03281250e-03,4.10000000e-03
-9.16612500e-08,-4.05625000e-03,3.03437500e-03,4.10625000e-03
-9.16212500e-08,-4.03125000e-03,3.02968750e-03,4.10625000e-03
-9.15812500e-08,-4.00000000e-03,3.02187500e-03,4.10000000e-03
-9.15412500e-08,-3.97187500e-03,3.00937500e-03,4.08750000e-03
-9.15012500e-08,-3.94375000e-03,2.99531250e-03,4.06250000e-03
-9.14612500e-08,-3.91562500e-03,2.98125000e-03,4.03437500e-03
-9.14212500e-08,-3.89062500e-03,2.96718750e-03,3.99375000e-03
-9.13812500e-08,-3.86875000e-03,2.95312500e-03,3.95000000e-03
-9.13412500e-08,-3.85312500e-03,2.94375000e-03,3.90312500e-03
-9.13012500e-08,-3.83750000e-03,2.93906250e-03,3.85000000e-03
-9.12612500e-08,-3.82500000e-03,2.94062500e-03,3.79687500e-03
-9.12212500e-08,-3.81875000e-03,2.94687500e-03,3.74375000e-03
-9.11812500e-08,-3.81250000e-03,2.95937500e-03,3.69375000e-03
-9.11412500e-08,-3.80937500e-03,2.97656250e-03,3.65000000e-03
-9.11012500e-08,-3.80312500e-03,3.00156250e-03,3.60937500e-03
-9.10612500e-08,-3.80000000e-03,3.02968750e-03,3.58125000e-03
-9.10212500e-08,-3.79687500e-03,3.06093750e-03,3.55937500e-03
-9.09812500e-08,-3.78750000e-03,3.09531250e-03,3.55000000e-03
-9.09412500e-08,-3.78125000e-03,3.12968750e-03,3.55000000e-03
-9.09012500e-08,-3.76875000e-03,3.16250000e-03,3.56250000e-03
-9.08612500e-08,-3.75312500e-03,3.19218750e-03,3.58437500e-03
-9.08212500e-08,-3.73437500e-03,3.21718750e-03,3.61562500e-03
-9.07812500e-08,-3.71562500e-03,3.23593750e-03,3.65625000e-03
-9.07412500e-08,-3.69375000e-03,3.24843750e-03,3.70625000e-03
-9.07012500e-08,-3.66875000e-03,3.25156250e-03,3.75625000e-03
-9.06612500e-08,-3.64375000e-03,3.24843750e-03,3.81250000e-03
-9.06212500e-08,-3.61875000e-03,3.23593750e-03,3.86875000e-03
-9.05812500e-08,-3.59375000e-03,3.21406250e-03,3.92187500e-03
-9.05412500e-08,-3.57187500e-03,3.18750000e-03,3.97500000e-03
-9.05012500e-08,-3.55312500e-03,3.15468750e-03,4.01875000e-03
-9.04612500e-08,-3.54062500e-03,3.11562500e-03,4.05937500e-03
-9.04212500e-08,-3.52812500e-03,3.07500000e-03,4.08750000e-03
-9.03812500e-08,-3.52500000e-03,3.03437500e-03,4.10937500e-03
-9.03412500e-08,-3.52500000e-03,2.99375000e-03,4.12187500e-03
-9.03012500e-08,-3.53125000e-03,2.95625000e-03,4.12500000e-03
-9.02612500e-08,-3.54375000e-03,2.92343750e-03,4.12187500e-03
-9.02212500e-08,-3.56250000e-03,2.89687500e-03,4.10937500e-03
-9.01812500e-08,-3.58750000e-03,2.87656250e-03,4.09062500e-03
-9.01412500e-08,-3.61562500e-03,2.86406250e-03,4.06875000e-03
-9.01012500e-08,-3.65000000e-03,2.85937500e-03,4.04062500e-03
-9.00612500e-08,-3.69062500e-03,2.86406250e-03,4.01562500e-03
-9.00212500e-08,-3.73437500e-03,2.87656250e-03,3.99062500e-03
-8.99812500e-08,-3.77812500e-03,2.89531250e-03,3.96562500e-03
-8.99412500e-08,-3.82812500e-03,2.92187500e-03,3.94687500e-03
-8.99012500e-08,-3.87812500e-03,2.95156250e-03,3.93125000e-03
-8.98612500e-08,-3.93125000e-03,2.98593750e-03,3.92187500e-03
-8.98212500e-08,-3.98437500e-03,3.02343750e-03,3.91875000e-03
-8.97812500e-08,-4.04062500e-03,3.05937500e-03,3.92187500e-03
-8.97412500e-08,-4.09687500e-03,3.09531250e-03,3.92812500e-03
-8.97012500e-08,-4.15625000e-03,3.12812500e-03,3.94062500e-03
-8.96612500e-08,-4.21250000e-03,3.15781250e-03,3.95937500e-03
-8.96212500e-08,-4.27187500e-03,3.18281250e-03,3.97812500e-03
-8.95812500e-08,-4.33125000e-03,3.20312500e-03,4.00000000e-03
-8.95412500e-08,-4.39375000e-03,3.21875000e-03,4.01875000e-03
-8.95012500e-08,-4.45312500e-03,3.22812500e-03,4.03750000e-03
-8.94612500e-08,-4.51250000e-03,3.23125000e-03,4.05312500e-03
-8.94212500e-08,-4.57187500e-03,3.23125000e-03,4.06562500e-03
-8.93812500e-08,-4.63125000e-03,3.22500000e-03,4.07187500e-03
-8.93412500e-08,-4.68750000e-03,3.21718750e-03,4.07500000e-03
-8.93012500e-08,-4.74062500e-03,3.20625000e-03,4.07187500e-03
-8.92612500e-08,-4.78750000e-03,3.19375000e-03,4.06250000e-03
-8.92212500e-08,-4.83125000e-03,3.17968750e-03,4.05000000e-03
-8.91812500e-08,-4.86562500e-03,3.16562500e-03,4.03125000e-03
-8.91412500e-08,-4.89375000e-03,3.15156250e-03,4.01250000e-03
-8.91012500e-08,-4.91250000e-03,3.13906250e-03,3.99062500e-03
-8.90612500e-08,-4.92187500e-03,3.12656250e-03,3.97187500e-03
-8.90212500e-08,-4.92187500e-03,3.11718750e-03,3.95312500e-03
-8.89812500e-08,-4.91250000e-03,3.10781250e-03,3.93750000e-03
-8.89412500e-08,-4.89062500e-03,3.09843750e-03,3.92500000e-03
-8.89012500e-08,-4.85625000e-03,3.09218750e-03,3.91875000e-03
-8.88612500e-08,-4.81250000e-03,3.08437500e-03,3.91875000e-03
-8.88212500e-08,-4.75937500e-03,3.07812500e-03,3.92500000e-03
-8.87812500e-08,-4.69687500e-03,3.07187500e-03,3.93750000e-03
-8.87412500e-08,-4.62812500e-03,3.06406250e-03,3.95625000e-03
-8.87012500e-08,-4.55000000e-03,3.05781250e-03,3.97812500e-03
-8.86612500e-08,-4.47187500e-03,3.05000000e-03,4.00312500e-03
-8.86212500e-08,-4.38750000e-03,3.04218750e-03,4.03125000e-03
-8.85812500e-08,-4.30625000e-03,3.03281250e-03,4.05625000e-03
-8.85412500e-08,-4.22187500e-03,3.02500000e-03,4.08125000e-03
-8.85012500e-08,-4.14375000e-03,3.01875000e-03,4.10000000e-03
-8.84612500e-08,-4.06875000e-03,3.01250000e-03,4.11562500e-03
-8.84212500e-08,-4.00000000e-03,3.00937500e-03,4.12187500e-03
-8.83812500e-08,-3.94062500e-03,3.00937500e-03,4.12187500e-03
-8.83412500e-08,-3.88750000e-03,3.01250000e-03,4.11250000e-03
-8.83012500e-08,-3.84062500e-03,3.01875000e-03,4.09062500e-03
-8.82612500e-08,-3.80625000e-03,3.02812500e-03,4.06250000e-03
-8.82212500e-08,-3.77812500e-03,3.04375000e-03,4.02187500e-03
-8.81812500e-08,-3.75937500e-03,3.06250000e-03,3.97500000e-03
-8.81412500e-08,-3.74687500e-03,3.08437500e-03,3.92187500e-03
-8.81012500e-08,-3.74062500e-03,3.10937500e-03,3.86562500e-03
-8.80612500e-08,-3.74062500e-03,3.13750000e-03,3.80625000e-03
-8.80212500e-08,-3.74375000e-03,3.16562500e-03,3.74687500e-03
-8.79812500e-08,-3.75000000e-03,3.19531250e-03,3.69062500e-03
-8.79412500e-08,-3.75937500e-03,3.22187500e-03,3.63750000e-03
-8.79012500e-08,-3.76875000e-03,3.24687500e-03,3.59375000e-03
-8.78612500e-08,-3.78125000e-03,3.26875000e-03,3.55625000e-03
-8.78212500e-08,-3.78750000e-03,3.28437500e-03,3.53437500e-03
-8.77812500e-08,-3.79687500e-03,3.29531250e-03,3.52187500e-03
-8.77412500e-08,-3.80312500e-03,3.29843750e-03,3.52187500e-03
-8.77012500e-08,-3.80937500e-03,3.29375000e-03,3.53437500e-03
-8.76612500e-08,-3.81250000e-03,3.27968750e-03,3.56250000e-03
-8.76212500e-08,-3.81875000e-03,3.25937500e-03,3.60000000e-03
-8.75812500e-08,-3.82187500e-03,3.23125000e-03,3.64687500e-03
-8.75412500e-08,-3.82812500e-03,3.19531250e-03,3.70000000e-03
-8.75012500e-08,-3.83750000e-03,3.15312500e-03,3.76250000e-03
-8.74612500e-08,-3.85000000e-03,3.10625000e-03,3.82500000e-03
-8.74212500e-08,-3.86875000e-03,3.05625000e-03,3.89062500e-03
-8.73812500e-08,-3.89062500e-03,3.00312500e-03,3.95312500e-03
-8.73412500e-08,-3.92187500e-03,2.95156250e-03,4.01250000e-03
-8.73012500e-08,-3.95937500e-03,2.90000000e-03,4.06250000e-03
-8.72612500e-08,-4.00312500e-03,2.85156250e-03,4.10625000e-03
-8.72212500e-08,-4.05625000e-03,2.80937500e-03,4.13750000e-03
-8.71812500e-08,-4.11562500e-03,2.77187500e-03,4.15937500e-03
-8.71412500e-08,-4.18125000e-03,2.74062500e-03,4.16875000e-03
-8.71012500e-08,-4.25312500e-03,2.71718750e-03,4.16562500e-03
-8.70612500e-08,-4.32812500e-03,2.70312500e-03,4.15000000e-03
-8.70212500e-08,-4.40937500e-03,2.69531250e-03,4.12500000e-03
-8.69812500e-08,-4.49062500e-03,2.69687500e-03,4.09062500e-03
-8.69412500e-08,-4.57187500e-03,2.70625000e-03,4.05000000e-03
-8.69012500e-08,-4.65000000e-03,2.72031250e-03,4.00312500e-03
-8.68612500e-08,-4.72500000e-03,2.74062500e-03,3.95000000e-03
-8.68212500e-08,-4.79375000e-03,2.76562500e-03,3.90000000e-03
-8.67812500e-08,-4.85312500e-03,2.79375000e-03,3.84687500e-03
-8.67412500e-08,-4.90312500e-03,2.82500000e-03,3.80000000e-03
-8.67012500e-08,-4.94062500e-03,2.85468750e-03,3.75312500e-03
-8.66612500e-08,-4.96875000e-03,2.88437500e-03,3.71562500e-03
-8.66212500e-08,-4.98125000e-03,2.91406250e-03,3.68125000e-03
-8.65812500e-08,-4.98125000e-03,2.93906250e-03,3.65937500e-03
-8.65412500e-08,-4.96875000e-03,2.96250000e-03,3.64062500e-03
-8.65012500e-08,-4.94062500e-03,2.98281250e-03,3.63437500e-03
-8.64612500e-08,-4.90312500e-03,2.99843750e-03,3.63125000e-03
-8.64212500e-08,-4.85312500e-03,3.01250000e-03,3.64062500e-03
-8.63812500e-08,-4.79375000e-03,3.02187500e-03,3.65312500e-03
-8.63412500e-08,-4.72500000e-03,3.02968750e-03,3.67187500e-03
-8.63012500e-08,-4.65000000e-03,3.03593750e-03,3.69375000e-03
-8.62612500e-08,-4.56875000e-03,3.04218750e-03,3.71875000e-03
-8.62212500e-08,-4.48437500e-03,3.04687500e-03,3.74687500e-03
-8.61812500e-08,-4.40000000e-03,3.05312500e-03,3.77500000e-03
-8.61412500e-08,-4.31875000e-03,3.05937500e-03,3.80312500e-03
-8.61012500e-08,-4.23750000e-03,3.06875000e-03,3.82812500e-03
-8.60612500e-08,-4.16250000e-03,3.07968750e-03,3.85312500e-03
-8.60212500e-08,-4.09375000e-03,3.09218750e-03,3.87812500e-03
-8.59812500e-08,-4.03125000e-03,3.10781250e-03,3.89687500e-03
-8.59412500e-08,-3.97500000e-03,3.12656250e-03,3.91562500e-03
-8.59012500e-08,-3.93125000e-03,3.14687500e-03,3.92812500e-03
-8.58612500e-08,-3.89375000e-03,3.16718750e-03,3.94062500e-03
-8.58212500e-08,-3.86875000e-03,3.18906250e-03,3.95000000e-03
-8.57812500e-08,-3.85312500e-03,3.21093750e-03,3.95625000e-03
-8.57412500e-08,-3.84687500e-03,3.23125000e-03,3.95937500e-03
-8.57012500e-08,-3.84687500e-03,3.24843750e-03,3.96250000e-03
-8.56612500e-08,-3.85937500e-03,3.26406250e-03,3.96562500e-03
-8.56212500e-08,-3.87500000e-03,3.27656250e-03,3.96875000e-03
-8.55812500e-08,-3.90000000e-03,3.28437500e-03,3.96875000e-03
-8.55412500e-08,-3.93125000e-03,3.28593750e-03,3.96875000e-03
-8.55012500e-08,-3.96875000e-03,3.28437500e-03,3.96875000e-03
-8.54612500e-08,-4.00937500e-03,3.27656250e-03,3.97187500e-03
-8.54212500e-08,-4.05000000e-03,3.26406250e-03,3.97187500e-03
-8.53812500e-08,-4.09375000e-03,3.24687500e-03,3.97500000e-03
-8.53412500e-08,-4.14062500e-03,3.22500000e-03,3.97500000e-03
-8.53012500e-08,-4.18437500e-03,3.20000000e-03,3.97812500e-03
-8.52612500e-08,-4.22812500e-03,3.17187500e-03,3.98125000e-03
-8.52212500e-08,-4.27187500e-03,3.14218750e-03,3.98437500e-03
-8.51812500e-08,-4.31250000e-03,3.11250000e-03,3.98750000e-03
-8.51412500e-08,-4.35000000e-03,3.08125000e-03,3.99375000e-03
-8.51012500e-08,-4.38437500e-03,3.05156250e-03,3.99687500e-03
-8.50612500e-08,-4.41562500e-03,3.02500000e-03,4.00312500e-03
-8.50212500e-08,-4.44375000e-03,3.00000000e-03,4.00937500e-03
-8.49812500e-08,-4.46562500e-03,2.97812500e-03,4.01250000e-03
-8.49412500e-08,-4.48750000e-03,2.96093750e-03,4.01875000e-03
-8.49012500e-08,-4.50312500e-03,2.94687500e-03,4.02500000e-03
-8.48612500e-08,-4.51875000e-03,2.93750000e-03,4.03125000e-03
-8.48212500e-08,-4.52812500e-03,2.93281250e-03,4.03437500e-03
-8.47812500e-08,-4.54062500e-03,2.93125000e-03,4.03750000e-03
-8.47412500e-08,-4.54687500e-03,2.93437500e-03,4.04062500e-03
-8.47012500e-08,-4.55625000e-03,2.94062500e-03,4.04062500e-03
-8.46612500e-08,-4.56562500e-03,2.95000000e-03,4.03750000e-03
-8.46212500e-08,-4.57500000e-03,2.96093750e-03,4.03437500e-03
-8.45812500e-08,-4.58437500e-03,2.97343750e-03,4.03125000e-03
-8.45412500e-08,-4.59687500e-03,2.98593750e-03,4.02187500e-03
-8.45012500e-08,-4.61250000e-03,2.99843750e-03,4.01250000e-03
-8.44612500e-08,-4.63125000e-03,3.01093750e-03,4.00000000e-03
-8.44212500e-08,-4.65312500e-03,3.02187500e-03,3.98750000e-03
-8.43812500e-08,-4.67812500e-03,3.02968750e-03,3.97187500e-03
-8.43412500e-08,-4.70625000e-03,3.03750000e-03,3.95312500e-03
-8.43012500e-08,-4.73750000e-03,3.04218750e-03,3.93750000e-03
-8.42612500e-08,-4.76875000e-03,3.04375000e-03,3.92187500e-03
-8.42212500e-08,-4.80312500e-03,3.04375000e-03,3.90625000e-03
-8.41812500e-08,-4.83750000e-03,3.04062500e-03,3.89375000e-03
-8.41412500e-08,-4.86875000e-03,3.03593750e-03,3.88437500e-03
-8.41012500e-08,-4.90000000e-03,3.02968750e-03,3.87812500e-03
-8.40612500e-08,-4.92500000e-03,3.02031250e-03,3.87812500e-03
-8.40212500e-08,-4.94375000e-03,3.01093750e-03,3.88125000e-03
-8.39812500e-08,-4.95937500e-03,3.00000000e-03,3.88750000e-03
-8.39412500e-08,-4.96562500e-03,2.99062500e-03,3.90000000e-03
-8.39012500e-08,-4.96250000e-03,2.97968750e-03,3.91875000e-03
-8.38612500e-08,-4.95000000e-03,2.97031250e-03,3.94062500e-03
-8.38212500e-08,-4.93125000e-03,2.96250000e-03,3.96562500e-03
-8.37812500e-08,-4.90000000e-03,2.95468750e-03,3.99375000e-03
-8.37412500e-08,-4.85625000e-03,2.95000000e-03,4.02187500e-03
-8.37012500e-08,-4.80625000e-03,2.94687500e-03,4.05312500e-03
-8.36612500e-08,-4.75000000e-03,2.94531250e-03,4.08125000e-03
-8.36212500e-08,-4.68437500e-03,2.94687500e-03,4.10937500e-03
-8.35812500e-08,-4.61250000e-03,2.95000000e-03,4.13125000e-03
-8.35412500e-08,-4.53437500e-03,2.95625000e-03,4.15000000e-03
-8.35012500e-08,-4.45625000e-03,2.96406250e-03,4.16250000e-03
-8.34612500e-08,-4.37812500e-03,2.97500000e-03,4.16562500e-03
-8.34212500e-08,-4.30312500e-03,2.98750000e-03,4.16562500e-03
-8.33812500e-08,-4.22812500e-03,3.00000000e-03,4.15625000e-03
-8.33412500e-08,-4.15937500e-03,3.01562500e-03,4.14062500e-03
-8.33012500e-08,-4.09375000e-03,3.03125000e-03,4.11875000e-03
-8.32612500e-08,-4.03750000e-03,3.04687500e-03,4.08750000e-03
-8.32212500e-08,-3.98750000e-03,3.06406250e-03,4.05312500e-03
-8.31812500e-08,-3.95000000e-03,3.08125000e-03,4.01562500e-03
-8.31412500e-08,-3.91562500e-03,3.09687500e-03,3.97500000e-03
-8.31012500e-08,-3.89062500e-03,3.11250000e-03,3.93437500e-03
-8.30612500e-08,-3.87500000e-03,3.12812500e-03,3.89375000e-03
-8.30212500e-08,-3.86562500e-03,3.14062500e-03,3.85625000e-03
-8.29812500e-08,-3.85937500e-03,3.15312500e-03,3.82187500e-03
-8.29412500e-08,-3.85937500e-03,3.16406250e-03,3.79062500e-03
-8.29012500e-08,-3.86250000e-03,3.17343750e-03,3.76875000e-03
-8.28612500e-08,-3.86562500e-03,3.18125000e-03,3.75312500e-03
-8.28212500e-08,-3.86875000e-03,3.18593750e-03,3.74375000e-03
-8.27812500e-08,-3.87187500e-03,3.19062500e-03,3.74375000e-03
-8.27412500e-08,-3.87500000e-03,3.19218750e-03,3.75000000e-03
-8.27012500e-08,-3.87500000e-03,3.19375000e-03,3.76250000e-03
-8.26612500e-08,-3.87500000e-03,3.19375000e-03,3.78125000e-03
-8.26212500e-08,-3.87187500e-03,3.19062500e-03,3.80312500e-03
-8.25812500e-08,-3.86875000e-03,3.18750000e-03,3.83125000e-03
-8.25412500e-08,-3.86250000e-03,3.18437500e-03,3.85937500e-03
-8.25012500e-08,-3.85937500e-03,3.17968750e-03,3.89062500e-03
-8.24612500e-08,-3.85625000e-03,3.17343750e-03,3.92187500e-03
-8.24212500e-08,-3.85625000e-03,3.16875000e-03,3.95000000e-03
-8.23812500e-08,-3.86250000e-03,3.16250000e-03,3.97812500e-03
-8.23412500e-08,-3.87187500e-03,3.15781250e-03,4.00000000e-03
-8.23012500e-08,-3.89062500e-03,3.15156250e-03,4.01875000e-03
-8.22612500e-08,-3.91250000e-03,3.14687500e-03,4.03437500e-03
-8.22212500e-08,-3.94687500e-03,3.14375000e-03,4.04375000e-03
-8.21812500e-08,-3.98437500e-03,3.14062500e-03,4.05000000e-03
-8.21412500e-08,-4.03125000e-03,3.13906250e-03,4.05000000e-03
-8.21012500e-08,-4.08437500e-03,3.13750000e-03,4.04687500e-03
-8.20612500e-08,-4.14062500e-03,3.13750000e-03,4.04375000e-03
-8.20212500e-08,-4.20000000e-03,3.13906250e-03,4.03437500e-03
-8.19812500e-08,-4.26250000e-03,3.14218750e-03,4.02500000e-03
-8.19412500e-08,-4.32187500e-03,3.14687500e-03,4.01562500e-03
-8.19012500e-08,-4.38125000e-03,3.15156250e-03,4.00625000e-03
-8.18612500e-08,-4.43125000e-03,3.15781250e-03,4.00000000e-03
-8.18212500e-08,-4.47812500e-03,3.16406250e-03,3.99375000e-03
-8.17812500e-08,-4.51250000e-03,3.17187500e-03,3.98750000e-03
-8.17412500e-08,-4.53437500e-03,3.17812500e-03,3.98437500e-03
-8.17012500e-08,-4.54687500e-03,3.18593750e-03,3.98437500e-03
-8.16612500e-08,-4.54375000e-03,3.19218750e-03,3.98437500e-03
-8.16212500e-08,-4.52812500e-03,3.19843750e-03,3.98437500e-03
-8.15812500e-08,-4.49687500e-03,3.20312500e-03,3.98750000e-03
-8.15412500e-08,-4.45312500e-03,3.20468750e-03,3.99375000e-03
-8.15012500e-08,-4.39687500e-03,3.20468750e-03,3.99687500e-03
-8.14612500e-08,-4.33437500e-03,3.20312500e-03,4.00000000e-03
-8.14212500e-08,-4.25937500e-03,3.19843750e-03,4.00625000e-03
-8.13812500e-08,-4.18125000e-03,3.19062500e-03,4.00625000e-03
-8.13412500e-08,-4.09687500e-03,3.18125000e-03,4.00937500e-03
-8.13012500e-08,-4.01250000e-03,3.16875000e-03,4.00937500e-03
-8.12612500e-08,-3.93125000e-03,3.15312500e-03,4.00937500e-03
-8.12212500e-08,-3.85312500e-03,3.13437500e-03,4.00625000e-03
-8.11812500e-08,-3.77812500e-03,3.11562500e-03,4.00312500e-03
-8.11412500e-08,-3.71250000e-03,3.09531250e-03,4.00000000e-03
-8.11012500e-08,-3.65625000e-03,3.07343750e-03,3.99687500e-03
-8.10612500e-08,-3.60937500e-03,3.05312500e-03,3.99375000e-03
-8.10212500e-08,-3.56875000e-03,3.03281250e-03,3.99062500e-03
-8.09812500e-08,-3.53750000e-03,3.01406250e-03,3.99062500e-03
-8.09412500e-08,-3.51562500e-03,2.99843750e-03,3.99062500e-03
-8.09012500e-08,-3.50312500e-03,2.98593750e-03,3.99062500e-03
-8.08612500e-08,-3.49375000e-03,2.97500000e-03,3.99375000e-03
-8.08212500e-08,-3.49062500e-03,2.97031250e-03,3.99687500e-03
-8.07812500e-08,-3.49062500e-03,2.96875000e-03,4.00312500e-03
-8.07412500e-08,-3.49375000e-03,2.97031250e-03,4.00625000e-03
-8.07012500e-08,-3.49375000e-03,2.97812500e-03,4.01250000e-03
-8.06612500e-08,-3.49687500e-03,2.98906250e-03,4.01562500e-03
-8.06212500e-08,-3.49375000e-03,3.00312500e-03,4.02187500e-03
-8.05812500e-08,-3.49062500e-03,3.02187500e-03,4.02500000e-03
-8.05412500e-08,-3.48437500e-03,3.04062500e-03,4.02500000e-03
-8.05012500e-08,-3.47500000e-03,3.06093750e-03,4.02500000e-03
-8.04612500e-08,-3.46562500e-03,3.08125000e-03,4.02187500e-03
-8.04212500e-08,-3.45312500e-03,3.10156250e-03,4.01875000e-03
-8.03812500e-08,-3.44062500e-03,3.11875000e-03,4.01250000e-03
-8.03412500e-08,-3.43125000e-03,3.13281250e-03,4.00312500e-03
-8.03012500e-08,-3.42187500e-03,3.14375000e-03,3.99375000e-03
-8.02612500e-08,-3.41875000e-03,3.14843750e-03,3.98437500e-03
-8.02212500e-08,-3.41875000e-03,3.14843750e-03,3.97500000e-03
-8.01812500e-08,-3.42812500e-03,3.14218750e-03,3.96875000e-03
-8.01412500e-08,-3.44375000e-03,3.13125000e-03,3.95937500e-03
-8.01012500e-08,-3.46562500e-03,3.11406250e-03,3.95625000e-03
-8.00612500e-08,-3.49687500e-03,3.09062500e-03,3.95312500e-03
-8.00212500e-08,-3.53437500e-03,3.06406250e-03,3.95625000e-03
-7.99812500e-08,-3.58125000e-03,3.03281250e-03,3.96250000e-03
-7.99412500e-08,-3.63125000e-03,3.00000000e-03,3.96875000e-03
-7.99012500e-08,-3.68750000e-03,2.96406250e-03,3.98125000e-03
-7.98612500e-08,-3.74687500e-03,2.92968750e-03,3.99687500e-03
-7.98212500e-08,-3.80937500e-03,2.89687500e-03,4.01250000e-03
-7.97812500e-08,-3.86875000e-03,2.86562500e-03,4.03125000e-03
-7.97412500e-08,-3.92812500e-03,2.83906250e-03,4.05000000e-03
-7.97012500e-08,-3.98125000e-03,2.81875000e-03,4.06562500e-03
-7.96612500e-08,-4.03125000e-03,2.80312500e-03,4.08125000e-03
-7.96212500e-08,-4.07187500e-03,2.79531250e-03,4.09062500e-03
-7.95812500e-08,-4.10312500e-03,2.79375000e-03,4.09687500e-03
-7.95412500e-08,-4.12500000e-03,2.80000000e-03,4.09687500e-03
-7.95012500e-08,-4.14062500e-03,2.81250000e-03,4.09062500e-03
-7.94612500e-08,-4.14375000e-03,2.83281250e-03,4.07500000e-03
-7.94212500e-08,-4.14062500e-03,2.85781250e-03,4.05312500e-03
-7.93812500e-08,-4.12812500e-03,2.88906250e-03,4.02500000e-03
-7.93412500e-08,-4.10937500e-03,2.92343750e-03,3.99062500e-03
-7.93012500e-08,-4.08437500e-03,2.95937500e-03,3.94687500e-03
-7.92612500e-08,-4.05625000e-03,2.99687500e-03,3.90312500e-03
-7.92212500e-08,-4.02500000e-03,3.03437500e-03,3.85312500e-03
-7.91812500e-08,-3.99687500e-03,3.07031250e-03,3.80000000e-03
-7.91412500e-08,-3.96875000e-03,3.10156250e-03,3.75000000e-03
-7.91012500e-08,-3.94375000e-03,3.13125000e-03,3.70000000e-03
-7.90612500e-08,-3.92187500e-03,3.15312500e-03,3.65312500e-03
-7.90212500e-08,-3.90937500e-03,3.17187500e-03,3.61250000e-03
-7.89812500e-08,-3.90000000e-03,3.18437500e-03,3.57812500e-03
-7.89412500e-08,-3.89687500e-03,3.19062500e-03,3.55312500e-03
-7.89012500e-08,-3.90000000e-03,3.19062500e-03,3.53437500e-03
-7.88612500e-08,-3.90625000e-03,3.18593750e-03,3.52500000e-03
-7.88212500e-08,-3.92187500e-03,3.17656250e-03,3.52500000e-03
-7.87812500e-08,-3.94062500e-03,3.16406250e-03,3.53125000e-03
-7.87412500e-08,-3.95937500e-03,3.15000000e-03,3.55000000e-03
-7.87012500e-08,-3.98125000e-03,3.13281250e-03,3.57187500e-03
-7.86612500e-08,-4.00625000e-03,3.11718750e-03,3.60312500e-03
-7.86212500e-08,-4.02812500e-03,3.10156250e-03,3.63750000e-03
-7.85812500e-08,-4.04687500e-03,3.08750000e-03,3.67812500e-03
-7.85412500e-08,-4.06250000e-03,3.07656250e-03,3.71875000e-03
-7.85012500e-08,-4.07500000e-03,3.06875000e-03,3.75937500e-03
-7.84612500e-08,-4.08437500e-03,3.06562500e-03,3.79687500e-03
-7.84212500e-08,-4.08750000e-03,3.06562500e-03,3.83437500e-03
-7.83812500e-08,-4.08437500e-03,3.07031250e-03,3.86875000e-03
-7.83412500e-08,-4.07500000e-03,3.07968750e-03,3.90000000e-03
-7.83012500e-08,-4.06562500e-03,3.09062500e-03,3.92500000e-03
-7.82612500e-08,-4.05000000e-03,3.10468750e-03,3.94687500e-03
-7.82212500e-08,-4.03125000e-03,3.12187500e-03,3.96250000e-03
-7.81812500e-08,-4.00937500e-03,3.13906250e-03,3.97500000e-03
-7.81412500e-08,-3.98750000e-03,3.15625000e-03,3.98437500e-03
-7.81012500e-08,-3.96562500e-03,3.17343750e-03,3.98750000e-03
-7.80612500e-08,-3.94687500e-03,3.18750000e-03,3.99062500e-03
-7.80212500e-08,-3.92812500e-03,3.20000000e-03,3.99375000e-03
-7.79812500e-08,-3.91562500e-03,3.20781250e-03,3.99375000e-03
-7.79412500e-08,-3.90312500e-03,3.21250000e-03,3.99375000e-03
-7.79012500e-08,-3.89687500e-03,3.21406250e-03,3.99375000e-03
-7.78612500e-08,-3.89375000e-03,3.20937500e-03,3.99687500e-03
-7.78212500e-08,-3.90000000e-03,3.20156250e-03,3.99687500e-03
-7.77812500e-08,-3.90625000e-03,3.18906250e-03,4.00000000e-03
-7.77412500e-08,-3.92187500e-03,3.17187500e-03,4.00625000e-03
-7.77012500e-08,-3.94062500e-03,3.15312500e-03,4.01250000e-03
-7.76612500e-08,-3.96250000e-03,3.13125000e-03,4.01562500e-03
-7.76212500e-08,-3.99062500e-03,3.10781250e-03,4.02187500e-03
-7.75812500e-08,-4.02187500e-03,3.08281250e-03,4.02500000e-03
-7.75412500e-08,-4.05625000e-03,3.05937500e-03,4.02812500e-03
-7.75012500e-08,-4.09687500e-03,3.03593750e-03,4.02812500e-03
-7.74612500e-08,-4.13750000e-03,3.01406250e-03,4.02812500e-03
-7.74212500e-08,-4.18125000e-03,2.99375000e-03,4.02187500e-03
-7.73812500e-08,-4.22500000e-03,2.97812500e-03,4.01562500e-03
-7.73412500e-08,-4.27500000e-03,2.96562500e-03,4.00312500e-03
-7.73012500e-08,-4.32500000e-03,2.95625000e-03,3.99062500e-03
-7.72612500e-08,-4.37500000e-03,2.95000000e-03,3.97187500e-03
-7.72212500e-08,-4.42812500e-03,2.94843750e-03,3.95312500e-03
-7.71812500e-08,-4.48437500e-03,2.95000000e-03,3.93125000e-03
-7.71412500e-08,-4.53750000e-03,2.95468750e-03,3.90625000e-03
-7.71012500e-08,-4.59375000e-03,2.96093750e-03,3.88437500e-03
-7.70612500e-08,-4.65000000e-03,2.97031250e-03,3.85937500e-03
-7.70212500e-08,-4.70312500e-03,2.97968750e-03,3.83750000e-03
-7.69812500e-08,-4.75625000e-03,2.99062500e-03,3.81562500e-03
-7.69412500e-08,-4.80937500e-03,3.00000000e-03,3.79375000e-03
-7.69012500e-08,-4.85625000e-03,3.01093750e-03,3.77812500e-03
-7.68612500e-08,-4.90000000e-03,3.01875000e-03,3.76250000e-03
-7.68212500e-08,-4.93750000e-03,3.02500000e-03,3.74687500e-03
-7.67812500e-08,-4.96875000e-03,3.02812500e-03,3.73750000e-03
-7.67412500e-08,-4.99375000e-03,3.02812500e-03,3.72812500e-03
-7.67012500e-08,-5.01250000e-03,3.02656250e-03,3.72187500e-03
-7.66612500e-08,-5.01875000e-03,3.02031250e-03,3.71562500e-03
-7.66212500e-08,-5.01875000e-03,3.01250000e-03,3.71250000e-03
-7.65812500e-08,-5.00625000e-03,3.00000000e-03,3.70937500e-03
-7.65412500e-08,-4.98750000e-03,2.98593750e-03,3.70937500e-03
-7.65012500e-08,-4.95625000e-03,2.97031250e-03,3.70937500e-03
-7.64612500e-08,-4.91875000e-03,2.95156250e-03,3.70937500e-03
-7.64212500e-08,-4.87187500e-03,2.93281250e-03,3.71250000e-03
-7.63812500e-08,-4.81875000e-03,2.91406250e-03,3.71562500e-03
-7.63412500e-08,-4.75937500e-03,2.89687500e-03,3.72187500e-03
-7.63012500e-08,-4.69375000e-03,2.87968750e-03,3.72812500e-03
-7.62612500e-08,-4.62812500e-03,2.86562500e-03,3.73750000e-03
-7.62212500e-08,-4.55937500e-03,2.85468750e-03,3.75000000e-03
-7.61812500e-08,-4.49375000e-03,2.84843750e-03,3.76562500e-03
-7.61412500e-08,-4.42812500e-03,2.84531250e-03,3.78437500e-03
-7.61012500e-08,-4.36875000e-03,2.84843750e-03,3.80625000e-03
-7.60612500e-08,-4.31250000e-03,2.85468750e-03,3.83437500e-03
-7.60212500e-08,-4.26250000e-03,2.86718750e-03,3.86562500e-03
-7.59812500e-08,-4.21875000e-03,2.88593750e-03,3.90000000e-03
-7.59412500e-08,-4.18437500e-03,2.90781250e-03,3.93750000e-03
-7.59012500e-08,-4.15625000e-03,2.93593750e-03,3.98125000e-03
-7.58612500e-08,-4.13750000e-03,2.96562500e-03,4.02500000e-03
-7.58212500e-08,-4.12500000e-03,3.00000000e-03,4.06875000e-03
-7.57812500e-08,-4.11875000e-03,3.03593750e-03,4.11562500e-03
-7.57412500e-08,-4.11875000e-03,3.07187500e-03,4.15937500e-03
-7.57012500e-08,-4.12500000e-03,3.10781250e-03,4.20000000e-03
-7.56612500e-08,-4.13437500e-03,3.14062500e-03,4.23750000e-03
-7.56212500e-08,-4.14687500e-03,3.17187500e-03,4.26875000e-03
-7.55812500e-08,-4.15937500e-03,3.19843750e-03,4.29375000e-03
-7.55412500e-08,-4.17500000e-03,3.22031250e-03,4.31250000e-03
-7.55012500e-08,-4.19062500e-03,3.23593750e-03,4.32500000e-03
-7.54612500e-08,-4.20312500e-03,3.24375000e-03,4.32812500e-03
-7.54212500e-08,-4.21875000e-03,3.24531250e-03,4.32187500e-03
-7.53812500e-08,-4.22812500e-03,3.23750000e-03,4.30937500e-03
-7.53412500e-08,-4.24062500e-03,3.22343750e-03,4.28750000e-03
-7.53012500e-08,-4.24687500e-03,3.20312500e-03,4.25937500e-03
-7.52612500e-08,-4.25625000e-03,3.17500000e-03,4.22812500e-03
-7.52212500e-08,-4.26250000e-03,3.14218750e-03,4.19062500e-03
-7.51812500e-08,-4.26562500e-03,3.10312500e-03,4.15000000e-03
-7.51412500e-08,-4.27187500e-03,3.06250000e-03,4.10625000e-03
-7.51012500e-08,-4.27812500e-03,3.02031250e-03,4.06562500e-03
-7.50612500e-08,-4.28125000e-03,2.97812500e-03,4.02500000e-03
-7.50212500e-08,-4.28750000e-03,2.93750000e-03,3.99062500e-03
-7.49812500e-08,-4.29687500e-03,2.89843750e-03,3.95625000e-03
-7.49412500e-08,-4.30625000e-03,2.86562500e-03,3.93125000e-03
-7.49012500e-08,-4.31562500e-03,2.83750000e-03,3.90937500e-03
-7.48612500e-08,-4.32500000e-03,2.81406250e-03,3.89687500e-03
-7.48212500e-08,-4.34062500e-03,2.80000000e-03,3.89062500e-03
-7.47812500e-08,-4.35312500e-03,2.79062500e-03,3.89062500e-03
-7.47412500e-08,-4.36875000e-03,2.79062500e-03,3.89687500e-03
-7.47012500e-08,-4.38437500e-03,2.79687500e-03,3.90937500e-03
-7.46612500e-08,-4.40000000e-03,2.80781250e-03,3.92812500e-03
-7.46212500e-08,-4.41562500e-03,2.82500000e-03,3.94687500e-03
-7.45812500e-08,-4.43437500e-03,2.84687500e-03,3.96875000e-03
-7.45412500e-08,-4.45312500e-03,2.87031250e-03,3.99375000e-03
-7.45012500e-08,-4.47187500e-03,2.89531250e-03,4.01562500e-03
-7.44612500e-08,-4.49062500e-03,2.92031250e-03,4.03437500e-03
-7.44212500e-08,-4.51250000e-03,2.94375000e-03,4.05312500e-03
-7.43812500e-08,-4.53437500e-03,2.96562500e-03,4.06875000e-03
-7.43412500e-08,-4.55937500e-03,2.98281250e-03,4.07812500e-03
-7.43012500e-08,-4.58750000e-03,2.99531250e-03,4.08125000e-03
-7.42612500e-08,-4.61875000e-03,3.00312500e-03,4.08437500e-03
-7.42212500e-08,-4.65000000e-03,3.00625000e-03,4.07812500e-03
-7.41812500e-08,-4.68437500e-03,3.00312500e-03,4.06875000e-03
-7.41412500e-08,-4.72187500e-03,2.99531250e-03,4.05625000e-03
-7.41012500e-08,-4.75937500e-03,2.98437500e-03,4.04062500e-03
-7.40612500e-08,-4.79687500e-03,2.96875000e-03,4.02187500e-03
-7.40212500e-08,-4.83437500e-03,2.95156250e-03,4.00312500e-03
-7.39812500e-08,-4.86875000e-03,2.93437500e-03,3.98125000e-03
-7.39412500e-08,-4.90312500e-03,2.91718750e-03,3.96562500e-03
-7.39012500e-08,-4.92812500e-03,2.90000000e-03,3.95000000e-03
-7.38612500e-08,-4.94687500e-03,2.88750000e-03,3.93750000e-03
-7.38212500e-08,-4.95625000e-03,2.87812500e-03,3.92812500e-03
-7.37812500e-08,-4.95625000e-03,2.87343750e-03,3.92500000e-03
-7.37412500e-08,-4.94375000e-03,2.87343750e-03,3.92500000e-03
-7.37012500e-08,-4.92187500e-03,2.87812500e-03,3.92812500e-03
-7.36612500e-08,-4.88437500e-03,2.88906250e-03,3.94062500e-03
-7.36212500e-08,-4.83437500e-03,2.90625000e-03,3.95312500e-03
-7.35812500e-08,-4.77187500e-03,2.92656250e-03,3.96875000e-03
-7.35412500e-08,-4.70000000e-03,2.95156250e-03,3.98750000e-03
-7.35012500e-08,-4.61562500e-03,2.97968750e-03,4.00937500e-03
-7.34612500e-08,-4.52500000e-03,3.00937500e-03,4.03125000e-03
-7.34212500e-08,-4.42812500e-03,3.04062500e-03,4.05000000e-03
-7.33812500e-08,-4.32812500e-03,3.07031250e-03,4.06875000e-03
-7.33412500e-08,-4.23125000e-03,3.10000000e-03,4.08125000e-03
-7.33012500e-08,-4.13437500e-03,3.12812500e-03,4.09375000e-03
-7.32612500e-08,-4.04687500e-03,3.15156250e-03,4.09687500e-03
-7.32212500e-08,-3.96562500e-03,3.17343750e-03,4.09687500e-03
-7.31812500e-08,-3.90000000e-03,3.18906250e-03,4.09375000e-03
-7.31412500e-08,-3.84375000e-03,3.20156250e-03,4.08125000e-03
-7.31012500e-08,-3.80625000e-03,3.20937500e-03,4.06250000e-03
-7.30612500e-08,-3.78437500e-03,3.21406250e-03,4.04062500e-03
-7.30212500e-08,-3.78125000e-03,3.21406250e-03,4.01562500e-03
-7.29812500e-08,-3.79062500e-03,3.21093750e-03,3.98437500e-03
-7.29412500e-08,-3.81875000e-03,3.20625000e-03,3.95312500e-03
-7.29012500e-08,-3.85937500e-03,3.20000000e-03,3.91875000e-03
-7.28612500e-08,-3.91250000e-03,3.19218750e-03,3.88437500e-03
-7.28212500e-08,-3.97500000e-03,3.18437500e-03,3.85000000e-03
-7.27812500e-08,-4.04375000e-03,3.17656250e-03,3.82187500e-03
-7.27412500e-08,-4.11562500e-03,3.16875000e-03,3.79375000e-03
-7.27012500e-08,-4.18750000e-03,3.16250000e-03,3.77187500e-03
-7.26612500e-08,-4.25937500e-03,3.15781250e-03,3.75625000e-03
-7.26212500e-08,-4.32187500e-03,3.15312500e-03,3.74375000e-03
-7.25812500e-08,-4.37812500e-03,3.15000000e-03,3.74062500e-03
-7.25412500e-08,-4.42500000e-03,3.14843750e-03,3.74062500e-03
-7.25012500e-08,-4.46250000e-03,3.14843750e-03,3.75000000e-03
-7.24612500e-08,-4.48750000e-03,3.14687500e-03,3.76562500e-03
-7.24212500e-08,-4.50312500e-03,3.14687500e-03,3.78437500e-03
-7.23812500e-08,-4.50937500e-03,3.14531250e-03,3.80625000e-03
-7.23412500e-08,-4.50937500e-03,3.14218750e-03,3.83437500e-03
-7.23012500e-08,-4.50000000e-03,3.13906250e-03,3.86562500e-03
-7.22612500e-08,-4.48437500e-03,3.13437500e-03,3.89687500e-03
-7.22212500e-08,-4.46875000e-03,3.12812500e-03,3.92812500e-03
-7.21812500e-08,-4.45312500e-03,3.11875000e-03,3.95625000e-03
-7.21412500e-08,-4.43750000e-03,3.10937500e-03,3.98437500e-03
-7.21012500e-08,-4.42812500e-03,3.09843750e-03,4.01250000e-03
-7.20612500e-08,-4.42500000e-03,3.08750000e-03,4.03437500e-03
-7.20212500e-08,-4.42812500e-03,3.07500000e-03,4.05312500e-03
-7.19812500e-08,-4.43750000e-03,3.06093750e-03,4.06562500e-03
-7.19412500e-08,-4.45625000e-03,3.04843750e-03,4.07500000e-03
-7.19012500e-08,-4.48125000e-03,3.03593750e-03,4.08125000e-03
-7.18612500e-08,-4.51250000e-03,3.02500000e-03,4.08125000e-03
-7.18212500e-08,-4.55000000e-03,3.01250000e-03,4.07812500e-03
-7.17812500e-08,-4.58750000e-03,3.00312500e-03,4.07187500e-03
-7.17412500e-08,-4.62812500e-03,2.99375000e-03,4.06250000e-03
-7.17012500e-08,-4.66250000e-03,2.98593750e-03,4.05312500e-03
-7.16612500e-08,-4.69687500e-03,2.97968750e-03,4.04062500e-03
-7.16212500e-08,-4.72187500e-03,2.97187500e-03,4.02812500e-03
-7.15812500e-08,-4.73750000e-03,2.96718750e-03,4.01562500e-03
-7.15412500e-08,-4.74375000e-03,2.96093750e-03,4.00312500e-03
-7.15012500e-08,-4.74062500e-03,2.95468750e-03,3.99062500e-03
-7.14612500e-08,-4.72187500e-03,2.94687500e-03,3.98125000e-03
-7.14212500e-08,-4.69375000e-03,2.94062500e-03,3.97500000e-03
-7.13812500e-08,-4.65312500e-03,2.93125000e-03,3.96875000e-03
-7.13412500e-08,-4.60000000e-03,2.92343750e-03,3.96562500e-03
-7.13012500e-08,-4.54062500e-03,2.91406250e-03,3.96250000e-03
-7.12612500e-08,-4.47500000e-03,2.90468750e-03,3.96562500e-03
-7.12212500e-08,-4.40312500e-03,2.89531250e-03,3.96562500e-03
-7.11812500e-08,-4.32812500e-03,2.88593750e-03,3.96875000e-03
-7.11412500e-08,-4.25312500e-03,2.87812500e-03,3.97500000e-03
-7.11012500e-08,-4.18125000e-03,2.87031250e-03,3.98125000e-03
-7.10612500e-08,-4.11562500e-03,2.86562500e-03,3.98750000e-03
-7.10212500e-08,-4.05625000e-03,2.86406250e-03,3.99375000e-03
-7.09812500e-08,-4.00625000e-03,2.86406250e-03,4.00000000e-03
-7.09412500e-08,-3.96562500e-03,2.86875000e-03,4.00625000e-03
-7.09012500e-08,-3.93437500e-03,2.87500000e-03,4.01250000e-03
-7.08612500e-08,-3.91250000e-03,2.88593750e-03,4.01875000e-03
-7.08212500e-08,-3.90000000e-03,2.89843750e-03,4.02187500e-03
-7.07812500e-08,-3.89687500e-03,2.91406250e-03,4.02500000e-03
-7.07412500e-08,-3.90000000e-03,2.93281250e-03,4.02812500e-03
-7.07012500e-08,-3.90625000e-03,2.95156250e-03,4.03125000e-03
-7.06612500e-08,-3.91875000e-03,2.97187500e-03,4.03125000e-03
-7.06212500e-08,-3.93437500e-03,2.99218750e-03,4.03125000e-03
-7.05812500e-08,-3.94687500e-03,3.01093750e-03,4.03125000e-03
-7.05412500e-08,-3.95937500e-03,3.02812500e-03,4.02812500e-03
-7.05012500e-08,-3.96562500e-03,3.04218750e-03,4.02187500e-03
-7.04612500e-08,-3.97187500e-03,3.05312500e-03,4.01875000e-03
-7.04212500e-08,-3.96875000e-03,3.05937500e-03,4.01250000e-03
-7.03812500e-08,-3.96250000e-03,3.06250000e-03,4.00312500e-03
-7.03412500e-08,-3.95000000e-03,3.06093750e-03,3.99375000e-03
-7.03012500e-08,-3.92812500e-03,3.05468750e-03,3.98437500e-03
-7.02612500e-08,-3.90625000e-03,3.04531250e-03,3.97187500e-03
-7.02212500e-08,-3.87812500e-03,3.03281250e-03,3.95937500e-03
-7.01812500e-08,-3.84687500e-03,3.01875000e-03,3.94687500e-03
-7.01412500e-08,-3.81562500e-03,3.00312500e-03,3.93437500e-03
-7.01012500e-08,-3.78437500e-03,2.98593750e-03,3.91875000e-03
-7.00612500e-08,-3.75312500e-03,2.97187500e-03,3.90625000e-03
-7.00212500e-08,-3.72187500e-03,2.95781250e-03,3.89375000e-03
-6.99812500e-08,-3.69687500e-03,2.94843750e-03,3.88437500e-03
-6.99412500e-08,-3.67812500e-03,2.94062500e-03,3.87500000e-03
-6.99012500e-08,-3.65937500e-03,2.93750000e-03,3.86875000e-03
-6.98612500e-08,-3.65000000e-03,2.93906250e-03,3.86250000e-03
-6.98212500e-08,-3.64375000e-03,2.94531250e-03,3.86250000e-03
-6.97812500e-08,-3.64375000e-03,2.95468750e-03,3.86250000e-03
-6.97412500e-08,-3.64687500e-03,2.96875000e-03,3.86562500e-03
-6.97012500e-08,-3.65625000e-03,2.98593750e-03,3.87187500e-03
-6.96612500e-08,-3.66875000e-03,3.00468750e-03,3.88125000e-03
-6.96212500e-08,-3.68437500e-03,3.02343750e-03,3.89375000e-03
-6.95812500e-08,-3.70000000e-03,3.04218750e-03,3.90937500e-03
-6.95412500e-08,-3.71875000e-03,3.05781250e-03,3.92500000e-03
-6.95012500e-08,-3.73750000e-03,3.07187500e-03,3.94062500e-03
-6.94612500e-08,-3.75625000e-03,3.08125000e-03,3.95937500e-03
-6.94212500e-08,-3.77500000e-03,3.08593750e-03,3.97812500e-03
-6.93812500e-08,-3.79062500e-03,3.08437500e-03,3.99375000e-03
-6.93412500e-08,-3.80937500e-03,3.07812500e-03,4.00937500e-03
-6.93012500e-08,-3.82500000e-03,3.06406250e-03,4.02500000e-03
-6.92612500e-08,-3.84375000e-03,3.04531250e-03,4.03437500e-03
-6.92212500e-08,-3.85937500e-03,3.02031250e-03,4.04375000e-03
-6.91812500e-08,-3.87500000e-03,2.99218750e-03,4.05000000e-03
-6.91412500e-08,-3.89062500e-03,2.96093750e-03,4.05312500e-03
-6.91012500e-08,-3.90625000e-03,2.92656250e-03,4.05000000e-03
-6.90612500e-08,-3.92500000e-03,2.89375000e-03,4.04687500e-03
-6.90212500e-08,-3.94062500e-03,2.86250000e-03,4.04062500e-03
-6.89812500e-08,-3.95937500e-03,2.83437500e-03,4.03125000e-03
-6.89412500e-08,-3.97812500e-03,2.81093750e-03,4.02187500e-03
-6.89012500e-08,-3.99375000e-03,2.79218750e-03,4.00937500e-03
-6.88612500e-08,-4.00937500e-03,2.78125000e-03,3.99687500e-03
-6.88212500e-08,-4.02187500e-03,2.77812500e-03,3.98750000e-03
-6.87812500e-08,-4.03437500e-03,2.78437500e-03,3.97812500e-03
-6.87412500e-08,-4.04375000e-03,2.79687500e-03,3.96875000e-03
-6.87012500e-08,-4.04687500e-03,2.81718750e-03,3.96250000e-03
-6.86612500e-08,-4.04687500e-03,2.84531250e-03,3.95937500e-03
-6.86212500e-08,-4.04062500e-03,2.87812500e-03,3.95937500e-03
-6.85812500e-08,-4.02500000e-03,2.91562500e-03,3.96250000e-03
-6.85412500e-08,-4.00625000e-03,2.95625000e-03,3.96562500e-03
-6.85012500e-08,-3.97812500e-03,2.99687500e-03,3.97187500e-03
-6.84612500e-08,-3.94375000e-03,3.03906250e-03,3.98125000e-03
-6.84212500e-08,-3.90312500e-03,3.07656250e-03,3.99375000e-03
-6.83812500e-08,-3.85312500e-03,3.11250000e-03,4.00312500e-03
-6.83412500e-08,-3.80000000e-03,3.14218750e-03,4.01562500e-03
-6.83012500e-08,-3.74062500e-03,3.16718750e-03,4.02500000e-03
-6.82612500e-08,-3.67500000e-03,3.18437500e-03,4.03437500e-03
-6.82212500e-08,-3.60625000e-03,3.19375000e-03,4.04062500e-03
-6.81812500e-08,-3.53437500e-03,3.19687500e-03,4.04687500e-03
-6.81412500e-08,-3.46562500e-03,3.19375000e-03,4.04687500e-03
-6.81012500e-08,-3.39375000e-03,3.18437500e-03,4.04375000e-03
-6.80612500e-08,-3.32500000e-03,3.16875000e-03,4.03750000e-03
-6.80212500e-08,-3.26250000e-03,3.15156250e-03,4.03125000e-03
-6.79812500e-08,-3.20312500e-03,3.12968750e-03,4.01875000e-03
-6.79412500e-08,-3.15000000e-03,3.10937500e-03,4.00625000e-03
-6.79012500e-08,-3.10312500e-03,3.08750000e-03,3.99062500e-03
-6.78612500e-08,-3.06562500e-03,3.06875000e-03,3.97500000e-03
-6.78212500e-08,-3.04062500e-03,3.05156250e-03,3.96250000e-03
-6.77812500e-08,-3.02500000e-03,3.03906250e-03,3.95000000e-03
-6.77412500e-08,-3.01875000e-03,3.03125000e-03,3.93750000e-03
-6.77012500e-08,-3.02500000e-03,3.02812500e-03,3.93125000e-03
-6.76612500e-08,-3.04062500e-03,3.03125000e-03,3.92812500e-03
-6.76212500e-08,-3.06875000e-03,3.03750000e-03,3.93125000e-03
-6.75812500e-08,-3.10937500e-03,3.05000000e-03,3.93750000e-03
-6.75412500e-08,-3.15625000e-03,3.06562500e-03,3.95312500e-03
-6.75012500e-08,-3.21250000e-03,3.08281250e-03,3.97187500e-03
-6.74612500e-08,-3.27812500e-03,3.10156250e-03,3.99375000e-03
-6.74212500e-08,-3.34687500e-03,3.12187500e-03,4.02187500e-03
-6.73812500e-08,-3.42187500e-03,3.13906250e-03,4.05312500e-03
-6.73412500e-08,-3.50000000e-03,3.15625000e-03,4.08750000e-03
-6.73012500e-08,-3.57812500e-03,3.16875000e-03,4.12500000e-03
-6.72612500e-08,-3.65312500e-03,3.17812500e-03,4.15937500e-03
-6.72212500e-08,-3.72812500e-03,3.18125000e-03,4.19375000e-03
-6.71812500e-08,-3.79687500e-03,3.18125000e-03,4.22500000e-03
-6.71412500e-08,-3.85937500e-03,3.17500000e-03,4.25312500e-03
-6.71012500e-08,-3.91562500e-03,3.16250000e-03,4.27812500e-03
-6.70612500e-08,-3.96562500e-03,3.14687500e-03,4.29375000e-03
-6.70212500e-08,-4.00312500e-03,3.12656250e-03,4.30625000e-03
-6.69812500e-08,-4.03125000e-03,3.10312500e-03,4.30937500e-03
-6.69412500e-08,-4.05312500e-03,3.07812500e-03,4.30312500e-03
-6.69012500e-08,-4.06250000e-03,3.05156250e-03,4.29375000e-03
-6.68612500e-08,-4.06562500e-03,3.02500000e-03,4.27500000e-03
-6.68212500e-08,-4.06250000e-03,3.00000000e-03,4.25312500e-03
-6.67812500e-08,-4.05000000e-03,2.97812500e-03,4.22500000e-03
-6.67412500e-08,-4.03750000e-03,2.95781250e-03,4.19062500e-03
-6.67012500e-08,-4.01875000e-03,2.94218750e-03,4.15625000e-03
-6.66612500e-08,-4.00312500e-03,2.93125000e-03,4.12187500e-03
-6.66212500e-08,-3.98750000e-03,2.92343750e-03,4.08750000e-03
-6.65812500e-08,-3.97187500e-03,2.92187500e-03,4.05625000e-03
-6.65412500e-08,-3.96250000e-03,2.92343750e-03,4.02812500e-03
-6.65012500e-08,-3.95625000e-03,2.92968750e-03,4.00312500e-03
-6.64612500e-08,-3.95625000e-03,2.94062500e-03,3.98437500e-03
-6.64212500e-08,-3.95937500e-03,2.95468750e-03,3.97187500e-03
-6.63812500e-08,-3.97187500e-03,2.97031250e-03,3.96562500e-03
-6.63412500e-08,-3.98750000e-03,2.98593750e-03,3.96562500e-03
-6.63012500e-08,-4.00625000e-03,3.00468750e-03,3.97187500e-03
-6.62612500e-08,-4.02812500e-03,3.02187500e-03,3.98437500e-03
-6.62212500e-08,-4.05000000e-03,3.03750000e-03,4.00000000e-03
-6.61812500e-08,-4.07187500e-03,3.05156250e-03,4.02187500e-03
-6.61412500e-08,-4.09375000e-03,3.06406250e-03,4.04687500e-03
-6.61012500e-08,-4.10625000e-03,3.07500000e-03,4.07187500e-03
-6.60612500e-08,-4.11562500e-03,3.08281250e-03,4.09687500e-03
-6.60212500e-08,-4.11562500e-03,3.08750000e-03,4.12187500e-03
-6.59812500e-08,-4.10312500e-03,3.08906250e-03,4.14375000e-03
-6.59412500e-08,-4.08437500e-03,3.08906250e-03,4.16250000e-03
-6.59012500e-08,-4.05000000e-03,3.08750000e-03,4.17500000e-03
-6.58612500e-08,-4.00937500e-03,3.08281250e-03,4.18437500e-03
-6.58212500e-08,-3.95312500e-03,3.07812500e-03,4.18750000e-03
-6.57812500e-08,-3.89062500e-03,3.07343750e-03,4.18437500e-03
-6.57412500e-08,-3.81875000e-03,3.06718750e-03,4.17500000e-03
-6.57012500e-08,-3.74062500e-03,3.06250000e-03,4.16250000e-03
-6.56612500e-08,-3.65937500e-03,3.05781250e-03,4.14375000e-03
-6.56212500e-08,-3.57500000e-03,3.05312500e-03,4.12187500e-03
-6.55812500e-08,-3.49375000e-03,3.05000000e-03,4.09687500e-03
-6.55412500e-08,-3.41250000e-03,3.04843750e-03,4.07187500e-03
-6.55012500e-08,-3.34062500e-03,3.04687500e-03,4.04687500e-03
-6.54612500e-08,-3.27187500e-03,3.04687500e-03,4.02187500e-03
-6.54212500e-08,-3.21562500e-03,3.04531250e-03,3.99687500e-03
-6.53812500e-08,-3.16875000e-03,3.04687500e-03,3.97500000e-03
-6.53412500e-08,-3.13437500e-03,3.04687500e-03,3.95937500e-03
-6.53012500e-08,-3.10937500e-03,3.04531250e-03,3.94687500e-03
-6.52612500e-08,-3.09687500e-03,3.04531250e-03,3.94062500e-03
-6.52212500e-08,-3.09375000e-03,3.04375000e-03,3.93750000e-03
-6.51812500e-08,-3.10000000e-03,3.04062500e-03,3.93750000e-03
-6.51412500e-08,-3.11250000e-03,3.03750000e-03,3.94375000e-03
-6.51012500e-08,-3.13125000e-03,3.03281250e-03,3.95312500e-03
-6.50612500e-08,-3.15312500e-03,3.02812500e-03,3.96562500e-03
-6.50212500e-08,-3.17812500e-03,3.02187500e-03,3.97812500e-03
-6.49812500e-08,-3.20000000e-03,3.01562500e-03,3.99375000e-03
-6.49412500e-08,-3.21875000e-03,3.00937500e-03,4.00937500e-03
-6.49012500e-08,-3.23437500e-03,3.00312500e-03,4.02187500e-03
-6.48612500e-08,-3.24375000e-03,2.99843750e-03,4.03437500e-03
-6.48212500e-08,-3.24375000e-03,2.99375000e-03,4.04375000e-03
-6.47812500e-08,-3.24062500e-03,2.99062500e-03,4.05000000e-03
-6.47412500e-08,-3.22812500e-03,2.98906250e-03,4.05000000e-03
-6.47012500e-08,-3.20937500e-03,2.98906250e-03,4.05000000e-03
-6.46612500e-08,-3.18437500e-03,2.99218750e-03,4.04687500e-03
-6.46212500e-08,-3.15625000e-03,2.99531250e-03,4.03750000e-03
-6.45812500e-08,-3.12500000e-03,3.00156250e-03,4.02812500e-03
-6.45412500e-08,-3.09062500e-03,3.00781250e-03,4.01562500e-03
-6.45012500e-08,-3.05625000e-03,3.01562500e-03,4.00312500e-03
-6.44612500e-08,-3.02187500e-03,3.02343750e-03,3.98750000e-03
-6.44212500e-08,-2.99062500e-03,3.03125000e-03,3.97500000e-03
-6.43812500e-08,-2.96250000e-03,3.03906250e-03,3.96250000e-03
-6.43412500e-08,-2.93750000e-03,3.04531250e-03,3.95312500e-03
-6.43012500e-08,-2.91875000e-03,3.04843750e-03,3.94687500e-03
-6.42612500e-08,-2.90312500e-03,3.05000000e-03,3.94375000e-03
-6.42212500e-08,-2.89375000e-03,3.05000000e-03,3.94375000e-03
-6.41812500e-08,-2.88750000e-03,3.04531250e-03,3.94687500e-03
-6.41412500e-08,-2.88125000e-03,3.03750000e-03,3.95625000e-03
-6.41012500e-08,-2.87812500e-03,3.02656250e-03,3.96875000e-03
-6.40612500e-08,-2.87500000e-03,3.01250000e-03,3.98125000e-03
-6.40212500e-08,-2.86875000e-03,2.99531250e-03,3.99687500e-03
-6.39812500e-08,-2.86250000e-03,2.97656250e-03,4.01250000e-03
-6.39412500e-08,-2.85000000e-03,2.95625000e-03,4.02812500e-03
-6.39012500e-08,-2.83750000e-03,2.93437500e-03,4.04375000e-03
-6.38612500e-08,-2.81562500e-03,2.91093750e-03,4.05625000e-03
-6.38212500e-08,-2.79375000e-03,2.88906250e-03,4.06875000e-03
-6.37812500e-08,-2.76250000e-03,2.87031250e-03,4.07500000e-03
-6.37412500e-08,-2.73125000e-03,2.85156250e-03,4.07500000e-03
-6.37012500e-08,-2.69375000e-03,2.83593750e-03,4.07187500e-03
-6.36612500e-08,-2.65312500e-03,2.82500000e-03,4.06250000e-03
-6.36212500e-08,-2.61250000e-03,2.81718750e-03,4.05000000e-03
-6.35812500e-08,-2.57187500e-03,2.81406250e-03,4.03437500e-03
-6.35412500e-08,-2.53437500e-03,2.81562500e-03,4.01250000e-03
-6.35012500e-08,-2.50000000e-03,2.82031250e-03,3.99062500e-03
-6.34612500e-08,-2.46562500e-03,2.82968750e-03,3.96562500e-03
-6.34212500e-08,-2.44062500e-03,2.84375000e-03,3.94062500e-03
-6.33812500e-08,-2.41875000e-03,2.85937500e-03,3.91875000e-03
-6.33412500e-08,-2.40000000e-03,2.87812500e-03,3.89687500e-03
-6.33012500e-08,-2.39062500e-03,2.89843750e-03,3.87812500e-03
-6.32612500e-08,-2.38437500e-03,2.92031250e-03,3.86562500e-03
-6.32212500e-08,-2.38125000e-03,2.94062500e-03,3.85937500e-03
-6.31812500e-08,-2.38125000e-03,2.96093750e-03,3.85937500e-03
-6.31412500e-08,-2.38437500e-03,2.98125000e-03,3.86562500e-03
-6.31012500e-08,-2.38437500e-03,2.99687500e-03,3.88125000e-03
-6.30612500e-08,-2.38437500e-03,3.01250000e-03,3.90312500e-03
-6.30212500e-08,-2.37812500e-03,3.02343750e-03,3.93125000e-03
-6.29812500e-08,-2.36875000e-03,3.03125000e-03,3.96250000e-03
-6.29412500e-08,-2.35000000e-03,3.03750000e-03,4.00312500e-03
-6.29012500e-08,-2.32500000e-03,3.03906250e-03,4.04375000e-03
-6.28612500e-08,-2.29375000e-03,3.03906250e-03,4.08437500e-03
-6.28212500e-08,-2.25312500e-03,3.03593750e-03,4.12812500e-03
-6.27812500e-08,-2.20312500e-03,3.02968750e-03,4.16875000e-03
-6.27412500e-08,-2.14687500e-03,3.02343750e-03,4.20625000e-03
-6.27012500e-08,-2.08437500e-03,3.01718750e-03,4.24062500e-03
-6.26612500e-08,-2.01562500e-03,3.00937500e-03,4.26562500e-03
-6.26212500e-08,-1.94375000e-03,3.00156250e-03,4.28437500e-03
-6.25812500e-08,-1.86875000e-03,2.99531250e-03,4.29687500e-03
-6.25412500e-08,-1.79687500e-03,2.98906250e-03,4.30000000e-03
-6.25012500e-08,-1.72812500e-03,2.98593750e-03,4.29375000e-03
-6.24612500e-08,-1.66250000e-03,2.98281250e-03,4.27812500e-03
-6.24212500e-08,-1.60000000e-03,2.98125000e-03,4.25625000e-03
-6.23812500e-08,-1.55000000e-03,2.98125000e-03,4.22500000e-03
-6.23412500e-08,-1.50312500e-03,2.98437500e-03,4.19062500e-03
-6.23012500e-08,-1.46875000e-03,2.98593750e-03,4.15000000e-03
-6.22612500e-08,-1.44375000e-03,2.99062500e-03,4.10625000e-03
-6.22212500e-08,-1.42812500e-03,2.99375000e-03,4.06250000e-03
-6.21812500e-08,-1.42187500e-03,2.99843750e-03,4.01875000e-03
-6.21412500e-08,-1.42187500e-03,3.00156250e-03,3.97500000e-03
-6.21012500e-08,-1.42812500e-03,3.00625000e-03,3.93437500e-03
-6.20612500e-08,-1.44375000e-03,3.00781250e-03,3.90000000e-03
-6.20212500e-08,-1.46250000e-03,3.00937500e-03,3.87187500e-03
-6.19812500e-08,-1.48437500e-03,3.01093750e-03,3.85000000e-03
-6.19412500e-08,-1.50625000e-03,3.01093750e-03,3.83750000e-03
-6.19012500e-08,-1.52812500e-03,3.00937500e-03,3.83125000e-03
-6.18612500e-08,-1.55000000e-03,3.00781250e-03,3.83125000e-03
-6.18212500e-08,-1.57187500e-03,3.00468750e-03,3.84062500e-03
-6.17812500e-08,-1.58750000e-03,3.00156250e-03,3.85625000e-03
-6.17412500e-08,-1.60312500e-03,2.99843750e-03,3.87812500e-03
-6.17012500e-08,-1.61250000e-03,2.99531250e-03,3.90312500e-03
-6.16612500e-08,-1.61875000e-03,2.99375000e-03,3.93125000e-03
-6.16212500e-08,-1.62500000e-03,2.99062500e-03,3.96250000e-03
-6.15812500e-08,-1.62500000e-03,2.99062500e-03,3.99375000e-03
-6.15412500e-08,-1.62187500e-03,2.99062500e-03,4.02187500e-03
-6.15012500e-08,-1.61875000e-03,2.99062500e-03,4.05000000e-03
-6.14612500e-08,-1.61250000e-03,2.99375000e-03,4.07500000e-03
-6.14212500e-08,-1.60625000e-03,2.99531250e-03,4.09375000e-03
-6.13812500e-08,-1.60000000e-03,2.99843750e-03,4.10937500e-03
-6.13412500e-08,-1.59062500e-03,3.00156250e-03,4.11562500e-03
-6.13012500e-08,-1.58437500e-03,3.00468750e-03,4.11875000e-03
-6.12612500e-08,-1.57500000e-03,3.00781250e-03,4.11562500e-03
-6.12212500e-08,-1.56562500e-03,3.01093750e-03,4.10625000e-03
-6.11812500e-08,-1.55625000e-03,3.01250000e-03,4.09062500e-03
-6.11412500e-08,-1.54687500e-03,3.01250000e-03,4.07187500e-03
-6.11012500e-08,-1.53750000e-03,3.01250000e-03,4.04687500e-03
-6.10612500e-08,-1.52500000e-03,3.01093750e-03,4.02187500e-03
-6.10212500e-08,-1.50937500e-03,3.00781250e-03,3.99687500e-03
-6.09812500e-08,-1.49062500e-03,3.00468750e-03,3.97187500e-03
-6.09412500e-08,-1.47187500e-03,3.00000000e-03,3.94687500e-03
-6.09012500e-08,-1.45312500e-03,2.99531250e-03,3.92500000e-03
-6.08612500e-08,-1.42812500e-03,2.99062500e-03,3.90937500e-03
-6.08212500e-08,-1.40625000e-03,2.98750000e-03,3.89375000e-03
-6.07812500e-08,-1.37812500e-03,2.98281250e-03,3.88750000e-03
-6.07412500e-08,-1.35312500e-03,2.97968750e-03,3.88437500e-03
-6.07012500e-08,-1.33125000e-03,2.97968750e-03,3.88437500e-03
-6.06612500e-08,-1.30625000e-03,2.97968750e-03,3.89062500e-03
-6.06212500e-08,-1.28750000e-03,2.98125000e-03,3.90000000e-03
-6.05812500e-08,-1.27187500e-03,2.98437500e-03,3.91250000e-03
-6.05412500e-08,-1.25937500e-03,2.98906250e-03,3.92500000e-03
-6.05012500e-08,-1.25312500e-03,2.99687500e-03,3.94062500e-03
-6.04612500e-08,-1.25312500e-03,3.00312500e-03,3.95312500e-03
-6.04212500e-08,-1.25625000e-03,3.01250000e-03,3.96250000e-03
-6.03812500e-08,-1.26875000e-03,3.02031250e-03,3.96875000e-03
-6.03412500e-08,-1.28437500e-03,3.02812500e-03,3.97187500e-03
-6.03012500e-08,-1.30625000e-03,3.03437500e-03,3.96562500e-03
-6.02612500e-08,-1.33125000e-03,3.03906250e-03,3.95625000e-03
-6.02212500e-08,-1.35937500e-03,3.04062500e-03,3.93750000e-03
-6.01812500e-08,-1.39062500e-03,3.04062500e-03,3.90937500e-03
-6.01412500e-08,-1.41875000e-03,3.03750000e-03,3.87812500e-03
-6.01012500e-08,-1.45000000e-03,3.02968750e-03,3.84062500e-03
-6.00612500e-08,-1.47500000e-03,3.02031250e-03,3.79687500e-03
-6.00212500e-08,-1.49687500e-03,3.00625000e-03,3.75000000e-03
-5.99812500e-08,-1.51562500e-03,2.99062500e-03,3.70312500e-03
-5.99412500e-08,-1.52500000e-03,2.97187500e-03,3.65625000e-03
-5.99012500e-08,-1.53125000e-03,2.95000000e-03,3.60937500e-03
-5.98612500e-08,-1.52812500e-03,2.92812500e-03,3.57187500e-03
-5.98212500e-08,-1.52187500e-03,2.90625000e-03,3.53750000e-03
-5.97812500e-08,-1.50625000e-03,2.88437500e-03,3.51250000e-03
-5.97412500e-08,-1.48750000e-03,2.86406250e-03,3.49687500e-03
-5.97012500e-08,-1.46250000e-03,2.84531250e-03,3.49062500e-03
-5.96612500e-08,-1.43750000e-03,2.83125000e-03,3.49687500e-03
-5.96212500e-08,-1.41250000e-03,2.81875000e-03,3.51562500e-03
-5.95812500e-08,-1.38750000e-03,2.81250000e-03,3.54375000e-03
-5.95412500e-08,-1.36875000e-03,2.80937500e-03,3.58125000e-03
-5.95012500e-08,-1.35312500e-03,2.81093750e-03,3.62812500e-03
-5.94612500e-08,-1.34375000e-03,2.81718750e-03,3.68125000e-03
-5.94212500e-08,-1.34687500e-03,2.82968750e-03,3.74062500e-03
-5.93812500e-08,-1.35937500e-03,2.84375000e-03,3.80000000e-03
-5.93412500e-08,-1.38125000e-03,2.86250000e-03,3.86250000e-03
-5.93012500e-08,-1.41562500e-03,2.88437500e-03,3.91875000e-03
-5.92612500e-08,-1.45937500e-03,2.90625000e-03,3.96875000e-03
-5.92212500e-08,-1.51562500e-03,2.92968750e-03,4.01562500e-03
-5.91812500e-08,-1.58125000e-03,2.95468750e-03,4.05000000e-03
-5.91412500e-08,-1.65312500e-03,2.97656250e-03,4.07500000e-03
-5.91012500e-08,-1.73125000e-03,2.99843750e-03,4.08750000e-03
-5.90612500e-08,-1.81250000e-03,3.01562500e-03,4.09062500e-03
-5.90212500e-08,-1.89375000e-03,3.03125000e-03,4.08125000e-03
-5.89812500e-08,-1.97500000e-03,3.04375000e-03,4.05937500e-03
-5.89412500e-08,-2.04687500e-03,3.05156250e-03,4.03125000e-03
-5.89012500e-08,-2.11562500e-03,3.05468750e-03,3.99687500e-03
-5.88612500e-08,-2.17187500e-03,3.05625000e-03,3.95625000e-03
-5.88212500e-08,-2.21562500e-03,3.05312500e-03,3.91250000e-03
-5.87812500e-08,-2.24375000e-03,3.04687500e-03,3.87187500e-03
-5.87412500e-08,-2.25625000e-03,3.03750000e-03,3.83125000e-03
-5.87012500e-08,-2.25312500e-03,3.02812500e-03,3.79687500e-03
-5.86612500e-08,-2.23437500e-03,3.01562500e-03,3.77187500e-03
-5.86212500e-08,-2.20000000e-03,3.00468750e-03,3.75312500e-03
-5.85812500e-08,-2.15000000e-03,2.99218750e-03,3.74687500e-03
-5.85412500e-08,-2.08437500e-03,2.98281250e-03,3.75312500e-03
-5.85012500e-08,-2.01250000e-03,2.97343750e-03,3.76875000e-03
-5.84612500e-08,-1.92812500e-03,2.96718750e-03,3.79687500e-03
-5.84212500e-08,-1.84375000e-03,2.96250000e-03,3.83437500e-03
-5.83812500e-08,-1.75312500e-03,2.96093750e-03,3.88125000e-03
-5.83412500e-08,-1.66875000e-03,2.96093750e-03,3.93125000e-03
-5.83012500e-08,-1.58750000e-03,2.96562500e-03,3.99062500e-03
-5.82612500e-08,-1.51562500e-03,2.97031250e-03,4.05000000e-03
-5.82212500e-08,-1.45312500e-03,2.97812500e-03,4.10625000e-03
-5.81812500e-08,-1.40625000e-03,2.98750000e-03,4.16250000e-03
-5.81412500e-08,-1.37187500e-03,2.99687500e-03,4.21250000e-03
-5.81012500e-08,-1.35937500e-03,3.00781250e-03,4.25625000e-03
-5.80612500e-08,-1.36250000e-03,3.01875000e-03,4.29062500e-03
-5.80212500e-08,-1.38437500e-03,3.03125000e-03,4.31562500e-03
-5.79812500e-08,-1.42187500e-03,3.04062500e-03,4.32812500e-03
-5.79412500e-08,-1.47500000e-03,3.05156250e-03,4.32812500e-03
-5.79012500e-08,-1.54687500e-03,3.05937500e-03,4.31875000e-03
-5.78612500e-08,-1.62812500e-03,3.06718750e-03,4.30000000e-03
-5.78212500e-08,-1.71875000e-03,3.07500000e-03,4.27187500e-03
-5.77812500e-08,-1.81562500e-03,3.08125000e-03,4.23750000e-03
-5.77412500e-08,-1.91562500e-03,3.08750000e-03,4.19687500e-03
-5.77012500e-08,-2.01562500e-03,3.09218750e-03,4.15000000e-03
-5.76612500e-08,-2.11562500e-03,3.09687500e-03,4.10625000e-03
-5.76212500e-08,-2.20625000e-03,3.10312500e-03,4.05937500e-03
-5.75812500e-08,-2.29062500e-03,3.10937500e-03,4.01562500e-03
-5.75412500e-08,-2.36250000e-03,3.11562500e-03,3.97812500e-03
-5.75012500e-08,-2.42187500e-03,3.12187500e-03,3.94375000e-03
-5.74612500e-08,-2.47187500e-03,3.13125000e-03,3.91562500e-03
-5.74212500e-08,-2.50312500e-03,3.14062500e-03,3.89687500e-03
-5.73812500e-08,-2.52500000e-03,3.15000000e-03,3.88125000e-03
-5.73412500e-08,-2.53125000e-03,3.16093750e-03,3.87500000e-03
-5.73012500e-08,-2.52812500e-03,3.17031250e-03,3.87812500e-03
-5.72612500e-08,-2.51562500e-03,3.17968750e-03,3.88437500e-03
-5.72212500e-08,-2.49375000e-03,3.18906250e-03,3.89687500e-03
-5.71812500e-08,-2.46562500e-03,3.19687500e-03,3.91250000e-03
-5.71412500e-08,-2.43437500e-03,3.20312500e-03,3.93437500e-03
-5.71012500e-08,-2.40312500e-03,3.20468750e-03,3.95312500e-03
-5.70612500e-08,-2.37500000e-03,3.20468750e-03,3.97812500e-03
-5.70212500e-08,-2.35000000e-03,3.20156250e-03,3.99687500e-03
-5.69812500e-08,-2.32812500e-03,3.19375000e-03,4.01875000e-03
-5.69412500e-08,-2.31562500e-03,3.18281250e-03,4.03750000e-03
-5.69012500e-08,-2.30937500e-03,3.16718750e-03,4.05312500e-03
-5.68612500e-08,-2.30937500e-03,3.14843750e-03,4.06562500e-03
-5.68212500e-08,-2.31875000e-03,3.12656250e-03,4.07500000e-03
-5.67812500e-08,-2.33750000e-03,3.10156250e-03,4.08125000e-03
-5.67412500e-08,-2.35937500e-03,3.07500000e-03,4.08125000e-03
-5.67012500e-08,-2.38750000e-03,3.04687500e-03,4.08125000e-03
-5.66612500e-08,-2.41875000e-03,3.01718750e-03,4.07812500e-03
-5.66212500e-08,-2.45000000e-03,2.98906250e-03,4.07187500e-03
-5.65812500e-08,-2.47812500e-03,2.96406250e-03,4.06250000e-03
-5.65412500e-08,-2.50312500e-03,2.93906250e-03,4.05000000e-03
-5.65012500e-08,-2.52187500e-03,2.92031250e-03,4.03750000e-03
-5.64612500e-08,-2.53125000e-03,2.90468750e-03,4.02500000e-03
-5.64212500e-08,-2.53125000e-03,2.89375000e-03,4.00937500e-03
-5.63812500e-08,-2.51875000e-03,2.89062500e-03,3.99062500e-03
-5.63412500e-08,-2.49375000e-03,2.89218750e-03,3.97187500e-03
-5.63012500e-08,-2.45625000e-03,2.90000000e-03,3.95312500e-03
-5.62612500e-08,-2.40625000e-03,2.91250000e-03,3.93437500e-03
-5.62212500e-08,-2.34375000e-03,2.93281250e-03,3.91562500e-03
-5.61812500e-08,-2.26875000e-03,2.95625000e-03,3.89375000e-03
-5.61412500e-08,-2.18750000e-03,2.98437500e-03,3.87500000e-03
-5.61012500e-08,-2.09687500e-03,3.01562500e-03,3.85312500e-03
-5.60612500e-08,-2.00000000e-03,3.04843750e-03,3.83437500e-03
-5.60212500e-08,-1.90312500e-03,3.08281250e-03,3.81562500e-03
-5.59812500e-08,-1.80625000e-03,3.11718750e-03,3.79687500e-03
-5.59412500e-08,-1.71562500e-03,3.14843750e-03,3.78125000e-03
-5.59012500e-08,-1.62812500e-03,3.17656250e-03,3.76875000e-03
-5.58612500e-08,-1.55312500e-03,3.20156250e-03,3.75937500e-03
-5.58212500e-08,-1.48750000e-03,3.22187500e-03,3.75625000e-03
-5.57812500e-08,-1.43750000e-03,3.23750000e-03,3.75312500e-03
-5.57412500e-08,-1.40000000e-03,3.24687500e-03,3.75625000e-03
-5.57012500e-08,-1.38125000e-03,3.25000000e-03,3.76250000e-03
-5.56612500e-08,-1.37812500e-03,3.24687500e-03,3.77187500e-03
-5.56212500e-08,-1.39062500e-03,3.23906250e-03,3.78750000e-03
-5.55812500e-08,-1.42187500e-03,3.22656250e-03,3.80625000e-03
-5.55412500e-08,-1.46562500e-03,3.20937500e-03,3.82812500e-03
-5.55012500e-08,-1.52187500e-03,3.19062500e-03,3.85312500e-03
-5.54612500e-08,-1.58750000e-03,3.17031250e-03,3.88125000e-03
-5.54212500e-08,-1.66562500e-03,3.15000000e-03,3.90937500e-03
-5.53812500e-08,-1.74687500e-03,3.12968750e-03,3.93750000e-03
-5.53412500e-08,-1.83125000e-03,3.11093750e-03,3.96250000e-03
-5.53012500e-08,-1.91562500e-03,3.09687500e-03,3.98750000e-03
-5.52612500e-08,-1.99687500e-03,3.08750000e-03,4.01250000e-03
-5.52212500e-08,-2.07187500e-03,3.08125000e-03,4.03125000e-03
-5.51812500e-08,-2.14062500e-03,3.08125000e-03,4.05000000e-03
-5.51412500e-08,-2.19687500e-03,3.08750000e-03,4.06250000e-03
-5.51012500e-08,-2.24375000e-03,3.09843750e-03,4.06875000e-03
-5.50612500e-08,-2.27187500e-03,3.11406250e-03,4.07500000e-03
-5.50212500e-08,-2.29062500e-03,3.13281250e-03,4.07500000e-03
-5.49812500e-08,-2.29062500e-03,3.15625000e-03,4.07187500e-03
-5.49412500e-08,-2.27500000e-03,3.18125000e-03,4.06250000e-03
-5.49012500e-08,-2.24687500e-03,3.20781250e-03,4.05312500e-03
-5.48612500e-08,-2.20312500e-03,3.23281250e-03,4.04375000e-03
-5.48212500e-08,-2.14687500e-03,3.25625000e-03,4.02812500e-03
-5.47812500e-08,-2.07812500e-03,3.27500000e-03,4.01562500e-03
-5.47412500e-08,-2.00312500e-03,3.29062500e-03,4.00312500e-03
-5.47012500e-08,-1.91875000e-03,3.29843750e-03,3.99062500e-03
-5.46612500e-08,-1.83125000e-03,3.30000000e-03,3.97812500e-03
-5.46212500e-08,-1.74375000e-03,3.29531250e-03,3.97187500e-03
-5.45812500e-08,-1.65312500e-03,3.28281250e-03,3.96250000e-03
-5.45412500e-08,-1.56875000e-03,3.26250000e-03,3.95937500e-03
-5.45012500e-08,-1.49062500e-03,3.23437500e-03,3.95625000e-03
-5.44612500e-08,-1.42187500e-03,3.20156250e-03,3.95937500e-03
-5.44212500e-08,-1.36562500e-03,3.16406250e-03,3.95937500e-03
-5.43812500e-08,-1.32187500e-03,3.12343750e-03,3.96562500e-03
-5.43412500e-08,-1.29375000e-03,3.08125000e-03,3.97187500e-03
-5.43012500e-08,-1.28437500e-03,3.03906250e-03,3.98125000e-03
-5.42612500e-08,-1.29062500e-03,3.00000000e-03,3.98750000e-03
-5.42212500e-08,-1.31562500e-03,2.96406250e-03,3.99687500e-03
-5.41812500e-08,-1.35937500e-03,2.93281250e-03,4.00625000e-03
-5.41412500e-08,-1.42187500e-03,2.90937500e-03,4.01250000e-03
-5.41012500e-08,-1.50312500e-03,2.89531250e-03,4.01875000e-03
-5.40612500e-08,-1.60000000e-03,2.88906250e-03,4.02500000e-03
-5.40212500e-08,-1.71250000e-03,2.89218750e-03,4.02812500e-03
-5.39812500e-08,-1.83437500e-03,2.90625000e-03,4.03125000e-03
-5.39412500e-08,-1.96875000e-03,2.92968750e-03,4.03125000e-03
-5.39012500e-08,-2.10937500e-03,2.96250000e-03,4.03125000e-03
-5.38612500e-08,-2.25625000e-03,3.00312500e-03,4.03125000e-03
-5.38212500e-08,-2.40000000e-03,3.05000000e-03,4.02500000e-03
-5.37812500e-08,-2.54687500e-03,3.10156250e-03,4.02187500e-03
-5.37412500e-08,-2.68437500e-03,3.15625000e-03,4.01562500e-03
-5.37012500e-08,-2.81562500e-03,3.21250000e-03,4.00937500e-03
-5.36612500e-08,-2.93750000e-03,3.26875000e-03,4.00312500e-03
-5.36212500e-08,-3.04375000e-03,3.32031250e-03,3.99687500e-03
-5.35812500e-08,-3.13750000e-03,3.36875000e-03,3.99062500e-03
-5.35412500e-08,-3.21250000e-03,3.40937500e-03,3.98437500e-03
-5.35012500e-08,-3.27500000e-03,3.44375000e-03,3.98125000e-03
-5.34612500e-08,-3.31875000e-03,3.46875000e-03,3.97812500e-03
-5.34212500e-08,-3.34375000e-03,3.48437500e-03,3.97500000e-03
-5.33812500e-08,-3.35625000e-03,3.49218750e-03,3.97187500e-03
-5.33412500e-08,-3.35312500e-03,3.48906250e-03,3.97187500e-03
-5.33012500e-08,-3.34062500e-03,3.47812500e-03,3.97187500e-03
-5.32612500e-08,-3.31562500e-03,3.45937500e-03,3.97187500e-03
-5.32212500e-08,-3.28750000e-03,3.43437500e-03,3.97500000e-03
-5.31812500e-08,-3.25312500e-03,3.40312500e-03,3.98125000e-03
-5.31412500e-08,-3.21562500e-03,3.36875000e-03,3.98437500e-03
-5.31012500e-08,-3.18437500e-03,3.33125000e-03,3.99062500e-03
-5.30612500e-08,-3.15312500e-03,3.29375000e-03,3.99687500e-03
-5.30212500e-08,-3.13125000e-03,3.25625000e-03,4.00625000e-03
-5.29812500e-08,-3.11875000e-03,3.22031250e-03,4.01250000e-03
-5.29412500e-08,-3.11875000e-03,3.18750000e-03,4.02187500e-03
-5.29012500e-08,-3.12812500e-03,3.15937500e-03,4.02812500e-03
-5.28612500e-08,-3.15312500e-03,3.13437500e-03,4.03437500e-03
-5.28212500e-08,-3.18750000e-03,3.11406250e-03,4.04062500e-03
-5.27812500e-08,-3.23750000e-03,3.09843750e-03,4.04687500e-03
-5.27412500e-08,-3.29687500e-03,3.08750000e-03,4.05000000e-03
-5.27012500e-08,-3.36562500e-03,3.07968750e-03,4.05312500e-03
-5.26612500e-08,-3.44375000e-03,3.07656250e-03,4.05312500e-03
-5.26212500e-08,-3.52500000e-03,3.07343750e-03,4.05000000e-03
-5.25812500e-08,-3.60937500e-03,3.07343750e-03,4.04687500e-03
-5.25412500e-08,-3.69687500e-03,3.07187500e-03,4.04375000e-03
-5.25012500e-08,-3.78125000e-03,3.07187500e-03,4.03437500e-03
-5.24612500e-08,-3.85937500e-03,3.06875000e-03,4.02500000e-03
-5.24212500e-08,-3.93437500e-03,3.06406250e-03,4.01562500e-03
-5.23812500e-08,-4.00000000e-03,3.05781250e-03,4.00312500e-03
-5.23412500e-08,-4.05312500e-03,3.05000000e-03,3.99062500e-03
-5.23012500e-08,-4.10000000e-03,3.03906250e-03,3.97812500e-03
-5.22612500e-08,-4.13125000e-03,3.02500000e-03,3.96562500e-03
-5.22212500e-08,-4.15625000e-03,3.01093750e-03,3.95000000e-03
-5.21812500e-08,-4.16562500e-03,2.99531250e-03,3.93750000e-03
-5.21412500e-08,-4.16875000e-03,2.97968750e-03,3.92500000e-03
-5.21012500e-08,-4.16250000e-03,2.96562500e-03,3.91562500e-03
-5.20612500e-08,-4.14687500e-03,2.95312500e-03,3.90625000e-03
-5.20212500e-08,-4.12812500e-03,2.94218750e-03,3.90000000e-03
-5.19812500e-08,-4.10625000e-03,2.93593750e-03,3.89687500e-03
-5.19412500e-08,-4.07812500e-03,2.93437500e-03,3.89375000e-03
-5.19012500e-08,-4.05312500e-03,2.93750000e-03,3.89687500e-03
-5.18612500e-08,-4.02812500e-03,2.94687500e-03,3.90000000e-03
-5.18212500e-08,-4.00625000e-03,2.96093750e-03,3.90312500e-03
-5.17812500e-08,-3.98750000e-03,2.98125000e-03,3.91250000e-03
-5.17412500e-08,-3.97500000e-03,3.00468750e-03,3.92187500e-03
-5.17012500e-08,-3.96562500e-03,3.03437500e-03,3.93125000e-03
-5.16612500e-08,-3.96250000e-03,3.06718750e-03,3.94375000e-03
-5.16212500e-08,-3.96250000e-03,3.10156250e-03,3.95625000e-03
-5.15812500e-08,-3.96875000e-03,3.13750000e-03,3.96875000e-03
-5.15412500e-08,-3.97812500e-03,3.17500000e-03,3.98125000e-03
-5.15012500e-08,-3.99375000e-03,3.21093750e-03,3.99062500e-03
-5.14612500e-08,-4.00937500e-03,3.24375000e-03,4.00312500e-03
-5.14212500e-08,-4.02500000e-03,3.27343750e-03,4.01250000e-03
-5.13812500e-08,-4.04062500e-03,3.29843750e-03,4.02187500e-03
-5.13412500e-08,-4.05625000e-03,3.31875000e-03,4.02812500e-03
-5.13012500e-08,-4.06875000e-03,3.33437500e-03,4.03437500e-03
-5.12612500e-08,-4.08125000e-03,3.34218750e-03,4.03750000e-03
-5.12212500e-08,-4.08750000e-03,3.34375000e-03,4.03750000e-03
-5.11812500e-08,-4.09375000e-03,3.33906250e-03,4.03750000e-03
-5.11412500e-08,-4.09375000e-03,3.32968750e-03,4.03750000e-03
-5.11012500e-08,-4.09062500e-03,3.31406250e-03,4.03437500e-03
-5.10612500e-08,-4.08125000e-03,3.29375000e-03,4.02812500e-03
-5.10212500e-08,-4.07187500e-03,3.26875000e-03,4.02500000e-03
-5.09812500e-08,-4.05937500e-03,3.24218750e-03,4.01562500e-03
-5.09412500e-08,-4.04375000e-03,3.21250000e-03,4.00937500e-03
-5.09012500e-08,-4.02812500e-03,3.18281250e-03,4.00312500e-03
-5.08612500e-08,-4.01250000e-03,3.15312500e-03,3.99375000e-03
-5.08212500e-08,-3.99687500e-03,3.12500000e-03,3.98750000e-03
-5.07812500e-08,-3.98125000e-03,3.09687500e-03,3.98125000e-03
-5.07412500e-08,-3.96875000e-03,3.07187500e-03,3.97500000e-03
-5.07012500e-08,-3.95937500e-03,3.05000000e-03,3.97187500e-03
-5.06612500e-08,-3.95312500e-03,3.03125000e-03,3.96875000e-03
-5.06212500e-08,-3.95312500e-03,3.01562500e-03,3.96562500e-03
-5.05812500e-08,-3.95312500e-03,3.00312500e-03,3.96562500e-03
-5.05412500e-08,-3.95937500e-03,2.99375000e-03,3.96875000e-03
-5.05012500e-08,-3.96875000e-03,2.98750000e-03,3.97187500e-03
-5.04612500e-08,-3.98437500e-03,2.98281250e-03,3.97812500e-03
-5.04212500e-08,-4.00312500e-03,2.98125000e-03,3.98437500e-03
-5.03812500e-08,-4.02812500e-03,2.98125000e-03,3.99375000e-03
-5.03412500e-08,-4.05625000e-03,2.98281250e-03,4.00312500e-03
-5.03012500e-08,-4.08750000e-03,2.98437500e-03,4.01250000e-03
-5.02612500e-08,-4.12187500e-03,2.98593750e-03,4.02500000e-03
-5.02212500e-08,-4.15937500e-03,2.98906250e-03,4.03437500e-03
-5.01812500e-08,-4.20000000e-03,2.99062500e-03,4.04375000e-03
-5.01412500e-08,-4.24062500e-03,2.99218750e-03,4.05312500e-03
-5.01012500e-08,-4.28437500e-03,2.99375000e-03,4.05625000e-03
-5.00612500e-08,-4.33125000e-03,2.99375000e-03,4.05937500e-03
-5.00212500e-08,-4.37812500e-03,2.99531250e-03,4.05937500e-03
-4.99812500e-08,-4.42187500e-03,2.99531250e-03,4.05312500e-03
-4.99412500e-08,-4.46562500e-03,2.99375000e-03,4.04375000e-03
-4.99012500e-08,-4.50937500e-03,2.99375000e-03,4.02812500e-03
-4.98612500e-08,-4.55000000e-03,2.99218750e-03,4.00937500e-03
-4.98212500e-08,-4.58750000e-03,2.99218750e-03,3.98750000e-03
-4.97812500e-08,-4.62187500e-03,2.99218750e-03,3.95937500e-03
-4.97412500e-08,-4.65000000e-03,2.99218750e-03,3.93125000e-03
-4.97012500e-08,-4.67187500e-03,2.99375000e-03,3.89687500e-03
-4.96612500e-08,-4.69062500e-03,2.99531250e-03,3.86250000e-03
-4.96212500e-08,-4.70312500e-03,2.99687500e-03,3.82500000e-03
-4.95812500e-08,-4.70625000e-03,3.00000000e-03,3.79062500e-03
-4.95412500e-08,-4.70625000e-03,3.00312500e-03,3.75625000e-03
-4.95012500e-08,-4.69687500e-03,3.00781250e-03,3.72812500e-03
-4.94612500e-08,-4.68437500e-03,3.01093750e-03,3.70312500e-03
-4.94212500e-08,-4.66250000e-03,3.01718750e-03,3.68437500e-03
-4.93812500e-08,-4.63750000e-03,3.02187500e-03,3.67187500e-03
-4.93412500e-08,-4.60937500e-03,3.02812500e-03,3.66875000e-03
-4.93012500e-08,-4.57500000e-03,3.03437500e-03,3.67187500e-03
-4.92612500e-08,-4.54062500e-03,3.04218750e-03,3.68437500e-03
-4.92212500e-08,-4.50312500e-03,3.05000000e-03,3.70625000e-03
-4.91812500e-08,-4.46562500e-03,3.05937500e-03,3.73750000e-03
-4.91412500e-08,-4.42812500e-03,3.06875000e-03,3.77500000e-03
-4.91012500e-08,-4.39375000e-03,3.07968750e-03,3.81875000e-03
-4.90612500e-08,-4.35937500e-03,3.09218750e-03,3.86875000e-03
-4.90212500e-08,-4.33125000e-03,3.10625000e-03,3.92187500e-03
-4.89812500e-08,-4.30625000e-03,3.12031250e-03,3.97812500e-03
-4.89412500e-08,-4.28437500e-03,3.13593750e-03,4.03437500e-03
-4.89012500e-08,-4.26562500e-03,3.15312500e-03,4.08437500e-03
-4.88612500e-08,-4.25312500e-03,3.17187500e-03,4.13437500e-03
-4.88212500e-08,-4.24375000e-03,3.18906250e-03,4.17812500e-03
-4.87812500e-08,-4.23750000e-03,3.20781250e-03,4.21562500e-03
-4.87412500e-08,-4.23437500e-03,3.22656250e-03,4.24062500e-03
-4.87012500e-08,-4.23437500e-03,3.24375000e-03,4.25937500e-03
-4.86612500e-08,-4.23125000e-03,3.25937500e-03,4.26875000e-03
-4.86212500e-08,-4.23125000e-03,3.27343750e-03,4.26562500e-03
-4.85812500e-08,-4.23125000e-03,3.28437500e-03,4.25312500e-03
-4.85412500e-08,-4.22812500e-03,3.29375000e-03,4.23125000e-03
-4.85012500e-08,-4.22187500e-03,3.29843750e-03,4.20000000e-03
-4.84612500e-08,-4.21562500e-03,3.29843750e-03,4.16250000e-03
-4.84212500e-08,-4.20625000e-03,3.29687500e-03,4.12187500e-03
-4.83812500e-08,-4.19375000e-03,3.28906250e-03,4.07500000e-03
-4.83412500e-08,-4.18125000e-03,3.27812500e-03,4.02812500e-03
-4.83012500e-08,-4.16250000e-03,3.26406250e-03,3.97812500e-03
-4.82612500e-08,-4.14687500e-03,3.24687500e-03,3.93437500e-03
-4.82212500e-08,-4.12812500e-03,3.22656250e-03,3.89375000e-03
-4.81812500e-08,-4.10937500e-03,3.20625000e-03,3.85625000e-03
-4.81412500e-08,-4.09375000e-03,3.18437500e-03,3.82812500e-03
-4.81012500e-08,-4.07812500e-03,3.16406250e-03,3.80625000e-03
-4.80612500e-08,-4.06250000e-03,3.14375000e-03,3.79062500e-03
-4.80212500e-08,-4.05312500e-03,3.12656250e-03,3.78437500e-03
-4.79812500e-08,-4.04375000e-03,3.11406250e-03,3.78750000e-03
-4.79412500e-08,-4.03750000e-03,3.10468750e-03,3.79687500e-03
-4.79012500e-08,-4.03437500e-03,3.10156250e-03,3.81250000e-03
-4.78612500e-08,-4.03437500e-03,3.10312500e-03,3.83437500e-03
-4.78212500e-08,-4.03750000e-03,3.11250000e-03,3.85937500e-03
-4.77812500e-08,-4.03750000e-03,3.12656250e-03,3.88750000e-03
-4.77412500e-08,-4.04062500e-03,3.14687500e-03,3.91875000e-03
-4.77012500e-08,-4.04062500e-03,3.17343750e-03,3.94687500e-03
-4.76612500e-08,-4.03437500e-03,3.20468750e-03,3.97500000e-03
-4.76212500e-08,-4.02812500e-03,3.23906250e-03,4.00000000e-03
-4.75812500e-08,-4.01562500e-03,3.27500000e-03,4.01875000e-03
-4.75412500e-08,-3.99687500e-03,3.31250000e-03,4.03750000e-03
-4.75012500e-08,-3.96875000e-03,3.35000000e-03,4.05000000e-03
-4.74612500e-08,-3.93750000e-03,3.38437500e-03,4.05937500e-03
-4.74212500e-08,-3.89375000e-03,3.41562500e-03,4.06250000e-03
-4.73812500e-08,-3.84375000e-03,3.44218750e-03,4.06250000e-03
-4.73412500e-08,-3.78750000e-03,3.46250000e-03,4.05625000e-03
-4.73012500e-08,-3.72500000e-03,3.47500000e-03,4.05000000e-03
-4.72612500e-08,-3.65625000e-03,3.47812500e-03,4.04062500e-03
-4.72212500e-08,-3.58750000e-03,3.47343750e-03,4.03125000e-03
-4.71812500e-08,-3.51250000e-03,3.46093750e-03,4.02187500e-03
-4.71412500e-08,-3.43750000e-03,3.43906250e-03,4.01250000e-03
-4.71012500e-08,-3.36562500e-03,3.40937500e-03,4.00312500e-03
-4.70612500e-08,-3.30000000e-03,3.37343750e-03,3.99687500e-03
-4.70212500e-08,-3.23750000e-03,3.32968750e-03,3.99062500e-03
-4.69812500e-08,-3.18125000e-03,3.28281250e-03,3.98750000e-03
-4.69412500e-08,-3.13125000e-03,3.23281250e-03,3.98750000e-03
-4.69012500e-08,-3.09375000e-03,3.18125000e-03,3.98750000e-03
-4.68612500e-08,-3.06562500e-03,3.13125000e-03,3.98750000e-03
-4.68212500e-08,-3.04687500e-03,3.08281250e-03,3.99062500e-03
-4.67812500e-08,-3.04062500e-03,3.03906250e-03,3.99062500e-03
-4.67412500e-08,-3.04375000e-03,3.00000000e-03,3.99062500e-03
-4.67012500e-08,-3.05312500e-03,2.96718750e-03,3.99062500e-03
-4.66612500e-08,-3.07187500e-03,2.94062500e-03,3.98750000e-03
-4.66212500e-08,-3.09375000e-03,2.92343750e-03,3.98437500e-03
-4.65812500e-08,-3.12187500e-03,2.91406250e-03,3.97812500e-03
-4.65412500e-08,-3.15312500e-03,2.91250000e-03,3.96875000e-03
-4.65012500e-08,-3.18437500e-03,2.91875000e-03,3.95937500e-03
-4.64612500e-08,-3.21250000e-03,2.93125000e-03,3.95000000e-03
-4.64212500e-08,-3.24062500e-03,2.95000000e-03,3.94062500e-03
-4.63812500e-08,-3.26250000e-03,2.97187500e-03,3.93125000e-03
-4.63412500e-08,-3.28125000e-03,2.99843750e-03,3.92187500e-03
-4.63012500e-08,-3.29375000e-03,3.02500000e-03,3.91562500e-03
-4.62612500e-08,-3.30000000e-03,3.05156250e-03,3.91250000e-03
-4.62212500e-08,-3.29687500e-03,3.07812500e-03,3.91562500e-03
-4.61812500e-08,-3.29062500e-03,3.10156250e-03,3.92187500e-03
-4.61412500e-08,-3.27812500e-03,3.12187500e-03,3.93437500e-03
-4.61012500e-08,-3.25937500e-03,3.13906250e-03,3.95312500e-03
-4.60612500e-08,-3.24062500e-03,3.15000000e-03,3.97812500e-03
-4.60212500e-08,-3.21562500e-03,3.15625000e-03,4.00625000e-03
-4.59812500e-08,-3.19062500e-03,3.15937500e-03,4.04062500e-03
-4.59412500e-08,-3.16875000e-03,3.15625000e-03,4.07812500e-03
-4.59012500e-08,-3.14687500e-03,3.15000000e-03,4.11875000e-03
-4.58612500e-08,-3.12812500e-03,3.14218750e-03,4.15937500e-03
-4.58212500e-08,-3.11562500e-03,3.13125000e-03,4.19687500e-03
-4.57812500e-08,-3.10625000e-03,3.12031250e-03,4.23125000e-03
-4.57412500e-08,-3.10312500e-03,3.10937500e-03,4.26250000e-03
-4.57012500e-08,-3.10312500e-03,3.10156250e-03,4.28750000e-03
-4.56612500e-08,-3.11250000e-03,3.09531250e-03,4.30312500e-03
-4.56212500e-08,-3.12500000e-03,3.09218750e-03,4.30937500e-03
-4.55812500e-08,-3.14375000e-03,3.09375000e-03,4.30625000e-03
-4.55412500e-08,-3.16250000e-03,3.10000000e-03,4.29375000e-03
-4.55012500e-08,-3.18750000e-03,3.11250000e-03,4.26562500e-03
-4.54612500e-08,-3.21250000e-03,3.12812500e-03,4.23125000e-03
-4.54212500e-08,-3.23437500e-03,3.14843750e-03,4.18437500e-03
-4.53812500e-08,-3.25937500e-03,3.17343750e-03,4.12812500e-03
-4.53412500e-08,-3.27812500e-03,3.20000000e-03,4.06875000e-03
-4.53012500e-08,-3.29375000e-03,3.22812500e-03,4.00000000e-03
-4.52612500e-08,-3.30625000e-03,3.25781250e-03,3.93125000e-03
-4.52212500e-08,-3.31250000e-03,3.28593750e-03,3.86250000e-03
-4.51812500e-08,-3.31250000e-03,3.31093750e-03,3.79375000e-03
-4.51412500e-08,-3.30625000e-03,3.33437500e-03,3.73437500e-03
-4.51012500e-08,-3.29062500e-03,3.35156250e-03,3.67812500e-03
-4.50612500e-08,-3.27187500e-03,3.36250000e-03,3.63125000e-03
-4.50212500e-08,-3.24687500e-03,3.36875000e-03,3.59687500e-03
-4.49812500e-08,-3.21562500e-03,3.36562500e-03,3.57187500e-03
-4.49412500e-08,-3.18125000e-03,3.35781250e-03,3.55937500e-03
-4.49012500e-08,-3.14375000e-03,3.34218750e-03,3.56250000e-03
-4.48612500e-08,-3.10312500e-03,3.31875000e-03,3.57500000e-03
-4.48212500e-08,-3.06250000e-03,3.29062500e-03,3.60000000e-03
-4.47812500e-08,-3.01875000e-03,3.25781250e-03,3.63437500e-03
-4.47412500e-08,-2.97812500e-03,3.22031250e-03,3.67812500e-03
-4.47012500e-08,-2.93750000e-03,3.18125000e-03,3.72812500e-03
-4.46612500e-08,-2.89687500e-03,3.14218750e-03,3.77812500e-03
-4.46212500e-08,-2.85937500e-03,3.10312500e-03,3.83437500e-03
-4.45812500e-08,-2.82500000e-03,3.06562500e-03,3.88437500e-03
-4.45412500e-08,-2.79375000e-03,3.03281250e-03,3.93437500e-03
-4.45012500e-08,-2.76250000e-03,3.00468750e-03,3.97812500e-03
-4.44612500e-08,-2.73437500e-03,2.98125000e-03,4.01562500e-03
-4.44212500e-08,-2.70625000e-03,2.96562500e-03,4.04687500e-03
-4.43812500e-08,-2.68437500e-03,2.95781250e-03,4.06562500e-03
-4.43412500e-08,-2.65937500e-03,2.95781250e-03,4.07812500e-03
-4.43012500e-08,-2.64062500e-03,2.96562500e-03,4.08125000e-03
-4.42612500e-08,-2.61875000e-03,2.97968750e-03,4.07500000e-03
-4.42212500e-08,-2.60000000e-03,3.00000000e-03,4.06250000e-03
-4.41812500e-08,-2.58437500e-03,3.02656250e-03,4.04375000e-03
-4.41412500e-08,-2.56875000e-03,3.05625000e-03,4.02187500e-03
-4.41012500e-08,-2.55625000e-03,3.09062500e-03,4.00000000e-03
-4.40612500e-08,-2.54687500e-03,3.12500000e-03,3.97812500e-03
-4.40212500e-08,-2.54062500e-03,3.15937500e-03,3.95937500e-03
-4.39812500e-08,-2.53750000e-03,3.19375000e-03,3.94375000e-03
-4.39412500e-08,-2.53750000e-03,3.22343750e-03,3.93437500e-03
-4.39012500e-08,-2.54375000e-03,3.25000000e-03,3.92812500e-03
-4.38612500e-08,-2.55312500e-03,3.27187500e-03,3.93437500e-03
-4.38212500e-08,-2.56875000e-03,3.28593750e-03,3.94687500e-03
-4.37812500e-08,-2.58750000e-03,3.29375000e-03,3.96562500e-03
-4.37412500e-08,-2.61250000e-03,3.29375000e-03,3.99062500e-03
-4.37012500e-08,-2.64062500e-03,3.28750000e-03,4.01875000e-03
-4.36612500e-08,-2.67500000e-03,3.27343750e-03,4.05312500e-03
-4.36212500e-08,-2.70937500e-03,3.25312500e-03,4.08750000e-03
-4.35812500e-08,-2.74375000e-03,3.22656250e-03,4.12187500e-03
-4.35412500e-08,-2.77812500e-03,3.19687500e-03,4.15000000e-03
-4.35012500e-08,-2.80937500e-03,3.16250000e-03,4.17812500e-03
-4.34612500e-08,-2.83750000e-03,3.12656250e-03,4.19687500e-03
-4.34212500e-08,-2.86250000e-03,3.08906250e-03,4.20625000e-03
-4.33812500e-08,-2.87812500e-03,3.05468750e-03,4.20625000e-03
-4.33412500e-08,-2.88437500e-03,3.02031250e-03,4.19687500e-03
-4.33012500e-08,-2.88437500e-03,2.99062500e-03,4.17812500e-03
-4.32612500e-08,-2.87500000e-03,2.96718750e-03,4.14687500e-03
-4.32212500e-08,-2.85312500e-03,2.94843750e-03,4.10937500e-03
-4.31812500e-08,-2.82187500e-03,2.93593750e-03,4.06250000e-03
-4.31412500e-08,-2.78125000e-03,2.93125000e-03,4.00937500e-03
-4.31012500e-08,-2.73125000e-03,2.93437500e-03,3.95625000e-03
-4.30612500e-08,-2.67500000e-03,2.94375000e-03,3.90000000e-03
-4.30212500e-08,-2.61562500e-03,2.96093750e-03,3.84687500e-03
-4.29812500e-08,-2.55000000e-03,2.98437500e-03,3.79687500e-03
-4.29412500e-08,-2.48437500e-03,3.01250000e-03,3.75625000e-03
-4.29012500e-08,-2.41875000e-03,3.04531250e-03,3.72187500e-03
-4.28612500e-08,-2.35937500e-03,3.07968750e-03,3.70000000e-03
-4.28212500e-08,-2.30625000e-03,3.11718750e-03,3.69062500e-03
-4.27812500e-08,-2.25937500e-03,3.15312500e-03,3.69375000e-03
-4.27412500e-08,-2.22187500e-03,3.18750000e-03,3.70937500e-03
-4.27012500e-08,-2.19687500e-03,3.21875000e-03,3.73750000e-03
-4.26612500e-08,-2.18437500e-03,3.24531250e-03,3.77500000e-03
-4.26212500e-08,-2.18125000e-03,3.26562500e-03,3.82187500e-03
-4.25812500e-08,-2.19375000e-03,3.27968750e-03,3.87187500e-03
-4.25412500e-08,-2.21562500e-03,3.28593750e-03,3.92812500e-03
-4.25012500e-08,-2.25000000e-03,3.28437500e-03,3.98437500e-03
-4.24612500e-08,-2.28750000e-03,3.27343750e-03,4.03750000e-03
-4.24212500e-08,-2.33437500e-03,3.25625000e-03,4.08437500e-03
-4.23812500e-08,-2.38437500e-03,3.23125000e-03,4.12500000e-03
-4.23412500e-08,-2.43437500e-03,3.20000000e-03,4.15312500e-03
-4.23012500e-08,-2.48125000e-03,3.16406250e-03,4.17187500e-03
-4.22612500e-08,-2.52500000e-03,3.12343750e-03,4.17500000e-03
-4.22212500e-08,-2.55937500e-03,3.08125000e-03,4.16562500e-03
-4.21812500e-08,-2.58437500e-03,3.03750000e-03,4.14375000e-03
-4.21412500e-08,-2.59687500e-03,2.99531250e-03,4.10937500e-03
-4.21012500e-08,-2.59687500e-03,2.95625000e-03,4.06250000e-03
-4.20612500e-08,-2.58437500e-03,2.92187500e-03,4.00937500e-03
-4.20212500e-08,-2.55937500e-03,2.89218750e-03,3.95000000e-03
-4.19812500e-08,-2.51875000e-03,2.86875000e-03,3.88750000e-03
-4.19412500e-08,-2.46875000e-03,2.85468750e-03,3.82812500e-03
-4.19012500e-08,-2.40625000e-03,2.84843750e-03,3.77187500e-03
-4.18612500e-08,-2.33437500e-03,2.85000000e-03,3.72187500e-03
-4.18212500e-08,-2.25625000e-03,2.86093750e-03,3.68125000e-03
-4.17812500e-08,-2.17812500e-03,2.87968750e-03,3.65000000e-03
-4.17412500e-08,-2.09375000e-03,2.90625000e-03,3.63437500e-03
-4.17012500e-08,-2.01562500e-03,2.93906250e-03,3.63437500e-03
-4.16612500e-08,-1.93750000e-03,2.97656250e-03,3.64687500e-03
-4.16212500e-08,-1.86875000e-03,3.01718750e-03,3.67500000e-03
-4.15812500e-08,-1.80625000e-03,3.06093750e-03,3.71562500e-03
-4.15412500e-08,-1.75312500e-03,3.10468750e-03,3.76562500e-03
-4.15012500e-08,-1.70937500e-03,3.14687500e-03,3.82500000e-03
-4.14612500e-08,-1.67500000e-03,3.18593750e-03,3.89062500e-03
-4.14212500e-08,-1.65000000e-03,3.22187500e-03,3.95312500e-03
-4.13812500e-08,-1.63437500e-03,3.25312500e-03,4.01875000e-03
-4.13412500e-08,-1.62500000e-03,3.27812500e-03,4.07812500e-03
-4.13012500e-08,-1.61875000e-03,3.29687500e-03,4.12812500e-03
-4.12612500e-08,-1.61875000e-03,3.30937500e-03,4.16875000e-03
-4.12212500e-08,-1.62187500e-03,3.31562500e-03,4.19375000e-03
-4.11812500e-08,-1.62187500e-03,3.31718750e-03,4.20937500e-03
-4.11412500e-08,-1.61875000e-03,3.31250000e-03,4.20625000e-03
-4.11012500e-08,-1.61250000e-03,3.30468750e-03,4.19062500e-03
-4.10612500e-08,-1.60000000e-03,3.29531250e-03,4.15937500e-03
-4.10212500e-08,-1.57812500e-03,3.28281250e-03,4.11875000e-03
-4.09812500e-08,-1.55000000e-03,3.27187500e-03,4.06875000e-03
-4.09412500e-08,-1.51250000e-03,3.26093750e-03,4.00937500e-03
-4.09012500e-08,-1.46562500e-03,3.25312500e-03,3.95000000e-03
-4.08612500e-08,-1.41250000e-03,3.25000000e-03,3.89062500e-03
-4.08212500e-08,-1.35312500e-03,3.25000000e-03,3.83437500e-03
-4.07812500e-08,-1.29062500e-03,3.25468750e-03,3.78437500e-03
-4.07412500e-08,-1.22187500e-03,3.26562500e-03,3.75000000e-03
-4.07012500e-08,-1.15000000e-03,3.27968750e-03,3.72500000e-03
-4.06612500e-08,-1.08125000e-03,3.29843750e-03,3.71562500e-03
-4.06212500e-08,-1.01250000e-03,3.32031250e-03,3.72500000e-03
-4.05812500e-08,-9.50000000e-04,3.34531250e-03,3.75000000e-03
-4.05412500e-08,-8.90625000e-04,3.37031250e-03,3.79062500e-03
-4.05012500e-08,-8.40625000e-04,3.39687500e-03,3.84687500e-03
-4.04612500e-08,-7.93750000e-04,3.42031250e-03,3.91562500e-03
-4.04212500e-08,-7.56250000e-04,3.44218750e-03,3.99375000e-03
-4.03812500e-08,-7.28125000e-04,3.45937500e-03,4.07812500e-03
-4.03412500e-08,-7.06250000e-04,3.47187500e-03,4.16875000e-03
-4.03012500e-08,-6.90625000e-04,3.47812500e-03,4.25625000e-03
-4.02612500e-08,-6.84375000e-04,3.47812500e-03,4.34062500e-03
-4.02212500e-08,-6.81250000e-04,3.47031250e-03,4.41562500e-03
-4.01812500e-08,-6.84375000e-04,3.45625000e-03,4.47812500e-03
-4.01412500e-08,-6.87500000e-04,3.43750000e-03,4.52812500e-03
-4.01012500e-08,-6.96875000e-04,3.41093750e-03,4.56250000e-03
-4.00612500e-08,-7.03125000e-04,3.38125000e-03,4.57812500e-03
-4.00212500e-08,-7.12500000e-04,3.34687500e-03,4.57812500e-03
-3.99812500e-08,-7.18750000e-04,3.31250000e-03,4.56250000e-03
-3.99412500e-08,-7.28125000e-04,3.27500000e-03,4.52812500e-03
-3.99012500e-08,-7.34375000e-04,3.23906250e-03,4.48125000e-03
-3.98612500e-08,-7.37500000e-04,3.20625000e-03,4.42187500e-03
-3.98212500e-08,-7.40625000e-04,3.17500000e-03,4.35625000e-03
-3.97812500e-08,-7.43750000e-04,3.14843750e-03,4.28437500e-03
-3.97412500e-08,-7.46875000e-04,3.12656250e-03,4.21250000e-03
-3.97012500e-08,-7.50000000e-04,3.10937500e-03,4.14062500e-03
-3.96612500e-08,-7.56250000e-04,3.09843750e-03,4.07500000e-03
-3.96212500e-08,-7.59375000e-04,3.09218750e-03,4.01875000e-03
-3.95812500e-08,-7.68750000e-04,3.09062500e-03,3.96875000e-03
-3.95412500e-08,-7.75000000e-04,3.09218750e-03,3.93125000e-03
-3.95012500e-08,-7.84375000e-04,3.09687500e-03,3.90625000e-03
-3.94612500e-08,-7.93750000e-04,3.10468750e-03,3.89375000e-03
-3.94212500e-08,-8.06250000e-04,3.11250000e-03,3.89062500e-03
-3.93812500e-08,-8.15625000e-04,3.12031250e-03,3.89687500e-03
-3.93412500e-08,-8.25000000e-04,3.12656250e-03,3.91562500e-03
-3.93012500e-08,-8.34375000e-04,3.12968750e-03,3.93750000e-03
-3.92612500e-08,-8.37500000e-04,3.13125000e-03,3.96250000e-03
-3.92212500e-08,-8.37500000e-04,3.12968750e-03,3.99062500e-03
-3.91812500e-08,-8.34375000e-04,3.12500000e-03,4.01875000e-03
-3.91412500e-08,-8.25000000e-04,3.11718750e-03,4.04062500e-03
-3.91012500e-08,-8.09375000e-04,3.10625000e-03,4.05937500e-03
-3.90612500e-08,-7.90625000e-04,3.09218750e-03,4.06875000e-03
-3.90212500e-08,-7.62500000e-04,3.07812500e-03,4.07187500e-03
-3.89812500e-08,-7.31250000e-04,3.06250000e-03,4.06562500e-03
-3.89412500e-08,-6.93750000e-04,3.04843750e-03,4.05312500e-03
-3.89012500e-08,-6.53125000e-04,3.03593750e-03,4.03125000e-03
-3.88612500e-08,-6.09375000e-04,3.02656250e-03,4.00000000e-03
-3.88212500e-08,-5.65625000e-04,3.02031250e-03,3.96875000e-03
-3.87812500e-08,-5.18750000e-04,3.01718750e-03,3.93125000e-03
-3.87412500e-08,-4.71875000e-04,3.02031250e-03,3.89375000e-03
-3.87012500e-08,-4.28125000e-04,3.02812500e-03,3.85625000e-03
-3.86612500e-08,-3.84375000e-04,3.04062500e-03,3.82500000e-03
-3.86212500e-08,-3.43750000e-04,3.05781250e-03,3.79687500e-03
-3.85812500e-08,-3.06250000e-04,3.07812500e-03,3.77500000e-03
-3.85412500e-08,-2.75000000e-04,3.10156250e-03,3.75937500e-03
-3.85012500e-08,-2.43750000e-04,3.12812500e-03,3.75312500e-03
-3.84612500e-08,-2.18750000e-04,3.15468750e-03,3.75625000e-03
-3.84212500e-08,-1.93750000e-04,3.17968750e-03,3.76562500e-03
-3.83812500e-08,-1.71875000e-04,3.20312500e-03,3.78125000e-03
-3.83412500e-08,-1.53125000e-04,3.22500000e-03,3.80312500e-03
-3.83012500e-08,-1.34375000e-04,3.24062500e-03,3.83125000e-03
-3.82612500e-08,-1.12500000e-04,3.25312500e-03,3.85937500e-03
-3.82212500e-08,-9.37500000e-05,3.25781250e-03,3.89062500e-03
-3.81812500e-08,-7.18750000e-05,3.25781250e-03,3.92187500e-03
-3.81412500e-08,-5.00000000e-05,3.25312500e-03,3.94687500e-03
-3.81012500e-08,-2.81250000e-05,3.24062500e-03,3.97187500e-03
-3.80612500e-08,-3.12500000e-06,3.22343750e-03,3.99375000e-03
-3.80212500e-08,2.18750000e-05,3.20312500e-03,4.00625000e-03
-3.79812500e-08,4.37500000e-05,3.17812500e-03,4.01875000e-03
-3.79412500e-08,6.56250000e-05,3.15156250e-03,4.02187500e-03
-3.79012500e-08,8.43750000e-05,3.12343750e-03,4.02187500e-03
-3.78612500e-08,9.68750000e-05,3.09687500e-03,4.01875000e-03
-3.78212500e-08,1.06250000e-04,3.07031250e-03,4.01250000e-03
-3.77812500e-08,1.06250000e-04,3.04687500e-03,4.00625000e-03
-3.77412500e-08,1.00000000e-04,3.02656250e-03,4.00000000e-03
-3.77012500e-08,8.75000000e-05,3.00937500e-03,3.99375000e-03
-3.76612500e-08,6.56250000e-05,2.99687500e-03,3.99062500e-03
-3.76212500e-08,3.43750000e-05,2.98906250e-03,3.99062500e-03
-3.75812500e-08,-3.12500000e-06,2.98437500e-03,3.99375000e-03
-3.75412500e-08,-5.00000000e-05,2.98437500e-03,4.00000000e-03
-3.75012500e-08,-1.00000000e-04,2.98750000e-03,4.00937500e-03
-3.74612500e-08,-1.53125000e-04,2.99218750e-03,4.02187500e-03
-3.74212500e-08,-2.06250000e-04,3.00000000e-03,4.03750000e-03
-3.73812500e-08,-2.59375000e-04,3.00625000e-03,4.05000000e-03
-3.73412500e-08,-3.09375000e-04,3.01406250e-03,4.06250000e-03
-3.73012500e-08,-3.56250000e-04,3.02031250e-03,4.07500000e-03
-3.72612500e-08,-3.93750000e-04,3.02343750e-03,4.08125000e-03
-3.72212500e-08,-4.21875000e-04,3.02500000e-03,4.08125000e-03
-3.71812500e-08,-4.37500000e-04,3.02500000e-03,4.07500000e-03
-3.71412500e-08,-4.43750000e-04,3.02031250e-03,4.06250000e-03
-3.71012500e-08,-4.40625000e-04,3.01406250e-03,4.04375000e-03
-3.70612500e-08,-4.21875000e-04,3.00625000e-03,4.01562500e-03
-3.70212500e-08,-3.93750000e-04,2.99531250e-03,3.97812500e-03
-3.69812500e-08,-3.56250000e-04,2.98437500e-03,3.93750000e-03
-3.69412500e-08,-3.09375000e-04,2.97343750e-03,3.89375000e-03
-3.69012500e-08,-2.56250000e-04,2.96406250e-03,3.84687500e-03
-3.68612500e-08,-2.00000000e-04,2.95468750e-03,3.80000000e-03
-3.68212500e-08,-1.40625000e-04,2.94843750e-03,3.75625000e-03
-3.67812500e-08,-8.43750000e-05,2.94531250e-03,3.71562500e-03
-3.67412500e-08,-3.12500000e-05,2.94531250e-03,3.68437500e-03
-3.67012500e-08,1.87500000e-05,2.95000000e-03,3.66250000e-03
-3.66612500e-08,6.25000000e-05,2.95937500e-03,3.65000000e-03
-3.66212500e-08,9.68750000e-05,2.97031250e-03,3.65312500e-03
-3.65812500e-08,1.25000000e-04,2.98593750e-03,3.66562500e-03
-3.65412500e-08,1.40625000e-04,3.00468750e-03,3.69375000e-03
-3.65012500e-08,1.50000000e-04,3.02500000e-03,3.73437500e-03
-3.64612500e-08,1.50000000e-04,3.04531250e-03,3.78437500e-03
-3.64212500e-08,1.43750000e-04,3.06562500e-03,3.84687500e-03
-3.63812500e-08,1.31250000e-04,3.08593750e-03,3.91562500e-03
-3.63412500e-08,1.15625000e-04,3.10312500e-03,3.98750000e-03
-3.63012500e-08,9.68750000e-05,3.11718750e-03,4.05937500e-03
-3.62612500e-08,7.81250000e-05,3.12656250e-03,4.13125000e-03
-3.62212500e-08,6.25000000e-05,3.13281250e-03,4.20000000e-03
-3.61812500e-08,4.68750000e-05,3.13437500e-03,4.25937500e-03
-3.61412500e-08,3.43750000e-05,3.13125000e-03,4.30937500e-03
-3.61012500e-08,2.81250000e-05,3.12343750e-03,4.34687500e-03
-3.60612500e-08,2.50000000e-05,3.11406250e-03,4.37187500e-03
-3.60212500e-08,2.50000000e-05,3.10000000e-03,4.38437500e-03
-3.59812500e-08,3.12500000e-05,3.08593750e-03,4.38125000e-03
-3.59412500e-08,3.43750000e-05,3.07187500e-03,4.36250000e-03
-3.59012500e-08,4.06250000e-05,3.05781250e-03,4.33437500e-03
-3.58612500e-08,4.68750000e-05,3.04687500e-03,4.29375000e-03
-3.58212500e-08,4.68750000e-05,3.04062500e-03,4.24375000e-03
-3.57812500e-08,4.37500000e-05,3.03750000e-03,4.19062500e-03
-3.57412500e-08,3.43750000e-05,3.04218750e-03,4.13437500e-03
-3.57012500e-08,1.56250000e-05,3.05156250e-03,4.07500000e-03
-3.56612500e-08,-1.25000000e-05,3.06875000e-03,4.01875000e-03
-3.56212500e-08,-5.00000000e-05,3.09218750e-03,3.96875000e-03
-3.55812500e-08,-9.68750000e-05,3.12187500e-03,3.92500000e-03
-3.55412500e-08,-1.56250000e-04,3.15781250e-03,3.89062500e-03
-3.55012500e-08,-2.21875000e-04,3.19843750e-03,3.86562500e-03
-3.54612500e-08,-2.96875000e-04,3.24062500e-03,3.85000000e-03
-3.54212500e-08,-3.75000000e-04,3.28593750e-03,3.84687500e-03
-3.53812500e-08,-4.59375000e-04,3.32968750e-03,3.85312500e-03
-3.53412500e-08,-5.43750000e-04,3.37187500e-03,3.86562500e-03
-3.53012500e-08,-6.25000000e-04,3.41093750e-03,3.88750000e-03
-3.52612500e-08,-7.03125000e-04,3.44375000e-03,3.91250000e-03
-3.52212500e-08,-7.75000000e-04,3.47031250e-03,3.94375000e-03
-3.51812500e-08,-8.37500000e-04,3.48750000e-03,3.97500000e-03
-3.51412500e-08,-8.90625000e-04,3.49687500e-03,4.00312500e-03
-3.51012500e-08,-9.28125000e-04,3.49531250e-03,4.03125000e-03
-3.50612500e-08,-9.56250000e-04,3.48437500e-03,4.05625000e-03
-3.50212500e-08,-9.68750000e-04,3.46406250e-03,4.07500000e-03
-3.49812500e-08,-9.71875000e-04,3.43437500e-03,4.08750000e-03
-3.49412500e-08,-9.59375000e-04,3.39843750e-03,4.09375000e-03
-3.49012500e-08,-9.40625000e-04,3.35468750e-03,4.09375000e-03
-3.48612500e-08,-9.12500000e-04,3.30625000e-03,4.08750000e-03
-3.48212500e-08,-8.75000000e-04,3.25625000e-03,4.07500000e-03
-3.47812500e-08,-8.37500000e-04,3.20468750e-03,4.05937500e-03
-3.47412500e-08,-7.96875000e-04,3.15625000e-03,4.04062500e-03
-3.47012500e-08,-7.59375000e-04,3.10937500e-03,4.01875000e-03
-3.46612500e-08,-7.21875000e-04,3.06875000e-03,3.99687500e-03
-3.46212500e-08,-6.93750000e-04,3.03593750e-03,3.97812500e-03
-3.45812500e-08,-6.71875000e-04,3.01093750e-03,3.96250000e-03
-3.45412500e-08,-6.56250000e-04,2.99531250e-03,3.94687500e-03
-3.45012500e-08,-6.53125000e-04,2.99062500e-03,3.93750000e-03
-3.44612500e-08,-6.56250000e-04,2.99687500e-03,3.93125000e-03
-3.44212500e-08,-6.68750000e-04,3.01250000e-03,3.93125000e-03
-3.43812500e-08,-6.90625000e-04,3.03906250e-03,3.93750000e-03
-3.43412500e-08,-7.18750000e-04,3.07343750e-03,3.94687500e-03
-3.43012500e-08,-7.53125000e-04,3.11562500e-03,3.95625000e-03
-3.42612500e-08,-7.90625000e-04,3.16406250e-03,3.97187500e-03
-3.42212500e-08,-8.28125000e-04,3.21718750e-03,3.98750000e-03
-3.41812500e-08,-8.68750000e-04,3.27187500e-03,4.00312500e-03
-3.41412500e-08,-9.06250000e-04,3.32656250e-03,4.01875000e-03
-3.41012500e-08,-9.40625000e-04,3.37968750e-03,4.03125000e-03
-3.40612500e-08,-9.68750000e-04,3.42968750e-03,4.04062500e-03
-3.40212500e-08,-9.90625000e-04,3.47343750e-03,4.04687500e-03
-3.39812500e-08,-1.00625000e-03,3.50937500e-03,4.05000000e-03
-3.39412500e-08,-1.01875000e-03,3.53906250e-03,4.05000000e-03
-3.39012500e-08,-1.02187500e-03,3.55781250e-03,4.04687500e-03
-3.38612500e-08,-1.01875000e-03,3.56875000e-03,4.04062500e-03
-3.38212500e-08,-1.01250000e-03,3.56875000e-03,4.03125000e-03
-3.37812500e-08,-1.00000000e-03,3.55937500e-03,4.01875000e-03
-3.37412500e-08,-9.87500000e-04,3.54062500e-03,4.00625000e-03
-3.37012500e-08,-9.71875000e-04,3.51562500e-03,3.99375000e-03
-3.36612500e-08,-9.53125000e-04,3.48437500e-03,3.98437500e-03
-3.36212500e-08,-9.37500000e-04,3.44687500e-03,3.97500000e-03
-3.35812500e-08,-9.21875000e-04,3.40625000e-03,3.96562500e-03
-3.35412500e-08,-9.06250000e-04,3.36562500e-03,3.96250000e-03
-3.35012500e-08,-8.93750000e-04,3.32343750e-03,3.95937500e-03
-3.34612500e-08,-8.84375000e-04,3.28437500e-03,3.96250000e-03
-3.34212500e-08,-8.71875000e-04,3.24843750e-03,3.96562500e-03
-3.33812500e-08,-8.62500000e-04,3.21875000e-03,3.97500000e-03
-3.33412500e-08,-8.53125000e-04,3.19375000e-03,3.98125000e-03
-3.33012500e-08,-8.40625000e-04,3.17656250e-03,3.99375000e-03
-3.32612500e-08,-8.25000000e-04,3.16718750e-03,4.00312500e-03
-3.32212500e-08,-8.06250000e-04,3.16406250e-03,4.01250000e-03
-3.31812500e-08,-7.81250000e-04,3.17031250e-03,4.02187500e-03
-3.31412500e-08,-7.50000000e-04,3.18281250e-03,4.02812500e-03
-3.31012500e-08,-7.09375000e-04,3.20156250e-03,4.03125000e-03
-3.30612500e-08,-6.65625000e-04,3.22656250e-03,4.03437500e-03
-3.30212500e-08,-6.12500000e-04,3.25625000e-03,4.03437500e-03
-3.29812500e-08,-5.53125000e-04,3.28750000e-03,4.02812500e-03
-3.29412500e-08,-4.87500000e-04,3.31875000e-03,4.02187500e-03
-3.29012500e-08,-4.15625000e-04,3.35156250e-03,4.01562500e-03
-3.28612500e-08,-3.43750000e-04,3.38125000e-03,4.00625000e-03
-3.28212500e-08,-2.68750000e-04,3.40937500e-03,3.99375000e-03
-3.27812500e-08,-1.93750000e-04,3.43281250e-03,3.98437500e-03
-3.27412500e-08,-1.21875000e-04,3.45156250e-03,3.97500000e-03
-3.27012500e-08,-5.31250000e-05,3.46406250e-03,3.96875000e-03
-3.26612500e-08,9.37500000e-06,3.47031250e-03,3.96250000e-03
-3.26212500e-08,6.25000000e-05,3.47031250e-03,3.96250000e-03
-3.25812500e-08,1.06250000e-04,3.46562500e-03,3.96250000e-03
-3.25412500e-08,1.40625000e-04,3.45468750e-03,3.96875000e-03
-3.25012500e-08,1.62500000e-04,3.44062500e-03,3.97812500e-03
-3.24612500e-08,1.75000000e-04,3.42187500e-03,3.98750000e-03
-3.24212500e-08,1.75000000e-04,3.40156250e-03,4.00000000e-03
-3.23812500e-08,1.65625000e-04,3.38125000e-03,4.01562500e-03
-3.23412500e-08,1.50000000e-04,3.35937500e-03,4.02812500e-03
-3.23012500e-08,1.25000000e-04,3.33906250e-03,4.04062500e-03
-3.22612500e-08,9.68750000e-05,3.32187500e-03,4.05312500e-03
-3.22212500e-08,6.56250000e-05,3.30781250e-03,4.06250000e-03
-3.21812500e-08,3.43750000e-05,3.29687500e-03,4.06562500e-03
-3.21412500e-08,3.12500000e-06,3.29062500e-03,4.06562500e-03
-3.21012500e-08,-2.50000000e-05,3.28750000e-03,4.05937500e-03
-3.20612500e-08,-4.68750000e-05,3.28906250e-03,4.04687500e-03
-3.20212500e-08,-6.56250000e-05,3.29531250e-03,4.03125000e-03
-3.19812500e-08,-7.50000000e-05,3.30312500e-03,4.00625000e-03
-3.19412500e-08,-7.81250000e-05,3.31406250e-03,3.98125000e-03
-3.19012500e-08,-7.18750000e-05,3.32656250e-03,3.94687500e-03
-3.18612500e-08,-5.93750000e-05,3.33906250e-03,3.91250000e-03
-3.18212500e-08,-4.06250000e-05,3.35000000e-03,3.87812500e-03
-3.17812500e-08,-1.87500000e-05,3.35937500e-03,3.84062500e-03
-3.17412500e-08,6.25000000e-06,3.36718750e-03,3.80625000e-03
-3.17012500e-08,3.12500000e-05,3.37031250e-03,3.77187500e-03
-3.16612500e-08,5.93750000e-05,3.37031250e-03,3.74375000e-03
-3.16212500e-08,8.12500000e-05,3.36718750e-03,3.72187500e-03
-3.15812500e-08,1.00000000e-04,3.36093750e-03,3.70625000e-03
-3.15412500e-08,1.15625000e-04,3.35000000e-03,3.69687500e-03
-3.15012500e-08,1.21875000e-04,3.33593750e-03,3.69375000e-03
-3.14612500e-08,1.21875000e-04,3.32031250e-03,3.70000000e-03
-3.14212500e-08,1.15625000e-04,3.30312500e-03,3.71562500e-03
-3.13812500e-08,1.00000000e-04,3.28593750e-03,3.73437500e-03
-3.13412500e-08,7.81250000e-05,3.27031250e-03,3.76250000e-03
-3.13012500e-08,5.31250000e-05,3.25625000e-03,3.79375000e-03
-3.12612500e-08,2.18750000e-05,3.24531250e-03,3.82812500e-03
-3.12212500e-08,-9.37500000e-06,3.23750000e-03,3.86562500e-03
-3.11812500e-08,-4.06250000e-05,3.23593750e-03,3.90312500e-03
-3.11412500e-08,-6.87500000e-05,3.23750000e-03,3.94062500e-03
-3.11012500e-08,-9.37500000e-05,3.24375000e-03,3.97500000e-03
-3.10612500e-08,-1.12500000e-04,3.25468750e-03,4.00625000e-03
-3.10212500e-08,-1.21875000e-04,3.26875000e-03,4.03437500e-03
-3.09812500e-08,-1.21875000e-04,3.28750000e-03,4.05625000e-03
-3.09412500e-08,-1.09375000e-04,3.30781250e-03,4.07187500e-03
-3.09012500e-08,-8.75000000e-05,3.33125000e-03,4.08125000e-03
-3.08612500e-08,-5.31250000e-05,3.35312500e-03,4.08750000e-03
-3.08212500e-08,-6.25000000e-06,3.37343750e-03,4.08437500e-03
-3.07812500e-08,4.68750000e-05,3.39218750e-03,4.08125000e-03
-3.07412500e-08,1.12500000e-04,3.40625000e-03,4.06875000e-03
-3.07012500e-08,1.81250000e-04,3.41718750e-03,4.05625000e-03
-3.06612500e-08,2.56250000e-04,3.42187500e-03,4.04062500e-03
-3.06212500e-08,3.34375000e-04,3.42187500e-03,4.02187500e-03
-3.05812500e-08,4.09375000e-04,3.41406250e-03,4.00625000e-03
-3.05412500e-08,4.81250000e-04,3.40312500e-03,3.99062500e-03
-3.05012500e-08,5.50000000e-04,3.38437500e-03,3.97500000e-03
-3.04612500e-08,6.09375000e-04,3.36406250e-03,3.96562500e-03
-3.04212500e-08,6.59375000e-04,3.33750000e-03,3.95625000e-03
-3.03812500e-08,7.00000000e-04,3.31093750e-03,3.95000000e-03
-3.03412500e-08,7.31250000e-04,3.28125000e-03,3.95000000e-03
-3.03012500e-08,7.46875000e-04,3.25312500e-03,3.95312500e-03
-3.02612500e-08,7.53125000e-04,3.22656250e-03,3.95625000e-03
-3.02212500e-08,7.50000000e-04,3.20312500e-03,3.96562500e-03
-3.01812500e-08,7.34375000e-04,3.18437500e-03,3.97500000e-03
-3.01412500e-08,7.09375000e-04,3.16875000e-03,3.98437500e-03
-3.01012500e-08,6.78125000e-04,3.16093750e-03,3.99687500e-03
-3.00612500e-08,6.40625000e-04,3.15781250e-03,4.00937500e-03
-3.00212500e-08,6.00000000e-04,3.16093750e-03,4.01875000e-03
-2.99812500e-08,5.56250000e-04,3.17031250e-03,4.02812500e-03
-2.99412500e-08,5.12500000e-04,3.18593750e-03,4.03125000e-03
-2.99012500e-08,4.68750000e-04,3.20468750e-03,4.03437500e-03
-2.98612500e-08,4.28125000e-04,3.22968750e-03,4.03437500e-03
-2.98212500e-08,3.90625000e-04,3.25468750e-03,4.02812500e-03
-2.97812500e-08,3.56250000e-04,3.28281250e-03,4.01875000e-03
-2.97412500e-08,3.28125000e-04,3.31093750e-03,4.00625000e-03
-2.97012500e-08,3.00000000e-04,3.33906250e-03,3.99062500e-03
-2.96612500e-08,2.78125000e-04,3.36406250e-03,3.97187500e-03
-2.96212500e-08,2.56250000e-04,3.38750000e-03,3.95000000e-03
-2.95812500e-08,2.37500000e-04,3.40625000e-03,3.92812500e-03
-2.95412500e-08,2.18750000e-04,3.42031250e-03,3.90312500e-03
-2.95012500e-08,2.00000000e-04,3.43125000e-03,3.87812500e-03
-2.94612500e-08,1.78125000e-04,3.43593750e-03,3.85312500e-03
-2.94212500e-08,1.56250000e-04,3.43750000e-03,3.83125000e-03
-2.93812500e-08,1.34375000e-04,3.43437500e-03,3.80937500e-03
-2.93412500e-08,1.06250000e-04,3.42656250e-03,3.79062500e-03
-2.93012500e-08,7.81250000e-05,3.41562500e-03,3.77812500e-03
-2.92612500e-08,4.68750000e-05,3.40156250e-03,3.76562500e-03
-2.92212500e-08,1.56250000e-05,3.38593750e-03,3.75625000e-03
-2.91812500e-08,-1.56250000e-05,3.37031250e-03,3.75312500e-03
-2.91412500e-08,-5.00000000e-05,3.35312500e-03,3.75312500e-03
-2.91012500e-08,-8.12500000e-05,3.33593750e-03,3.75937500e-03
-2.90612500e-08,-1.09375000e-04,3.31875000e-03,3.76562500e-03
-2.90212500e-08,-1.37500000e-04,3.30312500e-03,3.77812500e-03
-2.89812500e-08,-1.56250000e-04,3.28906250e-03,3.79375000e-03
-2.89412500e-08,-1.75000000e-04,3.27656250e-03,3.80937500e-03
-2.89012500e-08,-1.84375000e-04,3.26718750e-03,3.82812500e-03
-2.88612500e-08,-1.90625000e-04,3.25781250e-03,3.84687500e-03
-2.88212500e-08,-1.90625000e-04,3.25156250e-03,3.86875000e-03
-2.87812500e-08,-1.84375000e-04,3.24531250e-03,3.88750000e-03
-2.87412500e-08,-1.75000000e-04,3.24218750e-03,3.90625000e-03
-2.87012500e-08,-1.62500000e-04,3.24062500e-03,3.92500000e-03
-2.86612500e-08,-1.50000000e-04,3.23906250e-03,3.94375000e-03
-2.86212500e-08,-1.34375000e-04,3.24062500e-03,3.95937500e-03
-2.85812500e-08,-1.25000000e-04,3.24218750e-03,3.97187500e-03
-2.85412500e-08,-1.15625000e-04,3.24531250e-03,3.98437500e-03
-2.85012500e-08,-1.12500000e-04,3.24843750e-03,3.99375000e-03
-2.84612500e-08,-1.15625000e-04,3.25468750e-03,4.00000000e-03
-2.84212500e-08,-1.25000000e-04,3.25937500e-03,4.00312500e-03
-2.83812500e-08,-1.40625000e-04,3.26718750e-03,4.00625000e-03
-2.83412500e-08,-1.68750000e-04,3.27500000e-03,4.00937500e-03
-2.83012500e-08,-2.03125000e-04,3.28437500e-03,4.00937500e-03
-2.82612500e-08,-2.43750000e-04,3.29531250e-03,4.00937500e-03
-2.82212500e-08,-2.90625000e-04,3.30468750e-03,4.00625000e-03
-2.81812500e-08,-3.43750000e-04,3.31562500e-03,4.00625000e-03
-2.81412500e-08,-4.03125000e-04,3.32656250e-03,4.00625000e-03
-2.81012500e-08,-4.59375000e-04,3.33750000e-03,4.00312500e-03
-2.80612500e-08,-5.15625000e-04,3.34687500e-03,4.00312500e-03
-2.80212500e-08,-5.71875000e-04,3.35468750e-03,4.00312500e-03
-2.79812500e-08,-6.21875000e-04,3.35937500e-03,4.00312500e-03
-2.79412500e-08,-6.65625000e-04,3.36406250e-03,4.00625000e-03
-2.79012500e-08,-7.03125000e-04,3.36406250e-03,4.00625000e-03
-2.78612500e-08,-7.31250000e-04,3.36250000e-03,4.00937500e-03
-2.78212500e-08,-7.50000000e-04,3.35625000e-03,4.00937500e-03
-2.77812500e-08,-7.59375000e-04,3.34843750e-03,4.00937500e-03
-2.77412500e-08,-7.62500000e-04,3.33593750e-03,4.01250000e-03
-2.77012500e-08,-7.59375000e-04,3.32187500e-03,4.01250000e-03
-2.76612500e-08,-7.46875000e-04,3.30312500e-03,4.01250000e-03
-2.76212500e-08,-7.34375000e-04,3.28437500e-03,4.00937500e-03
-2.75812500e-08,-7.15625000e-04,3.26406250e-03,4.00937500e-03
-2.75412500e-08,-7.00000000e-04,3.24375000e-03,4.00625000e-03
-2.75012500e-08,-6.87500000e-04,3.22187500e-03,4.00312500e-03
-2.74612500e-08,-6.78125000e-04,3.20312500e-03,3.99687500e-03
-2.74212500e-08,-6.71875000e-04,3.18750000e-03,3.99375000e-03
-2.73812500e-08,-6.78125000e-04,3.17343750e-03,3.98750000e-03
-2.73412500e-08,-6.87500000e-04,3.16562500e-03,3.98437500e-03
-2.73012500e-08,-7.09375000e-04,3.16093750e-03,3.98125000e-03
-2.72612500e-08,-7.34375000e-04,3.16250000e-03,3.97812500e-03
-2.72212500e-08,-7.68750000e-04,3.16875000e-03,3.97812500e-03
-2.71812500e-08,-8.09375000e-04,3.17968750e-03,3.97812500e-03
-2.71412500e-08,-8.50000000e-04,3.19687500e-03,3.97812500e-03
-2.71012500e-08,-8.93750000e-04,3.21875000e-03,3.98125000e-03
-2.70612500e-08,-9.34375000e-04,3.24531250e-03,3.98750000e-03
-2.70212500e-08,-9.68750000e-04,3.27343750e-03,3.99062500e-03
-2.69812500e-08,-9.93750000e-04,3.30468750e-03,4.00000000e-03
-2.69412500e-08,-1.00937500e-03,3.33750000e-03,4.00625000e-03
-2.69012500e-08,-1.01250000e-03,3.37031250e-03,4.01250000e-03
-2.68612500e-08,-1.00000000e-03,3.40156250e-03,4.02187500e-03
-2.68212500e-08,-9.71875000e-04,3.42968750e-03,4.02812500e-03
-2.67812500e-08,-9.28125000e-04,3.45468750e-03,4.03125000e-03
-2.67412500e-08,-8.65625000e-04,3.47500000e-03,4.03437500e-03
-2.67012500e-08,-7.90625000e-04,3.48906250e-03,4.03750000e-03
-2.66612500e-08,-7.00000000e-04,3.49843750e-03,4.03437500e-03
-2.66212500e-08,-6.00000000e-04,3.50156250e-03,4.03125000e-03
-2.65812500e-08,-4.93750000e-04,3.49687500e-03,4.02500000e-03
-2.65412500e-08,-3.84375000e-04,3.48750000e-03,4.01875000e-03
-2.65012500e-08,-2.78125000e-04,3.47187500e-03,4.00937500e-03
-2.64612500e-08,-1.75000000e-04,3.45156250e-03,3.99687500e-03
-2.64212500e-08,-8.12500000e-05,3.42656250e-03,3.98750000e-03
-2.63812500e-08,0.00000000e+00,3.40000000e-03,3.97500000e-03
-2.63412500e-08,6.25000000e-05,3.37031250e-03,3.96562500e-03
-2.63012500e-08,1.09375000e-04,3.34062500e-03,3.95625000e-03
-2.62612500e-08,1.31250000e-04,3.31093750e-03,3.95000000e-03
-2.62212500e-08,1.34375000e-04,3.28281250e-03,3.94687500e-03
-2.61812500e-08,1.15625000e-04,3.25625000e-03,3.94687500e-03
-2.61412500e-08,7.50000000e-05,3.23593750e-03,3.95000000e-03
-2.61012500e-08,1.56250000e-05,3.21875000e-03,3.95937500e-03
-2.60612500e-08,-5.93750000e-05,3.20625000e-03,3.96875000e-03
-2.60212500e-08,-1.50000000e-04,3.19843750e-03,3.98437500e-03
-2.59812500e-08,-2.46875000e-04,3.19687500e-03,4.00000000e-03
-2.59412500e-08,-3.46875000e-04,3.20000000e-03,4.01875000e-03
-2.59012500e-08,-4.46875000e-04,3.20781250e-03,4.03437500e-03
-2.58612500e-08,-5.40625000e-04,3.22031250e-03,4.05312500e-03
-2.58212500e-08,-6.28125000e-04,3.23593750e-03,4.06875000e-03
-2.57812500e-08,-7.00000000e-04,3.25312500e-03,4.08125000e-03
-2.57412500e-08,-7.56250000e-04,3.27343750e-03,4.08750000e-03
-2.57012500e-08,-7.96875000e-04,3.29218750e-03,4.09062500e-03
-2.56612500e-08,-8.12500000e-04,3.31093750e-03,4.08750000e-03
-2.56212500e-08,-8.09375000e-04,3.32656250e-03,4.07812500e-03
-2.55812500e-08,-7.87500000e-04,3.33906250e-03,4.05937500e-03
-2.55412500e-08,-7.43750000e-04,3.35000000e-03,4.03750000e-03
-2.55012500e-08,-6.84375000e-04,3.35468750e-03,4.00937500e-03
-2.54612500e-08,-6.12500000e-04,3.35468750e-03,3.97500000e-03
-2.54212500e-08,-5.25000000e-04,3.35000000e-03,3.93437500e-03
-2.53812500e-08,-4.34375000e-04,3.33906250e-03,3.89375000e-03
-2.53412500e-08,-3.37500000e-04,3.32500000e-03,3.85312500e-03
-2.53012500e-08,-2.40625000e-04,3.30468750e-03,3.81250000e-03
-2.52612500e-08,-1.50000000e-04,3.28281250e-03,3.77187500e-03
-2.52212500e-08,-6.56250000e-05,3.25625000e-03,3.73750000e-03
-2.51812500e-08,9.37500000e-06,3.22812500e-03,3.70937500e-03
-2.51412500e-08,7.50000000e-05,3.19843750e-03,3.68750000e-03
-2.51012500e-08,1.21875000e-04,3.17031250e-03,3.67500000e-03
-2.50612500e-08,1.59375000e-04,3.14218750e-03,3.66875000e-03
-2.50212500e-08,1.81250000e-04,3.11718750e-03,3.67500000e-03
-2.49812500e-08,1.87500000e-04,3.09531250e-03,3.69062500e-03
-2.49412500e-08,1.81250000e-04,3.07656250e-03,3.71250000e-03
-2.49012500e-08,1.65625000e-04,3.06406250e-03,3.74375000e-03
-2.48612500e-08,1.43750000e-04,3.05625000e-03,3.78125000e-03
-2.48212500e-08,1.12500000e-04,3.05468750e-03,3.82187500e-03
-2.47812500e-08,8.12500000e-05,3.05781250e-03,3.86875000e-03
-2.47412500e-08,4.68750000e-05,3.06562500e-03,3.91250000e-03
-2.47012500e-08,1.25000000e-05,3.07968750e-03,3.95625000e-03
-2.46612500e-08,-1.56250000e-05,3.09687500e-03,4.00000000e-03
-2.46212500e-08,-4.06250000e-05,3.11875000e-03,4.03437500e-03
-2.45812500e-08,-5.93750000e-05,3.14218750e-03,4.06562500e-03
-2.45412500e-08,-7.18750000e-05,3.16718750e-03,4.08750000e-03
-2.45012500e-08,-7.81250000e-05,3.19218750e-03,4.10000000e-03
-2.44612500e-08,-7.50000000e-05,3.21718750e-03,4.10312500e-03
-2.44212500e-08,-6.87500000e-05,3.24062500e-03,4.09687500e-03
-2.43812500e-08,-5.62500000e-05,3.25937500e-03,4.08437500e-03
-2.43412500e-08,-4.06250000e-05,3.27656250e-03,4.06250000e-03
-2.43012500e-08,-2.18750000e-05,3.28906250e-03,4.03437500e-03
-2.42612500e-08,-3.12500000e-06,3.29687500e-03,4.00000000e-03
-2.42212500e-08,1.56250000e-05,3.30000000e-03,3.96250000e-03
-2.41812500e-08,3.12500000e-05,3.29843750e-03,3.92500000e-03
-2.41412500e-08,4.68750000e-05,3.29062500e-03,3.88750000e-03
-2.41012500e-08,5.62500000e-05,3.28125000e-03,3.85312500e-03
-2.40612500e-08,6.25000000e-05,3.26718750e-03,3.82187500e-03
-2.40212500e-08,6.56250000e-05,3.25156250e-03,3.79375000e-03
-2.39812500e-08,6.25000000e-05,3.23281250e-03,3.77500000e-03
-2.39412500e-08,5.93750000e-05,3.21562500e-03,3.75937500e-03
-2.39012500e-08,5.00000000e-05,3.19687500e-03,3.75312500e-03
-2.38612500e-08,4.06250000e-05,3.17968750e-03,3.75625000e-03
-2.38212500e-08,2.81250000e-05,3.16562500e-03,3.76250000e-03
-2.37812500e-08,1.56250000e-05,3.15468750e-03,3.77812500e-03
-2.37412500e-08,6.25000000e-06,3.14687500e-03,3.79687500e-03
-2.37012500e-08,-3.12500000e-06,3.14375000e-03,3.82187500e-03
-2.36612500e-08,-1.25000000e-05,3.14375000e-03,3.84687500e-03
-2.36212500e-08,-1.56250000e-05,3.14843750e-03,3.87500000e-03
-2.35812500e-08,-1.87500000e-05,3.15781250e-03,3.90625000e-03
-2.35412500e-08,-1.87500000e-05,3.17031250e-03,3.93125000e-03
-2.35012500e-08,-1.56250000e-05,3.18593750e-03,3.95625000e-03
-2.34612500e-08,-9.37500000e-06,3.20468750e-03,3.98125000e-03
-2.34212500e-08,-3.12500000e-06,3.22500000e-03,4.00000000e-03
-2.33812500e-08,3.12500000e-06,3.24531250e-03,4.01562500e-03
-2.33412500e-08,9.37500000e-06,3.26406250e-03,4.02500000e-03
-2.33012500e-08,1.56250000e-05,3.28281250e-03,4.03437500e-03
-2.32612500e-08,2.18750000e-05,3.30000000e-03,4.03750000e-03
-2.32212500e-08,2.50000000e-05,3.31406250e-03,4.03750000e-03
-2.31812500e-08,2.81250000e-05,3.32343750e-03,4.03750000e-03
-2.31412500e-08,2.81250000e-05,3.32968750e-03,4.03437500e-03
-2.31012500e-08,2.50000000e-05,3.33125000e-03,4.03125000e-03
-2.30612500e-08,2.18750000e-05,3.32968750e-03,4.02812500e-03
-2.30212500e-08,1.56250000e-05,3.32187500e-03,4.02500000e-03
-2.29812500e-08,9.37500000e-06,3.31093750e-03,4.02187500e-03
-2.29412500e-08,3.12500000e-06,3.29531250e-03,4.01875000e-03
-2.29012500e-08,-3.12500000e-06,3.27812500e-03,4.01562500e-03
-2.28612500e-08,-6.25000000e-06,3.25625000e-03,4.01250000e-03
-2.28212500e-08,-9.37500000e-06,3.23281250e-03,4.01250000e-03
-2.27812500e-08,-9.37500000e-06,3.20937500e-03,4.01250000e-03
-2.27412500e-08,-6.25000000e-06,3.18281250e-03,4.00937500e-03
-2.27012500e-08,0.00000000e+00,3.15781250e-03,4.00625000e-03
-2.26612500e-08,6.25000000e-06,3.13281250e-03,4.00312500e-03
-2.26212500e-08,1.87500000e-05,3.10781250e-03,4.00000000e-03
-2.25812500e-08,2.81250000e-05,3.08437500e-03,3.99062500e-03
-2.25412500e-08,4.06250000e-05,3.06250000e-03,3.98437500e-03
-2.25012500e-08,5.31250000e-05,3.04375000e-03,3.97500000e-03
-2.24612500e-08,6.25000000e-05,3.02500000e-03,3.96562500e-03
-2.24212500e-08,7.18750000e-05,3.00937500e-03,3.95625000e-03
-2.23812500e-08,7.50000000e-05,2.99375000e-03,3.94687500e-03
-2.23412500e-08,7.50000000e-05,2.98125000e-03,3.93750000e-03
-2.23012500e-08,6.87500000e-05,2.97031250e-03,3.93125000e-03
-2.22612500e-08,5.62500000e-05,2.96093750e-03,3.93125000e-03
-2.22212500e-08,3.75000000e-05,2.95468750e-03,3.93125000e-03
-2.21812500e-08,1.56250000e-05,2.94843750e-03,3.94062500e-03
-2.21412500e-08,-1.56250000e-05,2.94375000e-03,3.95312500e-03
-2.21012500e-08,-5.00000000e-05,2.94062500e-03,3.97187500e-03
-2.20612500e-08,-8.75000000e-05,2.93906250e-03,3.99687500e-03
-2.20212500e-08,-1.28125000e-04,2.94062500e-03,4.02812500e-03
-2.19812500e-08,-1.71875000e-04,2.94375000e-03,4.06562500e-03
-2.19412500e-08,-2.12500000e-04,2.95000000e-03,4.10625000e-03
-2.19012500e-08,-2.50000000e-04,2.95781250e-03,4.15000000e-03
-2.18612500e-08,-2.84375000e-04,2.96875000e-03,4.19375000e-03
-2.18212500e-08,-3.15625000e-04,2.98125000e-03,4.24062500e-03
-2.17812500e-08,-3.37500000e-04,2.99843750e-03,4.28125000e-03
-2.17412500e-08,-3.53125000e-04,3.01718750e-03,4.32187500e-03
-2.17012500e-08,-3.59375000e-04,3.03750000e-03,4.35625000e-03
-2.16612500e-08,-3.56250000e-04,3.05937500e-03,4.38125000e-03
-2.16212500e-08,-3.43750000e-04,3.08437500e-03,4.40000000e-03
-2.15812500e-08,-3.25000000e-04,3.10781250e-03,4.40625000e-03
-2.15412500e-08,-2.96875000e-04,3.13281250e-03,4.40312500e-03
-2.15012500e-08,-2.62500000e-04,3.15625000e-03,4.39062500e-03
-2.14612500e-08,-2.21875000e-04,3.17968750e-03,4.36875000e-03
-2.14212500e-08,-1.78125000e-04,3.19843750e-03,4.33750000e-03
-2.13812500e-08,-1.34375000e-04,3.21562500e-03,4.29687500e-03
-2.13412500e-08,-8.75000000e-05,3.22968750e-03,4.25000000e-03
-2.13012500e-08,-4.37500000e-05,3.23906250e-03,4.19687500e-03
-2.12612500e-08,-3.12500000e-06,3.24375000e-03,4.14062500e-03
-2.12212500e-08,3.43750000e-05,3.24375000e-03,4.08437500e-03
-2.11812500e-08,6.25000000e-05,3.23906250e-03,4.03125000e-03
-2.11412500e-08,8.75000000e-05,3.23125000e-03,3.98125000e-03
-2.11012500e-08,1.06250000e-04,3.21875000e-03,3.93437500e-03
-2.10612500e-08,1.15625000e-04,3.20468750e-03,3.89687500e-03
-2.10212500e-08,1.18750000e-04,3.18750000e-03,3.86562500e-03
-2.09812500e-08,1.15625000e-04,3.16875000e-03,3.84687500e-03
-2.09412500e-08,1.06250000e-04,3.15000000e-03,3.83437500e-03
-2.09012500e-08,9.06250000e-05,3.13281250e-03,3.83437500e-03
-2.08612500e-08,7.50000000e-05,3.11875000e-03,3.84062500e-03
-2.08212500e-08,5.31250000e-05,3.10625000e-03,3.85625000e-03
-2.07812500e-08,3.43750000e-05,3.09843750e-03,3.87812500e-03
-2.07412500e-08,1.25000000e-05,3.09531250e-03,3.90625000e-03
-2.07012500e-08,-6.25000000e-06,3.09687500e-03,3.93750000e-03
-2.06612500e-08,-2.18750000e-05,3.10468750e-03,3.97187500e-03
-2.06212500e-08,-3.75000000e-05,3.11718750e-03,4.00312500e-03
-2.05812500e-08,-4.68750000e-05,3.13437500e-03,4.03437500e-03
-2.05412500e-08,-5.31250000e-05,3.15625000e-03,4.06250000e-03
-2.05012500e-08,-5.31250000e-05,3.18281250e-03,4.08125000e-03
-2.04612500e-08,-5.31250000e-05,3.21093750e-03,4.09687500e-03
-2.04212500e-08,-4.68750000e-05,3.24062500e-03,4.10625000e-03
-2.03812500e-08,-3.75000000e-05,3.26875000e-03,4.10625000e-03
-2.03412500e-08,-2.81250000e-05,3.29687500e-03,4.10000000e-03
-2.03012500e-08,-1.56250000e-05,3.32343750e-03,4.09062500e-03
-2.02612500e-08,-3.12500000e-06,3.34531250e-03,4.07187500e-03
-2.02212500e-08,1.25000000e-05,3.36093750e-03,4.05000000e-03
-2.01812500e-08,2.50000000e-05,3.37187500e-03,4.02500000e-03
-2.01412500e-08,3.43750000e-05,3.37812500e-03,4.00000000e-03
-2.01012500e-08,4.37500000e-05,3.37500000e-03,3.97500000e-03
-2.00612500e-08,5.00000000e-05,3.36718750e-03,3.95000000e-03
-2.00212500e-08,5.62500000e-05,3.35312500e-03,3.93125000e-03
-1.99812500e-08,5.62500000e-05,3.33281250e-03,3.91562500e-03
-1.99412500e-08,5.62500000e-05,3.30781250e-03,3.90625000e-03
-1.99012500e-08,5.00000000e-05,3.27968750e-03,3.90000000e-03
-1.98612500e-08,4.37500000e-05,3.24843750e-03,3.90312500e-03
-1.98212500e-08,3.75000000e-05,3.21562500e-03,3.91250000e-03
-1.97812500e-08,2.81250000e-05,3.18437500e-03,3.92812500e-03
-1.97412500e-08,1.87500000e-05,3.15312500e-03,3.94687500e-03
-1.97012500e-08,9.37500000e-06,3.12656250e-03,3.96875000e-03
-1.96612500e-08,-3.12500000e-06,3.10312500e-03,3.99375000e-03
-1.96212500e-08,-9.37500000e-06,3.08281250e-03,4.02187500e-03
-1.95812500e-08,-1.87500000e-05,3.07031250e-03,4.04687500e-03
-1.95412500e-08,-2.50000000e-05,3.06250000e-03,4.06875000e-03
-1.95012500e-08,-2.81250000e-05,3.05937500e-03,4.09062500e-03
-1.94612500e-08,-2.81250000e-05,3.06250000e-03,4.10312500e-03
-1.94212500e-08,-2.81250000e-05,3.07031250e-03,4.11250000e-03
-1.93812500e-08,-2.81250000e-05,3.08281250e-03,4.11562500e-03
-1.93412500e-08,-2.18750000e-05,3.09843750e-03,4.10937500e-03
-1.93012500e-08,-1.87500000e-05,3.11718750e-03,4.09687500e-03
-1.92612500e-08,-9.37500000e-06,3.13593750e-03,4.07812500e-03
-1.92212500e-08,-3.12500000e-06,3.15468750e-03,4.05000000e-03
-1.91812500e-08,6.25000000e-06,3.17187500e-03,4.01875000e-03
-1.91412500e-08,1.25000000e-05,3.18593750e-03,3.98125000e-03
-1.91012500e-08,2.18750000e-05,3.19843750e-03,3.94062500e-03
-1.90612500e-08,2.81250000e-05,3.20625000e-03,3.90000000e-03
-1.90212500e-08,3.75000000e-05,3.20937500e-03,3.85625000e-03
-1.89812500e-08,4.06250000e-05,3.20781250e-03,3.81562500e-03
-1.89412500e-08,4.37500000e-05,3.20156250e-03,3.77812500e-03
-1.89012500e-08,4.68750000e-05,3.19218750e-03,3.74062500e-03
-1.88612500e-08,4.68750000e-05,3.17812500e-03,3.71250000e-03
-1.88212500e-08,4.68750000e-05,3.16093750e-03,3.68750000e-03
-1.87812500e-08,4.37500000e-05,3.14062500e-03,3.66875000e-03
-1.87412500e-08,3.75000000e-05,3.12031250e-03,3.65937500e-03
-1.87012500e-08,3.12500000e-05,3.09843750e-03,3.65312500e-03
-1.86612500e-08,2.18750000e-05,3.07812500e-03,3.65625000e-03
-1.86212500e-08,1.25000000e-05,3.05937500e-03,3.66562500e-03
-1.85812500e-08,3.12500000e-06,3.04218750e-03,3.68125000e-03
-1.85412500e-08,-6.25000000e-06,3.02968750e-03,3.70312500e-03
-1.85012500e-08,-1.56250000e-05,3.02031250e-03,3.72812500e-03
-1.84612500e-08,-2.50000000e-05,3.01406250e-03,3.75625000e-03
-1.84212500e-08,-3.12500000e-05,3.01250000e-03,3.78750000e-03
-1.83812500e-08,-3.75000000e-05,3.01406250e-03,3.82187500e-03
-1.83412500e-08,-4.37500000e-05,3.02031250e-03,3.85625000e-03
-1.83012500e-08,-4.37500000e-05,3.02968750e-03,3.89062500e-03
-1.82612500e-08,-4.37500000e-05,3.04218750e-03,3.92187500e-03
-1.82212500e-08,-4.37500000e-05,3.05625000e-03,3.95312500e-03
-1.81812500e-08,-3.75000000e-05,3.07031250e-03,3.98125000e-03
-1.81412500e-08,-2.81250000e-05,3.08593750e-03,4.00625000e-03
-1.81012500e-08,-1.87500000e-05,3.10156250e-03,4.02812500e-03
-1.80612500e-08,-6.25000000e-06,3.11562500e-03,4.04687500e-03
-1.80212500e-08,9.37500000e-06,3.12656250e-03,4.06250000e-03
-1.79812500e-08,2.81250000e-05,3.13750000e-03,4.07500000e-03
-1.79412500e-08,4.68750000e-05,3.14375000e-03,4.08125000e-03
-1.79012500e-08,6.56250000e-05,3.14843750e-03,4.08437500e-03
-1.78612500e-08,8.75000000e-05,3.15156250e-03,4.08437500e-03
-1.78212500e-08,1.06250000e-04,3.15000000e-03,4.08125000e-03
-1.77812500e-08,1.28125000e-04,3.14843750e-03,4.07500000e-03
-1.77412500e-08,1.46875000e-04,3.14375000e-03,4.06562500e-03
-1.77012500e-08,1.65625000e-04,3.13906250e-03,4.05000000e-03
-1.76612500e-08,1.84375000e-04,3.13437500e-03,4.03750000e-03
-1.76212500e-08,2.00000000e-04,3.12812500e-03,4.01875000e-03
-1.75812500e-08,2.12500000e-04,3.12343750e-03,4.00312500e-03
-1.75412500e-08,2.21875000e-04,3.12031250e-03,3.98437500e-03
-1.75012500e-08,2.31250000e-04,3.11875000e-03,3.96562500e-03
-1.74612500e-08,2.37500000e-04,3.11875000e-03,3.94687500e-03
-1.74212500e-08,2.40625000e-04,3.12187500e-03,3.93125000e-03
-1.73812500e-08,2.43750000e-04,3.12656250e-03,3.91562500e-03
-1.73412500e-08,2.40625000e-04,3.13437500e-03,3.90625000e-03
-1.73012500e-08,2.37500000e-04,3.14218750e-03,3.90000000e-03
-1.72612500e-08,2.34375000e-04,3.15312500e-03,3.89687500e-03
-1.72212500e-08,2.28125000e-04,3.16406250e-03,3.89687500e-03
-1.71812500e-08,2.18750000e-04,3.17656250e-03,3.90625000e-03
-1.71412500e-08,2.09375000e-04,3.18906250e-03,3.91875000e-03
-1.71012500e-08,1.96875000e-04,3.20000000e-03,3.93750000e-03
-1.70612500e-08,1.87500000e-04,3.20937500e-03,3.95937500e-03
-1.70212500e-08,1.75000000e-04,3.21875000e-03,3.98750000e-03
-1.69812500e-08,1.59375000e-04,3.22500000e-03,4.02187500e-03
-1.69412500e-08,1.46875000e-04,3.22812500e-03,4.05937500e-03
-1.69012500e-08,1.31250000e-04,3.22968750e-03,4.09687500e-03
-1.68612500e-08,1.18750000e-04,3.22968750e-03,4.14062500e-03
-1.68212500e-08,1.03125000e-04,3.22500000e-03,4.18125000e-03
-1.67812500e-08,8.75000000e-05,3.22031250e-03,4.22187500e-03
-1.67412500e-08,7.50000000e-05,3.21250000e-03,4.25937500e-03
-1.67012500e-08,5.93750000e-05,3.20312500e-03,4.29687500e-03
-1.66612500e-08,4.68750000e-05,3.19375000e-03,4.32812500e-03
-1.66212500e-08,3.75000000e-05,3.18437500e-03,4.35312500e-03
-1.65812500e-08,2.81250000e-05,3.17500000e-03,4.37187500e-03
-1.65412500e-08,1.87500000e-05,3.16718750e-03,4.38437500e-03
-1.65012500e-08,1.25000000e-05,3.16093750e-03,4.38750000e-03
-1.64612500e-08,9.37500000e-06,3.15468750e-03,4.38750000e-03
-1.64212500e-08,9.37500000e-06,3.15312500e-03,4.37500000e-03
-1.63812500e-08,9.37500000e-06,3.15156250e-03,4.35937500e-03
-1.63412500e-08,1.56250000e-05,3.15312500e-03,4.33750000e-03
-1.63012500e-08,2.18750000e-05,3.15625000e-03,4.30625000e-03
-1.62612500e-08,2.81250000e-05,3.16250000e-03,4.27500000e-03
-1.62212500e-08,3.75000000e-05,3.16875000e-03,4.23750000e-03
-1.61812500e-08,5.00000000e-05,3.17656250e-03,4.19687500e-03
-1.61412500e-08,5.93750000e-05,3.18437500e-03,4.15937500e-03
-1.61012500e-08,6.87500000e-05,3.19218750e-03,4.11875000e-03
-1.60612500e-08,7.81250000e-05,3.19843750e-03,4.07812500e-03
-1.60212500e-08,8.12500000e-05,3.20312500e-03,4.04375000e-03
-1.59812500e-08,8.43750000e-05,3.20468750e-03,4.00937500e-03
-1.59412500e-08,8.12500000e-05,3.20468750e-03,3.97812500e-03
-1.59012500e-08,7.18750000e-05,3.20000000e-03,3.95312500e-03
-1.58612500e-08,5.62500000e-05,3.19375000e-03,3.93437500e-03
-1.58212500e-08,3.43750000e-05,3.18437500e-03,3.91875000e-03
-1.57812500e-08,6.25000000e-06,3.17031250e-03,3.90625000e-03
-1.57412500e-08,-3.12500000e-05,3.15468750e-03,3.90000000e-03
-1.57012500e-08,-7.50000000e-05,3.13593750e-03,3.90000000e-03
-1.56612500e-08,-1.25000000e-04,3.11562500e-03,3.90312500e-03
-1.56212500e-08,-1.84375000e-04,3.09375000e-03,3.90937500e-03
-1.55812500e-08,-2.43750000e-04,3.07187500e-03,3.91875000e-03
-1.55412500e-08,-3.12500000e-04,3.05000000e-03,3.93125000e-03
-1.55012500e-08,-3.81250000e-04,3.02968750e-03,3.94375000e-03
-1.54612500e-08,-4.50000000e-04,3.00937500e-03,3.95937500e-03
-1.54212500e-08,-5.21875000e-04,2.99218750e-03,3.97500000e-03
-1.53812500e-08,-5.90625000e-04,2.97812500e-03,3.99375000e-03
-1.53412500e-08,-6.53125000e-04,2.96718750e-03,4.00937500e-03
-1.53012500e-08,-7.15625000e-04,2.95781250e-03,4.02500000e-03
-1.52612500e-08,-7.68750000e-04,2.95312500e-03,4.03750000e-03
-1.52212500e-08,-8.15625000e-04,2.95000000e-03,4.05000000e-03
-1.51812500e-08,-8.56250000e-04,2.95156250e-03,4.05937500e-03
-1.51412500e-08,-8.87500000e-04,2.95468750e-03,4.06875000e-03
-1.51012500e-08,-9.09375000e-04,2.95937500e-03,4.07500000e-03
-1.50612500e-08,-9.25000000e-04,2.96718750e-03,4.07812500e-03
-1.50212500e-08,-9.31250000e-04,2.97500000e-03,4.07812500e-03
-1.49812500e-08,-9.28125000e-04,2.98281250e-03,4.07500000e-03
-1.49412500e-08,-9.21875000e-04,2.99218750e-03,4.07187500e-03
-1.49012500e-08,-9.06250000e-04,3.00000000e-03,4.06250000e-03
-1.48612500e-08,-8.90625000e-04,3.00781250e-03,4.05312500e-03
-1.48212500e-08,-8.68750000e-04,3.01406250e-03,4.04062500e-03
-1.47812500e-08,-8.43750000e-04,3.02031250e-03,4.02812500e-03
-1.47412500e-08,-8.21875000e-04,3.02656250e-03,4.01250000e-03
-1.47012500e-08,-8.00000000e-04,3.03125000e-03,3.99687500e-03
-1.46612500e-08,-7.78125000e-04,3.03437500e-03,3.98125000e-03
-1.46212500e-08,-7.62500000e-04,3.03906250e-03,3.96562500e-03
-1.45812500e-08,-7.50000000e-04,3.04218750e-03,3.95000000e-03
-1.45412500e-08,-7.40625000e-04,3.04687500e-03,3.93750000e-03
-1.45012500e-08,-7.34375000e-04,3.05156250e-03,3.92812500e-03
-1.44612500e-08,-7.34375000e-04,3.05781250e-03,3.92187500e-03
-1.44212500e-08,-7.37500000e-04,3.06406250e-03,3.91875000e-03
-1.43812500e-08,-7.43750000e-04,3.07187500e-03,3.92187500e-03
-1.43412500e-08,-7.56250000e-04,3.07968750e-03,3.92812500e-03
-1.43012500e-08,-7.68750000e-04,3.08906250e-03,3.94062500e-03
-1.42612500e-08,-7.84375000e-04,3.10000000e-03,3.95625000e-03
-1.42212500e-08,-8.00000000e-04,3.10937500e-03,3.97812500e-03
-1.41812500e-08,-8.15625000e-04,3.11875000e-03,4.00312500e-03
-1.41412500e-08,-8.28125000e-04,3.12812500e-03,4.03125000e-03
-1.41012500e-08,-8.40625000e-04,3.13593750e-03,4.05937500e-03
-1.40612500e-08,-8.53125000e-04,3.14218750e-03,4.09062500e-03
-1.40212500e-08,-8.59375000e-04,3.14687500e-03,4.12187500e-03
-1.39812500e-08,-8.62500000e-04,3.15000000e-03,4.15312500e-03
-1.39412500e-08,-8.62500000e-04,3.15000000e-03,4.18125000e-03
-1.39012500e-08,-8.59375000e-04,3.14843750e-03,4.20312500e-03
-1.38612500e-08,-8.53125000e-04,3.14375000e-03,4.22187500e-03
-1.38212500e-08,-8.43750000e-04,3.13906250e-03,4.23750000e-03
-1.37812500e-08,-8.31250000e-04,3.13125000e-03,4.24375000e-03
-1.37412500e-08,-8.18750000e-04,3.12500000e-03,4.24375000e-03
-1.37012500e-08,-8.03125000e-04,3.11718750e-03,4.23437500e-03
-1.36612500e-08,-7.87500000e-04,3.10937500e-03,4.22187500e-03
-1.36212500e-08,-7.75000000e-04,3.10468750e-03,4.20312500e-03
-1.35812500e-08,-7.62500000e-04,3.10156250e-03,4.17500000e-03
-1.35412500e-08,-7.50000000e-04,3.10156250e-03,4.14687500e-03
-1.35012500e-08,-7.43750000e-04,3.10312500e-03,4.11250000e-03
-1.34612500e-08,-7.37500000e-04,3.10937500e-03,4.07500000e-03
-1.34212500e-08,-7.34375000e-04,3.11718750e-03,4.04062500e-03
-1.33812500e-08,-7.37500000e-04,3.12968750e-03,4.00312500e-03
-1.33412500e-08,-7.43750000e-04,3.14531250e-03,3.97187500e-03
-1.33012500e-08,-7.50000000e-04,3.16093750e-03,3.94062500e-03
-1.32612500e-08,-7.62500000e-04,3.17812500e-03,3.91875000e-03
-1.32212500e-08,-7.78125000e-04,3.19687500e-03,3.90000000e-03
-1.31812500e-08,-7.93750000e-04,3.21250000e-03,3.88750000e-03
-1.31412500e-08,-8.12500000e-04,3.22656250e-03,3.88125000e-03
-1.31012500e-08,-8.31250000e-04,3.23750000e-03,3.88125000e-03
-1.30612500e-08,-8.50000000e-04,3.24531250e-03,3.89062500e-03
-1.30212500e-08,-8.68750000e-04,3.24687500e-03,3.90312500e-03
-1.29812500e-08,-8.84375000e-04,3.24218750e-03,3.92187500e-03
-1.29412500e-08,-9.00000000e-04,3.23125000e-03,3.94375000e-03
-1.29012500e-08,-9.12500000e-04,3.21406250e-03,3.96875000e-03
-1.28612500e-08,-9.21875000e-04,3.18906250e-03,3.99375000e-03
-1.28212500e-08,-9.31250000e-04,3.16093750e-03,4.01562500e-03
-1.27812500e-08,-9.34375000e-04,3.12656250e-03,4.04062500e-03
-1.27412500e-08,-9.34375000e-04,3.08906250e-03,4.05937500e-03
-1.27012500e-08,-9.34375000e-04,3.04843750e-03,4.07500000e-03
-1.26612500e-08,-9.28125000e-04,3.00781250e-03,4.08437500e-03
-1.26212500e-08,-9.21875000e-04,2.96875000e-03,4.08750000e-03
-1.25812500e-08,-9.09375000e-04,2.92968750e-03,4.08437500e-03
-1.25412500e-08,-9.00000000e-04,2.89687500e-03,4.07812500e-03
-1.25012500e-08,-8.87500000e-04,2.86718750e-03,4.06562500e-03
-1.24612500e-08,-8.71875000e-04,2.84375000e-03,4.04687500e-03
-1.24212500e-08,-8.59375000e-04,2.82812500e-03,4.02500000e-03
-1.23812500e-08,-8.46875000e-04,2.81875000e-03,4.00312500e-03
-1.23412500e-08,-8.34375000e-04,2.81718750e-03,3.97812500e-03
-1.23012500e-08,-8.25000000e-04,2.82343750e-03,3.95312500e-03
-1.22612500e-08,-8.12500000e-04,2.83437500e-03,3.93125000e-03
-1.22212500e-08,-8.06250000e-04,2.85156250e-03,3.91250000e-03
-1.21812500e-08,-8.00000000e-04,2.87187500e-03,3.89687500e-03
-1.21412500e-08,-7.93750000e-04,2.89531250e-03,3.88750000e-03
-1.21012500e-08,-7.90625000e-04,2.91875000e-03,3.88437500e-03
-1.20612500e-08,-7.87500000e-04,2.94218750e-03,3.88750000e-03
-1.20212500e-08,-7.87500000e-04,2.96406250e-03,3.90000000e-03
-1.19812500e-08,-7.87500000e-04,2.98281250e-03,3.91562500e-03
-1.19412500e-08,-7.87500000e-04,2.99843750e-03,3.94062500e-03
-1.19012500e-08,-7.87500000e-04,3.00781250e-03,3.97187500e-03
-1.18612500e-08,-7.84375000e-04,3.01250000e-03,4.00625000e-03
-1.18212500e-08,-7.84375000e-04,3.01093750e-03,4.04375000e-03
-1.17812500e-08,-7.84375000e-04,3.00625000e-03,4.08125000e-03
-1.17412500e-08,-7.81250000e-04,2.99843750e-03,4.12187500e-03
-1.17012500e-08,-7.78125000e-04,2.98750000e-03,4.15937500e-03
-1.16612500e-08,-7.75000000e-04,2.97500000e-03,4.19687500e-03
-1.16212500e-08,-7.68750000e-04,2.96250000e-03,4.22812500e-03
-1.15812500e-08,-7.62500000e-04,2.95156250e-03,4.25312500e-03
-1.15412500e-08,-7.56250000e-04,2.94531250e-03,4.27500000e-03
-1.15012500e-08,-7.53125000e-04,2.94218750e-03,4.28750000e-03
-1.14612500e-08,-7.46875000e-04,2.94531250e-03,4.29375000e-03
-1.14212500e-08,-7.43750000e-04,2.95625000e-03,4.29375000e-03
-1.13812500e-08,-7.43750000e-04,2.97343750e-03,4.28437500e-03
-1.13412500e-08,-7.43750000e-04,2.99843750e-03,4.26875000e-03
-1.13012500e-08,-7.46875000e-04,3.02968750e-03,4.25000000e-03
-1.12612500e-08,-7.56250000e-04,3.06718750e-03,4.22500000e-03
-1.12212500e-08,-7.65625000e-04,3.11093750e-03,4.19375000e-03
-1.11812500e-08,-7.81250000e-04,3.15625000e-03,4.16250000e-03
-1.11412500e-08,-8.03125000e-04,3.20468750e-03,4.13125000e-03
-1.11012500e-08,-8.28125000e-04,3.25156250e-03,4.09687500e-03
-1.10612500e-08,-8.59375000e-04,3.29687500e-03,4.06562500e-03
-1.10212500e-08,-8.93750000e-04,3.33750000e-03,4.03437500e-03
-1.09812500e-08,-9.34375000e-04,3.37343750e-03,4.00937500e-03
-1.09412500e-08,-9.81250000e-04,3.40312500e-03,3.98750000e-03
-1.09012500e-08,-1.03125000e-03,3.42343750e-03,3.96875000e-03
-1.08612500e-08,-1.08750000e-03,3.43593750e-03,3.95312500e-03
-1.08212500e-08,-1.14687500e-03,3.44062500e-03,3.94375000e-03
-1.07812500e-08,-1.20937500e-03,3.43750000e-03,3.93750000e-03
-1.07412500e-08,-1.27812500e-03,3.42656250e-03,3.93750000e-03
-1.07012500e-08,-1.34687500e-03,3.41250000e-03,3.93750000e-03
-1.06612500e-08,-1.41875000e-03,3.39375000e-03,3.94375000e-03
-1.06212500e-08,-1.49687500e-03,3.37656250e-03,3.95000000e-03
-1.05812500e-08,-1.57500000e-03,3.35937500e-03,3.95937500e-03
-1.05412500e-08,-1.65312500e-03,3.34843750e-03,3.96875000e-03
-1.05012500e-08,-1.73750000e-03,3.34375000e-03,3.97812500e-03
-1.04612500e-08,-1.82187500e-03,3.34843750e-03,3.98750000e-03
-1.04212500e-08,-1.90937500e-03,3.36718750e-03,3.99687500e-03
-1.03812500e-08,-2.00312500e-03,3.39843750e-03,4.00312500e-03
-1.03412500e-08,-2.09687500e-03,3.44531250e-03,4.00937500e-03
-1.03012500e-08,-2.19687500e-03,3.50937500e-03,4.01250000e-03
-1.02612500e-08,-2.30312500e-03,3.58906250e-03,4.01562500e-03
-1.02212500e-08,-2.41250000e-03,3.68593750e-03,4.01562500e-03
-1.01812500e-08,-2.53437500e-03,3.79843750e-03,4.01562500e-03
-1.01412500e-08,-2.65937500e-03,3.92500000e-03,4.01562500e-03
-1.01012500e-08,-2.79687500e-03,4.06562500e-03,4.01250000e-03
-1.00612500e-08,-2.94687500e-03,4.21562500e-03,4.00937500e-03
-1.00212500e-08,-3.10937500e-03,4.37500000e-03,4.00312500e-03
-9.98125000e-09,-3.28125000e-03,4.54062500e-03,4.00000000e-03
-9.94125000e-09,-3.47187500e-03,4.71093750e-03,3.99687500e-03
-9.90125000e-09,-3.67500000e-03,4.88281250e-03,3.99375000e-03
-9.86125000e-09,-3.89687500e-03,5.05468750e-03,3.99062500e-03
-9.82125000e-09,-4.13750000e-03,5.22500000e-03,3.98750000e-03
-9.78125000e-09,-4.39375000e-03,5.39375000e-03,3.98437500e-03
-9.74125000e-09,-4.66562500e-03,5.55937500e-03,3.98125000e-03
-9.70125000e-09,-4.95625000e-03,5.72187500e-03,3.98125000e-03
-9.66125000e-09,-5.26562500e-03,5.88125000e-03,3.97812500e-03
-9.62125000e-09,-5.59375000e-03,6.03906250e-03,3.97812500e-03
-9.58125000e-09,-5.93437500e-03,6.19531250e-03,3.97812500e-03
-9.54125000e-09,-6.29375000e-03,6.35156250e-03,3.97812500e-03
-9.50125000e-09,-6.66250000e-03,6.51093750e-03,3.97812500e-03
-9.46125000e-09,-7.04687500e-03,6.67343750e-03,3.98125000e-03
-9.42125000e-09,-7.44375000e-03,6.84062500e-03,3.98125000e-03
-9.38125000e-09,-7.84687500e-03,7.01406250e-03,3.98437500e-03
-9.34125000e-09,-8.25937500e-03,7.19531250e-03,3.98437500e-03
-9.30125000e-09,-8.67812500e-03,7.38750000e-03,3.98750000e-03
-9.26125000e-09,-9.10312500e-03,7.58750000e-03,3.98750000e-03
-9.22125000e-09,-9.52812500e-03,7.79843750e-03,3.99062500e-03
-9.18125000e-09,-9.95625000e-03,8.01718750e-03,3.99375000e-03
-9.14125000e-09,-1.03843750e-02,8.24687500e-03,3.99687500e-03
-9.10125000e-09,-1.08125000e-02,8.48437500e-03,4.00000000e-03
-9.06125000e-09,-1.12375000e-02,8.72968750e-03,4.00000000e-03
-9.02125000e-09,-1.16593750e-02,8.97968750e-03,4.00312500e-03
-8.98125000e-09,-1.20781250e-02,9.23437500e-03,4.00625000e-03
-8.94125000e-09,-1.24937500e-02,9.49218750e-03,4.00625000e-03
-8.90125000e-09,-1.29062500e-02,9.75000000e-03,4.00937500e-03
-8.86125000e-09,-1.33125000e-02,1.00062500e-02,4.00937500e-03
-8.82125000e-09,-1.37125000e-02,1.02609375e-02,4.00625000e-03
-8.78125000e-09,-1.41093750e-02,1.05140625e-02,4.00312500e-03
-8.74125000e-09,-1.45000000e-02,1.07609375e-02,4.00000000e-03
-8.70125000e-09,-1.48843750e-02,1.10031250e-02,3.99687500e-03
-8.66125000e-09,-1.52625000e-02,1.12421875e-02,3.99062500e-03
-8.62125000e-09,-1.56375000e-02,1.14750000e-02,3.98437500e-03
-8.58125000e-09,-1.60031250e-02,1.17031250e-02,3.97812500e-03
-8.54125000e-09,-1.63656250e-02,1.19281250e-02,3.97187500e-03
-8.50125000e-09,-1.67187500e-02,1.21500000e-02,3.96562500e-03
-8.46125000e-09,-1.70625000e-02,1.23703125e-02,3.95937500e-03
-8.42125000e-09,-1.74000000e-02,1.25890625e-02,3.95625000e-03
-8.38125000e-09,-1.77281250e-02,1.28078125e-02,3.95312500e-03
-8.34125000e-09,-1.80500000e-02,1.30265625e-02,3.95000000e-03
-8.30125000e-09,-1.83593750e-02,1.32484375e-02,3.95000000e-03
-8.26125000e-09,-1.86593750e-02,1.34734375e-02,3.95312500e-03
-8.22125000e-09,-1.89531250e-02,1.37000000e-02,3.95937500e-03
-8.18125000e-09,-1.92343750e-02,1.39296875e-02,3.96562500e-03
-8.14125000e-09,-1.95062500e-02,1.41640625e-02,3.97500000e-03
-8.10125000e-09,-1.97718750e-02,1.44015625e-02,3.98750000e-03
-8.06125000e-09,-2.00281250e-02,1.46406250e-02,4.00312500e-03
-8.02125000e-09,-2.02750000e-02,1.48843750e-02,4.01562500e-03
-7.98125000e-09,-2.05187500e-02,1.51296875e-02,4.03125000e-03
-7.94125000e-09,-2.07562500e-02,1.53765625e-02,4.04687500e-03
-7.90125000e-09,-2.09906250e-02,1.56250000e-02,4.06250000e-03
-7.86125000e-09,-2.12218750e-02,1.58750000e-02,4.07812500e-03
-7.82125000e-09,-2.14531250e-02,1.61250000e-02,4.09062500e-03
-7.78125000e-09,-2.16812500e-02,1.63750000e-02,4.10000000e-03
-7.74125000e-09,-2.19125000e-02,1.66265625e-02,4.10937500e-03
-7.70125000e-09,-2.21437500e-02,1.68781250e-02,4.11250000e-03
-7.66125000e-09,-2.23781250e-02,1.71296875e-02,4.11562500e-03
-7.62125000e-09,-2.26156250e-02,1.73843750e-02,4.11562500e-03
-7.58125000e-09,-2.28531250e-02,1.76390625e-02,4.11250000e-03
-7.54125000e-09,-2.30937500e-02,1.78968750e-02,4.10625000e-03
-7.50125000e-09,-2.33375000e-02,1.81546875e-02,4.10000000e-03
-7.46125000e-09,-2.35812500e-02,1.84171875e-02,4.09062500e-03
-7.42125000e-09,-2.38250000e-02,1.86812500e-02,4.08125000e-03
-7.38125000e-09,-2.40687500e-02,1.89484375e-02,4.07187500e-03
-7.34125000e-09,-2.43093750e-02,1.92187500e-02,4.06250000e-03
-7.30125000e-09,-2.45468750e-02,1.94921875e-02,4.05625000e-03
-7.26125000e-09,-2.47781250e-02,1.97656250e-02,4.05000000e-03
-7.22125000e-09,-2.50062500e-02,2.00421875e-02,4.04375000e-03
-7.18125000e-09,-2.52281250e-02,2.03187500e-02,4.04062500e-03
-7.14125000e-09,-2.54406250e-02,2.05953125e-02,4.04062500e-03
-7.10125000e-09,-2.56437500e-02,2.08687500e-02,4.04375000e-03
-7.06125000e-09,-2.58406250e-02,2.11406250e-02,4.05000000e-03
-7.02125000e-09,-2.60312500e-02,2.14109375e-02,4.05625000e-03
-6.98125000e-09,-2.62093750e-02,2.16750000e-02,4.06562500e-03
-6.94125000e-09,-2.63812500e-02,2.19343750e-02,4.07187500e-03
-6.90125000e-09,-2.65468750e-02,2.21890625e-02,4.08437500e-03
-6.86125000e-09,-2.67031250e-02,2.24390625e-02,4.09062500e-03
-6.82125000e-09,-2.68562500e-02,2.26812500e-02,4.10000000e-03
-6.78125000e-09,-2.70062500e-02,2.29203125e-02,4.10625000e-03
-6.74125000e-09,-2.71500000e-02,2.31531250e-02,4.10937500e-03
-6.70125000e-09,-2.72906250e-02,2.33828125e-02,4.11250000e-03
-6.66125000e-09,-2.74312500e-02,2.36093750e-02,4.10937500e-03
-6.62125000e-09,-2.75718750e-02,2.38343750e-02,4.10312500e-03
-6.58125000e-09,-2.77093750e-02,2.40578125e-02,4.09687500e-03
-6.54125000e-09,-2.78468750e-02,2.42828125e-02,4.08437500e-03
-6.50125000e-09,-2.79843750e-02,2.45093750e-02,4.07187500e-03
-6.46125000e-09,-2.81218750e-02,2.47390625e-02,4.05312500e-03
-6.42125000e-09,-2.82562500e-02,2.49718750e-02,4.03750000e-03
-6.38125000e-09,-2.83906250e-02,2.52078125e-02,4.01875000e-03
-6.34125000e-09,-2.85250000e-02,2.54500000e-02,4.00000000e-03
-6.30125000e-09,-2.86562500e-02,2.56937500e-02,3.98125000e-03
-6.26125000e-09,-2.87843750e-02,2.59437500e-02,3.96562500e-03
-6.22125000e-09,-2.89093750e-02,2.61953125e-02,3.95000000e-03
-6.18125000e-09,-2.90312500e-02,2.64484375e-02,3.93750000e-03
-6.14125000e-09,-2.91500000e-02,2.67031250e-02,3.93125000e-03
-6.10125000e-09,-2.92625000e-02,2.69562500e-02,3.92500000e-03
-6.06125000e-09,-2.93687500e-02,2.72078125e-02,3.92500000e-03
-6.02125000e-09,-2.94750000e-02,2.74546875e-02,3.92812500e-03
-5.98125000e-09,-2.95750000e-02,2.76953125e-02,3.93125000e-03
-5.94125000e-09,-2.96718750e-02,2.79296875e-02,3.94062500e-03
-5.90125000e-09,-2.97656250e-02,2.81562500e-02,3.95312500e-03
-5.86125000e-09,-2.98593750e-02,2.83750000e-02,3.96250000e-03
-5.82125000e-09,-2.99500000e-02,2.85828125e-02,3.97500000e-03
-5.78125000e-09,-3.00437500e-02,2.87812500e-02,3.98750000e-03
-5.74125000e-09,-3.01343750e-02,2.89703125e-02,4.00000000e-03
-5.70125000e-09,-3.02281250e-02,2.91484375e-02,4.00625000e-03
-5.66125000e-09,-3.03250000e-02,2.93203125e-02,4.01250000e-03
-5.62125000e-09,-3.04218750e-02,2.94828125e-02,4.01250000e-03
-5.58125000e-09,-3.05187500e-02,2.96406250e-02,4.01250000e-03
-5.54125000e-09,-3.06187500e-02,2.97937500e-02,4.00312500e-03
-5.50125000e-09,-3.07218750e-02,2.99437500e-02,3.99062500e-03
-5.46125000e-09,-3.08218750e-02,3.00921875e-02,3.97500000e-03
-5.42125000e-09,-3.09218750e-02,3.02406250e-02,3.95312500e-03
-5.38125000e-09,-3.10218750e-02,3.03906250e-02,3.93125000e-03
-5.34125000e-09,-3.11156250e-02,3.05437500e-02,3.90312500e-03
-5.30125000e-09,-3.12093750e-02,3.06984375e-02,3.87500000e-03
-5.26125000e-09,-3.12937500e-02,3.08578125e-02,3.84687500e-03
-5.22125000e-09,-3.13718750e-02,3.10218750e-02,3.81875000e-03
-5.18125000e-09,-3.14437500e-02,3.11906250e-02,3.79375000e-03
-5.14125000e-09,-3.15062500e-02,3.13625000e-02,3.77187500e-03
-5.10125000e-09,-3.15562500e-02,3.15375000e-02,3.75312500e-03
-5.06125000e-09,-3.16000000e-02,3.17156250e-02,3.74375000e-03
-5.02125000e-09,-3.16343750e-02,3.18953125e-02,3.74062500e-03
-4.98125000e-09,-3.16593750e-02,3.20765625e-02,3.74375000e-03
-4.94125000e-09,-3.16781250e-02,3.22562500e-02,3.75937500e-03
-4.90125000e-09,-3.16875000e-02,3.24343750e-02,3.78125000e-03
-4.86125000e-09,-3.16875000e-02,3.26109375e-02,3.81250000e-03
-4.82125000e-09,-3.16875000e-02,3.27828125e-02,3.85312500e-03
-4.78125000e-09,-3.16812500e-02,3.29515625e-02,3.90000000e-03
-4.74125000e-09,-3.16718750e-02,3.31156250e-02,3.95937500e-03
-4.70125000e-09,-3.16656250e-02,3.32750000e-02,4.02187500e-03
-4.66125000e-09,-3.16562500e-02,3.34281250e-02,4.09062500e-03
-4.62125000e-09,-3.16500000e-02,3.35750000e-02,4.16250000e-03
-4.58125000e-09,-3.16468750e-02,3.37187500e-02,4.24062500e-03
-4.54125000e-09,-3.16468750e-02,3.38562500e-02,4.31875000e-03
-4.50125000e-09,-3.16500000e-02,3.39890625e-02,4.39375000e-03
-4.46125000e-09,-3.16562500e-02,3.41171875e-02,4.47187500e-03
-4.42125000e-09,-3.16687500e-02,3.42406250e-02,4.54375000e-03
-4.38125000e-09,-3.16812500e-02,3.43609375e-02,4.61562500e-03
-4.34125000e-09,-3.16968750e-02,3.44796875e-02,4.68125000e-03
-4.30125000e-09,-3.17156250e-02,3.45937500e-02,4.74062500e-03
-4.26125000e-09,-3.17343750e-02,3.47062500e-02,4.79687500e-03
-4.22125000e-09,-3.17562500e-02,3.48156250e-02,4.84687500e-03
-4.18125000e-09,-3.17718750e-02,3.49218750e-02,4.89375000e-03
-4.14125000e-09,-3.17875000e-02,3.50265625e-02,4.93750000e-03
-4.10125000e-09,-3.17968750e-02,3.51281250e-02,4.97812500e-03
-4.06125000e-09,-3.18062500e-02,3.52265625e-02,5.01875000e-03
-4.02125000e-09,-3.18062500e-02,3.53234375e-02,5.05937500e-03
-3.98125000e-09,-3.18031250e-02,3.54171875e-02,5.10000000e-03
-3.94125000e-09,-3.17937500e-02,3.55078125e-02,5.14375000e-03
-3.90125000e-09,-3.17781250e-02,3.55968750e-02,5.19375000e-03
-3.86125000e-09,-3.17593750e-02,3.56828125e-02,5.24687500e-03
-3.82125000e-09,-3.17312500e-02,3.57671875e-02,5.30937500e-03
-3.78125000e-09,-3.17031250e-02,3.58500000e-02,5.37812500e-03
-3.74125000e-09,-3.16656250e-02,3.59328125e-02,5.45937500e-03
-3.70125000e-09,-3.16281250e-02,3.60140625e-02,5.54687500e-03
-3.66125000e-09,-3.15875000e-02,3.60953125e-02,5.64687500e-03
-3.62125000e-09,-3.15437500e-02,3.61765625e-02,5.75312500e-03
-3.58125000e-09,-3.15000000e-02,3.62593750e-02,5.87187500e-03
-3.54125000e-09,-3.14562500e-02,3.63453125e-02,5.99687500e-03
-3.50125000e-09,-3.14125000e-02,3.64343750e-02,6.13125000e-03
-3.46125000e-09,-3.13687500e-02,3.65250000e-02,6.27187500e-03
-3.42125000e-09,-3.13250000e-02,3.66187500e-02,6.41562500e-03
-3.38125000e-09,-3.12843750e-02,3.67171875e-02,6.56250000e-03
-3.34125000e-09,-3.12468750e-02,3.68187500e-02,6.70937500e-03
-3.30125000e-09,-3.12093750e-02,3.69218750e-02,6.85625000e-03
-3.26125000e-09,-3.11718750e-02,3.70296875e-02,7.00312500e-03
-3.22125000e-09,-3.11375000e-02,3.71390625e-02,7.14687500e-03
-3.18125000e-09,-3.11031250e-02,3.72484375e-02,7.28750000e-03
-3.14125000e-09,-3.10718750e-02,3.73593750e-02,7.42187500e-03
-3.10125000e-09,-3.10375000e-02,3.74703125e-02,7.55000000e-03
-3.06125000e-09,-3.10031250e-02,3.75781250e-02,7.67187500e-03
-3.02125000e-09,-3.09718750e-02,3.76859375e-02,7.78750000e-03
-2.98125000e-09,-3.09375000e-02,3.77890625e-02,7.90000000e-03
-2.94125000e-09,-3.09031250e-02,3.78890625e-02,8.00625000e-03
-2.90125000e-09,-3.08687500e-02,3.79843750e-02,8.10937500e-03
-2.86125000e-09,-3.08312500e-02,3.80750000e-02,8.20937500e-03
-2.82125000e-09,-3.07937500e-02,3.81593750e-02,8.30625000e-03
-2.78125000e-09,-3.07562500e-02,3.82406250e-02,8.40625000e-03
-2.74125000e-09,-3.07156250e-02,3.83156250e-02,8.50625000e-03
-2.70125000e-09,-3.06750000e-02,3.83859375e-02,8.60937500e-03
-2.66125000e-09,-3.06343750e-02,3.84515625e-02,8.71875000e-03
-2.62125000e-09,-3.05906250e-02,3.85140625e-02,8.83125000e-03
-2.58125000e-09,-3.05437500e-02,3.85718750e-02,8.95000000e-03
-2.54125000e-09,-3.04968750e-02,3.86281250e-02,9.07812500e-03
-2.50125000e-09,-3.04500000e-02,3.86828125e-02,9.21250000e-03
-2.46125000e-09,-3.04000000e-02,3.87375000e-02,9.35312500e-03
-2.42125000e-09,-3.03468750e-02,3.87906250e-02,9.50312500e-03
-2.38125000e-09,-3.02937500e-02,3.88437500e-02,9.65937500e-03
-2.34125000e-09,-3.02375000e-02,3.88968750e-02,9.82187500e-03
-2.30125000e-09,-3.01781250e-02,3.89515625e-02,9.99062500e-03
-2.26125000e-09,-3.01187500e-02,3.90062500e-02,1.01625000e-02
-2.22125000e-09,-3.00531250e-02,3.90609375e-02,1.03343750e-02
-2.18125000e-09,-2.99875000e-02,3.91156250e-02,1.05125000e-02
-2.14125000e-09,-2.99187500e-02,3.91703125e-02,1.06875000e-02
-2.10125000e-09,-2.98468750e-02,3.92250000e-02,1.08625000e-02
-2.06125000e-09,-2.97718750e-02,3.92781250e-02,1.10343750e-02
-2.02125000e-09,-2.96937500e-02,3.93296875e-02,1.12031250e-02
-1.98125000e-09,-2.96125000e-02,3.93796875e-02,1.13656250e-02
-1.94125000e-09,-2.95281250e-02,3.94265625e-02,1.15250000e-02
-1.90125000e-09,-2.94437500e-02,3.94703125e-02,1.16812500e-02
-1.86125000e-09,-2.93562500e-02,3.95109375e-02,1.18312500e-02
-1.82125000e-09,-2.92656250e-02,3.95468750e-02,1.19750000e-02
-1.78125000e-09,-2.91750000e-02,3.95812500e-02,1.21156250e-02
-1.74125000e-09,-2.90812500e-02,3.96109375e-02,1.22531250e-02
-1.70125000e-09,-2.89875000e-02,3.96390625e-02,1.23875000e-02
-1.66125000e-09,-2.88906250e-02,3.96640625e-02,1.25218750e-02
-1.62125000e-09,-2.87937500e-02,3.96875000e-02,1.26531250e-02
-1.58125000e-09,-2.86968750e-02,3.97109375e-02,1.27843750e-02
-1.54125000e-09,-2.85968750e-02,3.97328125e-02,1.29187500e-02
-1.50125000e-09,-2.84968750e-02,3.97562500e-02,1.30531250e-02
-1.46125000e-09,-2.83968750e-02,3.97828125e-02,1.31937500e-02
-1.42125000e-09,-2.82968750e-02,3.98093750e-02,1.33343750e-02
-1.38125000e-09,-2.81937500e-02,3.98406250e-02,1.34812500e-02
-1.34125000e-09,-2.80875000e-02,3.98750000e-02,1.36281250e-02
-1.30125000e-09,-2.79843750e-02,3.99125000e-02,1.37812500e-02
-1.26125000e-09,-2.78781250e-02,3.99562500e-02,1.39375000e-02
-1.22125000e-09,-2.77718750e-02,4.00031250e-02,1.40937500e-02
-1.18125000e-09,-2.76656250e-02,4.00531250e-02,1.42562500e-02
-1.14125000e-09,-2.75562500e-02,4.01078125e-02,1.44187500e-02
-1.10125000e-09,-2.74468750e-02,4.01656250e-02,1.45812500e-02
-1.06125000e-09,-2.73375000e-02,4.02250000e-02,1.47437500e-02
-1.02125000e-09,-2.72312500e-02,4.02859375e-02,1.49031250e-02
-9.81250000e-10,-2.71218750e-02,4.03484375e-02,1.50656250e-02
-9.41250000e-10,-2.70125000e-02,4.04078125e-02,1.52250000e-02
-9.01250000e-10,-2.69031250e-02,4.04671875e-02,1.53812500e-02
-8.61250000e-10,-2.67937500e-02,4.05234375e-02,1.55375000e-02
-8.21250000e-10,-2.66875000e-02,4.05750000e-02,1.56906250e-02
-7.81250000e-10,-2.65812500e-02,4.06218750e-02,1.58437500e-02
-7.41250000e-10,-2.64750000e-02,4.06640625e-02,1.59968750e-02
-7.01250000e-10,-2.63687500e-02,4.07000000e-02,1.61500000e-02
-6.61250000e-10,-2.62625000e-02,4.07296875e-02,1.63031250e-02
-6.21250000e-10,-2.61562500e-02,4.07531250e-02,1.64593750e-02
-5.81250000e-10,-2.60500000e-02,4.07703125e-02,1.66156250e-02
-5.41250000e-10,-2.59468750e-02,4.07828125e-02,1.67781250e-02
-5.01250000e-10,-2.58406250e-02,4.07890625e-02,1.69437500e-02
-4.61250000e-10,-2.57343750e-02,4.07906250e-02,1.71125000e-02
-4.21250000e-10,-2.56281250e-02,4.07906250e-02,1.72843750e-02
-3.81250000e-10,-2.55187500e-02,4.07875000e-02,1.74593750e-02
-3.41250000e-10,-2.54125000e-02,4.07843750e-02,1.76406250e-02
-3.01250000e-10,-2.53031250e-02,4.07812500e-02,1.78250000e-02
-2.61250000e-10,-2.51906250e-02,4.07812500e-02,1.80093750e-02
-2.21250000e-10,-2.50812500e-02,4.07828125e-02,1.81968750e-02
-1.81250000e-10,-2.49687500e-02,4.07890625e-02,1.83843750e-02
-1.41250000e-10,-2.48562500e-02,4.08015625e-02,1.85687500e-02
-1.01250000e-10,-2.47437500e-02,4.08203125e-02,1.87500000e-02
-6.12500000e-11,-2.46281250e-02,4.08453125e-02,1.89281250e-02
-2.12500000e-11,-2.45156250e-02,4.08765625e-02,1.91000000e-02
1.87500000e-11,-2.44031250e-02,4.09156250e-02,1.92656250e-02
5.87500000e-11,-2.42937500e-02,4.09609375e-02,1.94250000e-02
9.87500000e-11,-2.41812500e-02,4.10125000e-02,1.95718750e-02
1.38750000e-10,-2.40750000e-02,4.10703125e-02,1.97125000e-02
1.78750000e-10,-2.39656250e-02,4.11312500e-02,1.98437500e-02
2.18750000e-10,-2.38625000e-02,4.11968750e-02,1.99687500e-02
2.58750000e-10,-2.37562500e-02,4.12640625e-02,2.00843750e-02
2.98750000e-10,-2.36562500e-02,4.13312500e-02,2.01906250e-02
3.38750000e-10,-2.35562500e-02,4.13968750e-02,2.02937500e-02
3.78750000e-10,-2.34593750e-02,4.14625000e-02,2.03906250e-02
4.18750000e-10,-2.33656250e-02,4.15234375e-02,2.04843750e-02
4.58750000e-10,-2.32718750e-02,4.15796875e-02,2.05750000e-02
4.98750000e-10,-2.31781250e-02,4.16312500e-02,2.06656250e-02
5.38750000e-10,-2.30875000e-02,4.16765625e-02,2.07562500e-02
5.78750000e-10,-2.30000000e-02,4.17140625e-02,2.08500000e-02
6.18750000e-10,-2.29125000e-02,4.17453125e-02,2.09468750e-02
6.58750000e-10,-2.28250000e-02,4.17703125e-02,2.10437500e-02
6.98750000e-10,-2.27375000e-02,4.17890625e-02,2.11468750e-02
7.38750000e-10,-2.26500000e-02,4.18015625e-02,2.12562500e-02
7.78750000e-10,-2.25593750e-02,4.18093750e-02,2.13656250e-02
8.18750000e-10,-2.24718750e-02,4.18125000e-02,2.14812500e-02
8.58750000e-10,-2.23812500e-02,4.18140625e-02,2.15968750e-02
8.98750000e-10,-2.22906250e-02,4.18125000e-02,2.17156250e-02
9.38750000e-10,-2.21968750e-02,4.18125000e-02,2.18343750e-02
9.78750000e-10,-2.21031250e-02,4.18125000e-02,2.19500000e-02
1.01875000e-09,-2.20062500e-02,4.18140625e-02,2.20687500e-02
1.05875000e-09,-2.19031250e-02,4.18187500e-02,2.21843750e-02
1.09875000e-09,-2.18000000e-02,4.18281250e-02,2.22937500e-02
1.13875000e-09,-2.16906250e-02,4.18406250e-02,2.24031250e-02
1.17875000e-09,-2.15812500e-02,4.18593750e-02,2.25062500e-02
1.21875000e-09,-2.14625000e-02,4.18828125e-02,2.26062500e-02
1.25875000e-09,-2.13437500e-02,4.19109375e-02,2.27031250e-02
1.29875000e-09,-2.12187500e-02,4.19437500e-02,2.27937500e-02
1.33875000e-09,-2.10875000e-02,4.19812500e-02,2.28812500e-02
1.37875000e-09,-2.09531250e-02,4.20218750e-02,2.29687500e-02
1.41875000e-09,-2.08156250e-02,4.20640625e-02,2.30531250e-02
1.45875000e-09,-2.06750000e-02,4.21093750e-02,2.31343750e-02
1.49875000e-09,-2.05312500e-02,4.21562500e-02,2.32187500e-02
1.53875000e-09,-2.03875000e-02,4.22015625e-02,2.33031250e-02
1.57875000e-09,-2.02406250e-02,4.22484375e-02,2.33875000e-02
1.61875000e-09,-2.00937500e-02,4.22921875e-02,2.34750000e-02
1.65875000e-09,-1.99500000e-02,4.23343750e-02,2.35656250e-02
1.69875000e-09,-1.98062500e-02,4.23750000e-02,2.36562500e-02
1.73875000e-09,-1.96687500e-02,4.24125000e-02,2.37531250e-02
1.77875000e-09,-1.95375000e-02,4.24468750e-02,2.38500000e-02
1.81875000e-09,-1.94093750e-02,4.24781250e-02,2.39500000e-02
1.85875000e-09,-1.92906250e-02,4.25062500e-02,2.40500000e-02
1.89875000e-09,-1.91781250e-02,4.25328125e-02,2.41500000e-02
1.93875000e-09,-1.90781250e-02,4.25578125e-02,2.42531250e-02
1.97875000e-09,-1.89875000e-02,4.25812500e-02,2.43500000e-02
2.01875000e-09,-1.89031250e-02,4.26031250e-02,2.44468750e-02
2.05875000e-09,-1.88343750e-02,4.26234375e-02,2.45406250e-02
2.09875000e-09,-1.87718750e-02,4.26453125e-02,2.46312500e-02
2.13875000e-09,-1.87187500e-02,4.26656250e-02,2.47156250e-02
2.17875000e-09,-1.86750000e-02,4.26875000e-02,2.48000000e-02
2.21875000e-09,-1.86375000e-02,4.27109375e-02,2.48750000e-02
2.25875000e-09,-1.86093750e-02,4.27359375e-02,2.49500000e-02
2.29875000e-09,-1.85843750e-02,4.27609375e-02,2.50218750e-02
2.33875000e-09,-1.85625000e-02,4.27875000e-02,2.50906250e-02
2.37875000e-09,-1.85468750e-02,4.28171875e-02,2.51562500e-02
2.41875000e-09,-1.85281250e-02,4.28468750e-02,2.52250000e-02
2.45875000e-09,-1.85093750e-02,4.28781250e-02,2.52937500e-02
2.49875000e-09,-1.84906250e-02,4.29093750e-02,2.53625000e-02
2.53875000e-09,-1.84687500e-02,4.29437500e-02,2.54375000e-02
2.57875000e-09,-1.84468750e-02,4.29765625e-02,2.55156250e-02
2.61875000e-09,-1.84187500e-02,4.30125000e-02,2.56000000e-02
2.65875000e-09,-1.83843750e-02,4.30468750e-02,2.56906250e-02
2.69875000e-09,-1.83500000e-02,4.30828125e-02,2.57843750e-02
2.73875000e-09,-1.83093750e-02,4.31187500e-02,2.58875000e-02
2.77875000e-09,-1.82656250e-02,4.31531250e-02,2.59937500e-02
2.81875000e-09,-1.82187500e-02,4.31890625e-02,2.61031250e-02
2.85875000e-09,-1.81718750e-02,4.32234375e-02,2.62187500e-02
2.89875000e-09,-1.81218750e-02,4.32578125e-02,2.63375000e-02
2.93875000e-09,-1.80750000e-02,4.32921875e-02,2.64562500e-02
2.97875000e-09,-1.80250000e-02,4.33234375e-02,2.65750000e-02
3.01875000e-09,-1.79781250e-02,4.33546875e-02,2.66937500e-02
3.05875000e-09,-1.79312500e-02,4.33828125e-02,2.68062500e-02
3.09875000e-09,-1.78875000e-02,4.34078125e-02,2.69125000e-02
3.13875000e-09,-1.78468750e-02,4.34312500e-02,2.70156250e-02
3.17875000e-09,-1.78062500e-02,4.34500000e-02,2.71093750e-02
3.21875000e-09,-1.77718750e-02,4.34656250e-02,2.71937500e-02
3.25875000e-09,-1.77343750e-02,4.34781250e-02,2.72687500e-02
3.29875000e-09,-1.77031250e-02,4.34843750e-02,2.73375000e-02
3.33875000e-09,-1.76718750e-02,4.34875000e-02,2.73906250e-02
3.37875000e-09,-1.76375000e-02,4.34859375e-02,2.74375000e-02
3.41875000e-09,-1.76062500e-02,4.34796875e-02,2.74750000e-02
3.45875000e-09,-1.75718750e-02,4.34687500e-02,2.75062500e-02
3.49875000e-09,-1.75375000e-02,4.34562500e-02,2.75281250e-02
3.53875000e-09,-1.75000000e-02,4.34390625e-02,2.75437500e-02
3.57875000e-09,-1.74593750e-02,4.34203125e-02,2.75562500e-02
3.61875000e-09,-1.74187500e-02,4.34000000e-02,2.75656250e-02
3.65875000e-09,-1.73718750e-02,4.33781250e-02,2.75750000e-02
3.69875000e-09,-1.73250000e-02,4.33578125e-02,2.75843750e-02
3.73875000e-09,-1.72750000e-02,4.33390625e-02,2.75937500e-02
3.77875000e-09,-1.72250000e-02,4.33234375e-02,2.76062500e-02
3.81875000e-09,-1.71750000e-02,4.33093750e-02,2.76250000e-02
3.85875000e-09,-1.71250000e-02,4.33015625e-02,2.76500000e-02
3.89875000e-09,-1.70750000e-02,4.32968750e-02,2.76812500e-02
3.93875000e-09,-1.70281250e-02,4.32968750e-02,2.77187500e-02
3.97875000e-09,-1.69812500e-02,4.33015625e-02,2.77625000e-02
4.01875000e-09,-1.69406250e-02,4.33125000e-02,2.78125000e-02
4.05875000e-09,-1.69000000e-02,4.33281250e-02,2.78718750e-02
4.09875000e-09,-1.68656250e-02,4.33468750e-02,2.79375000e-02
4.13875000e-09,-1.68343750e-02,4.33703125e-02,2.80093750e-02
4.17875000e-09,-1.68062500e-02,4.33953125e-02,2.80843750e-02
4.21875000e-09,-1.67812500e-02,4.34234375e-02,2.81625000e-02
4.25875000e-09,-1.67562500e-02,4.34515625e-02,2.82468750e-02
4.29875000e-09,-1.67343750e-02,4.34812500e-02,2.83312500e-02
4.33875000e-09,-1.67125000e-02,4.35093750e-02,2.84125000e-02
4.37875000e-09,-1.66906250e-02,4.35359375e-02,2.84968750e-02
4.41875000e-09,-1.66625000e-02,4.35625000e-02,2.85781250e-02
4.45875000e-09,-1.66343750e-02,4.35843750e-02,2.86562500e-02
4.49875000e-09,-1.66031250e-02,4.36046875e-02,2.87312500e-02
4.53875000e-09,-1.65656250e-02,4.36234375e-02,2.88000000e-02
4.57875000e-09,-1.65218750e-02,4.36390625e-02,2.88625000e-02
4.61875000e-09,-1.64781250e-02,4.36531250e-02,2.89187500e-02
4.65875000e-09,-1.64250000e-02,4.36656250e-02,2.89718750e-02
4.69875000e-09,-1.63718750e-02,4.36781250e-02,2.90156250e-02
4.73875000e-09,-1.63125000e-02,4.36890625e-02,2.90562500e-02
4.77875000e-09,-1.62531250e-02,4.37000000e-02,2.90906250e-02
4.81875000e-09,-1.61906250e-02,4.37125000e-02,2.91187500e-02
4.85875000e-09,-1.61312500e-02,4.37250000e-02,2.91468750e-02
4.89875000e-09,-1.60718750e-02,4.37406250e-02,2.91718750e-02
4.93875000e-09,-1.60187500e-02,4.37578125e-02,2.91937500e-02
4.97875000e-09,-1.59687500e-02,4.37750000e-02,2.92187500e-02
5.01875000e-09,-1.59281250e-02,4.37937500e-02,2.92437500e-02
5.05875000e-09,-1.58937500e-02,4.38140625e-02,2.92718750e-02
5.09875000e-09,-1.58656250e-02,4.38343750e-02,2.93031250e-02
5.13875000e-09,-1.58468750e-02,4.38546875e-02,2.93406250e-02
5.17875000e-09,-1.58343750e-02,4.38718750e-02,2.93812500e-02
5.21875000e-09,-1.58281250e-02,4.38875000e-02,2.94281250e-02
5.25875000e-09,-1.58312500e-02,4.39000000e-02,2.94812500e-02
5.29875000e-09,-1.58375000e-02,4.39093750e-02,2.95375000e-02
5.33875000e-09,-1.58468750e-02,4.39125000e-02,2.96000000e-02
5.37875000e-09,-1.58562500e-02,4.39109375e-02,2.96687500e-02
5.41875000e-09,-1.58656250e-02,4.39031250e-02,2.97406250e-02
5.45875000e-09,-1.58718750e-02,4.38906250e-02,2.98125000e-02
5.49875000e-09,-1.58750000e-02,4.38718750e-02,2.98875000e-02
5.53875000e-09,-1.58656250e-02,4.38484375e-02,2.99625000e-02
5.57875000e-09,-1.58500000e-02,4.38218750e-02,3.00343750e-02
5.61875000e-09,-1.58250000e-02,4.37890625e-02,3.01031250e-02
5.65875000e-09,-1.57875000e-02,4.37562500e-02,3.01656250e-02
5.69875000e-09,-1.57375000e-02,4.37203125e-02,3.02218750e-02
5.73875000e-09,-1.56750000e-02,4.36859375e-02,3.02718750e-02
5.77875000e-09,-1.56031250e-02,4.36515625e-02,3.03156250e-02
5.81875000e-09,-1.55187500e-02,4.36203125e-02,3.03468750e-02
5.85875000e-09,-1.54250000e-02,4.35906250e-02,3.03750000e-02
5.89875000e-09,-1.53250000e-02,4.35656250e-02,3.03906250e-02
5.93875000e-09,-1.52187500e-02,4.35453125e-02,3.04031250e-02
5.97875000e-09,-1.51062500e-02,4.35296875e-02,3.04062500e-02
6.01875000e-09,-1.49968750e-02,4.35187500e-02,3.04031250e-02
6.05875000e-09,-1.48843750e-02,4.35109375e-02,3.03968750e-02
6.09875000e-09,-1.47781250e-02,4.35078125e-02,3.03906250e-02
6.13875000e-09,-1.46750000e-02,4.35078125e-02,3.03812500e-02
6.17875000e-09,-1.45781250e-02,4.35109375e-02,3.03718750e-02
6.21875000e-09,-1.44906250e-02,4.35125000e-02,3.03625000e-02
6.25875000e-09,-1.44093750e-02,4.35156250e-02,3.03593750e-02
6.29875000e-09,-1.43375000e-02,4.35156250e-02,3.03593750e-02
6.33875000e-09,-1.42718750e-02,4.35140625e-02,3.03656250e-02
6.37875000e-09,-1.42156250e-02,4.35078125e-02,3.03750000e-02
6.41875000e-09,-1.41656250e-02,4.34968750e-02,3.03906250e-02
6.45875000e-09,-1.41218750e-02,4.34796875e-02,3.04125000e-02
6.49875000e-09,-1.40812500e-02,4.34578125e-02,3.04406250e-02
6.53875000e-09,-1.40406250e-02,4.34296875e-02,3.04718750e-02
6.57875000e-09,-1.40000000e-02,4.33953125e-02,3.05062500e-02
6.61875000e-09,-1.39593750e-02,4.33546875e-02,3.05468750e-02
6.65875000e-09,-1.39125000e-02,4.33093750e-02,3.05875000e-02
6.69875000e-09,-1.38625000e-02,4.32593750e-02,3.06281250e-02
6.73875000e-09,-1.38031250e-02,4.32062500e-02,3.06687500e-02
6.77875000e-09,-1.37375000e-02,4.31515625e-02,3.07062500e-02
6.81875000e-09,-1.36625000e-02,4.30968750e-02,3.07406250e-02
6.85875000e-09,-1.35781250e-02,4.30406250e-02,3.07750000e-02
6.89875000e-09,-1.34875000e-02,4.29875000e-02,3.08031250e-02
6.93875000e-09,-1.33906250e-02,4.29359375e-02,3.08312500e-02
6.97875000e-09,-1.32875000e-02,4.28890625e-02,3.08531250e-02
7.01875000e-09,-1.31781250e-02,4.28468750e-02,3.08718750e-02
7.05875000e-09,-1.30656250e-02,4.28093750e-02,3.08875000e-02
7.09875000e-09,-1.29531250e-02,4.27781250e-02,3.09000000e-02
7.13875000e-09,-1.28437500e-02,4.27515625e-02,3.09125000e-02
7.17875000e-09,-1.27375000e-02,4.27328125e-02,3.09250000e-02
7.21875000e-09,-1.26343750e-02,4.27203125e-02,3.09343750e-02
7.25875000e-09,-1.25406250e-02,4.27125000e-02,3.09500000e-02
7.29875000e-09,-1.24531250e-02,4.27109375e-02,3.09625000e-02
7.33875000e-09,-1.23781250e-02,4.27140625e-02,3.09812500e-02
7.37875000e-09,-1.23125000e-02,4.27218750e-02,3.10000000e-02
7.41875000e-09,-1.22562500e-02,4.27343750e-02,3.10250000e-02
7.45875000e-09,-1.22125000e-02,4.27484375e-02,3.10500000e-02
7.49875000e-09,-1.21812500e-02,4.27671875e-02,3.10781250e-02
7.53875000e-09,-1.21562500e-02,4.27875000e-02,3.11093750e-02
7.57875000e-09,-1.21437500e-02,4.28093750e-02,3.11406250e-02
7.61875000e-09,-1.21343750e-02,4.28328125e-02,3.11718750e-02
7.65875000e-09,-1.21343750e-02,4.28562500e-02,3.12031250e-02
7.69875000e-09,-1.21375000e-02,4.28812500e-02,3.12312500e-02
7.73875000e-09,-1.21406250e-02,4.29046875e-02,3.12593750e-02
7.77875000e-09,-1.21468750e-02,4.29296875e-02,3.12875000e-02
7.81875000e-09,-1.21531250e-02,4.29531250e-02,3.13062500e-02
7.85875000e-09,-1.21531250e-02,4.29765625e-02,3.13250000e-02
7.89875000e-09,-1.21531250e-02,4.29968750e-02,3.13375000e-02
7.93875000e-09,-1.21468750e-02,4.30187500e-02,3.13468750e-02
7.97875000e-09,-1.21343750e-02,4.30375000e-02,3.13531250e-02
8.01875000e-09,-1.21156250e-02,4.30546875e-02,3.13562500e-02
8.05875000e-09,-1.20937500e-02,4.30703125e-02,3.13562500e-02
8.09875000e-09,-1.20625000e-02,4.30843750e-02,3.13531250e-02
8.13875000e-09,-1.20281250e-02,4.30953125e-02,3.13500000e-02
8.17875000e-09,-1.19906250e-02,4.31046875e-02,3.13468750e-02
8.21875000e-09,-1.19468750e-02,4.31109375e-02,3.13437500e-02
8.25875000e-09,-1.19000000e-02,4.31140625e-02,3.13406250e-02
8.29875000e-09,-1.18531250e-02,4.31140625e-02,3.13437500e-02
8.33875000e-09,-1.18062500e-02,4.31125000e-02,3.13468750e-02
8.37875000e-09,-1.17593750e-02,4.31062500e-02,3.13531250e-02
8.41875000e-09,-1.17156250e-02,4.30984375e-02,3.13625000e-02
8.45875000e-09,-1.16750000e-02,4.30890625e-02,3.13750000e-02
8.49875000e-09,-1.16375000e-02,4.30750000e-02,3.13875000e-02
8.53875000e-09,-1.16031250e-02,4.30593750e-02,3.14031250e-02
8.57875000e-09,-1.15750000e-02,4.30406250e-02,3.14218750e-02
8.61875000e-09,-1.15531250e-02,4.30203125e-02,3.14375000e-02
8.65875000e-09,-1.15343750e-02,4.29968750e-02,3.14531250e-02
8.69875000e-09,-1.15218750e-02,4.29718750e-02,3.14687500e-02
8.73875000e-09,-1.15125000e-02,4.29453125e-02,3.14812500e-02
8.77875000e-09,-1.15062500e-02,4.29171875e-02,3.14937500e-02
8.81875000e-09,-1.15062500e-02,4.28875000e-02,3.15000000e-02
8.85875000e-09,-1.15062500e-02,4.28562500e-02,3.15062500e-02
8.89875000e-09,-1.15093750e-02,4.28234375e-02,3.15093750e-02
8.93875000e-09,-1.15125000e-02,4.27906250e-02,3.15125000e-02
8.97875000e-09,-1.15156250e-02,4.27562500e-02,3.15125000e-02
9.01875000e-09,-1.15187500e-02,4.27203125e-02,3.15125000e-02
9.05875000e-09,-1.15187500e-02,4.26843750e-02,3.15156250e-02
9.09875000e-09,-1.15125000e-02,4.26468750e-02,3.15218750e-02
9.13875000e-09,-1.15062500e-02,4.26093750e-02,3.15312500e-02
9.17875000e-09,-1.14937500e-02,4.25718750e-02,3.15468750e-02
9.21875000e-09,-1.14781250e-02,4.25328125e-02,3.15687500e-02
9.25875000e-09,-1.14562500e-02,4.24937500e-02,3.16000000e-02
9.29875000e-09,-1.14312500e-02,4.24546875e-02,3.16375000e-02
9.33875000e-09,-1.13968750e-02,4.24140625e-02,3.16843750e-02
9.37875000e-09,-1.13593750e-02,4.23750000e-02,3.17406250e-02
9.41875000e-09,-1.13187500e-02,4.23343750e-02,3.18031250e-02
9.45875000e-09,-1.12718750e-02,4.22937500e-02,3.18718750e-02
9.49875000e-09,-1.12250000e-02,4.22531250e-02,3.19468750e-02
9.53875000e-09,-1.11750000e-02,4.22109375e-02,3.20218750e-02
9.57875000e-09,-1.11218750e-02,4.21687500e-02,3.21000000e-02
9.61875000e-09,-1.10718750e-02,4.21250000e-02,3.21750000e-02
9.65875000e-09,-1.10250000e-02,4.20812500e-02,3.22468750e-02
9.69875000e-09,-1.09781250e-02,4.20359375e-02,3.23125000e-02
9.73875000e-09,-1.09375000e-02,4.19890625e-02,3.23687500e-02
9.77875000e-09,-1.09031250e-02,4.19406250e-02,3.24125000e-02
9.81875000e-09,-1.08750000e-02,4.18921875e-02,3.24468750e-02
9.85875000e-09,-1.08531250e-02,4.18421875e-02,3.24656250e-02
9.89875000e-09,-1.08406250e-02,4.17921875e-02,3.24718750e-02
9.93875000e-09,-1.08375000e-02,4.17406250e-02,3.24656250e-02
9.97875000e-09,-1.08437500e-02,4.16890625e-02,3.24468750e-02
1.00187500e-08,-1.08562500e-02,4.16390625e-02,3.24187500e-02
1.00587500e-08,-1.08781250e-02,4.15890625e-02,3.23812500e-02
1.00987500e-08,-1.09062500e-02,4.15421875e-02,3.23375000e-02
1.01387500e-08,-1.09375000e-02,4.14984375e-02,3.22875000e-02
1.01787500e-08,-1.09781250e-02,4.14593750e-02,3.22406250e-02
1.02187500e-08,-1.10156250e-02,4.14234375e-02,3.21968750e-02
1.02587500e-08,-1.10562500e-02,4.13937500e-02,3.21593750e-02
1.02987500e-08,-1.10968750e-02,4.13703125e-02,3.21281250e-02
1.03387500e-08,-1.11312500e-02,4.13546875e-02,3.21093750e-02
1.03787500e-08,-1.11625000e-02,4.13453125e-02,3.21031250e-02
1.04187500e-08,-1.11875000e-02,4.13421875e-02,3.21093750e-02
1.04587500e-08,-1.12031250e-02,4.13468750e-02,3.21312500e-02
1.04987500e-08,-1.12062500e-02,4.13593750e-02,3.21656250e-02
1.05387500e-08,-1.12031250e-02,4.13781250e-02,3.22156250e-02
1.05787500e-08,-1.11875000e-02,4.14031250e-02,3.22750000e-02
1.06187500e-08,-1.11625000e-02,4.14312500e-02,3.23437500e-02
1.06587500e-08,-1.11281250e-02,4.14640625e-02,3.24187500e-02
1.06987500e-08,-1.10843750e-02,4.14984375e-02,3.24968750e-02
1.07387500e-08,-1.10312500e-02,4.15343750e-02,3.25750000e-02
1.07787500e-08,-1.09718750e-02,4.15703125e-02,3.26500000e-02
1.08187500e-08,-1.09093750e-02,4.16031250e-02,3.27218750e-02
1.08587500e-08,-1.08437500e-02,4.16359375e-02,3.27812500e-02
1.08987500e-08,-1.07781250e-02,4.16640625e-02,3.28312500e-02
1.09387500e-08,-1.07125000e-02,4.16875000e-02,3.28656250e-02
1.09787500e-08,-1.06500000e-02,4.17078125e-02,3.28875000e-02
1.10187500e-08,-1.05937500e-02,4.17234375e-02,3.28937500e-02
1.10587500e-08,-1.05406250e-02,4.17328125e-02,3.28843750e-02
1.10987500e-08,-1.04937500e-02,4.17406250e-02,3.28625000e-02
1.11387500e-08,-1.04531250e-02,4.17437500e-02,3.28250000e-02
1.11787500e-08,-1.04187500e-02,4.17453125e-02,3.27781250e-02
1.12187500e-08,-1.03906250e-02,4.17453125e-02,3.27250000e-02
1.12587500e-08,-1.03687500e-02,4.17453125e-02,3.26625000e-02
1.12987500e-08,-1.03468750e-02,4.17468750e-02,3.26000000e-02
1.13387500e-08,-1.03312500e-02,4.17500000e-02,3.25406250e-02
1.13787500e-08,-1.03156250e-02,4.17562500e-02,3.24812500e-02
1.14187500e-08,-1.03000000e-02,4.17656250e-02,3.24281250e-02
1.14587500e-08,-1.02843750e-02,4.17812500e-02,3.23843750e-02
1.14987500e-08,-1.02656250e-02,4.18000000e-02,3.23500000e-02
1.15387500e-08,-1.02406250e-02,4.18250000e-02,3.23250000e-02
1.15787500e-08,-1.02125000e-02,4.18546875e-02,3.23125000e-02
1.16187500e-08,-1.01812500e-02,4.18875000e-02,3.23093750e-02
1.16587500e-08,-1.01437500e-02,4.19234375e-02,3.23187500e-02
1.16987500e-08,-1.01000000e-02,4.19625000e-02,3.23343750e-02
1.17387500e-08,-1.00562500e-02,4.20031250e-02,3.23593750e-02
1.17787500e-08,-1.00062500e-02,4.20437500e-02,3.23906250e-02
1.18187500e-08,-9.95937500e-03,4.20828125e-02,3.24250000e-02
1.18587500e-08,-9.90937500e-03,4.21203125e-02,3.24593750e-02
1.18987500e-08,-9.86250000e-03,4.21531250e-02,3.24906250e-02
1.19387500e-08,-9.81875000e-03,4.21828125e-02,3.25187500e-02
1.19787500e-08,-9.78125000e-03,4.22093750e-02,3.25437500e-02
1.20187500e-08,-9.74687500e-03,4.22281250e-02,3.25593750e-02
1.20587500e-08,-9.72187500e-03,4.22437500e-02,3.25687500e-02
1.20987500e-08,-9.70312500e-03,4.22531250e-02,3.25687500e-02
1.21387500e-08,-9.68750000e-03,4.22578125e-02,3.25625000e-02
1.21787500e-08,-9.68125000e-03,4.22593750e-02,3.25500000e-02
1.22187500e-08,-9.67812500e-03,4.22562500e-02,3.25281250e-02
1.22587500e-08,-9.68125000e-03,4.22515625e-02,3.25031250e-02
1.22987500e-08,-9.68437500e-03,4.22453125e-02,3.24718750e-02
1.23387500e-08,-9.68750000e-03,4.22375000e-02,3.24437500e-02
1.23787500e-08,-9.69062500e-03,4.22312500e-02,3.24125000e-02
1.24187500e-08,-9.68750000e-03,4.22265625e-02,3.23875000e-02
1.24587500e-08,-9.67812500e-03,4.22234375e-02,3.23656250e-02
1.24987500e-08,-9.66250000e-03,4.22234375e-02,3.23500000e-02
1.25387500e-08,-9.64062500e-03,4.22265625e-02,3.23437500e-02
1.25787500e-08,-9.60625000e-03,4.22343750e-02,3.23437500e-02
1.26187500e-08,-9.56250000e-03,4.22468750e-02,3.23562500e-02
1.26587500e-08,-9.50937500e-03,4.22625000e-02,3.23750000e-02
1.26987500e-08,-9.44687500e-03,4.22843750e-02,3.24062500e-02
1.27387500e-08,-9.37812500e-03,4.23125000e-02,3.24406250e-02
1.27787500e-08,-9.30312500e-03,4.23468750e-02,3.24875000e-02
1.28187500e-08,-9.22500000e-03,4.23859375e-02,3.25375000e-02
1.28587500e-08,-9.15000000e-03,4.24328125e-02,3.25906250e-02
1.28987500e-08,-9.07500000e-03,4.24859375e-02,3.26468750e-02
1.29387500e-08,-9.00312500e-03,4.25468750e-02,3.27000000e-02
1.29787500e-08,-8.94375000e-03,4.26156250e-02,3.27562500e-02
1.30187500e-08,-8.89375000e-03,4.26937500e-02,3.28062500e-02
1.30587500e-08,-8.85625000e-03,4.27796875e-02,3.28531250e-02
1.30987500e-08,-8.83437500e-03,4.28750000e-02,3.28937500e-02
1.31387500e-08,-8.82500000e-03,4.29796875e-02,3.29281250e-02
1.31787500e-08,-8.83437500e-03,4.30906250e-02,3.29531250e-02
1.32187500e-08,-8.85937500e-03,4.32109375e-02,3.29718750e-02
1.32587500e-08,-8.89687500e-03,4.33343750e-02,3.29812500e-02
1.32987500e-08,-8.94687500e-03,4.34640625e-02,3.29875000e-02
1.33387500e-08,-9.00937500e-03,4.35921875e-02,3.29843750e-02
1.33787500e-08,-9.07812500e-03,4.37203125e-02,3.29750000e-02
1.34187500e-08,-9.15000000e-03,4.38406250e-02,3.29656250e-02
1.34587500e-08,-9.22500000e-03,4.39531250e-02,3.29500000e-02
1.34987500e-08,-9.29687500e-03,4.40500000e-02,3.29312500e-02
1.35387500e-08,-9.36250000e-03,4.41296875e-02,3.29156250e-02
1.35787500e-08,-9.41875000e-03,4.41859375e-02,3.28968750e-02
1.36187500e-08,-9.46562500e-03,4.42171875e-02,3.28812500e-02
1.36587500e-08,-9.49687500e-03,4.42156250e-02,3.28656250e-02
1.36987500e-08,-9.51562500e-03,4.41828125e-02,3.28562500e-02
1.37387500e-08,-9.51562500e-03,4.41125000e-02,3.28468750e-02
1.37787500e-08,-9.50312500e-03,4.40062500e-02,3.28406250e-02
1.38187500e-08,-9.47187500e-03,4.38625000e-02,3.28375000e-02
1.38587500e-08,-9.42500000e-03,4.36843750e-02,3.28406250e-02
1.38987500e-08,-9.36562500e-03,4.34703125e-02,3.28437500e-02
1.39387500e-08,-9.29687500e-03,4.32250000e-02,3.28468750e-02
1.39787500e-08,-9.21875000e-03,4.29546875e-02,3.28531250e-02
1.40187500e-08,-9.13125000e-03,4.26640625e-02,3.28625000e-02
1.40587500e-08,-9.04375000e-03,4.23578125e-02,3.28687500e-02
1.40987500e-08,-8.95312500e-03,4.20453125e-02,3.28781250e-02
1.41387500e-08,-8.86562500e-03,4.17328125e-02,3.28843750e-02
1.41787500e-08,-8.78125000e-03,4.14250000e-02,3.28906250e-02
1.42187500e-08,-8.70312500e-03,4.11328125e-02,3.28968750e-02
1.42587500e-08,-8.63125000e-03,4.08609375e-02,3.29000000e-02
1.42987500e-08,-8.56875000e-03,4.06156250e-02,3.29031250e-02
1.43387500e-08,-8.51562500e-03,4.04015625e-02,3.29031250e-02
1.43787500e-08,-8.46875000e-03,4.02218750e-02,3.29031250e-02
1.44187500e-08,-8.43437500e-03,4.00796875e-02,3.29000000e-02
1.44587500e-08,-8.40312500e-03,3.99765625e-02,3.29000000e-02
1.44987500e-08,-8.38125000e-03,3.99093750e-02,3.28937500e-02
1.45387500e-08,-8.36250000e-03,3.98812500e-02,3.28906250e-02
1.45787500e-08,-8.35000000e-03,3.98859375e-02,3.28843750e-02
1.46187500e-08,-8.33750000e-03,3.99203125e-02,3.28812500e-02
1.46587500e-08,-8.32812500e-03,3.99796875e-02,3.28750000e-02
1.46987500e-08,-8.31875000e-03,4.00609375e-02,3.28687500e-02
1.47387500e-08,-8.30625000e-03,4.01578125e-02,3.28656250e-02
1.47787500e-08,-8.29375000e-03,4.02656250e-02,3.28593750e-02
1.48187500e-08,-8.27500000e-03,4.03796875e-02,3.28562500e-02
1.48587500e-08,-8.25625000e-03,4.04937500e-02,3.28531250e-02
1.48987500e-08,-8.23750000e-03,4.06078125e-02,3.28500000e-02
1.49387500e-08,-8.21562500e-03,4.07171875e-02,3.28468750e-02
1.49787500e-08,-8.19062500e-03,4.08218750e-02,3.28468750e-02
1.50187500e-08,-8.16562500e-03,4.09203125e-02,3.28468750e-02
1.50587500e-08,-8.14062500e-03,4.10140625e-02,3.28468750e-02
1.50987500e-08,-8.11875000e-03,4.11046875e-02,3.28468750e-02
1.51387500e-08,-8.09687500e-03,4.11921875e-02,3.28500000e-02
1.51787500e-08,-8.08125000e-03,4.12828125e-02,3.28500000e-02
1.52187500e-08,-8.06875000e-03,4.13750000e-02,3.28562500e-02
1.52587500e-08,-8.05937500e-03,4.14750000e-02,3.28593750e-02
1.52987500e-08,-8.05312500e-03,4.15843750e-02,3.28625000e-02
1.53387500e-08,-8.05312500e-03,4.17046875e-02,3.28687500e-02
1.53787500e-08,-8.05937500e-03,4.18375000e-02,3.28718750e-02
1.54187500e-08,-8.06562500e-03,4.19843750e-02,3.28781250e-02
1.54587500e-08,-8.07812500e-03,4.21421875e-02,3.28843750e-02
1.54987500e-08,-8.09062500e-03,4.23109375e-02,3.28875000e-02
1.55387500e-08,-8.10312500e-03,4.24875000e-02,3.28906250e-02
1.55787500e-08,-8.11562500e-03,4.26671875e-02,3.28937500e-02
1.56187500e-08,-8.12500000e-03,4.28468750e-02,3.28968750e-02
1.56587500e-08,-8.13125000e-03,4.30203125e-02,3.28968750e-02
1.56987500e-08,-8.13125000e-03,4.31812500e-02,3.28937500e-02
1.57387500e-08,-8.12812500e-03,4.33250000e-02,3.28906250e-02
1.57787500e-08,-8.11562500e-03,4.34453125e-02,3.28843750e-02
1.58187500e-08,-8.09687500e-03,4.35375000e-02,3.28781250e-02
1.58587500e-08,-8.06875000e-03,4.35953125e-02,3.28687500e-02
1.58987500e-08,-8.03437500e-03,4.36187500e-02,3.28593750e-02
1.59387500e-08,-7.99375000e-03,4.36015625e-02,3.28468750e-02
1.59787500e-08,-7.94375000e-03,4.35453125e-02,3.28343750e-02
1.60187500e-08,-7.88750000e-03,4.34484375e-02,3.28218750e-02
1.60587500e-08,-7.82500000e-03,4.33156250e-02,3.28062500e-02
1.60987500e-08,-7.75625000e-03,4.31468750e-02,3.27906250e-02
1.61387500e-08,-7.68750000e-03,4.29484375e-02,3.27781250e-02
1.61787500e-08,-7.61562500e-03,4.27234375e-02,3.27625000e-02
1.62187500e-08,-7.54375000e-03,4.24812500e-02,3.27500000e-02
1.62587500e-08,-7.47187500e-03,4.22265625e-02,3.27375000e-02
1.62987500e-08,-7.40000000e-03,4.19656250e-02,3.27218750e-02
1.63387500e-08,-7.33437500e-03,4.17062500e-02,3.27093750e-02
1.63787500e-08,-7.26875000e-03,4.14546875e-02,3.26968750e-02
1.64187500e-08,-7.21250000e-03,4.12171875e-02,3.26843750e-02
1.64587500e-08,-7.15625000e-03,4.09968750e-02,3.26718750e-02
1.64987500e-08,-7.10937500e-03,4.08000000e-02,3.26562500e-02
1.65387500e-08,-7.06562500e-03,4.06281250e-02,3.26406250e-02
1.65787500e-08,-7.03125000e-03,4.04843750e-02,3.26250000e-02
1.66187500e-08,-6.99687500e-03,4.03671875e-02,3.26093750e-02
1.66587500e-08,-6.97187500e-03,4.02781250e-02,3.25906250e-02
1.66987500e-08,-6.95000000e-03,4.02156250e-02,3.25718750e-02
1.67387500e-08,-6.92812500e-03,4.01781250e-02,3.25531250e-02
1.67787500e-08,-6.91250000e-03,4.01609375e-02,3.25343750e-02
1.68187500e-08,-6.90000000e-03,4.01640625e-02,3.25156250e-02
1.68587500e-08,-6.88750000e-03,4.01812500e-02,3.24968750e-02
1.68987500e-08,-6.87812500e-03,4.02125000e-02,3.24812500e-02
1.69387500e-08,-6.86875000e-03,4.02531250e-02,3.24687500e-02
1.69787500e-08,-6.85937500e-03,4.03000000e-02,3.24593750e-02
1.70187500e-08,-6.85000000e-03,4.03531250e-02,3.24531250e-02
1.70587500e-08,-6.84375000e-03,4.04093750e-02,3.24531250e-02
1.70987500e-08,-6.83437500e-03,4.04687500e-02,3.24593750e-02
1.71387500e-08,-6.82500000e-03,4.05312500e-02,3.24687500e-02
1.71787500e-08,-6.81562500e-03,4.05937500e-02,3.24875000e-02
1.72187500e-08,-6.80312500e-03,4.06609375e-02,3.25093750e-02
1.72587500e-08,-6.79375000e-03,4.07296875e-02,3.25375000e-02
1.72987500e-08,-6.78437500e-03,4.08031250e-02,3.25687500e-02
1.73387500e-08,-6.77500000e-03,4.08796875e-02,3.26062500e-02
1.73787500e-08,-6.76562500e-03,4.09609375e-02,3.26468750e-02
1.74187500e-08,-6.75625000e-03,4.10468750e-02,3.26875000e-02
1.74587500e-08,-6.74687500e-03,4.11359375e-02,3.27312500e-02
1.74987500e-08,-6.73750000e-03,4.12281250e-02,3.27718750e-02
1.75387500e-08,-6.72812500e-03,4.13234375e-02,3.28093750e-02
1.75787500e-08,-6.71562500e-03,4.14171875e-02,3.28437500e-02
1.76187500e-08,-6.70625000e-03,4.15109375e-02,3.28750000e-02
1.76587500e-08,-6.69375000e-03,4.16000000e-02,3.28968750e-02
1.76987500e-08,-6.68125000e-03,4.16828125e-02,3.29156250e-02
1.77387500e-08,-6.66562500e-03,4.17562500e-02,3.29250000e-02
1.77787500e-08,-6.65000000e-03,4.18171875e-02,3.29281250e-02
1.78187500e-08,-6.63437500e-03,4.18671875e-02,3.29250000e-02
1.78587500e-08,-6.61562500e-03,4.19000000e-02,3.29156250e-02
1.78987500e-08,-6.59687500e-03,4.19187500e-02,3.29000000e-02
1.79387500e-08,-6.57500000e-03,4.19203125e-02,3.28812500e-02
1.79787500e-08,-6.55625000e-03,4.19062500e-02,3.28593750e-02
1.80187500e-08,-6.53750000e-03,4.18765625e-02,3.28375000e-02
1.80587500e-08,-6.51875000e-03,4.18328125e-02,3.28156250e-02
1.80987500e-08,-6.50000000e-03,4.17765625e-02,3.27937500e-02
1.81387500e-08,-6.48437500e-03,4.17109375e-02,3.27781250e-02
1.81787500e-08,-6.46875000e-03,4.16390625e-02,3.27687500e-02
1.82187500e-08,-6.45937500e-03,4.15625000e-02,3.27625000e-02
1.82587500e-08,-6.45000000e-03,4.14843750e-02,3.27656250e-02
1.82987500e-08,-6.44375000e-03,4.14062500e-02,3.27718750e-02
1.83387500e-08,-6.43750000e-03,4.13328125e-02,3.27906250e-02
1.83787500e-08,-6.43750000e-03,4.12640625e-02,3.28125000e-02
1.84187500e-08,-6.43437500e-03,4.12015625e-02,3.28406250e-02
1.84587500e-08,-6.43437500e-03,4.11468750e-02,3.28750000e-02
1.84987500e-08,-6.43125000e-03,4.10984375e-02,3.29156250e-02
1.85387500e-08,-6.42812500e-03,4.10578125e-02,3.29531250e-02
1.85787500e-08,-6.41875000e-03,4.10218750e-02,3.29937500e-02
1.86187500e-08,-6.40625000e-03,4.09921875e-02,3.30343750e-02
1.86587500e-08,-6.39062500e-03,4.09640625e-02,3.30687500e-02
1.86987500e-08,-6.36562500e-03,4.09359375e-02,3.30968750e-02
1.87387500e-08,-6.33125000e-03,4.09078125e-02,3.31187500e-02
1.87787500e-08,-6.29062500e-03,4.08781250e-02,3.31343750e-02
1.88187500e-08,-6.24062500e-03,4.08421875e-02,3.31406250e-02
1.88587500e-08,-6.18125000e-03,4.08015625e-02,3.31343750e-02
1.88987500e-08,-6.11250000e-03,4.07562500e-02,3.31187500e-02
1.89387500e-08,-6.03750000e-03,4.07046875e-02,3.30937500e-02
1.89787500e-08,-5.95625000e-03,4.06484375e-02,3.30593750e-02
1.90187500e-08,-5.87187500e-03,4.05875000e-02,3.30156250e-02
1.90587500e-08,-5.78125000e-03,4.05250000e-02,3.29656250e-02
1.90987500e-08,-5.68750000e-03,4.04640625e-02,3.29093750e-02
1.91387500e-08,-5.59687500e-03,4.04031250e-02,3.28500000e-02
1.91787500e-08,-5.50625000e-03,4.03484375e-02,3.27875000e-02
1.92187500e-08,-5.42187500e-03,4.03015625e-02,3.27218750e-02
1.92587500e-08,-5.34375000e-03,4.02640625e-02,3.26625000e-02
1.92987500e-08,-5.27187500e-03,4.02390625e-02,3.26031250e-02
1.93387500e-08,-5.21250000e-03,4.02281250e-02,3.25500000e-02
1.93787500e-08,-5.15937500e-03,4.02296875e-02,3.25031250e-02
1.94187500e-08,-5.11875000e-03,4.02484375e-02,3.24625000e-02
1.94587500e-08,-5.08750000e-03,4.02812500e-02,3.24312500e-02
1.94987500e-08,-5.06562500e-03,4.03281250e-02,3.24125000e-02
1.95387500e-08,-5.05312500e-03,4.03875000e-02,3.24000000e-02
1.95787500e-08,-5.04687500e-03,4.04562500e-02,3.23968750e-02
1.96187500e-08,-5.04687500e-03,4.05328125e-02,3.24031250e-02
1.96587500e-08,-5.05312500e-03,4.06156250e-02,3.24187500e-02
1.96987500e-08,-5.05937500e-03,4.06984375e-02,3.24437500e-02
1.97387500e-08,-5.06875000e-03,4.07812500e-02,3.24750000e-02
1.97787500e-08,-5.07500000e-03,4.08593750e-02,3.25093750e-02
1.98187500e-08,-5.07812500e-03,4.09328125e-02,3.25531250e-02
1.98587500e-08,-5.07812500e-03,4.09968750e-02,3.25968750e-02
1.98987500e-08,-5.07187500e-03,4.10531250e-02,3.26437500e-02
1.99387500e-08,-5.05937500e-03,4.10968750e-02,3.26906250e-02
1.99787500e-08,-5.04375000e-03,4.11312500e-02,3.27406250e-02
2.00187500e-08,-5.01875000e-03,4.11546875e-02,3.27843750e-02
2.00587500e-08,-4.99062500e-03,4.11687500e-02,3.28281250e-02
2.00987500e-08,-4.95937500e-03,4.11750000e-02,3.28656250e-02
2.01387500e-08,-4.92187500e-03,4.11750000e-02,3.29000000e-02
2.01787500e-08,-4.88437500e-03,4.11703125e-02,3.29281250e-02
2.02187500e-08,-4.84687500e-03,4.11625000e-02,3.29500000e-02
2.02587500e-08,-4.81250000e-03,4.11531250e-02,3.29656250e-02
2.02987500e-08,-4.78125000e-03,4.11453125e-02,3.29718750e-02
2.03387500e-08,-4.75000000e-03,4.11375000e-02,3.29687500e-02
2.03787500e-08,-4.72812500e-03,4.11328125e-02,3.29593750e-02
2.04187500e-08,-4.70937500e-03,4.11312500e-02,3.29406250e-02
2.04587500e-08,-4.70000000e-03,4.11312500e-02,3.29156250e-02
2.04987500e-08,-4.69375000e-03,4.11328125e-02,3.28812500e-02
2.05387500e-08,-4.69375000e-03,4.11343750e-02,3.28375000e-02
2.05787500e-08,-4.69687500e-03,4.11343750e-02,3.27906250e-02
2.06187500e-08,-4.70312500e-03,4.11312500e-02,3.27343750e-02
2.06587500e-08,-4.71250000e-03,4.11250000e-02,3.26750000e-02
2.06987500e-08,-4.72187500e-03,4.11093750e-02,3.26093750e-02
2.07387500e-08,-4.73125000e-03,4.10875000e-02,3.25437500e-02
2.07787500e-08,-4.73750000e-03,4.10546875e-02,3.24781250e-02
2.08187500e-08,-4.74062500e-03,4.10109375e-02,3.24125000e-02
2.08587500e-08,-4.73750000e-03,4.09562500e-02,3.23468750e-02
2.08987500e-08,-4.73125000e-03,4.08921875e-02,3.22875000e-02
2.09387500e-08,-4.71875000e-03,4.08171875e-02,3.22312500e-02
2.09787500e-08,-4.70000000e-03,4.07343750e-02,3.21843750e-02
2.10187500e-08,-4.67812500e-03,4.06437500e-02,3.21406250e-02
2.10587500e-08,-4.65000000e-03,4.05500000e-02,3.21093750e-02
2.10987500e-08,-4.61875000e-03,4.04562500e-02,3.20875000e-02
2.11387500e-08,-4.58437500e-03,4.03640625e-02,3.20718750e-02
2.11787500e-08,-4.55000000e-03,4.02750000e-02,3.20687500e-02
2.12187500e-08,-4.51562500e-03,4.01953125e-02,3.20750000e-02
2.12587500e-08,-4.48437500e-03,4.01265625e-02,3.20906250e-02
2.12987500e-08,-4.45937500e-03,4.00703125e-02,3.21125000e-02
2.13387500e-08,-4.43437500e-03,4.00281250e-02,3.21437500e-02
2.13787500e-08,-4.41875000e-03,4.00015625e-02,3.21812500e-02
2.14187500e-08,-4.40625000e-03,3.99906250e-02,3.22218750e-02
2.14587500e-08,-4.40000000e-03,3.99968750e-02,3.22625000e-02
2.14987500e-08,-4.40000000e-03,4.00171875e-02,3.23093750e-02
2.15387500e-08,-4.40312500e-03,4.00484375e-02,3.23531250e-02
2.15787500e-08,-4.40937500e-03,4.00921875e-02,3.23937500e-02
2.16187500e-08,-4.41875000e-03,4.01437500e-02,3.24343750e-02
2.16587500e-08,-4.42812500e-03,4.02000000e-02,3.24687500e-02
2.16987500e-08,-4.43750000e-03,4.02578125e-02,3.24968750e-02
2.17387500e-08,-4.44375000e-03,4.03140625e-02,3.25187500e-02
2.17787500e-08,-4.44687500e-03,4.03656250e-02,3.25375000e-02
2.18187500e-08,-4.44687500e-03,4.04093750e-02,3.25468750e-02
2.18587500e-08,-4.44062500e-03,4.04453125e-02,3.25531250e-02
2.18987500e-08,-4.42812500e-03,4.04703125e-02,3.25531250e-02
2.19387500e-08,-4.40937500e-03,4.04843750e-02,3.25500000e-02
2.19787500e-08,-4.38750000e-03,4.04843750e-02,3.25406250e-02
2.20187500e-08,-4.36250000e-03,4.04734375e-02,3.25281250e-02
2.20587500e-08,-4.33437500e-03,4.04531250e-02,3.25156250e-02
2.20987500e-08,-4.30625000e-03,4.04218750e-02,3.25031250e-02
2.21387500e-08,-4.27812500e-03,4.03828125e-02,3.24906250e-02
2.21787500e-08,-4.25312500e-03,4.03390625e-02,3.24781250e-02
2.22187500e-08,-4.23437500e-03,4.02921875e-02,3.24687500e-02
2.22587500e-08,-4.22187500e-03,4.02453125e-02,3.24593750e-02
2.22987500e-08,-4.21562500e-03,4.02000000e-02,3.24562500e-02
2.23387500e-08,-4.22187500e-03,4.01593750e-02,3.24531250e-02
2.23787500e-08,-4.23750000e-03,4.01250000e-02,3.24531250e-02
2.24187500e-08,-4.26250000e-03,4.00968750e-02,3.24531250e-02
2.24587500e-08,-4.29687500e-03,4.00765625e-02,3.24562500e-02
2.24987500e-08,-4.34375000e-03,4.00656250e-02,3.24625000e-02
2.25387500e-08,-4.39375000e-03,4.00640625e-02,3.24656250e-02
2.25787500e-08,-4.45312500e-03,4.00703125e-02,3.24687500e-02
2.26187500e-08,-4.51562500e-03,4.00828125e-02,3.24687500e-02
2.26587500e-08,-4.57812500e-03,4.01000000e-02,3.24687500e-02
2.26987500e-08,-4.64062500e-03,4.01234375e-02,3.24687500e-02
2.27387500e-08,-4.70000000e-03,4.01468750e-02,3.24625000e-02
2.27787500e-08,-4.75312500e-03,4.01718750e-02,3.24562500e-02
2.28187500e-08,-4.80000000e-03,4.01953125e-02,3.24437500e-02
2.28587500e-08,-4.83437500e-03,4.02156250e-02,3.24312500e-02
2.28987500e-08,-4.85937500e-03,4.02296875e-02,3.24187500e-02
2.29387500e-08,-4.87500000e-03,4.02390625e-02,3.24031250e-02
2.29787500e-08,-4.87812500e-03,4.02421875e-02,3.23875000e-02
2.30187500e-08,-4.86875000e-03,4.02359375e-02,3.23750000e-02
2.30587500e-08,-4.85312500e-03,4.02234375e-02,3.23593750e-02
2.30987500e-08,-4.83125000e-03,4.02046875e-02,3.23500000e-02
2.31387500e-08,-4.80312500e-03,4.01781250e-02,3.23406250e-02
2.31787500e-08,-4.77500000e-03,4.01453125e-02,3.23375000e-02
2.32187500e-08,-4.74375000e-03,4.01093750e-02,3.23375000e-02
2.32587500e-08,-4.71875000e-03,4.00687500e-02,3.23406250e-02
2.32987500e-08,-4.69687500e-03,4.00265625e-02,3.23500000e-02
2.33387500e-08,-4.68437500e-03,3.99843750e-02,3.23625000e-02
2.33787500e-08,-4.68125000e-03,3.99437500e-02,3.23781250e-02
2.34187500e-08,-4.69062500e-03,3.99031250e-02,3.23968750e-02
2.34587500e-08,-4.70937500e-03,3.98671875e-02,3.24187500e-02
2.34987500e-08,-4.74375000e-03,3.98343750e-02,3.24375000e-02
2.35387500e-08,-4.78750000e-03,3.98078125e-02,3.24593750e-02
2.35787500e-08,-4.84062500e-03,3.97859375e-02,3.24781250e-02
2.36187500e-08,-4.90312500e-03,3.97687500e-02,3.24968750e-02
2.36587500e-08,-4.97187500e-03,3.97593750e-02,3.25093750e-02
2.36987500e-08,-5.04375000e-03,3.97531250e-02,3.25187500e-02
2.37387500e-08,-5.11875000e-03,3.97531250e-02,3.25218750e-02
2.37787500e-08,-5.18750000e-03,3.97593750e-02,3.25187500e-02
2.38187500e-08,-5.25625000e-03,3.97671875e-02,3.25093750e-02
2.38587500e-08,-5.31250000e-03,3.97796875e-02,3.24937500e-02
2.38987500e-08,-5.35937500e-03,3.97953125e-02,3.24718750e-02
2.39387500e-08,-5.39687500e-03,3.98109375e-02,3.24468750e-02
2.39787500e-08,-5.41875000e-03,3.98281250e-02,3.24125000e-02
2.40187500e-08,-5.42500000e-03,3.98468750e-02,3.23781250e-02
2.40587500e-08,-5.42187500e-03,3.98640625e-02,3.23375000e-02
2.40987500e-08,-5.40000000e-03,3.98796875e-02,3.22968750e-02
2.41387500e-08,-5.36875000e-03,3.98953125e-02,3.22531250e-02
2.41787500e-08,-5.32812500e-03,3.99062500e-02,3.22093750e-02
2.42187500e-08,-5.27500000e-03,3.99156250e-02,3.21687500e-02
2.42587500e-08,-5.22187500e-03,3.99234375e-02,3.21281250e-02
2.42987500e-08,-5.16250000e-03,3.99265625e-02,3.20906250e-02
2.43387500e-08,-5.10312500e-03,3.99265625e-02,3.20593750e-02
2.43787500e-08,-5.05000000e-03,3.99234375e-02,3.20281250e-02
2.44187500e-08,-5.00000000e-03,3.99171875e-02,3.20062500e-02
2.44587500e-08,-4.95937500e-03,3.99078125e-02,3.19875000e-02
2.44987500e-08,-4.92812500e-03,3.98968750e-02,3.19718750e-02
2.45387500e-08,-4.90937500e-03,3.98843750e-02,3.19625000e-02
2.45787500e-08,-4.90312500e-03,3.98687500e-02,3.19593750e-02
2.46187500e-08,-4.90937500e-03,3.98531250e-02,3.19593750e-02
2.46587500e-08,-4.92500000e-03,3.98390625e-02,3.19625000e-02
2.46987500e-08,-4.95625000e-03,3.98250000e-02,3.19656250e-02
2.47387500e-08,-4.99375000e-03,3.98109375e-02,3.19750000e-02
2.47787500e-08,-5.04375000e-03,3.98015625e-02,3.19843750e-02
2.48187500e-08,-5.09687500e-03,3.97937500e-02,3.19937500e-02
2.48587500e-08,-5.15312500e-03,3.97890625e-02,3.20031250e-02
2.48987500e-08,-5.21250000e-03,3.97890625e-02,3.20156250e-02
2.49387500e-08,-5.27187500e-03,3.97937500e-02,3.20250000e-02
2.49787500e-08,-5.32812500e-03,3.98015625e-02,3.20312500e-02
2.50187500e-08,-5.37812500e-03,3.98156250e-02,3.20375000e-02
2.50587500e-08,-5.42500000e-03,3.98312500e-02,3.20406250e-02
2.50987500e-08,-5.46562500e-03,3.98515625e-02,3.20437500e-02
2.51387500e-08,-5.49687500e-03,3.98734375e-02,3.20437500e-02
2.51787500e-08,-5.52187500e-03,3.98984375e-02,3.20406250e-02
2.52187500e-08,-5.54375000e-03,3.99218750e-02,3.20375000e-02
2.52587500e-08,-5.55625000e-03,3.99453125e-02,3.20312500e-02
2.52987500e-08,-5.56250000e-03,3.99671875e-02,3.20218750e-02
2.53387500e-08,-5.56875000e-03,3.99843750e-02,3.20125000e-02
2.53787500e-08,-5.56875000e-03,3.99968750e-02,3.20031250e-02
2.54187500e-08,-5.57187500e-03,4.00015625e-02,3.19906250e-02
2.54587500e-08,-5.57187500e-03,4.00015625e-02,3.19781250e-02
2.54987500e-08,-5.57500000e-03,3.99906250e-02,3.19687500e-02
2.55387500e-08,-5.57812500e-03,3.99734375e-02,3.19562500e-02
2.55787500e-08,-5.58437500e-03,3.99453125e-02,3.19468750e-02
2.56187500e-08,-5.59375000e-03,3.99093750e-02,3.19406250e-02
2.56587500e-08,-5.60312500e-03,3.98640625e-02,3.19375000e-02
2.56987500e-08,-5.61562500e-03,3.98109375e-02,3.19343750e-02
2.57387500e-08,-5.62812500e-03,3.97500000e-02,3.19375000e-02
2.57787500e-08,-5.63750000e-03,3.96843750e-02,3.19437500e-02
2.58187500e-08,-5.64687500e-03,3.96140625e-02,3.19500000e-02
2.58587500e-08,-5.65312500e-03,3.95421875e-02,3.19656250e-02
2.58987500e-08,-5.65312500e-03,3.94687500e-02,3.19812500e-02
2.59387500e-08,-5.64687500e-03,3.93984375e-02,3.20031250e-02
2.59787500e-08,-5.63437500e-03,3.93312500e-02,3.20281250e-02
2.60187500e-08,-5.61250000e-03,3.92687500e-02,3.20531250e-02
2.60587500e-08,-5.58437500e-03,3.92140625e-02,3.20812500e-02
2.60987500e-08,-5.54687500e-03,3.91671875e-02,3.21125000e-02
2.61387500e-08,-5.50000000e-03,3.91312500e-02,3.21437500e-02
2.61787500e-08,-5.44687500e-03,3.91062500e-02,3.21718750e-02
2.62187500e-08,-5.38750000e-03,3.90921875e-02,3.22000000e-02
2.62587500e-08,-5.32812500e-03,3.90906250e-02,3.22218750e-02
2.62987500e-08,-5.26250000e-03,3.91000000e-02,3.22437500e-02
2.63387500e-08,-5.20000000e-03,3.91203125e-02,3.22593750e-02
2.63787500e-08,-5.14062500e-03,3.91515625e-02,3.22656250e-02
2.64187500e-08,-5.08437500e-03,3.91921875e-02,3.22687500e-02
2.64587500e-08,-5.03750000e-03,3.92406250e-02,3.22625000e-02
2.64987500e-08,-4.99687500e-03,3.92953125e-02,3.22500000e-02
2.65387500e-08,-4.96875000e-03,3.93546875e-02,3.22281250e-02
2.65787500e-08,-4.95000000e-03,3.94171875e-02,3.22031250e-02
2.66187500e-08,-4.94375000e-03,3.94812500e-02,3.21656250e-02
2.66587500e-08,-4.95000000e-03,3.95421875e-02,3.21250000e-02
2.66987500e-08,-4.96562500e-03,3.96015625e-02,3.20812500e-02
2.67387500e-08,-4.99375000e-03,3.96562500e-02,3.20312500e-02
2.67787500e-08,-5.02812500e-03,3.97046875e-02,3.19812500e-02
2.68187500e-08,-5.07187500e-03,3.97453125e-02,3.19281250e-02
2.68587500e-08,-5.11562500e-03,3.97765625e-02,3.18750000e-02
2.68987500e-08,-5.16562500e-03,3.98000000e-02,3.18250000e-02
2.69387500e-08,-5.21250000e-03,3.98109375e-02,3.17812500e-02
2.69787500e-08,-5.25937500e-03,3.98125000e-02,3.17375000e-02
2.70187500e-08,-5.30000000e-03,3.98015625e-02,3.17031250e-02
2.70587500e-08,-5.33437500e-03,3.97812500e-02,3.16750000e-02
2.70987500e-08,-5.36250000e-03,3.97500000e-02,3.16562500e-02
2.71387500e-08,-5.38125000e-03,3.97109375e-02,3.16406250e-02
2.71787500e-08,-5.39375000e-03,3.96625000e-02,3.16375000e-02
2.72187500e-08,-5.39687500e-03,3.96062500e-02,3.16406250e-02
2.72587500e-08,-5.39375000e-03,3.95453125e-02,3.16500000e-02
2.72987500e-08,-5.38750000e-03,3.94796875e-02,3.16656250e-02
2.73387500e-08,-5.37500000e-03,3.94125000e-02,3.16875000e-02
2.73787500e-08,-5.35937500e-03,3.93453125e-02,3.17125000e-02
2.74187500e-08,-5.34687500e-03,3.92781250e-02,3.17406250e-02
2.74587500e-08,-5.33437500e-03,3.92156250e-02,3.17687500e-02
2.74987500e-08,-5.32812500e-03,3.91562500e-02,3.18000000e-02
2.75387500e-08,-5.32812500e-03,3.91031250e-02,3.18281250e-02
2.75787500e-08,-5.33437500e-03,3.90578125e-02,3.18562500e-02
2.76187500e-08,-5.35000000e-03,3.90218750e-02,3.18781250e-02
2.76587500e-08,-5.37500000e-03,3.89937500e-02,3.19000000e-02
2.76987500e-08,-5.40937500e-03,3.89750000e-02,3.19156250e-02
2.77387500e-08,-5.45625000e-03,3.89671875e-02,3.19250000e-02
2.77787500e-08,-5.50937500e-03,3.89687500e-02,3.19281250e-02
2.78187500e-08,-5.56875000e-03,3.89796875e-02,3.19281250e-02
2.78587500e-08,-5.63437500e-03,3.89968750e-02,3.19218750e-02
2.78987500e-08,-5.70312500e-03,3.90218750e-02,3.19125000e-02
2.79387500e-08,-5.77500000e-03,3.90531250e-02,3.18968750e-02
2.79787500e-08,-5.84375000e-03,3.90875000e-02,3.18781250e-02
2.80187500e-08,-5.91250000e-03,3.91250000e-02,3.18562500e-02
2.80587500e-08,-5.97500000e-03,3.91625000e-02,3.18312500e-02
2.80987500e-08,-6.03437500e-03,3.91984375e-02,3.18062500e-02
2.81387500e-08,-6.08437500e-03,3.92328125e-02,3.17750000e-02
2.81787500e-08,-6.12812500e-03,3.92625000e-02,3.17468750e-02
2.82187500e-08,-6.15937500e-03,3.92875000e-02,3.17156250e-02
2.82587500e-08,-6.18437500e-03,3.93062500e-02,3.16843750e-02
2.82987500e-08,-6.20312500e-03,3.93187500e-02,3.16531250e-02
2.83387500e-08,-6.21250000e-03,3.93234375e-02,3.16250000e-02
2.83787500e-08,-6.21562500e-03,3.93218750e-02,3.15937500e-02
2.84187500e-08,-6.21562500e-03,3.93125000e-02,3.15625000e-02
2.84587500e-08,-6.21250000e-03,3.92984375e-02,3.15312500e-02
2.84987500e-08,-6.20625000e-03,3.92796875e-02,3.15031250e-02
2.85387500e-08,-6.20000000e-03,3.92562500e-02,3.14718750e-02
2.85787500e-08,-6.19687500e-03,3.92312500e-02,3.14437500e-02
2.86187500e-08,-6.19375000e-03,3.92046875e-02,3.14156250e-02
2.86587500e-08,-6.19687500e-03,3.91781250e-02,3.13875000e-02
2.86987500e-08,-6.20312500e-03,3.91531250e-02,3.13593750e-02
2.87387500e-08,-6.21562500e-03,3.91296875e-02,3.13312500e-02
2.87787500e-08,-6.23125000e-03,3.91109375e-02,3.13062500e-02
2.88187500e-08,-6.25312500e-03,3.90953125e-02,3.12781250e-02
2.88587500e-08,-6.27500000e-03,3.90843750e-02,3.12562500e-02
2.88987500e-08,-6.30000000e-03,3.90781250e-02,3.12312500e-02
2.89387500e-08,-6.32812500e-03,3.90750000e-02,3.12125000e-02
2.89787500e-08,-6.35625000e-03,3.90765625e-02,3.11937500e-02
2.90187500e-08,-6.38437500e-03,3.90812500e-02,3.11750000e-02
2.90587500e-08,-6.40937500e-03,3.90890625e-02,3.11593750e-02
2.90987500e-08,-6.43125000e-03,3.90968750e-02,3.11468750e-02
2.91387500e-08,-6.45000000e-03,3.91046875e-02,3.11375000e-02
2.91787500e-08,-6.46562500e-03,3.91109375e-02,3.11281250e-02
2.92187500e-08,-6.47500000e-03,3.91156250e-02,3.11218750e-02
2.92587500e-08,-6.47812500e-03,3.91171875e-02,3.11187500e-02
2.92987500e-08,-6.48125000e-03,3.91140625e-02,3.11156250e-02
2.93387500e-08,-6.47500000e-03,3.91062500e-02,3.11156250e-02
2.93787500e-08,-6.46875000e-03,3.90937500e-02,3.11156250e-02
2.94187500e-08,-6.45937500e-03,3.90781250e-02,3.11187500e-02
2.94587500e-08,-6.44687500e-03,3.90562500e-02,3.11218750e-02
2.94987500e-08,-6.43437500e-03,3.90296875e-02,3.11281250e-02
2.95387500e-08,-6.42187500e-03,3.90000000e-02,3.11343750e-02
2.95787500e-08,-6.40937500e-03,3.89687500e-02,3.11437500e-02
2.96187500e-08,-6.40000000e-03,3.89343750e-02,3.11562500e-02
2.96587500e-08,-6.39062500e-03,3.89000000e-02,3.11687500e-02
2.96987500e-08,-6.38437500e-03,3.88656250e-02,3.11843750e-02
2.97387500e-08,-6.37812500e-03,3.88328125e-02,3.12031250e-02
2.97787500e-08,-6.37500000e-03,3.88031250e-02,3.12250000e-02
2.98187500e-08,-6.37812500e-03,3.87765625e-02,3.12500000e-02
2.98587500e-08,-6.37812500e-03,3.87546875e-02,3.12781250e-02
2.98987500e-08,-6.38125000e-03,3.87359375e-02,3.13093750e-02
2.99387500e-08,-6.38750000e-03,3.87218750e-02,3.13468750e-02
2.99787500e-08,-6.39062500e-03,3.87109375e-02,3.13843750e-02
3.00187500e-08,-6.39687500e-03,3.87062500e-02,3.14250000e-02
3.00587500e-08,-6.40000000e-03,3.87031250e-02,3.14687500e-02
3.00987500e-08,-6.40625000e-03,3.87031250e-02,3.15156250e-02
3.01387500e-08,-6.40937500e-03,3.87046875e-02,3.15625000e-02
3.01787500e-08,-6.41250000e-03,3.87078125e-02,3.16093750e-02
3.02187500e-08,-6.41562500e-03,3.87109375e-02,3.16562500e-02
3.02587500e-08,-6.41875000e-03,3.87125000e-02,3.17000000e-02
3.02987500e-08,-6.41875000e-03,3.87125000e-02,3.17406250e-02
3.03387500e-08,-6.42187500e-03,3.87109375e-02,3.17750000e-02
3.03787500e-08,-6.42500000e-03,3.87062500e-02,3.18062500e-02
3.04187500e-08,-6.42812500e-03,3.86984375e-02,3.18312500e-02
3.04587500e-08,-6.43125000e-03,3.86890625e-02,3.18500000e-02
3.04987500e-08,-6.43750000e-03,3.86750000e-02,3.18593750e-02
3.05387500e-08,-6.44062500e-03,3.86578125e-02,3.18625000e-02
3.05787500e-08,-6.44375000e-03,3.86406250e-02,3.18531250e-02
3.06187500e-08,-6.44687500e-03,3.86203125e-02,3.18375000e-02
3.06587500e-08,-6.44687500e-03,3.86000000e-02,3.18156250e-02
3.06987500e-08,-6.44687500e-03,3.85781250e-02,3.17843750e-02
3.07387500e-08,-6.43750000e-03,3.85593750e-02,3.17468750e-02
3.07787500e-08,-6.42500000e-03,3.85421875e-02,3.17031250e-02
3.08187500e-08,-6.40625000e-03,3.85281250e-02,3.16531250e-02
3.08587500e-08,-6.38125000e-03,3.85156250e-02,3.16031250e-02
3.08987500e-08,-6.34687500e-03,3.85093750e-02,3.15500000e-02
3.09387500e-08,-6.30312500e-03,3.85062500e-02,3.14937500e-02
3.09787500e-08,-6.25000000e-03,3.85078125e-02,3.14406250e-02
3.10187500e-08,-6.18437500e-03,3.85140625e-02,3.13906250e-02
3.10587500e-08,-6.11250000e-03,3.85250000e-02,3.13437500e-02
3.10987500e-08,-6.03125000e-03,3.85390625e-02,3.13000000e-02
3.11387500e-08,-5.94375000e-03,3.85578125e-02,3.12625000e-02
3.11787500e-08,-5.85000000e-03,3.85781250e-02,3.12281250e-02
3.12187500e-08,-5.75312500e-03,3.86000000e-02,3.12031250e-02
3.12587500e-08,-5.65625000e-03,3.86234375e-02,3.11812500e-02
3.12987500e-08,-5.55625000e-03,3.86468750e-02,3.11687500e-02
3.13387500e-08,-5.46250000e-03,3.86703125e-02,3.11593750e-02
3.13787500e-08,-5.37187500e-03,3.86906250e-02,3.11562500e-02
3.14187500e-08,-5.28750000e-03,3.87078125e-02,3.11562500e-02
3.14587500e-08,-5.21250000e-03,3.87203125e-02,3.11593750e-02
3.14987500e-08,-5.15000000e-03,3.87296875e-02,3.11625000e-02
3.15387500e-08,-5.09687500e-03,3.87343750e-02,3.11718750e-02
3.15787500e-08,-5.05625000e-03,3.87312500e-02,3.11781250e-02
3.16187500e-08,-5.03125000e-03,3.87250000e-02,3.11843750e-02
3.16587500e-08,-5.01562500e-03,3.87109375e-02,3.11906250e-02
3.16987500e-08,-5.00937500e-03,3.86906250e-02,3.11937500e-02
3.17387500e-08,-5.01562500e-03,3.86656250e-02,3.11968750e-02
3.17787500e-08,-5.02812500e-03,3.86343750e-02,3.11968750e-02
3.18187500e-08,-5.04687500e-03,3.85984375e-02,3.11937500e-02
3.18587500e-08,-5.06875000e-03,3.85562500e-02,3.11906250e-02
3.18987500e-08,-5.09375000e-03,3.85125000e-02,3.11875000e-02
3.19387500e-08,-5.11562500e-03,3.84640625e-02,3.11812500e-02
3.19787500e-08,-5.13750000e-03,3.84140625e-02,3.11750000e-02
3.20187500e-08,-5.15000000e-03,3.83640625e-02,3.11718750e-02
3.20587500e-08,-5.15937500e-03,3.83125000e-02,3.11656250e-02
3.20987500e-08,-5.15937500e-03,3.82625000e-02,3.11656250e-02
3.21387500e-08,-5.15312500e-03,3.82140625e-02,3.11656250e-02
3.21787500e-08,-5.13750000e-03,3.81671875e-02,3.11687500e-02
3.22187500e-08,-5.11250000e-03,3.81250000e-02,3.11750000e-02
3.22587500e-08,-5.08125000e-03,3.80875000e-02,3.11812500e-02
3.22987500e-08,-5.04062500e-03,3.80546875e-02,3.11937500e-02
3.23387500e-08,-4.99687500e-03,3.80281250e-02,3.12031250e-02
3.23787500e-08,-4.95000000e-03,3.80093750e-02,3.12156250e-02
3.24187500e-08,-4.90312500e-03,3.79953125e-02,3.12281250e-02
3.24587500e-08,-4.85625000e-03,3.79890625e-02,3.12406250e-02
3.24987500e-08,-4.80937500e-03,3.79890625e-02,3.12500000e-02
3.25387500e-08,-4.76875000e-03,3.79953125e-02,3.12531250e-02
3.25787500e-08,-4.73437500e-03,3.80093750e-02,3.12562500e-02
3.26187500e-08,-4.70312500e-03,3.80281250e-02,3.12500000e-02
3.26587500e-08,-4.68437500e-03,3.80515625e-02,3.12406250e-02
3.26987500e-08,-4.66875000e-03,3.80781250e-02,3.12218750e-02
3.27387500e-08,-4.66250000e-03,3.81078125e-02,3.11968750e-02
3.27787500e-08,-4.66562500e-03,3.81406250e-02,3.11687500e-02
3.28187500e-08,-4.67187500e-03,3.81734375e-02,3.11312500e-02
3.28587500e-08,-4.68437500e-03,3.82046875e-02,3.10906250e-02
3.28987500e-08,-4.70312500e-03,3.82359375e-02,3.10468750e-02
3.29387500e-08,-4.72500000e-03,3.82625000e-02,3.10000000e-02
3.29787500e-08,-4.74687500e-03,3.82875000e-02,3.09531250e-02
3.30187500e-08,-4.76875000e-03,3.83078125e-02,3.09062500e-02
3.30587500e-08,-4.78750000e-03,3.83218750e-02,3.08656250e-02
3.30987500e-08,-4.80312500e-03,3.83312500e-02,3.08312500e-02
3.31387500e-08,-4.81875000e-03,3.83359375e-02,3.08031250e-02
3.31787500e-08,-4.82812500e-03,3.83343750e-02,3.07843750e-02
3.32187500e-08,-4.83437500e-03,3.83265625e-02,3.07781250e-02
3.32587500e-08,-4.83437500e-03,3.83156250e-02,3.07812500e-02
3.32987500e-08,-4.82812500e-03,3.82984375e-02,3.07968750e-02
3.33387500e-08,-4.82187500e-03,3.82781250e-02,3.08250000e-02
3.33787500e-08,-4.81250000e-03,3.82546875e-02,3.08625000e-02
3.34187500e-08,-4.79687500e-03,3.82296875e-02,3.09093750e-02
3.34587500e-08,-4.78437500e-03,3.82031250e-02,3.09687500e-02
3.34987500e-08,-4.77187500e-03,3.81765625e-02,3.10312500e-02
3.35387500e-08,-4.75937500e-03,3.81484375e-02,3.10968750e-02
3.35787500e-08,-4.74687500e-03,3.81234375e-02,3.11625000e-02
3.36187500e-08,-4.74062500e-03,3.81000000e-02,3.12281250e-02
3.36587500e-08,-4.73437500e-03,3.80781250e-02,3.12875000e-02
3.36987500e-08,-4.73437500e-03,3.80578125e-02,3.13375000e-02
3.37387500e-08,-4.73750000e-03,3.80406250e-02,3.13781250e-02
3.37787500e-08,-4.74062500e-03,3.80265625e-02,3.14031250e-02
3.38187500e-08,-4.75000000e-03,3.80140625e-02,3.14156250e-02
3.38587500e-08,-4.75937500e-03,3.80031250e-02,3.14125000e-02
3.38987500e-08,-4.77187500e-03,3.79937500e-02,3.13937500e-02
3.39387500e-08,-4.78437500e-03,3.79875000e-02,3.13593750e-02
3.39787500e-08,-4.79375000e-03,3.79796875e-02,3.13062500e-02
3.40187500e-08,-4.80312500e-03,3.79734375e-02,3.12406250e-02
3.40587500e-08,-4.81250000e-03,3.79656250e-02,3.11656250e-02
3.40987500e-08,-4.81562500e-03,3.79578125e-02,3.10781250e-02
3.41387500e-08,-4.81562500e-03,3.79484375e-02,3.09875000e-02
3.41787500e-08,-4.81562500e-03,3.79375000e-02,3.08937500e-02
3.42187500e-08,-4.80625000e-03,3.79265625e-02,3.08031250e-02
3.42587500e-08,-4.79687500e-03,3.79140625e-02,3.07156250e-02
3.42987500e-08,-4.78437500e-03,3.79000000e-02,3.06375000e-02
3.43387500e-08,-4.76875000e-03,3.78843750e-02,3.05718750e-02
3.43787500e-08,-4.75312500e-03,3.78687500e-02,3.05187500e-02
3.44187500e-08,-4.73750000e-03,3.78515625e-02,3.04843750e-02
3.44587500e-08,-4.72500000e-03,3.78359375e-02,3.04656250e-02
3.44987500e-08,-4.71250000e-03,3.78218750e-02,3.04687500e-02
3.45387500e-08,-4.70312500e-03,3.78078125e-02,3.04875000e-02
3.45787500e-08,-4.70312500e-03,3.77953125e-02,3.05250000e-02
3.46187500e-08,-4.70625000e-03,3.77843750e-02,3.05781250e-02
3.46587500e-08,-4.71562500e-03,3.77765625e-02,3.06437500e-02
3.46987500e-08,-4.73437500e-03,3.77703125e-02,3.07250000e-02
3.47387500e-08,-4.76250000e-03,3.77656250e-02,3.08093750e-02
3.47787500e-08,-4.79687500e-03,3.77656250e-02,3.09000000e-02
3.48187500e-08,-4.84062500e-03,3.77656250e-02,3.09906250e-02
3.48587500e-08,-4.89062500e-03,3.77687500e-02,3.10812500e-02
3.48987500e-08,-4.94687500e-03,3.77734375e-02,3.11625000e-02
3.49387500e-08,-5.01250000e-03,3.77796875e-02,3.12343750e-02
3.49787500e-08,-5.07812500e-03,3.77859375e-02,3.12968750e-02
3.50187500e-08,-5.15000000e-03,3.77937500e-02,3.13406250e-02
3.50587500e-08,-5.22500000e-03,3.78000000e-02,3.13718750e-02
3.50987500e-08,-5.29687500e-03,3.78062500e-02,3.13843750e-02
3.51387500e-08,-5.36875000e-03,3.78125000e-02,3.13812500e-02
3.51787500e-08,-5.43750000e-03,3.78156250e-02,3.13625000e-02
3.52187500e-08,-5.50312500e-03,3.78171875e-02,3.13281250e-02
3.52587500e-08,-5.56562500e-03,3.78171875e-02,3.12812500e-02
3.52987500e-08,-5.61875000e-03,3.78156250e-02,3.12250000e-02
3.53387500e-08,-5.66562500e-03,3.78109375e-02,3.11593750e-02
3.53787500e-08,-5.70312500e-03,3.78031250e-02,3.10906250e-02
3.54187500e-08,-5.73437500e-03,3.77937500e-02,3.10156250e-02
3.54587500e-08,-5.75625000e-03,3.77812500e-02,3.09437500e-02
3.54987500e-08,-5.76875000e-03,3.77671875e-02,3.08750000e-02
3.55387500e-08,-5.77500000e-03,3.77500000e-02,3.08125000e-02
3.55787500e-08,-5.76875000e-03,3.77312500e-02,3.07562500e-02
3.56187500e-08,-5.75937500e-03,3.77125000e-02,3.07062500e-02
3.56587500e-08,-5.74062500e-03,3.76906250e-02,3.06687500e-02
3.56987500e-08,-5.71250000e-03,3.76687500e-02,3.06406250e-02
3.57387500e-08,-5.68437500e-03,3.76453125e-02,3.06218750e-02
3.57787500e-08,-5.64687500e-03,3.76234375e-02,3.06125000e-02
3.58187500e-08,-5.60937500e-03,3.76000000e-02,3.06125000e-02
3.58587500e-08,-5.56875000e-03,3.75765625e-02,3.06156250e-02
3.58987500e-08,-5.52812500e-03,3.75546875e-02,3.06250000e-02
3.59387500e-08,-5.48437500e-03,3.75312500e-02,3.06375000e-02
3.59787500e-08,-5.44062500e-03,3.75109375e-02,3.06500000e-02
3.60187500e-08,-5.40000000e-03,3.74906250e-02,3.06593750e-02
3.60587500e-08,-5.36250000e-03,3.74718750e-02,3.06687500e-02
3.60987500e-08,-5.32500000e-03,3.74546875e-02,3.06718750e-02
3.61387500e-08,-5.29375000e-03,3.74390625e-02,3.06718750e-02
3.61787500e-08,-5.26562500e-03,3.74234375e-02,3.06656250e-02
3.62187500e-08,-5.24062500e-03,3.74109375e-02,3.06500000e-02
3.62587500e-08,-5.22187500e-03,3.74000000e-02,3.06312500e-02
3.62987500e-08,-5.20625000e-03,3.73906250e-02,3.06062500e-02
3.63387500e-08,-5.19375000e-03,3.73812500e-02,3.05750000e-02
3.63787500e-08,-5.18750000e-03,3.73750000e-02,3.05406250e-02
3.64187500e-08,-5.18437500e-03,3.73671875e-02,3.05031250e-02
3.64587500e-08,-5.18437500e-03,3.73625000e-02,3.04656250e-02
3.64987500e-08,-5.18750000e-03,3.73562500e-02,3.04312500e-02
3.65387500e-08,-5.19375000e-03,3.73515625e-02,3.03937500e-02
3.65787500e-08,-5.20312500e-03,3.73453125e-02,3.03625000e-02
3.66187500e-08,-5.21562500e-03,3.73390625e-02,3.03343750e-02
3.66587500e-08,-5.22812500e-03,3.73328125e-02,3.03125000e-02
3.66987500e-08,-5.24375000e-03,3.73234375e-02,3.02968750e-02
3.67387500e-08,-5.25937500e-03,3.73140625e-02,3.02875000e-02
3.67787500e-08,-5.27500000e-03,3.73031250e-02,3.02843750e-02
3.68187500e-08,-5.29375000e-03,3.72906250e-02,3.02875000e-02
3.68587500e-08,-5.31250000e-03,3.72765625e-02,3.02937500e-02
3.68987500e-08,-5.33437500e-03,3.72609375e-02,3.03062500e-02
3.69387500e-08,-5.35625000e-03,3.72437500e-02,3.03218750e-02
3.69787500e-08,-5.38125000e-03,3.72265625e-02,3.03406250e-02
3.70187500e-08,-5.40625000e-03,3.72093750e-02,3.03593750e-02
3.70587500e-08,-5.43437500e-03,3.71921875e-02,3.03812500e-02
3.70987500e-08,-5.46250000e-03,3.71750000e-02,3.03968750e-02
3.71387500e-08,-5.49687500e-03,3.71593750e-02,3.04125000e-02
3.71787500e-08,-5.53125000e-03,3.71468750e-02,3.04281250e-02
3.72187500e-08,-5.56562500e-03,3.71343750e-02,3.04375000e-02
3.72587500e-08,-5.60312500e-03,3.71265625e-02,3.04406250e-02
3.72987500e-08,-5.64375000e-03,3.71203125e-02,3.04437500e-02
3.73387500e-08,-5.68437500e-03,3.71171875e-02,3.04406250e-02
3.73787500e-08,-5.72500000e-03,3.71187500e-02,3.04343750e-02
3.74187500e-08,-5.76250000e-03,3.71218750e-02,3.04281250e-02
3.74587500e-08,-5.80312500e-03,3.71265625e-02,3.04156250e-02
3.74987500e-08,-5.83750000e-03,3.71343750e-02,3.04031250e-02
3.75387500e-08,-5.87187500e-03,3.71437500e-02,3.03906250e-02
3.75787500e-08,-5.90000000e-03,3.71531250e-02,3.03781250e-02
3.76187500e-08,-5.92500000e-03,3.71625000e-02,3.03656250e-02
3.76587500e-08,-5.94375000e-03,3.71703125e-02,3.03562500e-02
3.76987500e-08,-5.95937500e-03,3.71765625e-02,3.03468750e-02
3.77387500e-08,-5.96875000e-03,3.71781250e-02,3.03406250e-02
3.77787500e-08,-5.96875000e-03,3.71765625e-02,3.03375000e-02
3.78187500e-08,-5.96562500e-03,3.71703125e-02,3.03406250e-02
3.78587500e-08,-5.95937500e-03,3.71593750e-02,3.03437500e-02
3.78987500e-08,-5.94375000e-03,3.71406250e-02,3.03500000e-02
3.79387500e-08,-5.92500000e-03,3.71187500e-02,3.03562500e-02
3.79787500e-08,-5.90312500e-03,3.70890625e-02,3.03656250e-02
3.80187500e-08,-5.87812500e-03,3.70546875e-02,3.03750000e-02
3.80587500e-08,-5.85000000e-03,3.70171875e-02,3.03875000e-02
3.80987500e-08,-5.81875000e-03,3.69734375e-02,3.03968750e-02
3.81387500e-08,-5.78750000e-03,3.69281250e-02,3.04062500e-02
3.81787500e-08,-5.75625000e-03,3.68812500e-02,3.04156250e-02
3.82187500e-08,-5.72500000e-03,3.68343750e-02,3.04187500e-02
3.82587500e-08,-5.69687500e-03,3.67890625e-02,3.04250000e-02
3.82987500e-08,-5.66875000e-03,3.67468750e-02,3.04250000e-02
3.83387500e-08,-5.64375000e-03,3.67078125e-02,3.04250000e-02
3.83787500e-08,-5.61875000e-03,3.66750000e-02,3.04187500e-02
3.84187500e-08,-5.60000000e-03,3.66500000e-02,3.04156250e-02
3.84587500e-08,-5.58125000e-03,3.66312500e-02,3.04062500e-02
3.84987500e-08,-5.56250000e-03,3.66203125e-02,3.04000000e-02
3.85387500e-08,-5.54687500e-03,3.66187500e-02,3.03906250e-02
3.85787500e-08,-5.53437500e-03,3.66250000e-02,3.03812500e-02
3.86187500e-08,-5.52500000e-03,3.66390625e-02,3.03718750e-02
3.86587500e-08,-5.51562500e-03,3.66609375e-02,3.03656250e-02
3.86987500e-08,-5.50937500e-03,3.66875000e-02,3.03593750e-02
3.87387500e-08,-5.50625000e-03,3.67203125e-02,3.03562500e-02
3.87787500e-08,-5.50312500e-03,3.67578125e-02,3.03531250e-02
3.88187500e-08,-5.50312500e-03,3.67953125e-02,3.03562500e-02
3.88587500e-08,-5.50625000e-03,3.68328125e-02,3.03562500e-02
3.88987500e-08,-5.51250000e-03,3.68687500e-02,3.03625000e-02
3.89387500e-08,-5.52187500e-03,3.69015625e-02,3.03687500e-02
3.89787500e-08,-5.53437500e-03,3.69281250e-02,3.03750000e-02
3.90187500e-08,-5.55312500e-03,3.69500000e-02,3.03843750e-02
3.90587500e-08,-5.57500000e-03,3.69609375e-02,3.03937500e-02
3.90987500e-08,-5.60312500e-03,3.69656250e-02,3.04000000e-02
3.91387500e-08,-5.63437500e-03,3.69593750e-02,3.04093750e-02
3.91787500e-08,-5.67187500e-03,3.69437500e-02,3.04156250e-02
3.92187500e-08,-5.71250000e-03,3.69187500e-02,3.04187500e-02
3.92587500e-08,-5.75937500e-03,3.68843750e-02,3.04218750e-02
3.92987500e-08,-5.80937500e-03,3.68421875e-02,3.04250000e-02
3.93387500e-08,-5.86250000e-03,3.67937500e-02,3.04218750e-02
3.93787500e-08,-5.91562500e-03,3.67406250e-02,3.04187500e-02
3.94187500e-08,-5.97187500e-03,3.66828125e-02,3.04125000e-02
3.94587500e-08,-6.02812500e-03,3.66234375e-02,3.04031250e-02
3.94987500e-08,-6.08437500e-03,3.65640625e-02,3.03937500e-02
3.95387500e-08,-6.13750000e-03,3.65078125e-02,3.03843750e-02
3.95787500e-08,-6.18750000e-03,3.64546875e-02,3.03750000e-02
3.96187500e-08,-6.23750000e-03,3.64062500e-02,3.03656250e-02
3.96587500e-08,-6.27812500e-03,3.63656250e-02,3.03562500e-02
3.96987500e-08,-6.31562500e-03,3.63328125e-02,3.03500000e-02
3.97387500e-08,-6.34687500e-03,3.63093750e-02,3.03468750e-02
3.97787500e-08,-6.36875000e-03,3.62937500e-02,3.03468750e-02
3.98187500e-08,-6.38750000e-03,3.62890625e-02,3.03468750e-02
3.98587500e-08,-6.39687500e-03,3.62921875e-02,3.03531250e-02
3.98987500e-08,-6.40000000e-03,3.63031250e-02,3.03625000e-02
3.99387500e-08,-6.39687500e-03,3.63218750e-02,3.03750000e-02
3.99787500e-08,-6.38437500e-03,3.63468750e-02,3.03906250e-02
4.00187500e-08,-6.36875000e-03,3.63765625e-02,3.04093750e-02
4.00587500e-08,-6.34375000e-03,3.64078125e-02,3.04281250e-02
4.00987500e-08,-6.31875000e-03,3.64406250e-02,3.04468750e-02
4.01387500e-08,-6.28437500e-03,3.64734375e-02,3.04656250e-02
4.01787500e-08,-6.25000000e-03,3.65046875e-02,3.04843750e-02
4.02187500e-08,-6.21250000e-03,3.65328125e-02,3.04968750e-02
4.02587500e-08,-6.17187500e-03,3.65562500e-02,3.05093750e-02
4.02987500e-08,-6.13125000e-03,3.65734375e-02,3.05156250e-02
4.03387500e-08,-6.08750000e-03,3.65859375e-02,3.05156250e-02
4.03787500e-08,-6.04687500e-03,3.65906250e-02,3.05093750e-02
4.04187500e-08,-6.00625000e-03,3.65890625e-02,3.04968750e-02
4.04587500e-08,-5.96875000e-03,3.65828125e-02,3.04750000e-02
4.04987500e-08,-5.93437500e-03,3.65703125e-02,3.04468750e-02
4.05387500e-08,-5.90000000e-03,3.65515625e-02,3.04156250e-02
4.05787500e-08,-5.86875000e-03,3.65296875e-02,3.03750000e-02
4.06187500e-08,-5.84375000e-03,3.65046875e-02,3.03281250e-02
4.06587500e-08,-5.81875000e-03,3.64781250e-02,3.02781250e-02
4.06987500e-08,-5.80000000e-03,3.64515625e-02,3.02281250e-02
4.07387500e-08,-5.78437500e-03,3.64234375e-02,3.01718750e-02
4.07787500e-08,-5.76875000e-03,3.63968750e-02,3.01187500e-02
4.08187500e-08,-5.75937500e-03,3.63734375e-02,3.00687500e-02
4.08587500e-08,-5.75000000e-03,3.63500000e-02,3.00218750e-02
4.08987500e-08,-5.74062500e-03,3.63312500e-02,2.99781250e-02
4.09387500e-08,-5.73437500e-03,3.63140625e-02,2.99437500e-02
4.09787500e-08,-5.72812500e-03,3.63000000e-02,2.99156250e-02
4.10187500e-08,-5.71875000e-03,3.62890625e-02,2.98968750e-02
4.10587500e-08,-5.70625000e-03,3.62781250e-02,2.98875000e-02
4.10987500e-08,-5.69375000e-03,3.62703125e-02,2.98875000e-02
4.11387500e-08,-5.67812500e-03,3.62625000e-02,2.98968750e-02
4.11787500e-08,-5.65625000e-03,3.62546875e-02,2.99156250e-02
4.12187500e-08,-5.63125000e-03,3.62468750e-02,2.99437500e-02
4.12587500e-08,-5.60312500e-03,3.62375000e-02,2.99781250e-02
4.12987500e-08,-5.57187500e-03,3.62265625e-02,3.00187500e-02
4.13387500e-08,-5.53437500e-03,3.62140625e-02,3.00625000e-02
4.13787500e-08,-5.49375000e-03,3.61984375e-02,3.01093750e-02
4.14187500e-08,-5.45000000e-03,3.61812500e-02,3.01562500e-02
4.14587500e-08,-5.40625000e-03,3.61609375e-02,3.02031250e-02
4.14987500e-08,-5.36250000e-03,3.61406250e-02,3.02468750e-02
4.15387500e-08,-5.32187500e-03,3.61187500e-02,3.02875000e-02
4.15787500e-08,-5.28437500e-03,3.60953125e-02,3.03187500e-02
4.16187500e-08,-5.25000000e-03,3.60718750e-02,3.03468750e-02
4.16587500e-08,-5.22187500e-03,3.60500000e-02,3.03625000e-02
4.16987500e-08,-5.20000000e-03,3.60296875e-02,3.03687500e-02
4.17387500e-08,-5.18750000e-03,3.60109375e-02,3.03687500e-02
4.17787500e-08,-5.18437500e-03,3.59953125e-02,3.03562500e-02
4.18187500e-08,-5.19062500e-03,3.59812500e-02,3.03375000e-02
4.18587500e-08,-5.20625000e-03,3.59703125e-02,3.03093750e-02
4.18987500e-08,-5.23125000e-03,3.59640625e-02,3.02718750e-02
4.19387500e-08,-5.26875000e-03,3.59578125e-02,3.02281250e-02
4.19787500e-08,-5.31250000e-03,3.59562500e-02,3.01812500e-02
4.20187500e-08,-5.36250000e-03,3.59546875e-02,3.01281250e-02
4.20587500e-08,-5.41875000e-03,3.59546875e-02,3.00750000e-02
4.20987500e-08,-5.48125000e-03,3.59562500e-02,3.00218750e-02
4.21387500e-08,-5.54375000e-03,3.59562500e-02,2.99687500e-02
4.21787500e-08,-5.60937500e-03,3.59562500e-02,2.99156250e-02
4.22187500e-08,-5.67187500e-03,3.59531250e-02,2.98656250e-02
4.22587500e-08,-5.73125000e-03,3.59484375e-02,2.98218750e-02
4.22987500e-08,-5.78437500e-03,3.59406250e-02,2.97812500e-02
4.23387500e-08,-5.83437500e-03,3.59312500e-02,2.97468750e-02
4.23787500e-08,-5.87500000e-03,3.59171875e-02,2.97187500e-02
4.24187500e-08,-5.90625000e-03,3.59015625e-02,2.96937500e-02
4.24587500e-08,-5.92812500e-03,3.58828125e-02,2.96781250e-02
4.24987500e-08,-5.94375000e-03,3.58625000e-02,2.96656250e-02
4.25387500e-08,-5.94687500e-03,3.58421875e-02,2.96562500e-02
4.25787500e-08,-5.94375000e-03,3.58203125e-02,2.96562500e-02
4.26187500e-08,-5.93125000e-03,3.57984375e-02,2.96562500e-02
4.26587500e-08,-5.91250000e-03,3.57781250e-02,2.96625000e-02
4.26987500e-08,-5.88437500e-03,3.57609375e-02,2.96718750e-02
4.27387500e-08,-5.85000000e-03,3.57453125e-02,2.96812500e-02
4.27787500e-08,-5.81250000e-03,3.57328125e-02,2.96937500e-02
4.28187500e-08,-5.77187500e-03,3.57250000e-02,2.97093750e-02
4.28587500e-08,-5.72500000e-03,3.57218750e-02,2.97250000e-02
4.28987500e-08,-5.67812500e-03,3.57218750e-02,2.97406250e-02
4.29387500e-08,-5.62812500e-03,3.57250000e-02,2.97562500e-02
4.29787500e-08,-5.57812500e-03,3.57328125e-02,2.97718750e-02
4.30187500e-08,-5.52500000e-03,3.57421875e-02,2.97875000e-02
4.30587500e-08,-5.47187500e-03,3.57546875e-02,2.98031250e-02
4.30987500e-08,-5.41562500e-03,3.57671875e-02,2.98187500e-02
4.31387500e-08,-5.35937500e-03,3.57796875e-02,2.98343750e-02
4.31787500e-08,-5.30312500e-03,3.57921875e-02,2.98500000e-02
4.32187500e-08,-5.24687500e-03,3.58031250e-02,2.98625000e-02
4.32587500e-08,-5.19062500e-03,3.58109375e-02,2.98750000e-02
4.32987500e-08,-5.13125000e-03,3.58156250e-02,2.98906250e-02
4.33387500e-08,-5.07500000e-03,3.58156250e-02,2.99031250e-02
4.33787500e-08,-5.01875000e-03,3.58125000e-02,2.99125000e-02
4.34187500e-08,-4.96562500e-03,3.58062500e-02,2.99250000e-02
4.34587500e-08,-4.91562500e-03,3.57953125e-02,2.99343750e-02
4.34987500e-08,-4.86875000e-03,3.57812500e-02,2.99406250e-02
4.35387500e-08,-4.82500000e-03,3.57640625e-02,2.99468750e-02
4.35787500e-08,-4.79062500e-03,3.57453125e-02,2.99531250e-02
4.36187500e-08,-4.76250000e-03,3.57250000e-02,2.99562500e-02
4.36587500e-08,-4.74062500e-03,3.57046875e-02,2.99593750e-02
4.36987500e-08,-4.72812500e-03,3.56828125e-02,2.99562500e-02
4.37387500e-08,-4.72812500e-03,3.56640625e-02,2.99562500e-02
4.37787500e-08,-4.73750000e-03,3.56468750e-02,2.99500000e-02
4.38187500e-08,-4.75625000e-03,3.56312500e-02,2.99437500e-02
4.38587500e-08,-4.78437500e-03,3.56171875e-02,2.99343750e-02
4.38987500e-08,-4.82187500e-03,3.56062500e-02,2.99218750e-02
4.39387500e-08,-4.86875000e-03,3.55984375e-02,2.99093750e-02
4.39787500e-08,-4.92187500e-03,3.55937500e-02,2.98906250e-02
4.40187500e-08,-4.98125000e-03,3.55906250e-02,2.98718750e-02
4.40587500e-08,-5.04687500e-03,3.55875000e-02,2.98531250e-02
4.40987500e-08,-5.11250000e-03,3.55859375e-02,2.98312500e-02
4.41387500e-08,-5.18125000e-03,3.55843750e-02,2.98062500e-02
4.41787500e-08,-5.24687500e-03,3.55828125e-02,2.97812500e-02
4.42187500e-08,-5.30937500e-03,3.55796875e-02,2.97562500e-02
4.42587500e-08,-5.37187500e-03,3.55734375e-02,2.97312500e-02
4.42987500e-08,-5.42500000e-03,3.55656250e-02,2.97031250e-02
4.43387500e-08,-5.47500000e-03,3.55562500e-02,2.96781250e-02
4.43787500e-08,-5.51562500e-03,3.55421875e-02,2.96531250e-02
4.44187500e-08,-5.55000000e-03,3.55265625e-02,2.96312500e-02
4.44587500e-08,-5.57500000e-03,3.55093750e-02,2.96093750e-02
4.44987500e-08,-5.59375000e-03,3.54906250e-02,2.95937500e-02
4.45387500e-08,-5.60625000e-03,3.54687500e-02,2.95781250e-02
4.45787500e-08,-5.60937500e-03,3.54484375e-02,2.95656250e-02
4.46187500e-08,-5.60937500e-03,3.54265625e-02,2.95593750e-02
4.46587500e-08,-5.60625000e-03,3.54078125e-02,2.95562500e-02
4.46987500e-08,-5.59375000e-03,3.53890625e-02,2.95562500e-02
4.47387500e-08,-5.58125000e-03,3.53734375e-02,2.95593750e-02
4.47787500e-08,-5.56875000e-03,3.53609375e-02,2.95687500e-02
4.48187500e-08,-5.55000000e-03,3.53515625e-02,2.95781250e-02
4.48587500e-08,-5.53125000e-03,3.53453125e-02,2.95906250e-02
4.48987500e-08,-5.50937500e-03,3.53421875e-02,2.96062500e-02
4.49387500e-08,-5.48750000e-03,3.53406250e-02,2.96187500e-02
4.49787500e-08,-5.46562500e-03,3.53437500e-02,2.96343750e-02
4.50187500e-08,-5.44062500e-03,3.53468750e-02,2.96468750e-02
4.50587500e-08,-5.40937500e-03,3.53515625e-02,2.96562500e-02
4.50987500e-08,-5.37812500e-03,3.53546875e-02,2.96625000e-02
4.51387500e-08,-5.34062500e-03,3.53593750e-02,2.96625000e-02
4.51787500e-08,-5.30000000e-03,3.53609375e-02,2.96593750e-02
4.52187500e-08,-5.25625000e-03,3.53593750e-02,2.96500000e-02
4.52587500e-08,-5.20312500e-03,3.53546875e-02,2.96343750e-02
4.52987500e-08,-5.14687500e-03,3.53468750e-02,2.96125000e-02
4.53387500e-08,-5.08437500e-03,3.53343750e-02,2.95843750e-02
4.53787500e-08,-5.01875000e-03,3.53187500e-02,2.95531250e-02
4.54187500e-08,-4.94687500e-03,3.53000000e-02,2.95156250e-02
4.54587500e-08,-4.87187500e-03,3.52765625e-02,2.94750000e-02
4.54987500e-08,-4.79687500e-03,3.52515625e-02,2.94343750e-02
4.55387500e-08,-4.71562500e-03,3.52250000e-02,2.93937500e-02
4.55787500e-08,-4.64062500e-03,3.51984375e-02,2.93531250e-02
4.56187500e-08,-4.56250000e-03,3.51718750e-02,2.93156250e-02
4.56587500e-08,-4.49062500e-03,3.51468750e-02,2.92843750e-02
4.56987500e-08,-4.42187500e-03,3.51234375e-02,2.92562500e-02
4.57387500e-08,-4.35625000e-03,3.51046875e-02,2.92375000e-02
4.57787500e-08,-4.30000000e-03,3.50890625e-02,2.92250000e-02
4.58187500e-08,-4.25000000e-03,3.50796875e-02,2.92218750e-02
4.58587500e-08,-4.20625000e-03,3.50750000e-02,2.92281250e-02
4.58987500e-08,-4.16875000e-03,3.50750000e-02,2.92406250e-02
4.59387500e-08,-4.13750000e-03,3.50796875e-02,2.92625000e-02
4.59787500e-08,-4.11250000e-03,3.50890625e-02,2.92937500e-02
4.60187500e-08,-4.09375000e-03,3.51031250e-02,2.93281250e-02
4.60587500e-08,-4.07500000e-03,3.51203125e-02,2.93687500e-02
4.60987500e-08,-4.06250000e-03,3.51375000e-02,2.94125000e-02
4.61387500e-08,-4.04687500e-03,3.51562500e-02,2.94562500e-02
4.61787500e-08,-4.03437500e-03,3.51750000e-02,2.95031250e-02
4.62187500e-08,-4.01875000e-03,3.51921875e-02,2.95437500e-02
4.62587500e-08,-4.00312500e-03,3.52062500e-02,2.95843750e-02
4.62987500e-08,-3.98437500e-03,3.52171875e-02,2.96187500e-02
4.63387500e-08,-3.96250000e-03,3.52234375e-02,2.96468750e-02
4.63787500e-08,-3.93750000e-03,3.52265625e-02,2.96656250e-02
4.64187500e-08,-3.91250000e-03,3.52234375e-02,2.96812500e-02
4.64587500e-08,-3.88750000e-03,3.52156250e-02,2.96875000e-02
4.64987500e-08,-3.86250000e-03,3.52031250e-02,2.96875000e-02
4.65387500e-08,-3.84062500e-03,3.51859375e-02,2.96812500e-02
4.65787500e-08,-3.82187500e-03,3.51656250e-02,2.96687500e-02
4.66187500e-08,-3.80937500e-03,3.51437500e-02,2.96500000e-02
4.66587500e-08,-3.80625000e-03,3.51203125e-02,2.96312500e-02
4.66987500e-08,-3.80937500e-03,3.50968750e-02,2.96093750e-02
4.67387500e-08,-3.82500000e-03,3.50750000e-02,2.95875000e-02
4.67787500e-08,-3.85000000e-03,3.50531250e-02,2.95656250e-02
4.68187500e-08,-3.89062500e-03,3.50343750e-02,2.95468750e-02
4.68587500e-08,-3.94062500e-03,3.50187500e-02,2.95312500e-02
4.68987500e-08,-4.00000000e-03,3.50062500e-02,2.95187500e-02
4.69387500e-08,-4.07187500e-03,3.49968750e-02,2.95093750e-02
4.69787500e-08,-4.15000000e-03,3.49921875e-02,2.95062500e-02
4.70187500e-08,-4.23437500e-03,3.49890625e-02,2.95093750e-02
4.70587500e-08,-4.32187500e-03,3.49906250e-02,2.95125000e-02
4.70987500e-08,-4.40937500e-03,3.49937500e-02,2.95218750e-02
4.71387500e-08,-4.49375000e-03,3.49984375e-02,2.95312500e-02
4.71787500e-08,-4.57500000e-03,3.50031250e-02,2.95406250e-02
4.72187500e-08,-4.64375000e-03,3.50078125e-02,2.95531250e-02
4.72587500e-08,-4.70312500e-03,3.50109375e-02,2.95625000e-02
4.72987500e-08,-4.75000000e-03,3.50109375e-02,2.95687500e-02
4.73387500e-08,-4.78125000e-03,3.50093750e-02,2.95718750e-02
4.73787500e-08,-4.79375000e-03,3.50046875e-02,2.95687500e-02
4.74187500e-08,-4.79062500e-03,3.49953125e-02,2.95625000e-02
4.74587500e-08,-4.76875000e-03,3.49812500e-02,2.95500000e-02
4.74987500e-08,-4.73437500e-03,3.49656250e-02,2.95312500e-02
4.75387500e-08,-4.68125000e-03,3.49437500e-02,2.95062500e-02
4.75787500e-08,-4.61875000e-03,3.49203125e-02,2.94781250e-02
4.76187500e-08,-4.54375000e-03,3.48937500e-02,2.94468750e-02
4.76587500e-08,-4.46250000e-03,3.48656250e-02,2.94125000e-02
4.76987500e-08,-4.37812500e-03,3.48375000e-02,2.93781250e-02
4.77387500e-08,-4.29062500e-03,3.48078125e-02,2.93437500e-02
4.77787500e-08,-4.20937500e-03,3.47796875e-02,2.93125000e-02
4.78187500e-08,-4.12812500e-03,3.47531250e-02,2.92843750e-02
4.78587500e-08,-4.05625000e-03,3.47281250e-02,2.92593750e-02
4.78987500e-08,-3.99062500e-03,3.47078125e-02,2.92406250e-02
4.79387500e-08,-3.93750000e-03,3.46890625e-02,2.92312500e-02
4.79787500e-08,-3.89687500e-03,3.46734375e-02,2.92312500e-02
4.80187500e-08,-3.86562500e-03,3.46625000e-02,2.92375000e-02
4.80587500e-08,-3.84375000e-03,3.46531250e-02,2.92531250e-02
4.80987500e-08,-3.83437500e-03,3.46484375e-02,2.92781250e-02
4.81387500e-08,-3.83125000e-03,3.46468750e-02,2.93093750e-02
4.81787500e-08,-3.83437500e-03,3.46453125e-02,2.93500000e-02
4.82187500e-08,-3.84062500e-03,3.46468750e-02,2.93937500e-02
4.82587500e-08,-3.84687500e-03,3.46484375e-02,2.94437500e-02
4.82987500e-08,-3.85625000e-03,3.46515625e-02,2.94968750e-02
4.83387500e-08,-3.85937500e-03,3.46546875e-02,2.95500000e-02
4.83787500e-08,-3.85937500e-03,3.46562500e-02,2.96031250e-02
4.84187500e-08,-3.85312500e-03,3.46562500e-02,2.96531250e-02
4.84587500e-08,-3.83750000e-03,3.46562500e-02,2.97000000e-02
4.84987500e-08,-3.81562500e-03,3.46531250e-02,2.97375000e-02
4.85387500e-08,-3.78437500e-03,3.46500000e-02,2.97687500e-02
4.85787500e-08,-3.74687500e-03,3.46453125e-02,2.97937500e-02
4.86187500e-08,-3.70312500e-03,3.46390625e-02,2.98062500e-02
4.86587500e-08,-3.65625000e-03,3.46312500e-02,2.98093750e-02
4.86987500e-08,-3.60312500e-03,3.46234375e-02,2.98000000e-02
4.87387500e-08,-3.55000000e-03,3.46156250e-02,2.97812500e-02
4.87787500e-08,-3.50000000e-03,3.46078125e-02,2.97531250e-02
4.88187500e-08,-3.45312500e-03,3.45984375e-02,2.97125000e-02
4.88587500e-08,-3.40937500e-03,3.45906250e-02,2.96625000e-02
4.88987500e-08,-3.37500000e-03,3.45828125e-02,2.96062500e-02
4.89387500e-08,-3.35312500e-03,3.45765625e-02,2.95437500e-02
4.89787500e-08,-3.34062500e-03,3.45687500e-02,2.94750000e-02
4.90187500e-08,-3.33750000e-03,3.45625000e-02,2.94031250e-02
4.90587500e-08,-3.35000000e-03,3.45546875e-02,2.93281250e-02
4.90987500e-08,-3.37187500e-03,3.45468750e-02,2.92531250e-02
4.91387500e-08,-3.40937500e-03,3.45375000e-02,2.91781250e-02
4.91787500e-08,-3.45312500e-03,3.45265625e-02,2.91093750e-02
4.92187500e-08,-3.50937500e-03,3.45140625e-02,2.90406250e-02
4.92587500e-08,-3.57500000e-03,3.45000000e-02,2.89812500e-02
4.92987500e-08,-3.64375000e-03,3.44812500e-02,2.89250000e-02
4.93387500e-08,-3.71875000e-03,3.44609375e-02,2.88781250e-02
4.93787500e-08,-3.79687500e-03,3.44375000e-02,2.88406250e-02
4.94187500e-08,-3.87500000e-03,3.44109375e-02,2.88093750e-02
4.94587500e-08,-3.95312500e-03,3.43812500e-02,2.87875000e-02
4.94987500e-08,-4.02500000e-03,3.43500000e-02,2.87718750e-02
4.95387500e-08,-4.09375000e-03,3.43156250e-02,2.87656250e-02
4.95787500e-08,-4.15937500e-03,3.42828125e-02,2.87687500e-02
4.96187500e-08,-4.21562500e-03,3.42484375e-02,2.87781250e-02
4.96587500e-08,-4.26562500e-03,3.42140625e-02,2.87906250e-02
4.96987500e-08,-4.30625000e-03,3.41828125e-02,2.88125000e-02
4.97387500e-08,-4.34375000e-03,3.41531250e-02,2.88375000e-02
4.97787500e-08,-4.37187500e-03,3.41281250e-02,2.88656250e-02
4.98187500e-08,-4.39062500e-03,3.41062500e-02,2.88968750e-02
4.98587500e-08,-4.40625000e-03,3.40906250e-02,2.89281250e-02
4.98987500e-08,-4.41562500e-03,3.40781250e-02,2.89625000e-02
4.99387500e-08,-4.41875000e-03,3.40734375e-02,2.89937500e-02
4.99787500e-08,-4.41562500e-03,3.40734375e-02,2.90218750e-02
5.00187500e-08,-4.40937500e-03,3.40781250e-02,2.90500000e-02
5.00587500e-08,-4.39687500e-03,3.40890625e-02,2.90750000e-02
5.00987500e-08,-4.38125000e-03,3.41046875e-02,2.90937500e-02
5.01387500e-08,-4.36562500e-03,3.41234375e-02,2.91125000e-02
5.01787500e-08,-4.34375000e-03,3.41437500e-02,2.91218750e-02
5.02187500e-08,-4.31875000e-03,3.41671875e-02,2.91312500e-02
5.02587500e-08,-4.29062500e-03,3.41906250e-02,2.91343750e-02
5.02987500e-08,-4.25937500e-03,3.42109375e-02,2.91312500e-02
5.03387500e-08,-4.22500000e-03,3.42312500e-02,2.91250000e-02
5.03787500e-08,-4.18750000e-03,3.42468750e-02,2.91156250e-02
5.04187500e-08,-4.14687500e-03,3.42578125e-02,2.91000000e-02
5.04587500e-08,-4.10312500e-03,3.42640625e-02,2.90843750e-02
5.04987500e-08,-4.05937500e-03,3.42640625e-02,2.90625000e-02
5.05387500e-08,-4.01250000e-03,3.42578125e-02,2.90406250e-02
5.05787500e-08,-3.96562500e-03,3.42437500e-02,2.90187500e-02
5.06187500e-08,-3.91875000e-03,3.42234375e-02,2.89968750e-02
5.06587500e-08,-3.86875000e-03,3.41968750e-02,2.89718750e-02
5.06987500e-08,-3.82187500e-03,3.41656250e-02,2.89500000e-02
5.07387500e-08,-3.77812500e-03,3.41281250e-02,2.89281250e-02
5.07787500e-08,-3.73437500e-03,3.40875000e-02,2.89062500e-02
5.08187500e-08,-3.69375000e-03,3.40437500e-02,2.88906250e-02
5.08587500e-08,-3.65937500e-03,3.39984375e-02,2.88750000e-02
5.08987500e-08,-3.62500000e-03,3.39531250e-02,2.88625000e-02
5.09387500e-08,-3.59687500e-03,3.39078125e-02,2.88500000e-02
5.09787500e-08,-3.57500000e-03,3.38671875e-02,2.88437500e-02
5.10187500e-08,-3.55625000e-03,3.38281250e-02,2.88375000e-02
5.10587500e-08,-3.54375000e-03,3.37937500e-02,2.88343750e-02
5.10987500e-08,-3.53437500e-03,3.37656250e-02,2.88312500e-02
5.11387500e-08,-3.52812500e-03,3.37421875e-02,2.88312500e-02
5.11787500e-08,-3.52812500e-03,3.37265625e-02,2.88343750e-02
5.12187500e-08,-3.53125000e-03,3.37156250e-02,2.88343750e-02
5.12587500e-08,-3.53750000e-03,3.37093750e-02,2.88375000e-02
5.12987500e-08,-3.54687500e-03,3.37093750e-02,2.88375000e-02
5.13387500e-08,-3.55625000e-03,3.37140625e-02,2.88375000e-02
5.13787500e-08,-3.56875000e-03,3.37234375e-02,2.88343750e-02
5.14187500e-08,-3.58437500e-03,3.37343750e-02,2.88312500e-02
5.14587500e-08,-3.59687500e-03,3.37468750e-02,2.88250000e-02
5.14987500e-08,-3.61250000e-03,3.37609375e-02,2.88187500e-02
5.15387500e-08,-3.63125000e-03,3.37734375e-02,2.88062500e-02
5.15787500e-08,-3.64687500e-03,3.37859375e-02,2.87937500e-02
5.16187500e-08,-3.66562500e-03,3.37953125e-02,2.87750000e-02
5.16587500e-08,-3.68437500e-03,3.38015625e-02,2.87562500e-02
5.16987500e-08,-3.70625000e-03,3.38062500e-02,2.87343750e-02
5.17387500e-08,-3.72812500e-03,3.38062500e-02,2.87093750e-02
5.17787500e-08,-3.75312500e-03,3.38031250e-02,2.86843750e-02
5.18187500e-08,-3.78125000e-03,3.37968750e-02,2.86562500e-02
5.18587500e-08,-3.80937500e-03,3.37890625e-02,2.86281250e-02
5.18987500e-08,-3.84062500e-03,3.37781250e-02,2.86000000e-02
5.19387500e-08,-3.87500000e-03,3.37671875e-02,2.85687500e-02
5.19787500e-08,-3.90937500e-03,3.37546875e-02,2.85406250e-02
5.20187500e-08,-3.94687500e-03,3.37437500e-02,2.85125000e-02
5.20587500e-08,-3.98437500e-03,3.37343750e-02,2.84843750e-02
5.20987500e-08,-4.02500000e-03,3.37281250e-02,2.84562500e-02
5.21387500e-08,-4.06250000e-03,3.37234375e-02,2.84281250e-02
5.21787500e-08,-4.10000000e-03,3.37234375e-02,2.84062500e-02
5.22187500e-08,-4.13437500e-03,3.37281250e-02,2.83812500e-02
5.22587500e-08,-4.16562500e-03,3.37343750e-02,2.83593750e-02
5.22987500e-08,-4.19062500e-03,3.37453125e-02,2.83406250e-02
5.23387500e-08,-4.21250000e-03,3.37593750e-02,2.83218750e-02
5.23787500e-08,-4.22500000e-03,3.37750000e-02,2.83062500e-02
5.24187500e-08,-4.23125000e-03,3.37921875e-02,2.82937500e-02
5.24587500e-08,-4.22812500e-03,3.38093750e-02,2.82843750e-02
5.24987500e-08,-4.21562500e-03,3.38250000e-02,2.82750000e-02
5.25387500e-08,-4.19375000e-03,3.38390625e-02,2.82718750e-02
5.25787500e-08,-4.16250000e-03,3.38484375e-02,2.82687500e-02
5.26187500e-08,-4.12187500e-03,3.38531250e-02,2.82718750e-02
5.26587500e-08,-4.06875000e-03,3.38531250e-02,2.82750000e-02
5.26987500e-08,-4.00937500e-03,3.38453125e-02,2.82843750e-02
5.27387500e-08,-3.94062500e-03,3.38312500e-02,2.82937500e-02
5.27787500e-08,-3.86562500e-03,3.38093750e-02,2.83093750e-02
5.28187500e-08,-3.78125000e-03,3.37796875e-02,2.83281250e-02
5.28587500e-08,-3.69375000e-03,3.37453125e-02,2.83468750e-02
5.28987500e-08,-3.60312500e-03,3.37031250e-02,2.83687500e-02
5.29387500e-08,-3.51250000e-03,3.36578125e-02,2.83937500e-02
5.29787500e-08,-3.41875000e-03,3.36078125e-02,2.84187500e-02
5.30187500e-08,-3.32500000e-03,3.35578125e-02,2.84437500e-02
5.30587500e-08,-3.23437500e-03,3.35062500e-02,2.84687500e-02
5.30987500e-08,-3.15000000e-03,3.34578125e-02,2.84937500e-02
5.31387500e-08,-3.06875000e-03,3.34109375e-02,2.85156250e-02
5.31787500e-08,-2.99062500e-03,3.33718750e-02,2.85343750e-02
5.32187500e-08,-2.92187500e-03,3.33375000e-02,2.85500000e-02
5.32587500e-08,-2.85937500e-03,3.33109375e-02,2.85593750e-02
5.32987500e-08,-2.80625000e-03,3.32937500e-02,2.85687500e-02
5.33387500e-08,-2.75937500e-03,3.32859375e-02,2.85687500e-02
5.33787500e-08,-2.71875000e-03,3.32875000e-02,2.85687500e-02
5.34187500e-08,-2.68750000e-03,3.32968750e-02,2.85593750e-02
5.34587500e-08,-2.65937500e-03,3.33156250e-02,2.85468750e-02
5.34987500e-08,-2.64062500e-03,3.33406250e-02,2.85312500e-02
5.35387500e-08,-2.62500000e-03,3.33718750e-02,2.85125000e-02
5.35787500e-08,-2.61250000e-03,3.34078125e-02,2.84906250e-02
5.36187500e-08,-2.60625000e-03,3.34453125e-02,2.84656250e-02
5.36587500e-08,-2.60000000e-03,3.34843750e-02,2.84375000e-02
5.36987500e-08,-2.59687500e-03,3.35234375e-02,2.84125000e-02
5.37387500e-08,-2.59375000e-03,3.35593750e-02,2.83843750e-02
5.37787500e-08,-2.58750000e-03,3.35890625e-02,2.83593750e-02
5.38187500e-08,-2.58437500e-03,3.36156250e-02,2.83375000e-02
5.38587500e-08,-2.57812500e-03,3.36343750e-02,2.83187500e-02
5.38987500e-08,-2.56875000e-03,3.36453125e-02,2.83000000e-02
5.39387500e-08,-2.55625000e-03,3.36484375e-02,2.82875000e-02
5.39787500e-08,-2.54375000e-03,3.36437500e-02,2.82781250e-02
5.40187500e-08,-2.52812500e-03,3.36312500e-02,2.82750000e-02
5.40587500e-08,-2.50625000e-03,3.36140625e-02,2.82718750e-02
5.40987500e-08,-2.48750000e-03,3.35890625e-02,2.82750000e-02
5.41387500e-08,-2.46250000e-03,3.35593750e-02,2.82812500e-02
5.41787500e-08,-2.43750000e-03,3.35281250e-02,2.82906250e-02
5.42187500e-08,-2.41562500e-03,3.34937500e-02,2.83000000e-02
5.42587500e-08,-2.39062500e-03,3.34593750e-02,2.83156250e-02
5.42987500e-08,-2.36562500e-03,3.34265625e-02,2.83281250e-02
5.43387500e-08,-2.34375000e-03,3.33953125e-02,2.83437500e-02
5.43787500e-08,-2.32500000e-03,3.33687500e-02,2.83593750e-02
5.44187500e-08,-2.30937500e-03,3.33453125e-02,2.83750000e-02
5.44587500e-08,-2.29687500e-03,3.33281250e-02,2.83906250e-02
5.44987500e-08,-2.28750000e-03,3.33156250e-02,2.84062500e-02
5.45387500e-08,-2.28437500e-03,3.33078125e-02,2.84218750e-02
5.45787500e-08,-2.28437500e-03,3.33062500e-02,2.84343750e-02
5.46187500e-08,-2.29062500e-03,3.33078125e-02,2.84437500e-02
5.46587500e-08,-2.30000000e-03,3.33156250e-02,2.84562500e-02
5.46987500e-08,-2.31562500e-03,3.33250000e-02,2.84656250e-02
5.47387500e-08,-2.33437500e-03,3.33359375e-02,2.84718750e-02
5.47787500e-08,-2.35312500e-03,3.33500000e-02,2.84750000e-02
5.48187500e-08,-2.37500000e-03,3.33625000e-02,2.84812500e-02
5.48587500e-08,-2.39687500e-03,3.33765625e-02,2.84812500e-02
5.48987500e-08,-2.41562500e-03,3.33875000e-02,2.84781250e-02
5.49387500e-08,-2.43125000e-03,3.33968750e-02,2.84750000e-02
5.49787500e-08,-2.44375000e-03,3.34046875e-02,2.84656250e-02
5.50187500e-08,-2.45000000e-03,3.34093750e-02,2.84562500e-02
5.50587500e-08,-2.44687500e-03,3.34125000e-02,2.84406250e-02
5.50987500e-08,-2.43750000e-03,3.34125000e-02,2.84218750e-02
5.51387500e-08,-2.41562500e-03,3.34093750e-02,2.84000000e-02
5.51787500e-08,-2.38125000e-03,3.34046875e-02,2.83718750e-02
5.52187500e-08,-2.33750000e-03,3.34000000e-02,2.83437500e-02
5.52587500e-08,-2.28125000e-03,3.33921875e-02,2.83093750e-02
5.52987500e-08,-2.20937500e-03,3.33859375e-02,2.82750000e-02
5.53387500e-08,-2.12812500e-03,3.33781250e-02,2.82343750e-02
5.53787500e-08,-2.03437500e-03,3.33718750e-02,2.81968750e-02
5.54187500e-08,-1.92812500e-03,3.33656250e-02,2.81562500e-02
5.54587500e-08,-1.81562500e-03,3.33609375e-02,2.81156250e-02
5.54987500e-08,-1.69062500e-03,3.33562500e-02,2.80781250e-02
5.55387500e-08,-1.56250000e-03,3.33531250e-02,2.80406250e-02
5.55787500e-08,-1.43125000e-03,3.33500000e-02,2.80093750e-02
5.56187500e-08,-1.29687500e-03,3.33468750e-02,2.79781250e-02
5.56587500e-08,-1.15937500e-03,3.33437500e-02,2.79562500e-02
5.56987500e-08,-1.02812500e-03,3.33390625e-02,2.79375000e-02
5.57387500e-08,-9.00000000e-04,3.33328125e-02,2.79250000e-02
5.57787500e-08,-7.75000000e-04,3.33250000e-02,2.79187500e-02
5.58187500e-08,-6.62500000e-04,3.33140625e-02,2.79187500e-02
5.58587500e-08,-5.53125000e-04,3.33015625e-02,2.79250000e-02
5.58987500e-08,-4.59375000e-04,3.32859375e-02,2.79343750e-02
5.59387500e-08,-3.71875000e-04,3.32671875e-02,2.79468750e-02
5.59787500e-08,-2.96875000e-04,3.32453125e-02,2.79625000e-02
5.60187500e-08,-2.34375000e-04,3.32203125e-02,2.79781250e-02
5.60587500e-08,-1.81250000e-04,3.31937500e-02,2.79968750e-02
5.60987500e-08,-1.37500000e-04,3.31656250e-02,2.80125000e-02
5.61387500e-08,-1.06250000e-04,3.31359375e-02,2.80250000e-02
5.61787500e-08,-8.43750000e-05,3.31062500e-02,2.80312500e-02
5.62187500e-08,-7.18750000e-05,3.30781250e-02,2.80375000e-02
5.62587500e-08,-6.56250000e-05,3.30515625e-02,2.80343750e-02
5.62987500e-08,-6.56250000e-05,3.30265625e-02,2.80250000e-02
5.63387500e-08,-7.18750000e-05,3.30046875e-02,2.80093750e-02
5.63787500e-08,-8.43750000e-05,3.29859375e-02,2.79875000e-02
5.64187500e-08,-1.03125000e-04,3.29718750e-02,2.79593750e-02
5.64587500e-08,-1.25000000e-04,3.29609375e-02,2.79250000e-02
5.64987500e-08,-1.50000000e-04,3.29531250e-02,2.78875000e-02
5.65387500e-08,-1.78125000e-04,3.29484375e-02,2.78468750e-02
5.65787500e-08,-2.09375000e-04,3.29484375e-02,2.78031250e-02
5.66187500e-08,-2.43750000e-04,3.29500000e-02,2.77593750e-02
5.66587500e-08,-2.81250000e-04,3.29515625e-02,2.77156250e-02
5.66987500e-08,-3.21875000e-04,3.29562500e-02,2.76750000e-02
5.67387500e-08,-3.65625000e-04,3.29593750e-02,2.76406250e-02
5.67787500e-08,-4.12500000e-04,3.29609375e-02,2.76093750e-02
5.68187500e-08,-4.59375000e-04,3.29593750e-02,2.75875000e-02
5.68587500e-08,-5.09375000e-04,3.29546875e-02,2.75687500e-02
5.68987500e-08,-5.59375000e-04,3.29468750e-02,2.75593750e-02
5.69387500e-08,-6.09375000e-04,3.29343750e-02,2.75593750e-02
5.69787500e-08,-6.59375000e-04,3.29171875e-02,2.75656250e-02
5.70187500e-08,-7.06250000e-04,3.28953125e-02,2.75781250e-02
5.70587500e-08,-7.46875000e-04,3.28671875e-02,2.75968750e-02
5.70987500e-08,-7.87500000e-04,3.28359375e-02,2.76187500e-02
5.71387500e-08,-8.21875000e-04,3.28000000e-02,2.76468750e-02
5.71787500e-08,-8.46875000e-04,3.27609375e-02,2.76750000e-02
5.72187500e-08,-8.65625000e-04,3.27187500e-02,2.77062500e-02
5.72587500e-08,-8.78125000e-04,3.26781250e-02,2.77312500e-02
5.72987500e-08,-8.78125000e-04,3.26359375e-02,2.77562500e-02
5.73387500e-08,-8.71875000e-04,3.25968750e-02,2.77781250e-02
5.73787500e-08,-8.53125000e-04,3.25593750e-02,2.77937500e-02
5.74187500e-08,-8.28125000e-04,3.25265625e-02,2.78000000e-02
5.74587500e-08,-7.93750000e-04,3.25000000e-02,2.78031250e-02
5.74987500e-08,-7.50000000e-04,3.24781250e-02,2.77968750e-02
5.75387500e-08,-7.00000000e-04,3.24625000e-02,2.77843750e-02
5.75787500e-08,-6.43750000e-04,3.24546875e-02,2.77625000e-02
5.76187500e-08,-5.84375000e-04,3.24546875e-02,2.77375000e-02
5.76587500e-08,-5.21875000e-04,3.24593750e-02,2.77062500e-02
5.76987500e-08,-4.59375000e-04,3.24718750e-02,2.76750000e-02
5.77387500e-08,-3.96875000e-04,3.24906250e-02,2.76406250e-02
5.77787500e-08,-3.34375000e-04,3.25125000e-02,2.76062500e-02
5.78187500e-08,-2.75000000e-04,3.25375000e-02,2.75718750e-02
5.78587500e-08,-2.18750000e-04,3.25640625e-02,2.75468750e-02
5.78987500e-08,-1.68750000e-04,3.25921875e-02,2.75250000e-02
5.79387500e-08,-1.21875000e-04,3.26187500e-02,2.75093750e-02
5.79787500e-08,-8.12500000e-05,3.26421875e-02,2.75031250e-02
5.80187500e-08,-4.37500000e-05,3.26625000e-02,2.75093750e-02
5.80587500e-08,-1.56250000e-05,3.26781250e-02,2.75218750e-02
5.80987500e-08,9.37500000e-06,3.26859375e-02,2.75468750e-02
5.81387500e-08,2.81250000e-05,3.26875000e-02,2.75843750e-02
5.81787500e-08,4.37500000e-05,3.26812500e-02,2.76281250e-02
5.82187500e-08,5.62500000e-05,3.26687500e-02,2.76812500e-02
5.82587500e-08,6.25000000e-05,3.26468750e-02,2.77406250e-02
5.82987500e-08,6.56250000e-05,3.26203125e-02,2.78031250e-02
5.83387500e-08,6.56250000e-05,3.25859375e-02,2.78687500e-02
5.83787500e-08,6.25000000e-05,3.25468750e-02,2.79375000e-02
5.84187500e-08,5.62500000e-05,3.25031250e-02,2.80000000e-02
5.84587500e-08,5.00000000e-05,3.24578125e-02,2.80593750e-02
5.84987500e-08,3.75000000e-05,3.24109375e-02,2.81125000e-02
5.85387500e-08,2.18750000e-05,3.23640625e-02,2.81531250e-02
5.85787500e-08,3.12500000e-06,3.23187500e-02,2.81875000e-02
5.86187500e-08,-1.87500000e-05,3.22781250e-02,2.82062500e-02
5.86587500e-08,-4.37500000e-05,3.22406250e-02,2.82125000e-02
5.86987500e-08,-7.50000000e-05,3.22093750e-02,2.82062500e-02
5.87387500e-08,-1.09375000e-04,3.21843750e-02,2.81875000e-02
5.87787500e-08,-1.50000000e-04,3.21656250e-02,2.81562500e-02
5.88187500e-08,-1.93750000e-04,3.21531250e-02,2.81125000e-02
5.88587500e-08,-2.40625000e-04,3.21468750e-02,2.80625000e-02
5.88987500e-08,-2.90625000e-04,3.21468750e-02,2.80031250e-02
5.89387500e-08,-3.43750000e-04,3.21515625e-02,2.79375000e-02
5.89787500e-08,-4.00000000e-04,3.21593750e-02,2.78718750e-02
5.90187500e-08,-4.56250000e-04,3.21703125e-02,2.78093750e-02
5.90587500e-08,-5.12500000e-04,3.21828125e-02,2.77468750e-02
5.90987500e-08,-5.65625000e-04,3.21953125e-02,2.76875000e-02
5.91387500e-08,-6.18750000e-04,3.22062500e-02,2.76406250e-02
5.91787500e-08,-6.68750000e-04,3.22140625e-02,2.76000000e-02
5.92187500e-08,-7.15625000e-04,3.22171875e-02,2.75718750e-02
5.92587500e-08,-7.56250000e-04,3.22156250e-02,2.75531250e-02
5.92987500e-08,-7.90625000e-04,3.22093750e-02,2.75468750e-02
5.93387500e-08,-8.21875000e-04,3.21953125e-02,2.75500000e-02
5.93787500e-08,-8.46875000e-04,3.21750000e-02,2.75625000e-02
5.94187500e-08,-8.65625000e-04,3.21500000e-02,2.75843750e-02
5.94587500e-08,-8.81250000e-04,3.21171875e-02,2.76125000e-02
5.94987500e-08,-8.90625000e-04,3.20812500e-02,2.76437500e-02
5.95387500e-08,-8.93750000e-04,3.20421875e-02,2.76750000e-02
5.95787500e-08,-8.93750000e-04,3.19984375e-02,2.77062500e-02
5.96187500e-08,-8.90625000e-04,3.19562500e-02,2.77343750e-02
5.96587500e-08,-8.81250000e-04,3.19125000e-02,2.77531250e-02
5.96987500e-08,-8.71875000e-04,3.18703125e-02,2.77656250e-02
5.97387500e-08,-8.56250000e-04,3.18328125e-02,2.77656250e-02
5.97787500e-08,-8.40625000e-04,3.18000000e-02,2.77531250e-02
5.98187500e-08,-8.21875000e-04,3.17718750e-02,2.77312500e-02
5.98587500e-08,-8.00000000e-04,3.17500000e-02,2.76968750e-02
5.98987500e-08,-7.75000000e-04,3.17343750e-02,2.76500000e-02
5.99387500e-08,-7.43750000e-04,3.17265625e-02,2.75937500e-02
5.99787500e-08,-7.09375000e-04,3.17250000e-02,2.75281250e-02
6.00187500e-08,-6.71875000e-04,3.17312500e-02,2.74562500e-02
6.00587500e-08,-6.28125000e-04,3.17421875e-02,2.73843750e-02
6.00987500e-08,-5.81250000e-04,3.17578125e-02,2.73093750e-02
6.01387500e-08,-5.28125000e-04,3.17781250e-02,2.72375000e-02
6.01787500e-08,-4.65625000e-04,3.18000000e-02,2.71718750e-02
6.02187500e-08,-4.00000000e-04,3.18234375e-02,2.71125000e-02
6.02587500e-08,-3.28125000e-04,3.18468750e-02,2.70656250e-02
6.02987500e-08,-2.53125000e-04,3.18687500e-02,2.70281250e-02
6.03387500e-08,-1.75000000e-04,3.18890625e-02,2.70062500e-02
6.03787500e-08,-9.06250000e-05,3.19046875e-02,2.70000000e-02
6.04187500e-08,-6.25000000e-06,3.19171875e-02,2.70093750e-02
6.04587500e-08,8.12500000e-05,3.19250000e-02,2.70312500e-02
6.04987500e-08,1.65625000e-04,3.19265625e-02,2.70656250e-02
6.05387500e-08,2.50000000e-04,3.19234375e-02,2.71125000e-02
6.05787500e-08,3.28125000e-04,3.19171875e-02,2.71656250e-02
6.06187500e-08,4.03125000e-04,3.19046875e-02,2.72281250e-02
6.06587500e-08,4.71875000e-04,3.18890625e-02,2.72937500e-02
6.06987500e-08,5.34375000e-04,3.18718750e-02,2.73625000e-02
6.07387500e-08,5.90625000e-04,3.18515625e-02,2.74250000e-02
6.07787500e-08,6.37500000e-04,3.18312500e-02,2.74843750e-02
6.08187500e-08,6.81250000e-04,3.18109375e-02,2.75375000e-02
6.08587500e-08,7.12500000e-04,3.17921875e-02,2.75812500e-02
6.08987500e-08,7.40625000e-04,3.17734375e-02,2.76156250e-02
6.09387500e-08,7.62500000e-04,3.17578125e-02,2.76343750e-02
6.09787500e-08,7.78125000e-04,3.17453125e-02,2.76437500e-02
6.10187500e-08,7.90625000e-04,3.17343750e-02,2.76406250e-02
6.10587500e-08,8.00000000e-04,3.17265625e-02,2.76281250e-02
6.10987500e-08,8.09375000e-04,3.17218750e-02,2.76031250e-02
6.11387500e-08,8.15625000e-04,3.17203125e-02,2.75687500e-02
6.11787500e-08,8.25000000e-04,3.17187500e-02,2.75312500e-02
6.12187500e-08,8.34375000e-04,3.17203125e-02,2.74843750e-02
6.12587500e-08,8.46875000e-04,3.17218750e-02,2.74375000e-02
6.12987500e-08,8.59375000e-04,3.17250000e-02,2.73906250e-02
6.13387500e-08,8.71875000e-04,3.17265625e-02,2.73437500e-02
6.13787500e-08,8.87500000e-04,3.17265625e-02,2.73000000e-02
6.14187500e-08,9.03125000e-04,3.17265625e-02,2.72593750e-02
6.14587500e-08,9.15625000e-04,3.17250000e-02,2.72250000e-02
6.14987500e-08,9.31250000e-04,3.17218750e-02,2.71968750e-02
6.15387500e-08,9.40625000e-04,3.17171875e-02,2.71781250e-02
6.15787500e-08,9.50000000e-04,3.17109375e-02,2.71625000e-02
6.16187500e-08,9.53125000e-04,3.17046875e-02,2.71531250e-02
6.16587500e-08,9.53125000e-04,3.16968750e-02,2.71500000e-02
6.16987500e-08,9.43750000e-04,3.16906250e-02,2.71531250e-02
6.17387500e-08,9.34375000e-04,3.16843750e-02,2.71562500e-02
6.17787500e-08,9.15625000e-04,3.16796875e-02,2.71656250e-02
6.18187500e-08,8.93750000e-04,3.16781250e-02,2.71750000e-02
6.18587500e-08,8.68750000e-04,3.16781250e-02,2.71812500e-02
6.18987500e-08,8.37500000e-04,3.16812500e-02,2.71906250e-02
6.19387500e-08,8.09375000e-04,3.16859375e-02,2.71968750e-02
6.19787500e-08,7.78125000e-04,3.16953125e-02,2.72031250e-02
6.20187500e-08,7.50000000e-04,3.17062500e-02,2.72062500e-02
6.20587500e-08,7.28125000e-04,3.17203125e-02,2.72062500e-02
6.20987500e-08,7.09375000e-04,3.17343750e-02,2.72031250e-02
6.21387500e-08,7.00000000e-04,3.17500000e-02,2.72031250e-02
6.21787500e-08,6.96875000e-04,3.17640625e-02,2.72000000e-02
6.22187500e-08,7.06250000e-04,3.17765625e-02,2.71937500e-02
6.22587500e-08,7.25000000e-04,3.17875000e-02,2.71906250e-02
6.22987500e-08,7.56250000e-04,3.17937500e-02,2.71875000e-02
6.23387500e-08,7.96875000e-04,3.17937500e-02,2.71875000e-02
6.23787500e-08,8.50000000e-04,3.17890625e-02,2.71906250e-02
6.24187500e-08,9.12500000e-04,3.17765625e-02,2.71937500e-02
6.24587500e-08,9.81250000e-04,3.17578125e-02,2.72000000e-02
6.24987500e-08,1.05625000e-03,3.17312500e-02,2.72093750e-02
6.25387500e-08,1.13437500e-03,3.16968750e-02,2.72187500e-02
6.25787500e-08,1.21562500e-03,3.16546875e-02,2.72312500e-02
6.26187500e-08,1.30000000e-03,3.16062500e-02,2.72437500e-02
6.26587500e-08,1.37812500e-03,3.15531250e-02,2.72593750e-02
6.26987500e-08,1.45312500e-03,3.14953125e-02,2.72718750e-02
6.27387500e-08,1.52500000e-03,3.14343750e-02,2.72843750e-02
6.27787500e-08,1.59062500e-03,3.13734375e-02,2.72968750e-02
6.28187500e-08,1.64687500e-03,3.13125000e-02,2.73031250e-02
6.28587500e-08,1.69375000e-03,3.12531250e-02,2.73093750e-02
6.28987500e-08,1.73437500e-03,3.11984375e-02,2.73093750e-02
6.29387500e-08,1.76875000e-03,3.11500000e-02,2.73062500e-02
6.29787500e-08,1.79375000e-03,3.11078125e-02,2.73000000e-02
6.30187500e-08,1.81562500e-03,3.10734375e-02,2.72875000e-02
6.30587500e-08,1.83125000e-03,3.10484375e-02,2.72718750e-02
6.30987500e-08,1.84375000e-03,3.10328125e-02,2.72531250e-02
6.31387500e-08,1.85625000e-03,3.10281250e-02,2.72312500e-02
6.31787500e-08,1.86875000e-03,3.10312500e-02,2.72062500e-02
6.32187500e-08,1.88125000e-03,3.10421875e-02,2.71812500e-02
6.32587500e-08,1.89375000e-03,3.10625000e-02,2.71531250e-02
6.32987500e-08,1.91250000e-03,3.10890625e-02,2.71250000e-02
6.33387500e-08,1.93437500e-03,3.11187500e-02,2.70968750e-02
6.33787500e-08,1.95625000e-03,3.11531250e-02,2.70687500e-02
6.34187500e-08,1.98437500e-03,3.11875000e-02,2.70437500e-02
6.34587500e-08,2.01250000e-03,3.12218750e-02,2.70187500e-02
6.34987500e-08,2.04062500e-03,3.12546875e-02,2.69937500e-02
6.35387500e-08,2.07187500e-03,3.12828125e-02,2.69718750e-02
6.35787500e-08,2.10000000e-03,3.13046875e-02,2.69531250e-02
6.36187500e-08,2.12500000e-03,3.13218750e-02,2.69375000e-02
6.36587500e-08,2.14687500e-03,3.13312500e-02,2.69250000e-02
6.36987500e-08,2.16562500e-03,3.13312500e-02,2.69125000e-02
6.37387500e-08,2.17500000e-03,3.13250000e-02,2.69031250e-02
6.37787500e-08,2.17812500e-03,3.13109375e-02,2.68937500e-02
6.38187500e-08,2.17187500e-03,3.12890625e-02,2.68906250e-02
6.38587500e-08,2.15937500e-03,3.12609375e-02,2.68875000e-02
6.38987500e-08,2.14062500e-03,3.12281250e-02,2.68875000e-02
6.39387500e-08,2.11250000e-03,3.11906250e-02,2.68906250e-02
6.39787500e-08,2.08125000e-03,3.11515625e-02,2.68968750e-02
6.40187500e-08,2.04375000e-03,3.11125000e-02,2.69031250e-02
6.40587500e-08,2.00625000e-03,3.10734375e-02,2.69156250e-02
6.40987500e-08,1.96562500e-03,3.10375000e-02,2.69281250e-02
6.41387500e-08,1.92500000e-03,3.10046875e-02,2.69437500e-02
6.41787500e-08,1.88750000e-03,3.09750000e-02,2.69625000e-02
6.42187500e-08,1.85312500e-03,3.09531250e-02,2.69812500e-02
6.42587500e-08,1.82500000e-03,3.09359375e-02,2.70031250e-02
6.42987500e-08,1.80000000e-03,3.09250000e-02,2.70281250e-02
6.43387500e-08,1.77812500e-03,3.09203125e-02,2.70500000e-02
6.43787500e-08,1.76562500e-03,3.09218750e-02,2.70718750e-02
6.44187500e-08,1.75625000e-03,3.09281250e-02,2.70937500e-02
6.44587500e-08,1.75000000e-03,3.09375000e-02,2.71093750e-02
6.44987500e-08,1.74687500e-03,3.09500000e-02,2.71250000e-02
6.45387500e-08,1.75000000e-03,3.09640625e-02,2.71343750e-02
6.45787500e-08,1.75000000e-03,3.09765625e-02,2.71406250e-02
6.46187500e-08,1.75000000e-03,3.09890625e-02,2.71406250e-02
6.46587500e-08,1.75000000e-03,3.10000000e-02,2.71343750e-02
6.46987500e-08,1.74375000e-03,3.10062500e-02,2.71218750e-02
6.47387500e-08,1.73750000e-03,3.10078125e-02,2.71000000e-02
6.47787500e-08,1.72500000e-03,3.10046875e-02,2.70750000e-02
6.48187500e-08,1.70625000e-03,3.09953125e-02,2.70437500e-02
6.48587500e-08,1.68750000e-03,3.09812500e-02,2.70062500e-02
6.48987500e-08,1.66250000e-03,3.09625000e-02,2.69687500e-02
6.49387500e-08,1.63437500e-03,3.09375000e-02,2.69250000e-02
6.49787500e-08,1.60625000e-03,3.09109375e-02,2.68781250e-02
6.50187500e-08,1.58125000e-03,3.08796875e-02,2.68312500e-02
6.50587500e-08,1.55625000e-03,3.08468750e-02,2.67875000e-02
6.50987500e-08,1.54062500e-03,3.08140625e-02,2.67437500e-02
6.51387500e-08,1.52812500e-03,3.07812500e-02,2.67031250e-02
6.51787500e-08,1.52500000e-03,3.07515625e-02,2.66656250e-02
6.52187500e-08,1.53437500e-03,3.07250000e-02,2.66343750e-02
6.52587500e-08,1.55312500e-03,3.07031250e-02,2.66093750e-02
6.52987500e-08,1.58750000e-03,3.06859375e-02,2.65875000e-02
6.53387500e-08,1.63125000e-03,3.06750000e-02,2.65687500e-02
6.53787500e-08,1.68750000e-03,3.06687500e-02,2.65562500e-02
6.54187500e-08,1.75625000e-03,3.06687500e-02,2.65468750e-02
6.54587500e-08,1.83750000e-03,3.06750000e-02,2.65406250e-02
6.54987500e-08,1.92187500e-03,3.06859375e-02,2.65375000e-02
6.55387500e-08,2.01562500e-03,3.07000000e-02,2.65343750e-02
6.55787500e-08,2.10937500e-03,3.07171875e-02,2.65281250e-02
6.56187500e-08,2.20312500e-03,3.07359375e-02,2.65218750e-02
6.56587500e-08,2.29687500e-03,3.07562500e-02,2.65125000e-02
6.56987500e-08,2.38125000e-03,3.07750000e-02,2.65000000e-02
6.57387500e-08,2.45625000e-03,3.07906250e-02,2.64843750e-02
6.57787500e-08,2.52187500e-03,3.08031250e-02,2.64656250e-02
6.58187500e-08,2.57187500e-03,3.08109375e-02,2.64406250e-02
6.58587500e-08,2.60937500e-03,3.08140625e-02,2.64156250e-02
6.58987500e-08,2.62812500e-03,3.08109375e-02,2.63843750e-02
6.59387500e-08,2.63437500e-03,3.08000000e-02,2.63531250e-02
6.59787500e-08,2.62187500e-03,3.07843750e-02,2.63250000e-02
6.60187500e-08,2.59687500e-03,3.07640625e-02,2.62968750e-02
6.60587500e-08,2.55937500e-03,3.07359375e-02,2.62718750e-02
6.60987500e-08,2.51250000e-03,3.07046875e-02,2.62531250e-02
6.61387500e-08,2.45937500e-03,3.06703125e-02,2.62406250e-02
6.61787500e-08,2.39687500e-03,3.06343750e-02,2.62343750e-02
6.62187500e-08,2.33750000e-03,3.05968750e-02,2.62406250e-02
6.62587500e-08,2.27500000e-03,3.05609375e-02,2.62562500e-02
6.62987500e-08,2.21875000e-03,3.05265625e-02,2.62812500e-02
6.63387500e-08,2.16875000e-03,3.04953125e-02,2.63156250e-02
6.63787500e-08,2.12812500e-03,3.04687500e-02,2.63625000e-02
6.64187500e-08,2.09687500e-03,3.04468750e-02,2.64187500e-02
6.64587500e-08,2.07812500e-03,3.04328125e-02,2.64781250e-02
6.64987500e-08,2.06875000e-03,3.04234375e-02,2.65468750e-02
6.65387500e-08,2.07500000e-03,3.04218750e-02,2.66156250e-02
6.65787500e-08,2.09062500e-03,3.04250000e-02,2.66875000e-02
6.66187500e-08,2.11875000e-03,3.04359375e-02,2.67562500e-02
6.66587500e-08,2.15312500e-03,3.04515625e-02,2.68187500e-02
6.66987500e-08,2.19687500e-03,3.04703125e-02,2.68781250e-02
6.67387500e-08,2.24687500e-03,3.04937500e-02,2.69250000e-02
6.67787500e-08,2.29687500e-03,3.05171875e-02,2.69593750e-02
6.68187500e-08,2.35000000e-03,3.05437500e-02,2.69843750e-02
6.68587500e-08,2.40000000e-03,3.05671875e-02,2.69937500e-02
6.68987500e-08,2.44687500e-03,3.05906250e-02,2.69906250e-02
6.69387500e-08,2.48750000e-03,3.06093750e-02,2.69718750e-02
6.69787500e-08,2.52187500e-03,3.06250000e-02,2.69406250e-02
6.70187500e-08,2.54687500e-03,3.06343750e-02,2.68968750e-02
6.70587500e-08,2.56562500e-03,3.06390625e-02,2.68406250e-02
6.70987500e-08,2.57187500e-03,3.06375000e-02,2.67781250e-02
6.71387500e-08,2.57187500e-03,3.06296875e-02,2.67093750e-02
6.71787500e-08,2.56250000e-03,3.06156250e-02,2.66375000e-02
6.72187500e-08,2.54687500e-03,3.05953125e-02,2.65625000e-02
6.72587500e-08,2.52500000e-03,3.05703125e-02,2.64937500e-02
6.72987500e-08,2.49687500e-03,3.05421875e-02,2.64250000e-02
6.73387500e-08,2.46562500e-03,3.05093750e-02,2.63625000e-02
6.73787500e-08,2.43437500e-03,3.04734375e-02,2.63093750e-02
6.74187500e-08,2.40625000e-03,3.04375000e-02,2.62625000e-02
6.74587500e-08,2.37500000e-03,3.04000000e-02,2.62281250e-02
6.74987500e-08,2.35000000e-03,3.03656250e-02,2.62031250e-02
6.75387500e-08,2.33125000e-03,3.03312500e-02,2.61875000e-02
6.75787500e-08,2.31875000e-03,3.03000000e-02,2.61781250e-02
6.76187500e-08,2.31250000e-03,3.02718750e-02,2.61781250e-02
6.76587500e-08,2.31250000e-03,3.02484375e-02,2.61843750e-02
6.76987500e-08,2.32187500e-03,3.02281250e-02,2.61968750e-02
6.77387500e-08,2.34062500e-03,3.02140625e-02,2.62093750e-02
6.77787500e-08,2.36562500e-03,3.02031250e-02,2.62250000e-02
6.78187500e-08,2.39687500e-03,3.01968750e-02,2.62375000e-02
6.78587500e-08,2.43750000e-03,3.01968750e-02,2.62500000e-02
6.78987500e-08,2.48125000e-03,3.01984375e-02,2.62562500e-02
6.79387500e-08,2.53125000e-03,3.02031250e-02,2.62593750e-02
6.79787500e-08,2.58437500e-03,3.02109375e-02,2.62562500e-02
6.80187500e-08,2.64062500e-03,3.02218750e-02,2.62468750e-02
6.80587500e-08,2.69375000e-03,3.02312500e-02,2.62312500e-02
6.80987500e-08,2.75000000e-03,3.02421875e-02,2.62125000e-02
6.81387500e-08,2.80312500e-03,3.02531250e-02,2.61906250e-02
6.81787500e-08,2.85312500e-03,3.02625000e-02,2.61625000e-02
6.82187500e-08,2.89687500e-03,3.02703125e-02,2.61375000e-02
6.82587500e-08,2.93750000e-03,3.02750000e-02,2.61093750e-02
6.82987500e-08,2.96875000e-03,3.02765625e-02,2.60843750e-02
6.83387500e-08,2.99375000e-03,3.02765625e-02,2.60593750e-02
6.83787500e-08,3.00937500e-03,3.02718750e-02,2.60406250e-02
6.84187500e-08,3.01875000e-03,3.02656250e-02,2.60281250e-02
6.84587500e-08,3.01875000e-03,3.02546875e-02,2.60187500e-02
6.84987500e-08,3.00937500e-03,3.02406250e-02,2.60156250e-02
6.85387500e-08,2.99375000e-03,3.02234375e-02,2.60156250e-02
6.85787500e-08,2.97187500e-03,3.02046875e-02,2.60187500e-02
6.86187500e-08,2.94375000e-03,3.01828125e-02,2.60281250e-02
6.86587500e-08,2.90937500e-03,3.01593750e-02,2.60343750e-02
6.86987500e-08,2.87187500e-03,3.01343750e-02,2.60437500e-02
6.87387500e-08,2.83125000e-03,3.01093750e-02,2.60500000e-02
6.87787500e-08,2.79062500e-03,3.00843750e-02,2.60531250e-02
6.88187500e-08,2.75000000e-03,3.00609375e-02,2.60468750e-02
6.88587500e-08,2.71562500e-03,3.00375000e-02,2.60375000e-02
6.88987500e-08,2.68125000e-03,3.00156250e-02,2.60187500e-02
6.89387500e-08,2.65625000e-03,2.99984375e-02,2.59875000e-02
6.89787500e-08,2.63437500e-03,2.99828125e-02,2.59500000e-02
6.90187500e-08,2.62187500e-03,2.99703125e-02,2.59000000e-02
6.90587500e-08,2.61562500e-03,2.99625000e-02,2.58406250e-02
6.90987500e-08,2.61875000e-03,2.99578125e-02,2.57718750e-02
6.91387500e-08,2.62812500e-03,2.99593750e-02,2.56968750e-02
6.91787500e-08,2.64687500e-03,2.99640625e-02,2.56156250e-02
6.92187500e-08,2.66875000e-03,2.99734375e-02,2.55312500e-02
6.92587500e-08,2.69687500e-03,2.99875000e-02,2.54468750e-02
6.92987500e-08,2.72812500e-03,3.00046875e-02,2.53656250e-02
6.93387500e-08,2.75625000e-03,3.00265625e-02,2.52875000e-02
6.93787500e-08,2.78750000e-03,3.00515625e-02,2.52156250e-02
6.94187500e-08,2.81250000e-03,3.00781250e-02,2.51531250e-02
6.94587500e-08,2.83437500e-03,3.01062500e-02,2.51000000e-02
6.94987500e-08,2.84687500e-03,3.01343750e-02,2.50593750e-02
6.95387500e-08,2.85312500e-03,3.01640625e-02,2.50343750e-02
6.95787500e-08,2.84687500e-03,3.01906250e-02,2.50218750e-02
6.96187500e-08,2.83125000e-03,3.02156250e-02,2.50218750e-02
6.96587500e-08,2.80625000e-03,3.02359375e-02,2.50375000e-02
6.96987500e-08,2.76875000e-03,3.02531250e-02,2.50625000e-02
6.97387500e-08,2.72500000e-03,3.02656250e-02,2.51000000e-02
6.97787500e-08,2.66875000e-03,3.02718750e-02,2.51437500e-02
6.98187500e-08,2.61250000e-03,3.02703125e-02,2.51968750e-02
6.98587500e-08,2.55000000e-03,3.02640625e-02,2.52531250e-02
6.98987500e-08,2.48437500e-03,3.02515625e-02,2.53093750e-02
6.99387500e-08,2.42500000e-03,3.02328125e-02,2.53687500e-02
6.99787500e-08,2.36875000e-03,3.02062500e-02,2.54218750e-02
7.00187500e-08,2.32187500e-03,3.01765625e-02,2.54750000e-02
7.00587500e-08,2.28437500e-03,3.01406250e-02,2.55218750e-02
7.00987500e-08,2.25937500e-03,3.01031250e-02,2.55625000e-02
7.01387500e-08,2.24687500e-03,3.00609375e-02,2.55937500e-02
7.01787500e-08,2.25312500e-03,3.00187500e-02,2.56218750e-02
7.02187500e-08,2.27500000e-03,2.99781250e-02,2.56406250e-02
7.02587500e-08,2.30937500e-03,2.99375000e-02,2.56562500e-02
7.02987500e-08,2.36250000e-03,2.99000000e-02,2.56656250e-02
7.03387500e-08,2.42812500e-03,2.98656250e-02,2.56750000e-02
7.03787500e-08,2.50312500e-03,2.98375000e-02,2.56781250e-02
7.04187500e-08,2.58437500e-03,2.98156250e-02,2.56843750e-02
7.04587500e-08,2.67500000e-03,2.97984375e-02,2.56906250e-02
7.04987500e-08,2.76250000e-03,2.97890625e-02,2.57000000e-02
7.05387500e-08,2.85000000e-03,2.97859375e-02,2.57156250e-02
7.05787500e-08,2.93125000e-03,2.97890625e-02,2.57343750e-02
7.06187500e-08,3.00312500e-03,2.97984375e-02,2.57593750e-02
7.06587500e-08,3.06250000e-03,2.98125000e-02,2.57875000e-02
7.06987500e-08,3.10625000e-03,2.98312500e-02,2.58218750e-02
7.07387500e-08,3.13125000e-03,2.98515625e-02,2.58625000e-02
7.07787500e-08,3.14375000e-03,2.98734375e-02,2.59062500e-02
7.08187500e-08,3.13437500e-03,2.98937500e-02,2.59531250e-02
7.08587500e-08,3.10937500e-03,2.99140625e-02,2.60031250e-02
7.08987500e-08,3.06562500e-03,2.99312500e-02,2.60500000e-02
7.09387500e-08,3.00937500e-03,2.99421875e-02,2.60968750e-02
7.09787500e-08,2.94062500e-03,2.99500000e-02,2.61375000e-02
7.10187500e-08,2.86250000e-03,2.99500000e-02,2.61750000e-02
7.10587500e-08,2.77812500e-03,2.99437500e-02,2.62062500e-02
7.10987500e-08,2.69375000e-03,2.99296875e-02,2.62250000e-02
7.11387500e-08,2.60937500e-03,2.99093750e-02,2.62375000e-02
7.11787500e-08,2.52812500e-03,2.98812500e-02,2.62406250e-02
7.12187500e-08,2.45312500e-03,2.98500000e-02,2.62343750e-02
7.12587500e-08,2.39062500e-03,2.98125000e-02,2.62187500e-02
7.12987500e-08,2.33750000e-03,2.97718750e-02,2.61937500e-02
7.13387500e-08,2.29687500e-03,2.97296875e-02,2.61562500e-02
7.13787500e-08,2.26875000e-03,2.96875000e-02,2.61156250e-02
7.14187500e-08,2.25625000e-03,2.96484375e-02,2.60656250e-02
7.14587500e-08,2.25312500e-03,2.96125000e-02,2.60125000e-02
7.14987500e-08,2.26250000e-03,2.95812500e-02,2.59531250e-02
7.15387500e-08,2.28125000e-03,2.95562500e-02,2.58906250e-02
7.15787500e-08,2.30625000e-03,2.95390625e-02,2.58281250e-02
7.16187500e-08,2.33750000e-03,2.95312500e-02,2.57656250e-02
7.16587500e-08,2.36875000e-03,2.95312500e-02,2.57031250e-02
7.16987500e-08,2.40312500e-03,2.95421875e-02,2.56437500e-02
7.17387500e-08,2.43125000e-03,2.95609375e-02,2.55843750e-02
7.17787500e-08,2.45937500e-03,2.95890625e-02,2.55250000e-02
7.18187500e-08,2.48125000e-03,2.96234375e-02,2.54687500e-02
7.18587500e-08,2.49375000e-03,2.96640625e-02,2.54156250e-02
7.18987500e-08,2.50000000e-03,2.97078125e-02,2.53625000e-02
7.19387500e-08,2.50312500e-03,2.97531250e-02,2.53125000e-02
7.19787500e-08,2.49687500e-03,2.97984375e-02,2.52625000e-02
7.20187500e-08,2.48437500e-03,2.98421875e-02,2.52125000e-02
7.20587500e-08,2.46875000e-03,2.98812500e-02,2.51625000e-02
7.20987500e-08,2.45000000e-03,2.99140625e-02,2.51125000e-02
7.21387500e-08,2.42812500e-03,2.99375000e-02,2.50625000e-02
7.21787500e-08,2.40937500e-03,2.99515625e-02,2.50125000e-02
7.22187500e-08,2.39062500e-03,2.99562500e-02,2.49593750e-02
7.22587500e-08,2.37500000e-03,2.99484375e-02,2.49093750e-02
7.22987500e-08,2.36250000e-03,2.99296875e-02,2.48593750e-02
7.23387500e-08,2.35625000e-03,2.99000000e-02,2.48125000e-02
7.23787500e-08,2.35625000e-03,2.98593750e-02,2.47656250e-02
7.24187500e-08,2.35937500e-03,2.98093750e-02,2.47250000e-02
7.24587500e-08,2.36562500e-03,2.97531250e-02,2.46875000e-02
7.24987500e-08,2.37812500e-03,2.96906250e-02,2.46562500e-02
7.25387500e-08,2.39062500e-03,2.96250000e-02,2.46343750e-02
7.25787500e-08,2.40625000e-03,2.95578125e-02,2.46187500e-02
7.26187500e-08,2.41875000e-03,2.94937500e-02,2.46125000e-02
7.26587500e-08,2.43125000e-03,2.94328125e-02,2.46125000e-02
7.26987500e-08,2.44062500e-03,2.93781250e-02,2.46250000e-02
7.27387500e-08,2.44687500e-03,2.93328125e-02,2.46437500e-02
7.27787500e-08,2.44687500e-03,2.92968750e-02,2.46718750e-02
7.28187500e-08,2.44062500e-03,2.92718750e-02,2.47093750e-02
7.28587500e-08,2.43437500e-03,2.92593750e-02,2.47500000e-02
7.28987500e-08,2.42187500e-03,2.92578125e-02,2.47968750e-02
7.29387500e-08,2.40625000e-03,2.92703125e-02,2.48500000e-02
7.29787500e-08,2.38750000e-03,2.92921875e-02,2.49031250e-02
7.30187500e-08,2.37187500e-03,2.93250000e-02,2.49562500e-02
7.30587500e-08,2.35937500e-03,2.93656250e-02,2.50062500e-02
7.30987500e-08,2.35000000e-03,2.94140625e-02,2.50562500e-02
7.31387500e-08,2.34687500e-03,2.94656250e-02,2.51000000e-02
7.31787500e-08,2.35312500e-03,2.95187500e-02,2.51375000e-02
7.32187500e-08,2.37187500e-03,2.95718750e-02,2.51687500e-02
7.32587500e-08,2.40000000e-03,2.96218750e-02,2.51906250e-02
7.32987500e-08,2.44375000e-03,2.96656250e-02,2.52062500e-02
7.33387500e-08,2.49687500e-03,2.97015625e-02,2.52125000e-02
7.33787500e-08,2.56562500e-03,2.97296875e-02,2.52125000e-02
7.34187500e-08,2.64375000e-03,2.97468750e-02,2.52062500e-02
7.34587500e-08,2.73125000e-03,2.97531250e-02,2.51937500e-02
7.34987500e-08,2.82500000e-03,2.97468750e-02,2.51750000e-02
7.35387500e-08,2.92500000e-03,2.97312500e-02,2.51562500e-02
7.35787500e-08,3.02812500e-03,2.97046875e-02,2.51312500e-02
7.36187500e-08,3.12500000e-03,2.96687500e-02,2.51093750e-02
7.36587500e-08,3.21875000e-03,2.96250000e-02,2.50906250e-02
7.36987500e-08,3.30312500e-03,2.95765625e-02,2.50718750e-02
7.37387500e-08,3.37500000e-03,2.95250000e-02,2.50593750e-02
7.37787500e-08,3.43125000e-03,2.94718750e-02,2.50500000e-02
7.38187500e-08,3.46875000e-03,2.94203125e-02,2.50500000e-02
7.38587500e-08,3.49062500e-03,2.93718750e-02,2.50531250e-02
7.38987500e-08,3.49062500e-03,2.93296875e-02,2.50656250e-02
7.39387500e-08,3.46875000e-03,2.92953125e-02,2.50843750e-02
7.39787500e-08,3.43125000e-03,2.92687500e-02,2.51093750e-02
7.40187500e-08,3.37500000e-03,2.92531250e-02,2.51375000e-02
7.40587500e-08,3.30312500e-03,2.92468750e-02,2.51687500e-02
7.40987500e-08,3.21875000e-03,2.92515625e-02,2.52062500e-02
7.41387500e-08,3.12812500e-03,2.92671875e-02,2.52406250e-02
7.41787500e-08,3.03125000e-03,2.92921875e-02,2.52781250e-02
7.42187500e-08,2.93437500e-03,2.93265625e-02,2.53125000e-02
7.42587500e-08,2.83750000e-03,2.93671875e-02,2.53437500e-02
7.42987500e-08,2.75000000e-03,2.94125000e-02,2.53687500e-02
7.43387500e-08,2.67187500e-03,2.94609375e-02,2.53906250e-02
7.43787500e-08,2.60937500e-03,2.95109375e-02,2.54062500e-02
7.44187500e-08,2.56250000e-03,2.95609375e-02,2.54156250e-02
7.44587500e-08,2.53437500e-03,2.96078125e-02,2.54187500e-02
7.44987500e-08,2.52187500e-03,2.96515625e-02,2.54156250e-02
7.45387500e-08,2.53125000e-03,2.96890625e-02,2.54093750e-02
7.45787500e-08,2.55625000e-03,2.97187500e-02,2.53968750e-02
7.46187500e-08,2.60000000e-03,2.97421875e-02,2.53812500e-02
7.46587500e-08,2.65625000e-03,2.97578125e-02,2.53656250e-02
7.46987500e-08,2.72500000e-03,2.97640625e-02,2.53500000e-02
7.47387500e-08,2.80312500e-03,2.97640625e-02,2.53343750e-02
7.47787500e-08,2.88750000e-03,2.97546875e-02,2.53218750e-02
7.48187500e-08,2.97187500e-03,2.97406250e-02,2.53156250e-02
7.48587500e-08,3.05625000e-03,2.97187500e-02,2.53125000e-02
7.48987500e-08,3.13437500e-03,2.96937500e-02,2.53156250e-02
7.49387500e-08,3.20625000e-03,2.96656250e-02,2.53281250e-02
7.49787500e-08,3.26562500e-03,2.96343750e-02,2.53468750e-02
7.50187500e-08,3.31562500e-03,2.96031250e-02,2.53750000e-02
7.50587500e-08,3.35000000e-03,2.95703125e-02,2.54093750e-02
7.50987500e-08,3.37187500e-03,2.95375000e-02,2.54531250e-02
7.51387500e-08,3.37812500e-03,2.95062500e-02,2.55031250e-02
7.51787500e-08,3.37187500e-03,2.94765625e-02,2.55593750e-02
7.52187500e-08,3.35625000e-03,2.94468750e-02,2.56187500e-02
7.52587500e-08,3.32812500e-03,2.94187500e-02,2.56812500e-02
7.52987500e-08,3.29687500e-03,2.93921875e-02,2.57500000e-02
7.53387500e-08,3.25937500e-03,2.93656250e-02,2.58156250e-02
7.53787500e-08,3.21875000e-03,2.93390625e-02,2.58843750e-02
7.54187500e-08,3.18125000e-03,2.93125000e-02,2.59500000e-02
7.54587500e-08,3.15000000e-03,2.92843750e-02,2.60156250e-02
7.54987500e-08,3.12500000e-03,2.92562500e-02,2.60781250e-02
7.55387500e-08,3.10937500e-03,2.92250000e-02,2.61343750e-02
7.55787500e-08,3.10625000e-03,2.91937500e-02,2.61906250e-02
7.56187500e-08,3.11562500e-03,2.91625000e-02,2.62375000e-02
7.56587500e-08,3.14062500e-03,2.91281250e-02,2.62843750e-02
7.56987500e-08,3.17812500e-03,2.90953125e-02,2.63218750e-02
7.57387500e-08,3.23125000e-03,2.90625000e-02,2.63562500e-02
7.57787500e-08,3.29687500e-03,2.90312500e-02,2.63812500e-02
7.58187500e-08,3.37500000e-03,2.90031250e-02,2.64000000e-02
7.58587500e-08,3.45937500e-03,2.89781250e-02,2.64125000e-02
7.58987500e-08,3.55625000e-03,2.89578125e-02,2.64125000e-02
7.59387500e-08,3.65625000e-03,2.89421875e-02,2.64062500e-02
7.59787500e-08,3.75625000e-03,2.89328125e-02,2.63843750e-02
7.60187500e-08,3.85625000e-03,2.89312500e-02,2.63500000e-02
7.60587500e-08,3.95312500e-03,2.89359375e-02,2.63031250e-02
7.60987500e-08,4.04062500e-03,2.89484375e-02,2.62375000e-02
7.61387500e-08,4.11875000e-03,2.89671875e-02,2.61531250e-02
7.61787500e-08,4.18437500e-03,2.89937500e-02,2.60468750e-02
7.62187500e-08,4.23750000e-03,2.90250000e-02,2.59218750e-02
7.62587500e-08,4.27187500e-03,2.90609375e-02,2.57718750e-02
7.62987500e-08,4.29062500e-03,2.91000000e-02,2.56000000e-02
7.63387500e-08,4.29062500e-03,2.91406250e-02,2.54031250e-02
7.63787500e-08,4.27187500e-03,2.91812500e-02,2.51843750e-02
7.64187500e-08,4.23750000e-03,2.92218750e-02,2.49406250e-02
7.64587500e-08,4.18750000e-03,2.92578125e-02,2.46781250e-02
7.64987500e-08,4.12187500e-03,2.92890625e-02,2.43937500e-02
7.65387500e-08,4.04375000e-03,2.93156250e-02,2.40968750e-02
7.65787500e-08,3.95625000e-03,2.93343750e-02,2.37875000e-02
7.66187500e-08,3.85937500e-03,2.93468750e-02,2.34687500e-02
7.66587500e-08,3.75625000e-03,2.93500000e-02,2.31468750e-02
7.66987500e-08,3.65312500e-03,2.93453125e-02,2.28281250e-02
7.67387500e-08,3.55000000e-03,2.93328125e-02,2.25125000e-02
7.67787500e-08,3.45312500e-03,2.93140625e-02,2.22125000e-02
7.68187500e-08,3.35937500e-03,2.92890625e-02,2.19250000e-02
7.68587500e-08,3.27812500e-03,2.92593750e-02,2.16593750e-02
7.68987500e-08,3.20625000e-03,2.92250000e-02,2.14187500e-02
7.69387500e-08,3.14687500e-03,2.91890625e-02,2.12062500e-02
7.69787500e-08,3.10312500e-03,2.91515625e-02,2.10250000e-02
7.70187500e-08,3.07500000e-03,2.91171875e-02,2.08781250e-02
7.70587500e-08,3.06250000e-03,2.90828125e-02,2.07656250e-02
7.70987500e-08,3.06562500e-03,2.90531250e-02,2.06906250e-02
7.71387500e-08,3.08125000e-03,2.90265625e-02,2.06500000e-02
7.71787500e-08,3.11250000e-03,2.90062500e-02,2.06468750e-02
7.72187500e-08,3.15625000e-03,2.89921875e-02,2.06781250e-02
7.72587500e-08,3.21250000e-03,2.89828125e-02,2.07437500e-02
7.72987500e-08,3.27500000e-03,2.89796875e-02,2.08406250e-02
7.73387500e-08,3.34375000e-03,2.89828125e-02,2.09625000e-02
7.73787500e-08,3.41875000e-03,2.89906250e-02,2.11156250e-02
7.74187500e-08,3.49375000e-03,2.90015625e-02,2.12875000e-02
7.74587500e-08,3.57187500e-03,2.90156250e-02,2.14843750e-02
7.74987500e-08,3.64375000e-03,2.90312500e-02,2.16968750e-02
7.75387500e-08,3.71562500e-03,2.90484375e-02,2.19281250e-02
7.75787500e-08,3.77812500e-03,2.90656250e-02,2.21718750e-02
7.76187500e-08,3.83750000e-03,2.90828125e-02,2.24312500e-02
7.76587500e-08,3.88750000e-03,2.90968750e-02,2.27031250e-02
7.76987500e-08,3.93125000e-03,2.91078125e-02,2.29843750e-02
7.77387500e-08,3.96875000e-03,2.91156250e-02,2.32750000e-02
7.77787500e-08,4.00000000e-03,2.91203125e-02,2.35718750e-02
7.78187500e-08,4.02500000e-03,2.91203125e-02,2.38781250e-02
7.78587500e-08,4.04375000e-03,2.91171875e-02,2.41875000e-02
7.78987500e-08,4.05937500e-03,2.91109375e-02,2.45000000e-02
7.79387500e-08,4.07187500e-03,2.91000000e-02,2.48187500e-02
7.79787500e-08,4.08750000e-03,2.90875000e-02,2.51343750e-02
7.80187500e-08,4.10000000e-03,2.90718750e-02,2.54468750e-02
7.80587500e-08,4.11562500e-03,2.90546875e-02,2.57500000e-02
7.80987500e-08,4.13437500e-03,2.90359375e-02,2.60468750e-02
7.81387500e-08,4.15625000e-03,2.90171875e-02,2.63281250e-02
7.81787500e-08,4.18437500e-03,2.89968750e-02,2.65906250e-02
7.82187500e-08,4.21250000e-03,2.89781250e-02,2.68343750e-02
7.82587500e-08,4.24687500e-03,2.89593750e-02,2.70468750e-02
7.82987500e-08,4.28437500e-03,2.89406250e-02,2.72312500e-02
7.83387500e-08,4.32500000e-03,2.89234375e-02,2.73781250e-02
7.83787500e-08,4.36250000e-03,2.89062500e-02,2.74906250e-02
7.84187500e-08,4.40312500e-03,2.88906250e-02,2.75593750e-02
7.84587500e-08,4.43750000e-03,2.88750000e-02,2.75843750e-02
7.84987500e-08,4.46875000e-03,2.88593750e-02,2.75656250e-02
7.85387500e-08,4.49375000e-03,2.88453125e-02,2.75031250e-02
7.85787500e-08,4.50937500e-03,2.88296875e-02,2.73968750e-02
7.86187500e-08,4.51875000e-03,2.88156250e-02,2.72500000e-02
7.86587500e-08,4.51562500e-03,2.88015625e-02,2.70593750e-02
7.86987500e-08,4.50000000e-03,2.87859375e-02,2.68343750e-02
7.87387500e-08,4.47500000e-03,2.87703125e-02,2.65781250e-02
7.87787500e-08,4.43437500e-03,2.87546875e-02,2.62937500e-02
7.88187500e-08,4.38437500e-03,2.87390625e-02,2.59875000e-02
7.88587500e-08,4.32500000e-03,2.87234375e-02,2.56656250e-02
7.88987500e-08,4.25625000e-03,2.87078125e-02,2.53343750e-02
7.89387500e-08,4.17812500e-03,2.86937500e-02,2.49968750e-02
7.89787500e-08,4.09687500e-03,2.86781250e-02,2.46593750e-02
7.90187500e-08,4.01250000e-03,2.86640625e-02,2.43250000e-02
7.90587500e-08,3.92812500e-03,2.86515625e-02,2.40031250e-02
7.90987500e-08,3.84375000e-03,2.86390625e-02,2.36968750e-02
7.91387500e-08,3.76562500e-03,2.86281250e-02,2.34093750e-02
7.91787500e-08,3.69687500e-03,2.86187500e-02,2.31406250e-02
7.92187500e-08,3.63437500e-03,2.86109375e-02,2.28968750e-02
7.92587500e-08,3.58125000e-03,2.86031250e-02,2.26781250e-02
7.92987500e-08,3.54375000e-03,2.85953125e-02,2.24843750e-02
7.93387500e-08,3.51875000e-03,2.85890625e-02,2.23187500e-02
7.93787500e-08,3.50625000e-03,2.85812500e-02,2.21781250e-02
7.94187500e-08,3.50937500e-03,2.85750000e-02,2.20687500e-02
7.94587500e-08,3.52187500e-03,2.85671875e-02,2.19843750e-02
7.94987500e-08,3.55000000e-03,2.85593750e-02,2.19281250e-02
7.95387500e-08,3.58750000e-03,2.85484375e-02,2.19000000e-02
7.95787500e-08,3.63437500e-03,2.85359375e-02,2.18968750e-02
7.96187500e-08,3.68750000e-03,2.85218750e-02,2.19218750e-02
7.96587500e-08,3.74375000e-03,2.85046875e-02,2.19718750e-02
7.96987500e-08,3.80625000e-03,2.84843750e-02,2.20500000e-02
7.97387500e-08,3.86562500e-03,2.84609375e-02,2.21562500e-02
7.97787500e-08,3.92187500e-03,2.84343750e-02,2.22906250e-02
7.98187500e-08,3.97500000e-03,2.84031250e-02,2.24500000e-02
7.98587500e-08,4.02187500e-03,2.83703125e-02,2.26343750e-02
7.98987500e-08,4.06250000e-03,2.83328125e-02,2.28437500e-02
7.99387500e-08,4.09375000e-03,2.82937500e-02,2.30812500e-02
7.99787500e-08,4.11562500e-03,2.82515625e-02,2.33375000e-02
8.00187500e-08,4.12812500e-03,2.82062500e-02,2.36156250e-02
8.00587500e-08,4.13125000e-03,2.81609375e-02,2.39125000e-02
8.00987500e-08,4.12812500e-03,2.81140625e-02,2.42187500e-02
8.01387500e-08,4.11562500e-03,2.80656250e-02,2.45375000e-02
8.01787500e-08,4.09687500e-03,2.80187500e-02,2.48593750e-02
8.02187500e-08,4.07500000e-03,2.79734375e-02,2.51812500e-02
8.02587500e-08,4.05312500e-03,2.79296875e-02,2.54968750e-02
8.02987500e-08,4.02500000e-03,2.78890625e-02,2.58000000e-02
8.03387500e-08,4.00000000e-03,2.78515625e-02,2.60843750e-02
8.03787500e-08,3.97812500e-03,2.78187500e-02,2.63468750e-02
8.04187500e-08,3.95937500e-03,2.77906250e-02,2.65812500e-02
8.04587500e-08,3.94375000e-03,2.77687500e-02,2.67843750e-02
8.04987500e-08,3.93437500e-03,2.77531250e-02,2.69468750e-02
8.05387500e-08,3.93125000e-03,2.77421875e-02,2.70718750e-02
8.05787500e-08,3.93437500e-03,2.77390625e-02,2.71500000e-02
8.06187500e-08,3.94375000e-03,2.77421875e-02,2.71875000e-02
8.06587500e-08,3.95625000e-03,2.77515625e-02,2.71781250e-02
8.06987500e-08,3.97500000e-03,2.77671875e-02,2.71250000e-02
8.07387500e-08,3.99375000e-03,2.77875000e-02,2.70312500e-02
8.07787500e-08,4.01562500e-03,2.78140625e-02,2.68968750e-02
8.08187500e-08,4.03750000e-03,2.78437500e-02,2.67281250e-02
8.08587500e-08,4.05937500e-03,2.78765625e-02,2.65281250e-02
8.08987500e-08,4.07812500e-03,2.79125000e-02,2.63031250e-02
8.09387500e-08,4.09062500e-03,2.79484375e-02,2.60562500e-02
8.09787500e-08,4.10000000e-03,2.79828125e-02,2.57968750e-02
8.10187500e-08,4.10312500e-03,2.80171875e-02,2.55250000e-02
8.10587500e-08,4.10312500e-03,2.80500000e-02,2.52531250e-02
8.10987500e-08,4.09375000e-03,2.80765625e-02,2.49812500e-02
8.11387500e-08,4.07812500e-03,2.81000000e-02,2.47187500e-02
8.11787500e-08,4.05937500e-03,2.81171875e-02,2.44656250e-02
8.12187500e-08,4.03437500e-03,2.81281250e-02,2.42312500e-02
8.12587500e-08,4.00937500e-03,2.81312500e-02,2.40125000e-02
8.12987500e-08,3.98125000e-03,2.81281250e-02,2.38187500e-02
8.13387500e-08,3.95312500e-03,2.81187500e-02,2.36468750e-02
8.13787500e-08,3.92812500e-03,2.81000000e-02,2.35000000e-02
8.14187500e-08,3.90312500e-03,2.80750000e-02,2.33781250e-02
8.14587500e-08,3.88750000e-03,2.80437500e-02,2.32812500e-02
8.14987500e-08,3.87812500e-03,2.80078125e-02,2.32093750e-02
8.15387500e-08,3.87500000e-03,2.79656250e-02,2.31593750e-02
8.15787500e-08,3.88437500e-03,2.79203125e-02,2.31343750e-02
8.16187500e-08,3.90000000e-03,2.78703125e-02,2.31250000e-02
8.16587500e-08,3.92812500e-03,2.78203125e-02,2.31375000e-02
8.16987500e-08,3.96562500e-03,2.77687500e-02,2.31656250e-02
8.17387500e-08,4.00937500e-03,2.77171875e-02,2.32093750e-02
8.17787500e-08,4.06562500e-03,2.76656250e-02,2.32656250e-02
8.18187500e-08,4.12500000e-03,2.76171875e-02,2.33312500e-02
8.18587500e-08,4.19375000e-03,2.75718750e-02,2.34062500e-02
8.18987500e-08,4.26250000e-03,2.75296875e-02,2.34906250e-02
8.19387500e-08,4.33437500e-03,2.74921875e-02,2.35843750e-02
8.19787500e-08,4.40312500e-03,2.74578125e-02,2.36812500e-02
8.20187500e-08,4.47187500e-03,2.74281250e-02,2.37843750e-02
8.20587500e-08,4.53750000e-03,2.74031250e-02,2.38906250e-02
8.20987500e-08,4.59375000e-03,2.73812500e-02,2.40000000e-02
8.21387500e-08,4.64687500e-03,2.73656250e-02,2.41125000e-02
8.21787500e-08,4.68750000e-03,2.73531250e-02,2.42250000e-02
8.22187500e-08,4.72187500e-03,2.73437500e-02,2.43406250e-02
8.22587500e-08,4.74375000e-03,2.73390625e-02,2.44562500e-02
8.22987500e-08,4.75937500e-03,2.73359375e-02,2.45718750e-02
8.23387500e-08,4.76250000e-03,2.73359375e-02,2.46875000e-02
8.23787500e-08,4.75937500e-03,2.73375000e-02,2.48031250e-02
8.24187500e-08,4.75000000e-03,2.73406250e-02,2.49156250e-02
8.24587500e-08,4.73437500e-03,2.73453125e-02,2.50250000e-02
8.24987500e-08,4.71562500e-03,2.73515625e-02,2.51281250e-02
8.25387500e-08,4.69062500e-03,2.73562500e-02,2.52281250e-02
8.25787500e-08,4.66875000e-03,2.73625000e-02,2.53250000e-02
8.26187500e-08,4.64687500e-03,2.73671875e-02,2.54125000e-02
8.26587500e-08,4.62812500e-03,2.73718750e-02,2.54937500e-02
8.26987500e-08,4.61250000e-03,2.73750000e-02,2.55687500e-02
8.27387500e-08,4.60312500e-03,2.73781250e-02,2.56312500e-02
8.27787500e-08,4.60000000e-03,2.73796875e-02,2.56843750e-02
8.28187500e-08,4.60625000e-03,2.73781250e-02,2.57281250e-02
8.28587500e-08,4.61875000e-03,2.73765625e-02,2.57593750e-02
8.28987500e-08,4.64375000e-03,2.73718750e-02,2.57750000e-02
8.29387500e-08,4.67500000e-03,2.73656250e-02,2.57812500e-02
8.29787500e-08,4.71562500e-03,2.73578125e-02,2.57718750e-02
8.30187500e-08,4.76562500e-03,2.73468750e-02,2.57468750e-02
8.30587500e-08,4.82187500e-03,2.73343750e-02,2.57062500e-02
8.30987500e-08,4.88750000e-03,2.73203125e-02,2.56531250e-02
8.31387500e-08,4.95625000e-03,2.73031250e-02,2.55812500e-02
8.31787500e-08,5.03125000e-03,2.72843750e-02,2.54937500e-02
8.32187500e-08,5.11250000e-03,2.72640625e-02,2.53937500e-02
8.32587500e-08,5.19375000e-03,2.72437500e-02,2.52781250e-02
8.32987500e-08,5.27500000e-03,2.72203125e-02,2.51468750e-02
8.33387500e-08,5.35937500e-03,2.71984375e-02,2.50031250e-02
8.33787500e-08,5.44062500e-03,2.71765625e-02,2.48500000e-02
8.34187500e-08,5.52187500e-03,2.71562500e-02,2.46843750e-02
8.34587500e-08,5.59687500e-03,2.71359375e-02,2.45125000e-02
8.34987500e-08,5.67187500e-03,2.71171875e-02,2.43343750e-02
8.35387500e-08,5.73750000e-03,2.71015625e-02,2.41531250e-02
8.35787500e-08,5.80312500e-03,2.70875000e-02,2.39750000e-02
8.36187500e-08,5.85937500e-03,2.70765625e-02,2.37968750e-02
8.36587500e-08,5.90937500e-03,2.70671875e-02,2.36250000e-02
8.36987500e-08,5.95312500e-03,2.70609375e-02,2.34625000e-02
8.37387500e-08,5.99062500e-03,2.70578125e-02,2.33125000e-02
8.37787500e-08,6.01875000e-03,2.70578125e-02,2.31781250e-02
8.38187500e-08,6.04375000e-03,2.70578125e-02,2.30593750e-02
8.38587500e-08,6.05937500e-03,2.70593750e-02,2.29625000e-02
8.38987500e-08,6.07187500e-03,2.70625000e-02,2.28843750e-02
8.39387500e-08,6.07812500e-03,2.70656250e-02,2.28312500e-02
8.39787500e-08,6.08125000e-03,2.70703125e-02,2.28000000e-02
8.40187500e-08,6.07812500e-03,2.70718750e-02,2.27937500e-02
8.40587500e-08,6.07500000e-03,2.70734375e-02,2.28093750e-02
8.40987500e-08,6.07187500e-03,2.70734375e-02,2.28500000e-02
8.41387500e-08,6.06562500e-03,2.70734375e-02,2.29125000e-02
8.41787500e-08,6.06250000e-03,2.70718750e-02,2.29968750e-02
8.42187500e-08,6.06250000e-03,2.70687500e-02,2.30968750e-02
8.42587500e-08,6.06250000e-03,2.70656250e-02,2.32093750e-02
8.42987500e-08,6.06875000e-03,2.70625000e-02,2.33375000e-02
8.43387500e-08,6.07812500e-03,2.70593750e-02,2.34750000e-02
8.43787500e-08,6.09062500e-03,2.70609375e-02,2.36156250e-02
8.44187500e-08,6.10937500e-03,2.70640625e-02,2.37625000e-02
8.44587500e-08,6.13125000e-03,2.70703125e-02,2.39062500e-02
8.44987500e-08,6.15937500e-03,2.70828125e-02,2.40468750e-02
8.45387500e-08,6.18750000e-03,2.71015625e-02,2.41812500e-02
8.45787500e-08,6.21875000e-03,2.71250000e-02,2.43093750e-02
8.46187500e-08,6.25312500e-03,2.71562500e-02,2.44281250e-02
8.46587500e-08,6.28750000e-03,2.71953125e-02,2.45343750e-02
8.46987500e-08,6.31875000e-03,2.72390625e-02,2.46281250e-02
8.47387500e-08,6.35000000e-03,2.72890625e-02,2.47093750e-02
8.47787500e-08,6.37500000e-03,2.73453125e-02,2.47781250e-02
8.48187500e-08,6.39687500e-03,2.74031250e-02,2.48343750e-02
8.48587500e-08,6.41250000e-03,2.74640625e-02,2.48781250e-02
8.48987500e-08,6.42500000e-03,2.75250000e-02,2.49093750e-02
8.49387500e-08,6.43125000e-03,2.75843750e-02,2.49343750e-02
8.49787500e-08,6.43125000e-03,2.76390625e-02,2.49468750e-02
8.50187500e-08,6.42500000e-03,2.76875000e-02,2.49500000e-02
8.50587500e-08,6.41562500e-03,2.77265625e-02,2.49500000e-02
8.50987500e-08,6.40312500e-03,2.77562500e-02,2.49406250e-02
8.51387500e-08,6.39062500e-03,2.77734375e-02,2.49250000e-02
8.51787500e-08,6.38125000e-03,2.77765625e-02,2.49062500e-02
8.52187500e-08,6.37187500e-03,2.77671875e-02,2.48812500e-02
8.52587500e-08,6.36562500e-03,2.77437500e-02,2.48531250e-02
8.52987500e-08,6.36875000e-03,2.77046875e-02,2.48156250e-02
8.53387500e-08,6.37812500e-03,2.76546875e-02,2.47781250e-02
8.53787500e-08,6.39687500e-03,2.75921875e-02,2.47312500e-02
8.54187500e-08,6.42500000e-03,2.75203125e-02,2.46812500e-02
8.54587500e-08,6.46562500e-03,2.74421875e-02,2.46218750e-02
8.54987500e-08,6.51562500e-03,2.73593750e-02,2.45593750e-02
8.55387500e-08,6.57500000e-03,2.72750000e-02,2.44875000e-02
8.55787500e-08,6.64375000e-03,2.71921875e-02,2.44125000e-02
8.56187500e-08,6.72187500e-03,2.71140625e-02,2.43281250e-02
8.56587500e-08,6.80312500e-03,2.70437500e-02,2.42375000e-02
8.56987500e-08,6.88750000e-03,2.69843750e-02,2.41437500e-02
8.57387500e-08,6.97500000e-03,2.69359375e-02,2.40437500e-02
8.57787500e-08,7.05937500e-03,2.69015625e-02,2.39437500e-02
8.58187500e-08,7.13750000e-03,2.68812500e-02,2.38406250e-02
8.58587500e-08,7.20625000e-03,2.68765625e-02,2.37406250e-02
8.58987500e-08,7.26562500e-03,2.68875000e-02,2.36406250e-02
8.59387500e-08,7.31250000e-03,2.69125000e-02,2.35468750e-02
8.59787500e-08,7.34375000e-03,2.69500000e-02,2.34625000e-02
8.60187500e-08,7.35937500e-03,2.69968750e-02,2.33843750e-02
8.60587500e-08,7.35937500e-03,2.70531250e-02,2.33187500e-02
8.60987500e-08,7.34062500e-03,2.71140625e-02,2.32625000e-02
8.61387500e-08,7.30312500e-03,2.71765625e-02,2.32218750e-02
8.61787500e-08,7.25312500e-03,2.72390625e-02,2.31968750e-02
8.62187500e-08,7.18750000e-03,2.73000000e-02,2.31843750e-02
8.62587500e-08,7.11250000e-03,2.73531250e-02,2.31906250e-02
8.62987500e-08,7.02812500e-03,2.74000000e-02,2.32062500e-02
8.63387500e-08,6.93437500e-03,2.74359375e-02,2.32406250e-02
8.63787500e-08,6.84062500e-03,2.74609375e-02,2.32843750e-02
8.64187500e-08,6.74687500e-03,2.74734375e-02,2.33437500e-02
8.64587500e-08,6.65625000e-03,2.74750000e-02,2.34093750e-02
8.64987500e-08,6.56875000e-03,2.74656250e-02,2.34843750e-02
8.65387500e-08,6.49375000e-03,2.74453125e-02,2.35687500e-02
8.65787500e-08,6.42500000e-03,2.74171875e-02,2.36531250e-02
8.66187500e-08,6.36875000e-03,2.73812500e-02,2.37437500e-02
8.66587500e-08,6.32500000e-03,2.73390625e-02,2.38312500e-02
8.66987500e-08,6.29375000e-03,2.72953125e-02,2.39218750e-02
8.67387500e-08,6.27500000e-03,2.72500000e-02,2.40062500e-02
8.67787500e-08,6.27187500e-03,2.72062500e-02,2.40875000e-02
8.68187500e-08,6.27500000e-03,2.71656250e-02,2.41656250e-02
8.68587500e-08,6.29062500e-03,2.71281250e-02,2.42375000e-02
8.68987500e-08,6.30937500e-03,2.70984375e-02,2.43031250e-02
8.69387500e-08,6.33750000e-03,2.70750000e-02,2.43593750e-02
8.69787500e-08,6.36875000e-03,2.70578125e-02,2.44125000e-02
8.70187500e-08,6.40000000e-03,2.70484375e-02,2.44562500e-02
8.70587500e-08,6.43437500e-03,2.70453125e-02,2.44937500e-02
8.70987500e-08,6.46250000e-03,2.70484375e-02,2.45250000e-02
8.71387500e-08,6.48750000e-03,2.70546875e-02,2.45500000e-02
8.71787500e-08,6.50937500e-03,2.70656250e-02,2.45687500e-02
8.72187500e-08,6.52500000e-03,2.70781250e-02,2.45812500e-02
8.72587500e-08,6.53125000e-03,2.70921875e-02,2.45875000e-02
8.72987500e-08,6.53437500e-03,2.71046875e-02,2.45875000e-02
8.73387500e-08,6.53125000e-03,2.71171875e-02,2.45781250e-02
8.73787500e-08,6.52187500e-03,2.71265625e-02,2.45656250e-02
8.74187500e-08,6.50937500e-03,2.71343750e-02,2.45437500e-02
8.74587500e-08,6.49062500e-03,2.71390625e-02,2.45156250e-02
8.74987500e-08,6.47187500e-03,2.71406250e-02,2.44812500e-02
8.75387500e-08,6.45000000e-03,2.71406250e-02,2.44406250e-02
8.75787500e-08,6.42812500e-03,2.71390625e-02,2.43906250e-02
8.76187500e-08,6.40937500e-03,2.71359375e-02,2.43343750e-02
8.76587500e-08,6.39062500e-03,2.71343750e-02,2.42750000e-02
8.76987500e-08,6.37500000e-03,2.71343750e-02,2.42062500e-02
8.77387500e-08,6.36250000e-03,2.71375000e-02,2.41343750e-02
8.77787500e-08,6.35625000e-03,2.71437500e-02,2.40562500e-02
8.78187500e-08,6.35312500e-03,2.71546875e-02,2.39781250e-02
8.78587500e-08,6.35312500e-03,2.71687500e-02,2.39000000e-02
8.78987500e-08,6.35937500e-03,2.71890625e-02,2.38187500e-02
8.79387500e-08,6.36875000e-03,2.72140625e-02,2.37437500e-02
8.79787500e-08,6.38125000e-03,2.72421875e-02,2.36687500e-02
8.80187500e-08,6.39375000e-03,2.72734375e-02,2.36000000e-02
8.80587500e-08,6.41250000e-03,2.73078125e-02,2.35406250e-02
8.80987500e-08,6.43125000e-03,2.73421875e-02,2.34875000e-02
8.81387500e-08,6.45000000e-03,2.73750000e-02,2.34437500e-02
8.81787500e-08,6.46562500e-03,2.74062500e-02,2.34125000e-02
8.82187500e-08,6.48437500e-03,2.74328125e-02,2.33906250e-02
8.82587500e-08,6.50000000e-03,2.74546875e-02,2.33812500e-02
8.82987500e-08,6.51250000e-03,2.74703125e-02,2.33812500e-02
8.83387500e-08,6.52187500e-03,2.74781250e-02,2.33937500e-02
8.83787500e-08,6.52500000e-03,2.74765625e-02,2.34187500e-02
8.84187500e-08,6.52812500e-03,2.74671875e-02,2.34500000e-02
8.84587500e-08,6.52500000e-03,2.74484375e-02,2.34906250e-02
8.84987500e-08,6.51562500e-03,2.74218750e-02,2.35406250e-02
8.85387500e-08,6.50312500e-03,2.73890625e-02,2.35968750e-02
8.85787500e-08,6.48437500e-03,2.73500000e-02,2.36562500e-02
8.86187500e-08,6.45937500e-03,2.73046875e-02,2.37187500e-02
8.86587500e-08,6.42812500e-03,2.72578125e-02,2.37812500e-02
8.86987500e-08,6.39375000e-03,2.72078125e-02,2.38468750e-02
8.87387500e-08,6.35312500e-03,2.71593750e-02,2.39093750e-02
8.87787500e-08,6.30937500e-03,2.71125000e-02,2.39687500e-02
8.88187500e-08,6.25937500e-03,2.70687500e-02,2.40281250e-02
8.88587500e-08,6.20625000e-03,2.70296875e-02,2.40812500e-02
8.88987500e-08,6.15000000e-03,2.69953125e-02,2.41312500e-02
8.89387500e-08,6.09062500e-03,2.69687500e-02,2.41781250e-02
8.89787500e-08,6.02812500e-03,2.69468750e-02,2.42187500e-02
8.90187500e-08,5.96562500e-03,2.69328125e-02,2.42562500e-02
8.90587500e-08,5.90312500e-03,2.69234375e-02,2.42875000e-02
8.90987500e-08,5.84375000e-03,2.69203125e-02,2.43156250e-02
8.91387500e-08,5.78125000e-03,2.69203125e-02,2.43406250e-02
8.91787500e-08,5.72500000e-03,2.69250000e-02,2.43593750e-02
8.92187500e-08,5.67187500e-03,2.69312500e-02,2.43718750e-02
8.92587500e-08,5.62500000e-03,2.69406250e-02,2.43843750e-02
8.92987500e-08,5.58125000e-03,2.69484375e-02,2.43906250e-02
8.93387500e-08,5.54375000e-03,2.69578125e-02,2.43937500e-02
8.93787500e-08,5.51562500e-03,2.69640625e-02,2.43906250e-02
8.94187500e-08,5.49375000e-03,2.69703125e-02,2.43875000e-02
8.94587500e-08,5.48125000e-03,2.69750000e-02,2.43750000e-02
8.94987500e-08,5.47500000e-03,2.69781250e-02,2.43625000e-02
8.95387500e-08,5.47500000e-03,2.69796875e-02,2.43437500e-02
8.95787500e-08,5.48125000e-03,2.69812500e-02,2.43218750e-02
8.96187500e-08,5.49687500e-03,2.69828125e-02,2.42937500e-02
8.96587500e-08,5.51562500e-03,2.69859375e-02,2.42625000e-02
8.96987500e-08,5.53750000e-03,2.69921875e-02,2.42250000e-02
8.97387500e-08,5.56250000e-03,2.70015625e-02,2.41875000e-02
8.97787500e-08,5.58750000e-03,2.70140625e-02,2.41437500e-02
8.98187500e-08,5.61562500e-03,2.70312500e-02,2.41000000e-02
8.98587500e-08,5.64062500e-03,2.70546875e-02,2.40531250e-02
8.98987500e-08,5.66250000e-03,2.70828125e-02,2.40062500e-02
8.99387500e-08,5.68125000e-03,2.71156250e-02,2.39593750e-02
8.99787500e-08,5.69375000e-03,2.71531250e-02,2.39093750e-02
9.00187500e-08,5.70000000e-03,2.71937500e-02,2.38656250e-02
9.00587500e-08,5.70312500e-03,2.72359375e-02,2.38187500e-02
9.00987500e-08,5.70000000e-03,2.72812500e-02,2.37750000e-02
9.01387500e-08,5.69062500e-03,2.73250000e-02,2.37343750e-02
9.01787500e-08,5.67500000e-03,2.73656250e-02,2.36968750e-02
9.02187500e-08,5.65625000e-03,2.74046875e-02,2.36625000e-02
9.02587500e-08,5.63437500e-03,2.74359375e-02,2.36343750e-02
9.02987500e-08,5.60625000e-03,2.74625000e-02,2.36062500e-02
9.03387500e-08,5.58125000e-03,2.74796875e-02,2.35812500e-02
9.03787500e-08,5.55625000e-03,2.74890625e-02,2.35593750e-02
9.04187500e-08,5.53125000e-03,2.74875000e-02,2.35437500e-02
9.04587500e-08,5.50937500e-03,2.74765625e-02,2.35281250e-02
9.04987500e-08,5.49375000e-03,2.74562500e-02,2.35156250e-02
9.05387500e-08,5.48125000e-03,2.74265625e-02,2.35062500e-02
9.05787500e-08,5.47812500e-03,2.73890625e-02,2.35031250e-02
9.06187500e-08,5.48125000e-03,2.73437500e-02,2.35000000e-02
9.06587500e-08,5.49375000e-03,2.72937500e-02,2.35000000e-02
9.06987500e-08,5.51250000e-03,2.72406250e-02,2.35031250e-02
9.07387500e-08,5.53750000e-03,2.71859375e-02,2.35093750e-02
9.07787500e-08,5.56875000e-03,2.71312500e-02,2.35218750e-02
9.08187500e-08,5.60937500e-03,2.70781250e-02,2.35343750e-02
9.08587500e-08,5.65000000e-03,2.70296875e-02,2.35531250e-02
9.08987500e-08,5.69687500e-03,2.69859375e-02,2.35750000e-02
9.09387500e-08,5.74375000e-03,2.69500000e-02,2.36031250e-02
9.09787500e-08,5.79062500e-03,2.69203125e-02,2.36312500e-02
9.10187500e-08,5.83437500e-03,2.68984375e-02,2.36656250e-02
9.10587500e-08,5.87500000e-03,2.68859375e-02,2.37000000e-02
9.10987500e-08,5.90937500e-03,2.68812500e-02,2.37375000e-02
9.11387500e-08,5.94062500e-03,2.68828125e-02,2.37781250e-02
9.11787500e-08,5.95937500e-03,2.68921875e-02,2.38156250e-02
9.12187500e-08,5.97187500e-03,2.69078125e-02,2.38562500e-02
9.12587500e-08,5.97500000e-03,2.69265625e-02,2.38937500e-02
9.12987500e-08,5.97187500e-03,2.69484375e-02,2.39281250e-02
9.13387500e-08,5.95625000e-03,2.69718750e-02,2.39593750e-02
9.13787500e-08,5.93437500e-03,2.69953125e-02,2.39875000e-02
9.14187500e-08,5.90625000e-03,2.70187500e-02,2.40093750e-02
9.14587500e-08,5.87187500e-03,2.70375000e-02,2.40250000e-02
9.14987500e-08,5.83437500e-03,2.70546875e-02,2.40343750e-02
9.15387500e-08,5.79375000e-03,2.70656250e-02,2.40375000e-02
9.15787500e-08,5.75000000e-03,2.70734375e-02,2.40343750e-02
9.16187500e-08,5.70937500e-03,2.70750000e-02,2.40250000e-02
9.16587500e-08,5.66875000e-03,2.70718750e-02,2.40093750e-02
9.16987500e-08,5.63125000e-03,2.70640625e-02,2.39875000e-02
9.17387500e-08,5.60000000e-03,2.70515625e-02,2.39625000e-02
9.17787500e-08,5.57187500e-03,2.70343750e-02,2.39312500e-02
9.18187500e-08,5.55000000e-03,2.70156250e-02,2.38968750e-02
9.18587500e-08,5.53437500e-03,2.69937500e-02,2.38625000e-02
9.18987500e-08,5.52812500e-03,2.69718750e-02,2.38250000e-02
9.19387500e-08,5.52500000e-03,2.69484375e-02,2.37843750e-02
9.19787500e-08,5.52500000e-03,2.69250000e-02,2.37468750e-02
9.20187500e-08,5.53437500e-03,2.69031250e-02,2.37062500e-02
9.20587500e-08,5.54375000e-03,2.68828125e-02,2.36687500e-02
9.20987500e-08,5.55937500e-03,2.68656250e-02,2.36281250e-02
9.21387500e-08,5.57187500e-03,2.68500000e-02,2.35906250e-02
9.21787500e-08,5.58750000e-03,2.68375000e-02,2.35531250e-02
9.22187500e-08,5.60312500e-03,2.68265625e-02,2.35156250e-02
9.22587500e-08,5.61875000e-03,2.68187500e-02,2.34750000e-02
9.22987500e-08,5.62812500e-03,2.68140625e-02,2.34375000e-02
9.23387500e-08,5.63750000e-03,2.68109375e-02,2.34000000e-02
9.23787500e-08,5.64375000e-03,2.68093750e-02,2.33625000e-02
9.24187500e-08,5.64687500e-03,2.68093750e-02,2.33250000e-02
9.24587500e-08,5.64375000e-03,2.68109375e-02,2.32875000e-02
9.24987500e-08,5.64062500e-03,2.68125000e-02,2.32500000e-02
9.25387500e-08,5.63437500e-03,2.68156250e-02,2.32156250e-02
9.25787500e-08,5.62500000e-03,2.68187500e-02,2.31843750e-02
9.26187500e-08,5.61562500e-03,2.68218750e-02,2.31562500e-02
9.26587500e-08,5.60625000e-03,2.68250000e-02,2.31343750e-02
9.26987500e-08,5.59687500e-03,2.68281250e-02,2.31156250e-02
9.27387500e-08,5.58750000e-03,2.68312500e-02,2.31062500e-02
9.27787500e-08,5.58125000e-03,2.68343750e-02,2.31062500e-02
9.28187500e-08,5.57500000e-03,2.68359375e-02,2.31156250e-02
9.28587500e-08,5.57187500e-03,2.68375000e-02,2.31312500e-02
9.28987500e-08,5.57187500e-03,2.68390625e-02,2.31593750e-02
9.29387500e-08,5.57187500e-03,2.68390625e-02,2.31968750e-02
9.29787500e-08,5.57500000e-03,2.68375000e-02,2.32468750e-02
9.30187500e-08,5.58125000e-03,2.68343750e-02,2.33000000e-02
9.30587500e-08,5.58750000e-03,2.68296875e-02,2.33656250e-02
9.30987500e-08,5.59375000e-03,2.68234375e-02,2.34343750e-02
9.31387500e-08,5.60312500e-03,2.68140625e-02,2.35093750e-02
9.31787500e-08,5.60937500e-03,2.68031250e-02,2.35875000e-02
9.32187500e-08,5.61562500e-03,2.67890625e-02,2.36656250e-02
9.32587500e-08,5.62187500e-03,2.67718750e-02,2.37406250e-02
9.32987500e-08,5.62500000e-03,2.67500000e-02,2.38125000e-02
9.33387500e-08,5.62812500e-03,2.67265625e-02,2.38781250e-02
9.33787500e-08,5.62812500e-03,2.67000000e-02,2.39343750e-02
9.34187500e-08,5.62500000e-03,2.66718750e-02,2.39843750e-02
9.34587500e-08,5.62187500e-03,2.66406250e-02,2.40218750e-02
9.34987500e-08,5.61562500e-03,2.66078125e-02,2.40468750e-02
9.35387500e-08,5.60937500e-03,2.65750000e-02,2.40593750e-02
9.35787500e-08,5.60312500e-03,2.65421875e-02,2.40593750e-02
9.36187500e-08,5.59687500e-03,2.65109375e-02,2.40468750e-02
9.36587500e-08,5.59062500e-03,2.64812500e-02,2.40218750e-02
9.36987500e-08,5.58437500e-03,2.64562500e-02,2.39875000e-02
9.37387500e-08,5.58125000e-03,2.64343750e-02,2.39406250e-02
9.37787500e-08,5.57812500e-03,2.64171875e-02,2.38875000e-02
9.38187500e-08,5.57812500e-03,2.64046875e-02,2.38281250e-02
9.38587500e-08,5.57812500e-03,2.63984375e-02,2.37656250e-02
9.38987500e-08,5.58125000e-03,2.63984375e-02,2.36968750e-02
9.39387500e-08,5.58750000e-03,2.64031250e-02,2.36281250e-02
9.39787500e-08,5.59375000e-03,2.64140625e-02,2.35593750e-02
9.40187500e-08,5.60000000e-03,2.64312500e-02,2.34906250e-02
9.40587500e-08,5.60625000e-03,2.64500000e-02,2.34250000e-02
9.40987500e-08,5.61562500e-03,2.64734375e-02,2.33625000e-02
9.41387500e-08,5.62187500e-03,2.64968750e-02,2.33062500e-02
9.41787500e-08,5.62812500e-03,2.65218750e-02,2.32531250e-02
9.42187500e-08,5.63125000e-03,2.65453125e-02,2.32062500e-02
9.42587500e-08,5.63437500e-03,2.65656250e-02,2.31656250e-02
9.42987500e-08,5.63437500e-03,2.65843750e-02,2.31281250e-02
9.43387500e-08,5.63125000e-03,2.65968750e-02,2.30968750e-02
9.43787500e-08,5.62812500e-03,2.66031250e-02,2.30718750e-02
9.44187500e-08,5.62187500e-03,2.66046875e-02,2.30500000e-02
9.44587500e-08,5.61250000e-03,2.65984375e-02,2.30343750e-02
9.44987500e-08,5.60312500e-03,2.65875000e-02,2.30218750e-02
9.45387500e-08,5.59687500e-03,2.65687500e-02,2.30125000e-02
9.45787500e-08,5.58750000e-03,2.65437500e-02,2.30093750e-02
9.46187500e-08,5.57812500e-03,2.65156250e-02,2.30062500e-02
9.46587500e-08,5.57187500e-03,2.64828125e-02,2.30093750e-02
9.46987500e-08,5.56875000e-03,2.64484375e-02,2.30125000e-02
9.47387500e-08,5.56562500e-03,2.64125000e-02,2.30187500e-02
9.47787500e-08,5.56562500e-03,2.63781250e-02,2.30281250e-02
9.48187500e-08,5.56875000e-03,2.63453125e-02,2.30406250e-02
9.48587500e-08,5.57500000e-03,2.63171875e-02,2.30531250e-02
9.48987500e-08,5.58437500e-03,2.62921875e-02,2.30687500e-02
9.49387500e-08,5.59375000e-03,2.62734375e-02,2.30843750e-02
9.49787500e-08,5.60625000e-03,2.62593750e-02,2.31000000e-02
9.50187500e-08,5.61875000e-03,2.62531250e-02,2.31156250e-02
9.50587500e-08,5.63125000e-03,2.62515625e-02,2.31312500e-02
9.50987500e-08,5.64375000e-03,2.62562500e-02,2.31437500e-02
9.51387500e-08,5.65625000e-03,2.62640625e-02,2.31562500e-02
9.51787500e-08,5.66250000e-03,2.62765625e-02,2.31687500e-02
9.52187500e-08,5.66875000e-03,2.62921875e-02,2.31750000e-02
9.52587500e-08,5.67187500e-03,2.63078125e-02,2.31812500e-02
9.52987500e-08,5.66875000e-03,2.63218750e-02,2.31843750e-02
9.53387500e-08,5.66250000e-03,2.63359375e-02,2.31843750e-02
9.53787500e-08,5.65000000e-03,2.63453125e-02,2.31812500e-02
9.54187500e-08,5.63437500e-03,2.63500000e-02,2.31781250e-02
9.54587500e-08,5.61562500e-03,2.63484375e-02,2.31687500e-02
9.54987500e-08,5.59062500e-03,2.63421875e-02,2.31625000e-02
9.55387500e-08,5.56562500e-03,2.63281250e-02,2.31531250e-02
9.55787500e-08,5.53750000e-03,2.63078125e-02,2.31437500e-02
9.56187500e-08,5.50937500e-03,2.62828125e-02,2.31343750e-02
9.56587500e-08,5.47812500e-03,2.62531250e-02,2.31281250e-02
9.56987500e-08,5.45000000e-03,2.62187500e-02,2.31218750e-02
9.57387500e-08,5.42187500e-03,2.61828125e-02,2.31187500e-02
9.57787500e-08,5.39687500e-03,2.61453125e-02,2.31187500e-02
9.58187500e-08,5.37500000e-03,2.61109375e-02,2.31218750e-02
9.58587500e-08,5.35625000e-03,2.60765625e-02,2.31281250e-02
9.58987500e-08,5.34375000e-03,2.60484375e-02,2.31375000e-02
9.59387500e-08,5.33125000e-03,2.60250000e-02,2.31500000e-02
9.59787500e-08,5.32187500e-03,2.60078125e-02,2.31656250e-02
9.60187500e-08,5.31562500e-03,2.59984375e-02,2.31812500e-02
9.60587500e-08,5.31562500e-03,2.59953125e-02,2.32000000e-02
9.60987500e-08,5.31562500e-03,2.60015625e-02,2.32187500e-02
9.61387500e-08,5.31562500e-03,2.60140625e-02,2.32375000e-02
9.61787500e-08,5.31875000e-03,2.60328125e-02,2.32562500e-02
9.62187500e-08,5.31875000e-03,2.60562500e-02,2.32718750e-02
9.62587500e-08,5.32187500e-03,2.60843750e-02,2.32843750e-02
9.62987500e-08,5.32187500e-03,2.61125000e-02,2.32937500e-02
9.63387500e-08,5.32187500e-03,2.61406250e-02,2.33000000e-02
9.63787500e-08,5.31875000e-03,2.61671875e-02,2.33031250e-02
9.64187500e-08,5.31250000e-03,2.61890625e-02,2.33000000e-02
9.64587500e-08,5.30625000e-03,2.62046875e-02,2.32937500e-02
9.64987500e-08,5.29687500e-03,2.62125000e-02,2.32843750e-02
9.65387500e-08,5.28437500e-03,2.62125000e-02,2.32718750e-02
9.65787500e-08,5.27187500e-03,2.62031250e-02,2.32562500e-02
9.66187500e-08,5.25937500e-03,2.61843750e-02,2.32375000e-02
9.66587500e-08,5.24062500e-03,2.61562500e-02,2.32187500e-02
9.66987500e-08,5.22500000e-03,2.61203125e-02,2.32000000e-02
9.67387500e-08,5.20937500e-03,2.60750000e-02,2.31812500e-02
9.67787500e-08,5.19062500e-03,2.60234375e-02,2.31656250e-02
9.68187500e-08,5.17500000e-03,2.59671875e-02,2.31500000e-02
9.68587500e-08,5.15937500e-03,2.59093750e-02,2.31375000e-02
9.68987500e-08,5.14375000e-03,2.58500000e-02,2.31281250e-02
9.69387500e-08,5.12812500e-03,2.57906250e-02,2.31218750e-02
9.69787500e-08,5.11562500e-03,2.57359375e-02,2.31218750e-02
9.70187500e-08,5.10312500e-03,2.56859375e-02,2.31250000e-02
9.70587500e-08,5.09062500e-03,2.56421875e-02,2.31312500e-02
9.70987500e-08,5.07812500e-03,2.56078125e-02,2.31375000e-02
9.71387500e-08,5.06562500e-03,2.55796875e-02,2.31500000e-02
9.71787500e-08,5.05625000e-03,2.55625000e-02,2.31656250e-02
9.72187500e-08,5.04687500e-03,2.55531250e-02,2.31781250e-02
9.72587500e-08,5.03750000e-03,2.55531250e-02,2.31937500e-02
9.72987500e-08,5.02812500e-03,2.55609375e-02,2.32093750e-02
9.73387500e-08,5.02187500e-03,2.55765625e-02,2.32218750e-02
9.73787500e-08,5.01875000e-03,2.55968750e-02,2.32343750e-02
9.74187500e-08,5.01250000e-03,2.56203125e-02,2.32437500e-02
9.74587500e-08,5.01250000e-03,2.56484375e-02,2.32500000e-02
9.74987500e-08,5.01562500e-03,2.56750000e-02,2.32531250e-02
9.75387500e-08,5.02187500e-03,2.57031250e-02,2.32531250e-02
9.75787500e-08,5.02812500e-03,2.57281250e-02,2.32500000e-02
9.76187500e-08,5.04375000e-03,2.57484375e-02,2.32437500e-02
9.76587500e-08,5.05937500e-03,2.57656250e-02,2.32343750e-02
9.76987500e-08,5.08125000e-03,2.57781250e-02,2.32218750e-02
9.77387500e-08,5.10625000e-03,2.57843750e-02,2.32093750e-02
9.77787500e-08,5.13437500e-03,2.57843750e-02,2.31937500e-02
9.78187500e-08,5.16562500e-03,2.57796875e-02,2.31812500e-02
9.78587500e-08,5.20000000e-03,2.57687500e-02,2.31656250e-02
9.78987500e-08,5.23437500e-03,2.57546875e-02,2.31562500e-02
9.79387500e-08,5.26875000e-03,2.57375000e-02,2.31437500e-02
9.79787500e-08,5.30312500e-03,2.57171875e-02,2.31375000e-02
9.80187500e-08,5.33437500e-03,2.56953125e-02,2.31343750e-02
9.80587500e-08,5.36562500e-03,2.56718750e-02,2.31343750e-02
9.80987500e-08,5.39062500e-03,2.56484375e-02,2.31375000e-02
9.81387500e-08,5.40937500e-03,2.56265625e-02,2.31437500e-02
9.81787500e-08,5.42187500e-03,2.56062500e-02,2.31531250e-02
9.82187500e-08,5.43125000e-03,2.55890625e-02,2.31656250e-02
9.82587500e-08,5.42812500e-03,2.55718750e-02,2.31781250e-02
9.82987500e-08,5.41875000e-03,2.55578125e-02,2.31937500e-02
9.83387500e-08,5.40312500e-03,2.55453125e-02,2.32093750e-02
9.83787500e-08,5.38125000e-03,2.55359375e-02,2.32250000e-02
9.84187500e-08,5.35000000e-03,2.55281250e-02,2.32375000e-02
9.84587500e-08,5.31250000e-03,2.55203125e-02,2.32468750e-02
9.84987500e-08,5.27187500e-03,2.55140625e-02,2.32562500e-02
9.85387500e-08,5.22500000e-03,2.55078125e-02,2.32593750e-02
9.85787500e-08,5.17500000e-03,2.55015625e-02,2.32593750e-02
9.86187500e-08,5.12187500e-03,2.54953125e-02,2.32562500e-02
9.86587500e-08,5.07187500e-03,2.54875000e-02,2.32468750e-02
9.86987500e-08,5.01875000e-03,2.54796875e-02,2.32375000e-02
9.87387500e-08,4.96562500e-03,2.54718750e-02,2.32218750e-02
9.87787500e-08,4.91562500e-03,2.54625000e-02,2.32062500e-02
9.88187500e-08,4.86562500e-03,2.54531250e-02,2.31875000e-02
9.88587500e-08,4.81875000e-03,2.54421875e-02,2.31687500e-02
9.88987500e-08,4.77187500e-03,2.54328125e-02,2.31531250e-02
9.89387500e-08,4.73125000e-03,2.54234375e-02,2.31375000e-02
9.89787500e-08,4.68750000e-03,2.54156250e-02,2.31250000e-02
9.90187500e-08,4.64687500e-03,2.54093750e-02,2.31156250e-02
9.90587500e-08,4.60625000e-03,2.54031250e-02,2.31125000e-02
9.90987500e-08,4.56562500e-03,2.53984375e-02,2.31125000e-02
9.91387500e-08,4.52500000e-03,2.53953125e-02,2.31187500e-02
9.91787500e-08,4.48437500e-03,2.53921875e-02,2.31312500e-02
9.92187500e-08,4.44062500e-03,2.53906250e-02,2.31468750e-02
9.92587500e-08,4.39687500e-03,2.53906250e-02,2.31687500e-02
9.92987500e-08,4.35312500e-03,2.53890625e-02,2.31906250e-02
9.93387500e-08,4.30937500e-03,2.53875000e-02,2.32187500e-02
9.93787500e-08,4.26250000e-03,2.53843750e-02,2.32437500e-02
9.94187500e-08,4.21875000e-03,2.53796875e-02,2.32687500e-02
9.94587500e-08,4.17812500e-03,2.53718750e-02,2.32906250e-02
9.94987500e-08,4.14062500e-03,2.53625000e-02,2.33062500e-02
9.95387500e-08,4.10625000e-03,2.53500000e-02,2.33187500e-02
9.95787500e-08,4.07812500e-03,2.53328125e-02,2.33218750e-02
9.96187500e-08,4.05625000e-03,2.53140625e-02,2.33187500e-02
9.96587500e-08,4.04062500e-03,2.52921875e-02,2.33093750e-02
9.96987500e-08,4.03437500e-03,2.52687500e-02,2.32875000e-02
9.97387500e-08,4.03750000e-03,2.52421875e-02,2.32625000e-02
9.97787500e-08,4.05000000e-03,2.52140625e-02,2.32281250e-02
9.98187500e-08,4.06875000e-03,2.51859375e-02,2.31875000e-02
9.98587500e-08,4.09687500e-03,2.51578125e-02,2.31406250e-02
9.98987500e-08,4.13125000e-03,2.51312500e-02,2.30937500e-02
9.99387500e-08,4.17187500e-03,2.51062500e-02,2.30468750e-02
9.99787500e-08,4.21562500e-03,2.50843750e-02,2.30000000e-02
1.00018750e-07,4.25937500e-03,2.50656250e-02,2.29562500e-02
1.00058750e-07,4.30312500e-03,2.50515625e-02,2.29218750e-02
1.00098750e-07,4.34375000e-03,2.50421875e-02,2.28937500e-02
1.00138750e-07,4.38125000e-03,2.50375000e-02,2.28718750e-02
1.00178750e-07,4.40937500e-03,2.50359375e-02,2.28656250e-02
1.00218750e-07,4.43125000e-03,2.50406250e-02,2.28656250e-02
1.00258750e-07,4.44062500e-03,2.50484375e-02,2.28781250e-02
1.00298750e-07,4.43750000e-03,2.50593750e-02,2.29000000e-02
1.00338750e-07,4.42500000e-03,2.50734375e-02,2.29343750e-02
1.00378750e-07,4.40000000e-03,2.50875000e-02,2.29718750e-02
1.00418750e-07,4.36562500e-03,2.51046875e-02,2.30187500e-02
1.00458750e-07,4.32187500e-03,2.51203125e-02,2.30656250e-02
1.00498750e-07,4.26875000e-03,2.51343750e-02,2.31156250e-02
1.00538750e-07,4.20937500e-03,2.51468750e-02,2.31593750e-02
1.00578750e-07,4.14375000e-03,2.51578125e-02,2.32000000e-02
1.00618750e-07,4.08125000e-03,2.51640625e-02,2.32343750e-02
1.00658750e-07,4.01875000e-03,2.51671875e-02,2.32562500e-02
1.00698750e-07,3.95937500e-03,2.51671875e-02,2.32656250e-02
1.00738750e-07,3.90937500e-03,2.51625000e-02,2.32593750e-02
1.00778750e-07,3.86562500e-03,2.51546875e-02,2.32406250e-02
1.00818750e-07,3.83125000e-03,2.51437500e-02,2.32062500e-02
1.00858750e-07,3.81250000e-03,2.51281250e-02,2.31593750e-02
1.00898750e-07,3.80312500e-03,2.51125000e-02,2.30968750e-02
1.00938750e-07,3.80625000e-03,2.50937500e-02,2.30218750e-02
1.00978750e-07,3.82500000e-03,2.50750000e-02,2.29406250e-02
1.01018750e-07,3.85000000e-03,2.50546875e-02,2.28500000e-02
1.01058750e-07,3.88437500e-03,2.50359375e-02,2.27562500e-02
1.01098750e-07,3.92812500e-03,2.50171875e-02,2.26625000e-02
1.01138750e-07,3.97187500e-03,2.50000000e-02,2.25687500e-02
1.01178750e-07,4.01875000e-03,2.49843750e-02,2.24843750e-02
1.01218750e-07,4.06250000e-03,2.49703125e-02,2.24062500e-02
1.01258750e-07,4.10000000e-03,2.49578125e-02,2.23406250e-02
1.01298750e-07,4.13125000e-03,2.49468750e-02,2.22875000e-02
1.01338750e-07,4.15312500e-03,2.49375000e-02,2.22500000e-02
1.01378750e-07,4.15937500e-03,2.49312500e-02,2.22281250e-02
1.01418750e-07,4.15312500e-03,2.49234375e-02,2.22250000e-02
1.01458750e-07,4.13437500e-03,2.49171875e-02,2.22343750e-02
1.01498750e-07,4.09687500e-03,2.49109375e-02,2.22593750e-02
1.01538750e-07,4.04687500e-03,2.49046875e-02,2.23000000e-02
1.01578750e-07,3.98125000e-03,2.48984375e-02,2.23500000e-02
1.01618750e-07,3.90312500e-03,2.48906250e-02,2.24093750e-02
1.01658750e-07,3.81875000e-03,2.48828125e-02,2.24750000e-02
1.01698750e-07,3.72500000e-03,2.48750000e-02,2.25437500e-02
1.01738750e-07,3.62812500e-03,2.48656250e-02,2.26156250e-02
1.01778750e-07,3.53125000e-03,2.48562500e-02,2.26843750e-02
1.01818750e-07,3.43750000e-03,2.48468750e-02,2.27468750e-02
1.01858750e-07,3.34687500e-03,2.48375000e-02,2.28062500e-02
1.01898750e-07,3.26562500e-03,2.48281250e-02,2.28531250e-02
1.01938750e-07,3.19375000e-03,2.48218750e-02,2.28906250e-02
1.01978750e-07,3.13437500e-03,2.48156250e-02,2.29187500e-02
