Model,MSO64
Channel,CH1,,Channel,CH2,,Channel,CH3
Label,,,Label,,,Label,
Waveform Type,ANALOG,,Waveform Type,ANALOG,,Waveform Type,ANALOG
Digital Type,None,,Digital Type,None,,Digital Type,None
Horizontal Units,s,,Horizontal Units,s,,Horizontal Units,s
Sample Interval,4.00000000e-11,,Sample Interval,4.00000000e-11,,Sample Interval,4.00000000e-11
Record Length,5000,,Record Length,5000,,Record Length,5000
Zero Index,2449.53125000,,Zero Index,2449.53125000,,Zero Index,2449.53125000
Vertical Units,V,,Vertical Units,V,,Vertical Units,V
,,,,,,,
ANALOG_Thumbnail,,,ANALOG_Thumbnail,,,ANALOG_Thumbnail,
yOffset,0.000000,,yOffset,0.000000,,yOffset,0.000000
yPosition,-0.680000,,yPosition,-2.140000,,yPosition,0.000000

Labels,,,
TIME,CH1,CH2,CH3
-9.79812500e-08,7.45625000e-03,3.38593750e-03,3.43750000e-03
-9.79412500e-08,7.42500000e-03,3.52187500e-03,3.33750000e-03
-9.79012500e-08,7.34687500e-03,3.66093750e-03,3.22500000e-03
-9.78612500e-08,7.21875000e-03,3.79687500e-03,3.10000000e-03
-9.78212500e-08,7.04687500e-03,3.92187500e-03,2.97187500e-03
-9.77812500e-08,6.84062500e-03,4.02968750e-03,2.85000000e-03
-9.77412500e-08,6.61250000e-03,4.11562500e-03,2.74062500e-03
-9.77012500e-08,6.36875000e-03,4.17500000e-03,2.64687500e-03
-9.76612500e-08,6.12500000e-03,4.20312500e-03,2.57187500e-03
-9.76212500e-08,5.89062500e-03,4.19843750e-03,2.52187500e-03
-9.75812500e-08,5.67812500e-03,4.15937500e-03,2.50312500e-03
-9.75412500e-08,5.50312500e-03,4.09062500e-03,2.50937500e-03
-9.75012500e-08,5.36562500e-03,3.99218750e-03,2.54375000e-03
-9.74612500e-08,5.28125000e-03,3.87031250e-03,2.60937500e-03
-9.74212500e-08,5.25312500e-03,3.72968750e-03,2.69375000e-03
-9.73812500e-08,5.28125000e-03,3.57656250e-03,2.80000000e-03
-9.73412500e-08,5.36562500e-03,3.42031250e-03,2.92187500e-03
-9.73012500e-08,5.50625000e-03,3.26562500e-03,3.05312500e-03
-9.72612500e-08,5.69062500e-03,3.12343750e-03,3.18750000e-03
-9.72212500e-08,5.91875000e-03,2.99843750e-03,3.31875000e-03
-9.71812500e-08,6.17500000e-03,2.89843750e-03,3.44375000e-03
-9.71412500e-08,6.45000000e-03,2.82968750e-03,3.55625000e-03
-9.71012500e-08,6.73125000e-03,2.79218750e-03,3.64687500e-03
-9.70612500e-08,7.00625000e-03,2.79062500e-03,3.71875000e-03
-9.70212500e-08,7.25937500e-03,2.82500000e-03,3.76562500e-03
-9.69812500e-08,7.48125000e-03,2.89531250e-03,3.78750000e-03
-9.69412500e-08,7.66250000e-03,2.99687500e-03,3.78437500e-03
-9.69012500e-08,7.79375000e-03,3.12500000e-03,3.75625000e-03
-9.68612500e-08,7.87187500e-03,3.27343750e-03,3.70625000e-03
-9.68212500e-08,7.89062500e-03,3.43750000e-03,3.63750000e-03
-9.67812500e-08,7.85000000e-03,3.60625000e-03,3.55312500e-03
-9.67412500e-08,7.75625000e-03,3.77500000e-03,3.45937500e-03
-9.67012500e-08,7.60937500e-03,3.93281250e-03,3.36250000e-03
-9.66612500e-08,7.42187500e-03,4.07187500e-03,3.26250000e-03
-9.66212500e-08,7.20000000e-03,4.18906250e-03,3.16875000e-03
-9.65812500e-08,6.95625000e-03,4.27500000e-03,3.08750000e-03
-9.65412500e-08,6.70625000e-03,4.32656250e-03,3.01875000e-03
-9.65012500e-08,6.45625000e-03,4.34218750e-03,2.96875000e-03
-9.64612500e-08,6.22500000e-03,4.32187500e-03,2.93750000e-03
-9.64212500e-08,6.01875000e-03,4.26406250e-03,2.93125000e-03
-9.63812500e-08,5.85312500e-03,4.17500000e-03,2.94687500e-03
-9.63412500e-08,5.73125000e-03,4.05625000e-03,2.98125000e-03
-9.63012500e-08,5.66250000e-03,3.91562500e-03,3.04062500e-03
-9.62612500e-08,5.65000000e-03,3.75781250e-03,3.11250000e-03
-9.62212500e-08,5.69375000e-03,3.59531250e-03,3.20312500e-03
-9.61812500e-08,5.78750000e-03,3.43125000e-03,3.30000000e-03
-9.61412500e-08,5.93437500e-03,3.27656250e-03,3.40625000e-03
-9.61012500e-08,6.12187500e-03,3.13750000e-03,3.50937500e-03
-9.60612500e-08,6.34062500e-03,3.02343750e-03,3.60937500e-03
-9.60212500e-08,6.58125000e-03,2.93593750e-03,3.70312500e-03
-9.59812500e-08,6.83437500e-03,2.88281250e-03,3.78125000e-03
-9.59412500e-08,7.08125000e-03,2.86562500e-03,3.84375000e-03
-9.59012500e-08,7.31875000e-03,2.88593750e-03,3.88750000e-03
-9.58612500e-08,7.52812500e-03,2.94062500e-03,3.90937500e-03
-9.58212500e-08,7.70625000e-03,3.02656250e-03,3.90937500e-03
-9.57812500e-08,7.84062500e-03,3.14375000e-03,3.88750000e-03
-9.57412500e-08,7.92500000e-03,3.28125000e-03,3.84687500e-03
-9.57012500e-08,7.95937500e-03,3.43593750e-03,3.78750000e-03
-9.56612500e-08,7.94375000e-03,3.59687500e-03,3.70937500e-03
-9.56212500e-08,7.87812500e-03,3.75781250e-03,3.62187500e-03
-9.55812500e-08,7.76875000e-03,3.91250000e-03,3.52500000e-03
-9.55412500e-08,7.62187500e-03,4.05000000e-03,3.42187500e-03
-9.55012500e-08,7.44687500e-03,4.16406250e-03,3.32187500e-03
-9.54612500e-08,7.25625000e-03,4.25156250e-03,3.22500000e-03
-9.54212500e-08,7.05625000e-03,4.30468750e-03,3.13750000e-03
-9.53812500e-08,6.86562500e-03,4.32343750e-03,3.06250000e-03
-9.53412500e-08,6.69062500e-03,4.30468750e-03,3.00625000e-03
-9.53012500e-08,6.54375000e-03,4.25156250e-03,2.96562500e-03
-9.52612500e-08,6.43437500e-03,4.16562500e-03,2.94375000e-03
-9.52212500e-08,6.37187500e-03,4.05156250e-03,2.94375000e-03
-9.51812500e-08,6.35937500e-03,3.91406250e-03,2.96250000e-03
-9.51412500e-08,6.40000000e-03,3.75937500e-03,3.00000000e-03
-9.51012500e-08,6.49375000e-03,3.59687500e-03,3.05312500e-03
-9.50612500e-08,6.64062500e-03,3.43437500e-03,3.12187500e-03
-9.50212500e-08,6.83437500e-03,3.27812500e-03,3.19687500e-03
-9.49812500e-08,7.06875000e-03,3.13593750e-03,3.28125000e-03
-9.49412500e-08,7.33437500e-03,3.01562500e-03,3.36250000e-03
-9.49012500e-08,7.61875000e-03,2.92343750e-03,3.44375000e-03
-9.48612500e-08,7.91250000e-03,2.86250000e-03,3.51562500e-03
-9.48212500e-08,8.20312500e-03,2.83593750e-03,3.57812500e-03
-9.47812500e-08,8.47812500e-03,2.84531250e-03,3.62187500e-03
-9.47412500e-08,8.72812500e-03,2.88906250e-03,3.65000000e-03
-9.47012500e-08,8.94062500e-03,2.96562500e-03,3.65625000e-03
-9.46612500e-08,9.10937500e-03,3.07187500e-03,3.64062500e-03
-9.46212500e-08,9.23125000e-03,3.20312500e-03,3.60312500e-03
-9.45812500e-08,9.29375000e-03,3.35000000e-03,3.54375000e-03
-9.45412500e-08,9.30625000e-03,3.50781250e-03,3.46562500e-03
-9.45012500e-08,9.26250000e-03,3.66875000e-03,3.36875000e-03
-9.44612500e-08,9.16875000e-03,3.82343750e-03,3.25937500e-03
-9.44212500e-08,9.03125000e-03,3.96562500e-03,3.14062500e-03
-9.43812500e-08,8.85625000e-03,4.08906250e-03,3.01562500e-03
-9.43412500e-08,8.65625000e-03,4.18593750e-03,2.89375000e-03
-9.43012500e-08,8.44062500e-03,4.25312500e-03,2.77500000e-03
-9.42612500e-08,8.22187500e-03,4.28750000e-03,2.66562500e-03
-9.42212500e-08,8.00937500e-03,4.28593750e-03,2.57187500e-03
-9.41812500e-08,7.81250000e-03,4.25000000e-03,2.49375000e-03
-9.41412500e-08,7.64375000e-03,4.18125000e-03,2.44062500e-03
-9.41012500e-08,7.51250000e-03,4.08125000e-03,2.40937500e-03
-9.40612500e-08,7.41875000e-03,3.95781250e-03,2.40312500e-03
-9.40212500e-08,7.37500000e-03,3.81406250e-03,2.42187500e-03
-9.39812500e-08,7.37812500e-03,3.65625000e-03,2.46250000e-03
-9.39412500e-08,7.42812500e-03,3.49531250e-03,2.52812500e-03
-9.39012500e-08,7.52187500e-03,3.33437500e-03,2.61250000e-03
-9.38612500e-08,7.65625000e-03,3.18437500e-03,2.71250000e-03
-9.38212500e-08,7.82187500e-03,3.05000000e-03,2.82187500e-03
-9.37812500e-08,8.01250000e-03,2.93750000e-03,2.93750000e-03
-9.37412500e-08,8.21562500e-03,2.85312500e-03,3.05625000e-03
-9.37012500e-08,8.42500000e-03,2.79843750e-03,3.16562500e-03
-9.36612500e-08,8.62500000e-03,2.77656250e-03,3.26562500e-03
-9.36212500e-08,8.80937500e-03,2.78906250e-03,3.35312500e-03
-9.35812500e-08,8.96875000e-03,2.83281250e-03,3.41875000e-03
-9.35412500e-08,9.09375000e-03,2.90781250e-03,3.46250000e-03
-9.35012500e-08,9.17812500e-03,3.00781250e-03,3.48125000e-03
-9.34612500e-08,9.21875000e-03,3.12812500e-03,3.47500000e-03
-9.34212500e-08,9.21562500e-03,3.26406250e-03,3.44687500e-03
-9.33812500e-08,9.16250000e-03,3.40781250e-03,3.39062500e-03
-9.33412500e-08,9.06875000e-03,3.55312500e-03,3.31562500e-03
-9.33012500e-08,8.93437500e-03,3.69062500e-03,3.22187500e-03
-9.32612500e-08,8.76875000e-03,3.81562500e-03,3.11562500e-03
-9.32212500e-08,8.57812500e-03,3.92343750e-03,3.00312500e-03
-9.31812500e-08,8.37187500e-03,4.00625000e-03,2.88750000e-03
-9.31412500e-08,8.16250000e-03,4.06093750e-03,2.77500000e-03
-9.31012500e-08,7.95937500e-03,4.08593750e-03,2.67187500e-03
-9.30612500e-08,7.77187500e-03,4.08125000e-03,2.58437500e-03
-9.30212500e-08,7.60937500e-03,4.04375000e-03,2.51562500e-03
-9.29812500e-08,7.48125000e-03,3.97968750e-03,2.46875000e-03
-9.29412500e-08,7.39062500e-03,3.88906250e-03,2.44375000e-03
-9.29012500e-08,7.34687500e-03,3.77812500e-03,2.45000000e-03
-9.28612500e-08,7.35000000e-03,3.65156250e-03,2.47812500e-03
-9.28212500e-08,7.40000000e-03,3.51562500e-03,2.53437500e-03
-9.27812500e-08,7.49687500e-03,3.37812500e-03,2.61250000e-03
-9.27412500e-08,7.63437500e-03,3.24531250e-03,2.70625000e-03
-9.27012500e-08,7.80625000e-03,3.12343750e-03,2.81562500e-03
-9.26612500e-08,8.00625000e-03,3.01718750e-03,2.93437500e-03
-9.26212500e-08,8.22500000e-03,2.93437500e-03,3.05625000e-03
-9.25812500e-08,8.45000000e-03,2.87500000e-03,3.17187500e-03
-9.25412500e-08,8.67500000e-03,2.84531250e-03,3.27812500e-03
-9.25012500e-08,8.88437500e-03,2.84531250e-03,3.36875000e-03
-9.24612500e-08,9.06875000e-03,2.87500000e-03,3.43750000e-03
-9.24212500e-08,9.22187500e-03,2.93281250e-03,3.48437500e-03
-9.23812500e-08,9.33437500e-03,3.01406250e-03,3.50312500e-03
-9.23412500e-08,9.40000000e-03,3.11718750e-03,3.49375000e-03
-9.23012500e-08,9.41562500e-03,3.23437500e-03,3.45625000e-03
-9.22612500e-08,9.37812500e-03,3.36093750e-03,3.39062500e-03
-9.22212500e-08,9.29062500e-03,3.49062500e-03,3.30000000e-03
-9.21812500e-08,9.15625000e-03,3.61718750e-03,3.19062500e-03
-9.21412500e-08,8.97812500e-03,3.73281250e-03,3.06562500e-03
-9.21012500e-08,8.76250000e-03,3.83125000e-03,2.93125000e-03
-9.20612500e-08,8.52187500e-03,3.91093750e-03,2.79375000e-03
-9.20212500e-08,8.26250000e-03,3.96406250e-03,2.66250000e-03
-9.19812500e-08,8.00000000e-03,3.98906250e-03,2.54062500e-03
-9.19412500e-08,7.74062500e-03,3.98593750e-03,2.43750000e-03
-9.19012500e-08,7.49687500e-03,3.95312500e-03,2.35937500e-03
-9.18612500e-08,7.27812500e-03,3.89375000e-03,2.30625000e-03
-9.18212500e-08,7.09062500e-03,3.80781250e-03,2.28437500e-03
-9.17812500e-08,6.94375000e-03,3.70312500e-03,2.29375000e-03
-9.17412500e-08,6.84375000e-03,3.58125000e-03,2.33750000e-03
-9.17012500e-08,6.79062500e-03,3.45156250e-03,2.41250000e-03
-9.16612500e-08,6.78750000e-03,3.31718750e-03,2.51250000e-03
-9.16212500e-08,6.82812500e-03,3.18750000e-03,2.64062500e-03
-9.15812500e-08,6.91250000e-03,3.06718750e-03,2.78437500e-03
-9.15412500e-08,7.03437500e-03,2.96406250e-03,2.94062500e-03
-9.15012500e-08,7.18125000e-03,2.88125000e-03,3.10312500e-03
-9.14612500e-08,7.34687500e-03,2.82500000e-03,3.26250000e-03
-9.14212500e-08,7.52187500e-03,2.79531250e-03,3.41250000e-03
-9.13812500e-08,7.69687500e-03,2.79687500e-03,3.54687500e-03
-9.13412500e-08,7.85625000e-03,2.82656250e-03,3.65937500e-03
-9.13012500e-08,7.99375000e-03,2.88593750e-03,3.74375000e-03
-9.12612500e-08,8.10312500e-03,2.97031250e-03,3.79687500e-03
-9.12212500e-08,8.17500000e-03,3.07656250e-03,3.81562500e-03
-9.11812500e-08,8.20312500e-03,3.19843750e-03,3.80312500e-03
-9.11412500e-08,8.18437500e-03,3.32968750e-03,3.75625000e-03
-9.11012500e-08,8.12187500e-03,3.46562500e-03,3.68125000e-03
-9.10612500e-08,8.01562500e-03,3.59687500e-03,3.58125000e-03
-9.10212500e-08,7.86875000e-03,3.71875000e-03,3.45937500e-03
-9.09812500e-08,7.68750000e-03,3.82500000e-03,3.32500000e-03
-9.09412500e-08,7.48125000e-03,3.90937500e-03,3.18437500e-03
-9.09012500e-08,7.25937500e-03,3.96875000e-03,3.04375000e-03
-9.08612500e-08,7.03437500e-03,3.99843750e-03,2.91250000e-03
-9.08212500e-08,6.81250000e-03,3.99687500e-03,2.79375000e-03
-9.07812500e-08,6.60625000e-03,3.96562500e-03,2.69687500e-03
-9.07412500e-08,6.42812500e-03,3.90468750e-03,2.62500000e-03
-9.07012500e-08,6.28437500e-03,3.81562500e-03,2.58437500e-03
-9.06612500e-08,6.18125000e-03,3.70468750e-03,2.57187500e-03
-9.06212500e-08,6.13125000e-03,3.57656250e-03,2.59375000e-03
-9.05812500e-08,6.12812500e-03,3.43593750e-03,2.64687500e-03
-9.05412500e-08,6.17812500e-03,3.29218750e-03,2.72812500e-03
-9.05012500e-08,6.27812500e-03,3.14843750e-03,2.83125000e-03
-9.04612500e-08,6.42500000e-03,3.01406250e-03,2.95625000e-03
-9.04212500e-08,6.60937500e-03,2.89687500e-03,3.09062500e-03
-9.03812500e-08,6.82500000e-03,2.79843750e-03,3.23437500e-03
-9.03412500e-08,7.05937500e-03,2.72656250e-03,3.37187500e-03
-9.03012500e-08,7.30312500e-03,2.68281250e-03,3.50312500e-03
-9.02612500e-08,7.54687500e-03,2.67031250e-03,3.61562500e-03
-9.02212500e-08,7.77500000e-03,2.68906250e-03,3.70937500e-03
-9.01812500e-08,7.97812500e-03,2.73906250e-03,3.77500000e-03
-9.01412500e-08,8.14687500e-03,2.81562500e-03,3.81250000e-03
-9.01012500e-08,8.27187500e-03,2.91562500e-03,3.81562500e-03
-9.00612500e-08,8.34687500e-03,3.03437500e-03,3.78437500e-03
-9.00212500e-08,8.36875000e-03,3.16718750e-03,3.72500000e-03
-8.99812500e-08,8.33437500e-03,3.30468750e-03,3.63750000e-03
-8.99412500e-08,8.24687500e-03,3.44218750e-03,3.52500000e-03
-8.99012500e-08,8.10937500e-03,3.57187500e-03,3.39687500e-03
-8.98612500e-08,7.92812500e-03,3.68750000e-03,3.25625000e-03
-8.98212500e-08,7.71250000e-03,3.78437500e-03,3.10937500e-03
-8.97812500e-08,7.47187500e-03,3.85625000e-03,2.96562500e-03
-8.97412500e-08,7.21875000e-03,3.90000000e-03,2.83437500e-03
-8.97012500e-08,6.96250000e-03,3.91250000e-03,2.71875000e-03
-8.96612500e-08,6.71875000e-03,3.89531250e-03,2.62812500e-03
-8.96212500e-08,6.49687500e-03,3.84687500e-03,2.56250000e-03
-8.95812500e-08,6.30625000e-03,3.77187500e-03,2.53125000e-03
-8.95412500e-08,6.16250000e-03,3.67187500e-03,2.53125000e-03
-8.95012500e-08,6.06562500e-03,3.55312500e-03,2.56562500e-03
-8.94612500e-08,6.02500000e-03,3.42187500e-03,2.63437500e-03
-8.94212500e-08,6.03750000e-03,3.28281250e-03,2.72812500e-03
-8.93812500e-08,6.10937500e-03,3.14375000e-03,2.85000000e-03
-8.93412500e-08,6.23125000e-03,3.01250000e-03,2.98750000e-03
-8.93012500e-08,6.40000000e-03,2.89375000e-03,3.13750000e-03
-8.92612500e-08,6.60937500e-03,2.79531250e-03,3.29375000e-03
-8.92212500e-08,6.84687500e-03,2.72031250e-03,3.44375000e-03
-8.91812500e-08,7.10000000e-03,2.67343750e-03,3.58437500e-03
-8.91412500e-08,7.35625000e-03,2.65781250e-03,3.70625000e-03
-8.91012500e-08,7.60625000e-03,2.67500000e-03,3.80312500e-03
-8.90612500e-08,7.83750000e-03,2.72187500e-03,3.87187500e-03
-8.90212500e-08,8.03750000e-03,2.79843750e-03,3.90625000e-03
-8.89812500e-08,8.19687500e-03,2.90156250e-03,3.90937500e-03
-8.89412500e-08,8.30625000e-03,3.02500000e-03,3.87500000e-03
-8.89012500e-08,8.36250000e-03,3.16562500e-03,3.80937500e-03
-8.88612500e-08,8.36250000e-03,3.31406250e-03,3.71250000e-03
-8.88212500e-08,8.30625000e-03,3.46718750e-03,3.59062500e-03
-8.87812500e-08,8.19375000e-03,3.61406250e-03,3.45312500e-03
-8.87412500e-08,8.03750000e-03,3.75156250e-03,3.30000000e-03
-8.87012500e-08,7.83750000e-03,3.87031250e-03,3.14687500e-03
-8.86612500e-08,7.60625000e-03,3.96875000e-03,2.99687500e-03
-8.86212500e-08,7.35625000e-03,4.03906250e-03,2.85937500e-03
-8.85812500e-08,7.09687500e-03,4.07968750e-03,2.74375000e-03
-8.85412500e-08,6.84687500e-03,4.09062500e-03,2.65312500e-03
-8.85012500e-08,6.60937500e-03,4.07031250e-03,2.59375000e-03
-8.84612500e-08,6.40625000e-03,4.01875000e-03,2.57187500e-03
-8.84212500e-08,6.23750000e-03,3.94218750e-03,2.59062500e-03
-8.83812500e-08,6.11875000e-03,3.84062500e-03,2.64375000e-03
-8.83412500e-08,6.05312500e-03,3.72187500e-03,2.73437500e-03
-8.83012500e-08,6.04375000e-03,3.59218750e-03,2.86250000e-03
-8.82612500e-08,6.09375000e-03,3.45625000e-03,3.01562500e-03
-8.82212500e-08,6.19687500e-03,3.32187500e-03,3.19062500e-03
-8.81812500e-08,6.35000000e-03,3.19375000e-03,3.38125000e-03
-8.81412500e-08,6.55000000e-03,3.07968750e-03,3.57500000e-03
-8.81012500e-08,6.77812500e-03,2.98593750e-03,3.76875000e-03
-8.80612500e-08,7.03437500e-03,2.91406250e-03,3.95000000e-03
-8.80212500e-08,7.29687500e-03,2.86718750e-03,4.10937500e-03
-8.79812500e-08,7.56250000e-03,2.85000000e-03,4.24375000e-03
-8.79412500e-08,7.80937500e-03,2.86093750e-03,4.34687500e-03
-8.79012500e-08,8.03125000e-03,2.90000000e-03,4.40937500e-03
-8.78612500e-08,8.21875000e-03,2.96250000e-03,4.43125000e-03
-8.78212500e-08,8.35937500e-03,3.04843750e-03,4.40937500e-03
-8.77812500e-08,8.45000000e-03,3.15000000e-03,4.34687500e-03
-8.77412500e-08,8.48437500e-03,3.26250000e-03,4.24687500e-03
-8.77012500e-08,8.46562500e-03,3.37968750e-03,4.11562500e-03
-8.76612500e-08,8.38750000e-03,3.49687500e-03,3.95312500e-03
-8.76212500e-08,8.26250000e-03,3.60468750e-03,3.76875000e-03
-8.75812500e-08,8.09375000e-03,3.70156250e-03,3.57500000e-03
-8.75412500e-08,7.88750000e-03,3.77812500e-03,3.37812500e-03
-8.75012500e-08,7.65937500e-03,3.83281250e-03,3.18437500e-03
-8.74612500e-08,7.41875000e-03,3.86093750e-03,3.00312500e-03
-8.74212500e-08,7.18125000e-03,3.86250000e-03,2.84375000e-03
-8.73812500e-08,6.95312500e-03,3.83437500e-03,2.71250000e-03
-8.73412500e-08,6.75000000e-03,3.78125000e-03,2.61250000e-03
-8.73012500e-08,6.58437500e-03,3.70156250e-03,2.54687500e-03
-8.72612500e-08,6.45937500e-03,3.60156250e-03,2.52187500e-03
-8.72212500e-08,6.38437500e-03,3.48437500e-03,2.53125000e-03
-8.71812500e-08,6.36562500e-03,3.35625000e-03,2.57812500e-03
-8.71412500e-08,6.40312500e-03,3.22500000e-03,2.65625000e-03
-8.71012500e-08,6.49375000e-03,3.09375000e-03,2.75937500e-03
-8.70612500e-08,6.63750000e-03,2.97187500e-03,2.88125000e-03
-8.70212500e-08,6.82187500e-03,2.86250000e-03,3.01562500e-03
-8.69812500e-08,7.04062500e-03,2.77343750e-03,3.15625000e-03
-8.69412500e-08,7.28437500e-03,2.70937500e-03,3.29062500e-03
-8.69012500e-08,7.54375000e-03,2.67031250e-03,3.41562500e-03
-8.68612500e-08,7.80000000e-03,2.66250000e-03,3.52187500e-03
-8.68212500e-08,8.04375000e-03,2.68281250e-03,3.60312500e-03
-8.67812500e-08,8.26562500e-03,2.73281250e-03,3.65312500e-03
-8.67412500e-08,8.45312500e-03,2.80937500e-03,3.67500000e-03
-8.67012500e-08,8.59375000e-03,2.90937500e-03,3.66250000e-03
-8.66612500e-08,8.68750000e-03,3.02656250e-03,3.61875000e-03
-8.66212500e-08,8.72187500e-03,3.15781250e-03,3.54375000e-03
-8.65812500e-08,8.70312500e-03,3.29375000e-03,3.44062500e-03
-8.65412500e-08,8.62812500e-03,3.43125000e-03,3.31875000e-03
-8.65012500e-08,8.50000000e-03,3.56093750e-03,3.18125000e-03
-8.64612500e-08,8.32812500e-03,3.67656250e-03,3.03750000e-03
-8.64212500e-08,8.11875000e-03,3.77500000e-03,2.89375000e-03
-8.63812500e-08,7.88437500e-03,3.84843750e-03,2.75937500e-03
-8.63412500e-08,7.63437500e-03,3.89375000e-03,2.63750000e-03
-8.63012500e-08,7.38125000e-03,3.91093750e-03,2.54062500e-03
-8.62612500e-08,7.14062500e-03,3.89687500e-03,2.47187500e-03
-8.62212500e-08,6.91875000e-03,3.85156250e-03,2.43437500e-03
-8.61812500e-08,6.73125000e-03,3.77968750e-03,2.43125000e-03
-8.61412500e-08,6.58437500e-03,3.68125000e-03,2.46250000e-03
-8.61012500e-08,6.48750000e-03,3.56406250e-03,2.53125000e-03
-8.60612500e-08,6.44375000e-03,3.43281250e-03,2.62812500e-03
-8.60212500e-08,6.45312500e-03,3.29218750e-03,2.75000000e-03
-8.59812500e-08,6.51875000e-03,3.15156250e-03,2.89375000e-03
-8.59412500e-08,6.63437500e-03,3.01718750e-03,3.05312500e-03
-8.59012500e-08,6.79375000e-03,2.89531250e-03,3.21562500e-03
-8.58612500e-08,6.99062500e-03,2.79218750e-03,3.37500000e-03
-8.58212500e-08,7.21250000e-03,2.71250000e-03,3.52812500e-03
-8.57812500e-08,7.44687500e-03,2.66093750e-03,3.65937500e-03
-8.57412500e-08,7.68437500e-03,2.64062500e-03,3.76562500e-03
-8.57012500e-08,7.91562500e-03,2.65156250e-03,3.84062500e-03
-8.56612500e-08,8.12500000e-03,2.69531250e-03,3.87812500e-03
-8.56212500e-08,8.30000000e-03,2.77031250e-03,3.87812500e-03
-8.55812500e-08,8.43750000e-03,2.87187500e-03,3.84062500e-03
-8.55412500e-08,8.52812500e-03,2.99531250e-03,3.76562500e-03
-8.55012500e-08,8.56875000e-03,3.13750000e-03,3.65625000e-03
-8.54612500e-08,8.55625000e-03,3.28906250e-03,3.51562500e-03
-8.54212500e-08,8.49375000e-03,3.44375000e-03,3.35312500e-03
-8.53812500e-08,8.38125000e-03,3.59375000e-03,3.17500000e-03
-8.53412500e-08,8.22812500e-03,3.73437500e-03,2.98750000e-03
-8.53012500e-08,8.04062500e-03,3.85625000e-03,2.80000000e-03
-8.52612500e-08,7.83125000e-03,3.95468750e-03,2.62500000e-03
-8.52212500e-08,7.60625000e-03,4.02500000e-03,2.46875000e-03
-8.51812500e-08,7.38125000e-03,4.06406250e-03,2.34062500e-03
-8.51412500e-08,7.16875000e-03,4.06875000e-03,2.24375000e-03
-8.51012500e-08,6.97500000e-03,4.03906250e-03,2.18437500e-03
-8.50612500e-08,6.81562500e-03,3.97812500e-03,2.16875000e-03
-8.50212500e-08,6.69375000e-03,3.88593750e-03,2.19375000e-03
-8.49812500e-08,6.61562500e-03,3.76875000e-03,2.25937500e-03
-8.49412500e-08,6.58750000e-03,3.63281250e-03,2.36562500e-03
-8.49012500e-08,6.60937500e-03,3.48125000e-03,2.50937500e-03
-8.48612500e-08,6.67812500e-03,3.32500000e-03,2.67812500e-03
-8.48212500e-08,6.79062500e-03,3.16875000e-03,2.86562500e-03
-8.47812500e-08,6.94375000e-03,3.02031250e-03,3.06562500e-03
-8.47412500e-08,7.12187500e-03,2.88906250e-03,3.27187500e-03
-8.47012500e-08,7.31875000e-03,2.77812500e-03,3.46562500e-03
-8.46612500e-08,7.52500000e-03,2.69531250e-03,3.64687500e-03
-8.46212500e-08,7.72812500e-03,2.64375000e-03,3.80000000e-03
-8.45812500e-08,7.91562500e-03,2.62500000e-03,3.92187500e-03
-8.45412500e-08,8.07500000e-03,2.64218750e-03,4.00625000e-03
-8.45012500e-08,8.20312500e-03,2.69218750e-03,4.04687500e-03
-8.44612500e-08,8.28750000e-03,2.77343750e-03,4.04375000e-03
-8.44212500e-08,8.32187500e-03,2.88125000e-03,3.99687500e-03
-8.43812500e-08,8.30625000e-03,3.01093750e-03,3.90625000e-03
-8.43412500e-08,8.23750000e-03,3.15625000e-03,3.77500000e-03
-8.43012500e-08,8.12187500e-03,3.31093750e-03,3.61250000e-03
-8.42612500e-08,7.95937500e-03,3.46562500e-03,3.42812500e-03
-8.42212500e-08,7.76250000e-03,3.61250000e-03,3.22500000e-03
-8.41812500e-08,7.53437500e-03,3.74375000e-03,3.01562500e-03
-8.41412500e-08,7.29062500e-03,3.85625000e-03,2.80937500e-03
-8.41012500e-08,7.03750000e-03,3.93906250e-03,2.61875000e-03
-8.40612500e-08,6.79062500e-03,3.99218750e-03,2.45000000e-03
-8.40212500e-08,6.55937500e-03,4.01093750e-03,2.31250000e-03
-8.39812500e-08,6.35937500e-03,3.99218750e-03,2.21250000e-03
-8.39412500e-08,6.19375000e-03,3.94062500e-03,2.15625000e-03
-8.39012500e-08,6.07500000e-03,3.85468750e-03,2.14687500e-03
-8.38612500e-08,6.00625000e-03,3.73906250e-03,2.18437500e-03
-8.38212500e-08,5.99062500e-03,3.60156250e-03,2.26562500e-03
-8.37812500e-08,6.02812500e-03,3.44531250e-03,2.39375000e-03
-8.37412500e-08,6.12187500e-03,3.27968750e-03,2.55625000e-03
-8.37012500e-08,6.26250000e-03,3.11250000e-03,2.75000000e-03
-8.36612500e-08,6.44375000e-03,2.95156250e-03,2.96562500e-03
-8.36212500e-08,6.65937500e-03,2.80468750e-03,3.19062500e-03
-8.35812500e-08,6.89687500e-03,2.67968750e-03,3.41875000e-03
-8.35412500e-08,7.14375000e-03,2.58281250e-03,3.63750000e-03
-8.35012500e-08,7.39062500e-03,2.51718750e-03,3.83437500e-03
-8.34612500e-08,7.62812500e-03,2.48906250e-03,4.00312500e-03
-8.34212500e-08,7.84375000e-03,2.49843750e-03,4.13437500e-03
-8.33812500e-08,8.02500000e-03,2.54687500e-03,4.22187500e-03
-8.33412500e-08,8.16875000e-03,2.63125000e-03,4.26250000e-03
-8.33012500e-08,8.26562500e-03,2.74687500e-03,4.25000000e-03
-8.32612500e-08,8.31250000e-03,2.89062500e-03,4.18437500e-03
-8.32212500e-08,8.30937500e-03,3.05468750e-03,4.07187500e-03
-8.31812500e-08,8.25937500e-03,3.23281250e-03,3.91562500e-03
-8.31412500e-08,8.16250000e-03,3.41562500e-03,3.71875000e-03
-8.31012500e-08,8.02812500e-03,3.59531250e-03,3.49375000e-03
-8.30612500e-08,7.86562500e-03,3.76250000e-03,3.24687500e-03
-8.30212500e-08,7.67812500e-03,3.91093750e-03,2.98750000e-03
-8.29812500e-08,7.48125000e-03,4.03125000e-03,2.73125000e-03
-8.29412500e-08,7.28437500e-03,4.12031250e-03,2.48125000e-03
-8.29012500e-08,7.09687500e-03,4.17187500e-03,2.25625000e-03
-8.28612500e-08,6.93125000e-03,4.18593750e-03,2.05937500e-03
-8.28212500e-08,6.79375000e-03,4.15937500e-03,1.90000000e-03
-8.27812500e-08,6.69375000e-03,4.09531250e-03,1.78437500e-03
-8.27412500e-08,6.63750000e-03,3.99531250e-03,1.71875000e-03
-8.27012500e-08,6.62500000e-03,3.86406250e-03,1.70312500e-03
-8.26612500e-08,6.66250000e-03,3.70937500e-03,1.73437500e-03
-8.26212500e-08,6.74062500e-03,3.53750000e-03,1.81562500e-03
-8.25812500e-08,6.86250000e-03,3.35625000e-03,1.93750000e-03
-8.25412500e-08,7.01875000e-03,3.17500000e-03,2.09687500e-03
-8.25012500e-08,7.20625000e-03,3.00156250e-03,2.28437500e-03
-8.24612500e-08,7.40625000e-03,2.84375000e-03,2.49062500e-03
-8.24212500e-08,7.61875000e-03,2.70937500e-03,2.70625000e-03
-8.23812500e-08,7.82812500e-03,2.60312500e-03,2.92187500e-03
-8.23412500e-08,8.02500000e-03,2.53125000e-03,3.12812500e-03
-8.23012500e-08,8.19687500e-03,2.49687500e-03,3.31250000e-03
-8.22612500e-08,8.33750000e-03,2.50000000e-03,3.47187500e-03
-8.22212500e-08,8.44062500e-03,2.54062500e-03,3.59687500e-03
-8.21812500e-08,8.49687500e-03,2.61562500e-03,3.68125000e-03
-8.21412500e-08,8.50312500e-03,2.72343750e-03,3.72812500e-03
-8.21012500e-08,8.46250000e-03,2.85468750e-03,3.72812500e-03
-8.20612500e-08,8.37500000e-03,3.00468750e-03,3.69062500e-03
-8.20212500e-08,8.24062500e-03,3.16718750e-03,3.61562500e-03
-8.19812500e-08,8.06875000e-03,3.33125000e-03,3.50937500e-03
-8.19412500e-08,7.86250000e-03,3.49062500e-03,3.37500000e-03
-8.19012500e-08,7.63750000e-03,3.63750000e-03,3.22500000e-03
-8.18612500e-08,7.40000000e-03,3.76562500e-03,3.06250000e-03
-8.18212500e-08,7.15937500e-03,3.86718750e-03,2.90000000e-03
-8.17812500e-08,6.92812500e-03,3.93906250e-03,2.74687500e-03
-8.17412500e-08,6.71875000e-03,3.97656250e-03,2.60625000e-03
-8.17012500e-08,6.53750000e-03,3.97968750e-03,2.49062500e-03
-8.16612500e-08,6.39687500e-03,3.95000000e-03,2.40625000e-03
-8.16212500e-08,6.29687500e-03,3.88750000e-03,2.35000000e-03
-8.15812500e-08,6.25000000e-03,3.79687500e-03,2.33125000e-03
-8.15412500e-08,6.25312500e-03,3.68281250e-03,2.35000000e-03
-8.15012500e-08,6.30625000e-03,3.55312500e-03,2.40312500e-03
-8.14612500e-08,6.40937500e-03,3.41406250e-03,2.48437500e-03
-8.14212500e-08,6.55625000e-03,3.27343750e-03,2.59375000e-03
-8.13812500e-08,6.74062500e-03,3.13750000e-03,2.72500000e-03
-8.13412500e-08,6.95312500e-03,3.01562500e-03,2.86875000e-03
-8.13012500e-08,7.18750000e-03,2.91406250e-03,3.01875000e-03
-8.12612500e-08,7.43125000e-03,2.83750000e-03,3.16562500e-03
-8.12212500e-08,7.67187500e-03,2.79218750e-03,3.30312500e-03
-8.11812500e-08,7.90000000e-03,2.77812500e-03,3.42187500e-03
-8.11412500e-08,8.10937500e-03,2.79843750e-03,3.51562500e-03
-8.11012500e-08,8.28437500e-03,2.85156250e-03,3.58437500e-03
-8.10612500e-08,8.42187500e-03,2.93593750e-03,3.61875000e-03
-8.10212500e-08,8.51562500e-03,3.04531250e-03,3.61875000e-03
-8.09812500e-08,8.56250000e-03,3.17812500e-03,3.58750000e-03
-8.09412500e-08,8.55937500e-03,3.32500000e-03,3.52187500e-03
-8.09012500e-08,8.50937500e-03,3.47812500e-03,3.43125000e-03
-8.08612500e-08,8.41250000e-03,3.63281250e-03,3.31562500e-03
-8.08212500e-08,8.27812500e-03,3.77812500e-03,3.18437500e-03
-8.07812500e-08,8.11250000e-03,3.90781250e-03,3.04375000e-03
-8.07412500e-08,7.92500000e-03,4.01406250e-03,2.90312500e-03
-8.07012500e-08,7.72187500e-03,4.09375000e-03,2.76875000e-03
-8.06612500e-08,7.51562500e-03,4.13906250e-03,2.65000000e-03
-8.06212500e-08,7.31562500e-03,4.15000000e-03,2.55000000e-03
-8.05812500e-08,7.13125000e-03,4.12500000e-03,2.48125000e-03
-8.05412500e-08,6.97500000e-03,4.06250000e-03,2.44062500e-03
-8.05012500e-08,6.85312500e-03,3.96718750e-03,2.43750000e-03
-8.04612500e-08,6.76875000e-03,3.84375000e-03,2.47187500e-03
-8.04212500e-08,6.72812500e-03,3.69531250e-03,2.54062500e-03
-8.03812500e-08,6.73125000e-03,3.52968750e-03,2.64062500e-03
-8.03412500e-08,6.78125000e-03,3.35625000e-03,2.77187500e-03
-8.03012500e-08,6.87500000e-03,3.18125000e-03,2.92500000e-03
-8.02612500e-08,7.00625000e-03,3.01250000e-03,3.09375000e-03
-8.02212500e-08,7.16875000e-03,2.85781250e-03,3.27187500e-03
-8.01812500e-08,7.35625000e-03,2.72656250e-03,3.45000000e-03
-8.01412500e-08,7.55625000e-03,2.62343750e-03,3.61875000e-03
-8.01012500e-08,7.76250000e-03,2.55468750e-03,3.77187500e-03
-8.00612500e-08,7.96250000e-03,2.52031250e-03,3.90000000e-03
-8.00212500e-08,8.14375000e-03,2.52500000e-03,3.99687500e-03
-7.99812500e-08,8.30000000e-03,2.56562500e-03,4.05937500e-03
-7.99412500e-08,8.42187500e-03,2.64218750e-03,4.08437500e-03
-7.99012500e-08,8.50625000e-03,2.75000000e-03,4.07187500e-03
-7.98612500e-08,8.54375000e-03,2.88281250e-03,4.01875000e-03
-7.98212500e-08,8.53125000e-03,3.03593750e-03,3.92812500e-03
-7.97812500e-08,8.47500000e-03,3.19843750e-03,3.80625000e-03
-7.97412500e-08,8.36875000e-03,3.36562500e-03,3.65625000e-03
-7.97012500e-08,8.22500000e-03,3.52500000e-03,3.49062500e-03
-7.96612500e-08,8.04375000e-03,3.67187500e-03,3.30937500e-03
-7.96212500e-08,7.83437500e-03,3.79843750e-03,3.12500000e-03
-7.95812500e-08,7.60937500e-03,3.89687500e-03,2.94687500e-03
-7.95412500e-08,7.37812500e-03,3.96250000e-03,2.77812500e-03
-7.95012500e-08,7.15312500e-03,3.99062500e-03,2.63125000e-03
-7.94612500e-08,6.94062500e-03,3.98125000e-03,2.50937500e-03
-7.94212500e-08,6.75625000e-03,3.93593750e-03,2.42187500e-03
-7.93812500e-08,6.60625000e-03,3.85312500e-03,2.36562500e-03
-7.93412500e-08,6.50000000e-03,3.73906250e-03,2.34687500e-03
-7.93012500e-08,6.44375000e-03,3.59843750e-03,2.36250000e-03
-7.92612500e-08,6.43750000e-03,3.43750000e-03,2.41250000e-03
-7.92212500e-08,6.48437500e-03,3.26562500e-03,2.49687500e-03
-7.91812500e-08,6.58750000e-03,3.09062500e-03,2.60312500e-03
-7.91412500e-08,6.73750000e-03,2.92187500e-03,2.72812500e-03
-7.91012500e-08,6.92812500e-03,2.76718750e-03,2.86875000e-03
-7.90612500e-08,7.15625000e-03,2.63437500e-03,3.01250000e-03
-7.90212500e-08,7.40625000e-03,2.52968750e-03,3.15312500e-03
-7.89812500e-08,7.67187500e-03,2.46093750e-03,3.28437500e-03
-7.89412500e-08,7.93750000e-03,2.42968750e-03,3.39687500e-03
-7.89012500e-08,8.19375000e-03,2.43906250e-03,3.48750000e-03
-7.88612500e-08,8.42812500e-03,2.48906250e-03,3.55312500e-03
-7.88212500e-08,8.63125000e-03,2.57812500e-03,3.58750000e-03
-7.87812500e-08,8.79062500e-03,2.70312500e-03,3.58750000e-03
-7.87412500e-08,8.90312500e-03,2.85625000e-03,3.55937500e-03
-7.87012500e-08,8.95937500e-03,3.03437500e-03,3.50000000e-03
-7.86612500e-08,8.96250000e-03,3.22656250e-03,3.41562500e-03
-7.86212500e-08,8.91250000e-03,3.42343750e-03,3.30937500e-03
-7.85812500e-08,8.80937500e-03,3.61875000e-03,3.19062500e-03
-7.85412500e-08,8.65937500e-03,3.80312500e-03,3.06250000e-03
-7.85012500e-08,8.46875000e-03,3.96562500e-03,2.93125000e-03
-7.84612500e-08,8.25312500e-03,4.10156250e-03,2.80625000e-03
-7.84212500e-08,8.01875000e-03,4.20468750e-03,2.69687500e-03
-7.83812500e-08,7.78125000e-03,4.26875000e-03,2.60312500e-03
-7.83412500e-08,7.55312500e-03,4.29218750e-03,2.53750000e-03
-7.83012500e-08,7.34375000e-03,4.27343750e-03,2.49687500e-03
-7.82612500e-08,7.16875000e-03,4.21562500e-03,2.49062500e-03
-7.82212500e-08,7.03437500e-03,4.12031250e-03,2.51562500e-03
-7.81812500e-08,6.95000000e-03,3.99218750e-03,2.57500000e-03
-7.81412500e-08,6.92500000e-03,3.83906250e-03,2.66250000e-03
-7.81012500e-08,6.95625000e-03,3.66718750e-03,2.77500000e-03
-7.80612500e-08,7.05000000e-03,3.48593750e-03,2.90937500e-03
-7.80212500e-08,7.20000000e-03,3.30468750e-03,3.05625000e-03
-7.79812500e-08,7.40312500e-03,3.13125000e-03,3.21250000e-03
-7.79412500e-08,7.64687500e-03,2.97343750e-03,3.37187500e-03
-7.79012500e-08,7.92812500e-03,2.84062500e-03,3.52187500e-03
-7.78612500e-08,8.22812500e-03,2.73750000e-03,3.65625000e-03
-7.78212500e-08,8.54062500e-03,2.66875000e-03,3.77187500e-03
-7.77812500e-08,8.84687500e-03,2.63750000e-03,3.85937500e-03
-7.77412500e-08,9.13750000e-03,2.64687500e-03,3.91562500e-03
-7.77012500e-08,9.39375000e-03,2.69218750e-03,3.93750000e-03
-7.76612500e-08,9.60937500e-03,2.77343750e-03,3.92500000e-03
-7.76212500e-08,9.77500000e-03,2.88437500e-03,3.87500000e-03
-7.75812500e-08,9.88437500e-03,3.02031250e-03,3.79375000e-03
-7.75412500e-08,9.92812500e-03,3.17187500e-03,3.68125000e-03
-7.75012500e-08,9.90937500e-03,3.33281250e-03,3.54375000e-03
-7.74612500e-08,9.82812500e-03,3.49531250e-03,3.39062500e-03
-7.74212500e-08,9.69062500e-03,3.64843750e-03,3.22187500e-03
-7.73812500e-08,9.50312500e-03,3.78593750e-03,3.05000000e-03
-7.73412500e-08,9.27812500e-03,3.89843750e-03,2.88125000e-03
-7.73012500e-08,9.02500000e-03,3.98281250e-03,2.72500000e-03
-7.72612500e-08,8.75625000e-03,4.03281250e-03,2.58750000e-03
-7.72212500e-08,8.48750000e-03,4.04375000e-03,2.47187500e-03
-7.71812500e-08,8.23125000e-03,4.01875000e-03,2.38750000e-03
-7.71412500e-08,8.00312500e-03,3.95625000e-03,2.33750000e-03
-7.71012500e-08,7.81250000e-03,3.85937500e-03,2.32187500e-03
-7.70612500e-08,7.67500000e-03,3.73437500e-03,2.34062500e-03
-7.70212500e-08,7.59062500e-03,3.58437500e-03,2.39687500e-03
-7.69812500e-08,7.57187500e-03,3.41875000e-03,2.48437500e-03
-7.69412500e-08,7.61875000e-03,3.24531250e-03,2.60000000e-03
-7.69012500e-08,7.72812500e-03,3.07343750e-03,2.73750000e-03
-7.68612500e-08,7.90000000e-03,2.90937500e-03,2.88750000e-03
-7.68212500e-08,8.12500000e-03,2.76406250e-03,3.05000000e-03
-7.67812500e-08,8.39375000e-03,2.64218750e-03,3.20937500e-03
-7.67412500e-08,8.69687500e-03,2.55156250e-03,3.36250000e-03
-7.67012500e-08,9.01875000e-03,2.49531250e-03,3.50000000e-03
-7.66612500e-08,9.34687500e-03,2.47812500e-03,3.61875000e-03
-7.66212500e-08,9.66875000e-03,2.50000000e-03,3.70937500e-03
-7.65812500e-08,9.96875000e-03,2.55937500e-03,3.77187500e-03
-7.65412500e-08,1.02343750e-02,2.65468750e-03,3.80000000e-03
-7.65012500e-08,1.04531250e-02,2.78125000e-03,3.79375000e-03
-7.64612500e-08,1.06218750e-02,2.93125000e-03,3.75625000e-03
-7.64212500e-08,1.07312500e-02,3.10000000e-03,3.68750000e-03
-7.63812500e-08,1.07750000e-02,3.27656250e-03,3.59375000e-03
-7.63412500e-08,1.07562500e-02,3.45468750e-03,3.47812500e-03
-7.63012500e-08,1.06781250e-02,3.62500000e-03,3.35000000e-03
-7.62612500e-08,1.05468750e-02,3.77812500e-03,3.21250000e-03
-7.62212500e-08,1.03687500e-02,3.90937500e-03,3.07500000e-03
-7.61812500e-08,1.01531250e-02,4.00937500e-03,2.94687500e-03
-7.61412500e-08,9.91562500e-03,4.07500000e-03,2.83437500e-03
-7.61012500e-08,9.66562500e-03,4.10312500e-03,2.74375000e-03
-7.60612500e-08,9.41562500e-03,4.09218750e-03,2.67812500e-03
-7.60212500e-08,9.18437500e-03,4.04375000e-03,2.64687500e-03
-7.59812500e-08,8.97812500e-03,3.95937500e-03,2.64375000e-03
-7.59412500e-08,8.81250000e-03,3.84375000e-03,2.67812500e-03
-7.59012500e-08,8.69062500e-03,3.70468750e-03,2.74687500e-03
-7.58612500e-08,8.62187500e-03,3.54531250e-03,2.84375000e-03
-7.58212500e-08,8.60937500e-03,3.37812500e-03,2.96875000e-03
-7.57812500e-08,8.65312500e-03,3.20781250e-03,3.11250000e-03
-7.57412500e-08,8.75000000e-03,3.04531250e-03,3.27187500e-03
-7.57012500e-08,8.89687500e-03,2.89843750e-03,3.43437500e-03
-7.56612500e-08,9.08437500e-03,2.77500000e-03,3.59687500e-03
-7.56212500e-08,9.30312500e-03,2.67968750e-03,3.74687500e-03
-7.55812500e-08,9.54375000e-03,2.61875000e-03,3.87812500e-03
-7.55412500e-08,9.79062500e-03,2.59531250e-03,3.98437500e-03
-7.55012500e-08,1.00375000e-02,2.61093750e-03,4.05937500e-03
-7.54612500e-08,1.02625000e-02,2.66406250e-03,4.10000000e-03
-7.54212500e-08,1.04625000e-02,2.75312500e-03,4.10000000e-03
-7.53812500e-08,1.06218750e-02,2.87343750e-03,4.05937500e-03
-7.53412500e-08,1.07375000e-02,3.02031250e-03,3.98125000e-03
-7.53012500e-08,1.08000000e-02,3.18437500e-03,3.86562500e-03
-7.52612500e-08,1.08093750e-02,3.36093750e-03,3.71562500e-03
-7.52212500e-08,1.07625000e-02,3.53906250e-03,3.54062500e-03
-7.51812500e-08,1.06593750e-02,3.70937500e-03,3.34687500e-03
-7.51412500e-08,1.05125000e-02,3.86718750e-03,3.14062500e-03
-7.51012500e-08,1.03218750e-02,4.00156250e-03,2.93125000e-03
-7.50612500e-08,1.01000000e-02,4.10625000e-03,2.73125000e-03
-7.50212500e-08,9.85625000e-03,4.17656250e-03,2.54375000e-03
-7.49812500e-08,9.60625000e-03,4.20937500e-03,2.38125000e-03
-7.49412500e-08,9.35625000e-03,4.20312500e-03,2.24687500e-03
-7.49012500e-08,9.12187500e-03,4.15625000e-03,2.15000000e-03
-7.48612500e-08,8.91562500e-03,4.07343750e-03,2.09062500e-03
-7.48212500e-08,8.74687500e-03,3.95468750e-03,2.07500000e-03
-7.47812500e-08,8.61875000e-03,3.80937500e-03,2.10312500e-03
-7.47412500e-08,8.54375000e-03,3.64218750e-03,2.16875000e-03
-7.47012500e-08,8.51875000e-03,3.46093750e-03,2.26875000e-03
-7.46612500e-08,8.55000000e-03,3.27343750e-03,2.40312500e-03
-7.46212500e-08,8.63125000e-03,3.09062500e-03,2.55937500e-03
-7.45812500e-08,8.75625000e-03,2.91875000e-03,2.73437500e-03
-7.45412500e-08,8.92500000e-03,2.76562500e-03,2.91562500e-03
-7.45012500e-08,9.12187500e-03,2.64062500e-03,3.09687500e-03
-7.44612500e-08,9.33750000e-03,2.54687500e-03,3.26875000e-03
-7.44212500e-08,9.56250000e-03,2.48906250e-03,3.42187500e-03
-7.43812500e-08,9.78125000e-03,2.47031250e-03,3.55000000e-03
-7.43412500e-08,9.98750000e-03,2.49062500e-03,3.64687500e-03
-7.43012500e-08,1.01656250e-02,2.54687500e-03,3.70937500e-03
-7.42612500e-08,1.03062500e-02,2.63906250e-03,3.73437500e-03
-7.42212500e-08,1.04031250e-02,2.76093750e-03,3.72187500e-03
-7.41812500e-08,1.04468750e-02,2.90625000e-03,3.67187500e-03
-7.41412500e-08,1.04406250e-02,3.06875000e-03,3.58750000e-03
-7.41012500e-08,1.03781250e-02,3.23750000e-03,3.47187500e-03
-7.40612500e-08,1.02656250e-02,3.40781250e-03,3.33750000e-03
-7.40212500e-08,1.01031250e-02,3.56718750e-03,3.18750000e-03
-7.39812500e-08,9.90312500e-03,3.71250000e-03,3.02812500e-03
-7.39412500e-08,9.66875000e-03,3.83281250e-03,2.87187500e-03
-7.39012500e-08,9.41562500e-03,3.92343750e-03,2.72812500e-03
-7.38612500e-08,9.15625000e-03,3.98125000e-03,2.60000000e-03
-7.38212500e-08,8.89687500e-03,4.00156250e-03,2.49687500e-03
-7.37812500e-08,8.65312500e-03,3.98437500e-03,2.42500000e-03
-7.37412500e-08,8.43750000e-03,3.93125000e-03,2.38750000e-03
-7.37012500e-08,8.25625000e-03,3.84375000e-03,2.38750000e-03
-7.36612500e-08,8.12187500e-03,3.72656250e-03,2.42812500e-03
-7.36212500e-08,8.04062500e-03,3.58593750e-03,2.50312500e-03
-7.35812500e-08,8.01250000e-03,3.42812500e-03,2.61250000e-03
-7.35412500e-08,8.03750000e-03,3.26093750e-03,2.74687500e-03
-7.35012500e-08,8.11875000e-03,3.09375000e-03,2.90625000e-03
-7.34612500e-08,8.25000000e-03,2.93437500e-03,3.08125000e-03
-7.34212500e-08,8.42187500e-03,2.79062500e-03,3.26250000e-03
-7.33812500e-08,8.62812500e-03,2.67031250e-03,3.44062500e-03
-7.33412500e-08,8.85937500e-03,2.57812500e-03,3.60625000e-03
-7.33012500e-08,9.09687500e-03,2.52031250e-03,3.75312500e-03
-7.32612500e-08,9.33437500e-03,2.50156250e-03,3.87812500e-03
-7.32212500e-08,9.55937500e-03,2.51875000e-03,3.96875000e-03
-7.31812500e-08,9.75625000e-03,2.57656250e-03,4.02187500e-03
-7.31412500e-08,9.91562500e-03,2.66875000e-03,4.03750000e-03
-7.31012500e-08,1.00312500e-02,2.79375000e-03,4.01250000e-03
-7.30612500e-08,1.00937500e-02,2.94531250e-03,3.95000000e-03
-7.30212500e-08,1.01000000e-02,3.11562500e-03,3.85312500e-03
-7.29812500e-08,1.00468750e-02,3.29843750e-03,3.72500000e-03
-7.29412500e-08,9.94062500e-03,3.48281250e-03,3.57500000e-03
-7.29012500e-08,9.78125000e-03,3.66250000e-03,3.40625000e-03
-7.28612500e-08,9.57812500e-03,3.82968750e-03,3.22812500e-03
-7.28212500e-08,9.33750000e-03,3.97343750e-03,3.05000000e-03
-7.27812500e-08,9.07500000e-03,4.08906250e-03,2.88125000e-03
-7.27412500e-08,8.80000000e-03,4.17031250e-03,2.73125000e-03
-7.27012500e-08,8.52812500e-03,4.21250000e-03,2.60000000e-03
-7.26612500e-08,8.26875000e-03,4.21562500e-03,2.50312500e-03
-7.26212500e-08,8.03750000e-03,4.17812500e-03,2.43750000e-03
-7.25812500e-08,7.84687500e-03,4.10156250e-03,2.40937500e-03
-7.25412500e-08,7.70312500e-03,3.99062500e-03,2.41875000e-03
-7.25012500e-08,7.61562500e-03,3.84843750e-03,2.46562500e-03
-7.24612500e-08,7.59062500e-03,3.68281250e-03,2.54375000e-03
-7.24212500e-08,7.62812500e-03,3.50156250e-03,2.65625000e-03
-7.23812500e-08,7.73125000e-03,3.31250000e-03,2.78750000e-03
-7.23412500e-08,7.88750000e-03,3.12500000e-03,2.93750000e-03
-7.23012500e-08,8.10000000e-03,2.94687500e-03,3.09687500e-03
-7.22612500e-08,8.35000000e-03,2.78906250e-03,3.25312500e-03
-7.22212500e-08,8.63437500e-03,2.65625000e-03,3.40312500e-03
-7.21812500e-08,8.93437500e-03,2.55625000e-03,3.53750000e-03
-7.21412500e-08,9.23750000e-03,2.49218750e-03,3.64687500e-03
-7.21012500e-08,9.52812500e-03,2.46718750e-03,3.72812500e-03
-7.20612500e-08,9.79687500e-03,2.48437500e-03,3.77500000e-03
-7.20212500e-08,1.00281250e-02,2.54062500e-03,3.78750000e-03
-7.19812500e-08,1.02093750e-02,2.63437500e-03,3.76250000e-03
-7.19412500e-08,1.03343750e-02,2.75937500e-03,3.70000000e-03
-7.19012500e-08,1.04000000e-02,2.91250000e-03,3.60312500e-03
-7.18612500e-08,1.03968750e-02,3.08281250e-03,3.47812500e-03
-7.18212500e-08,1.03312500e-02,3.26406250e-03,3.33125000e-03
-7.17812500e-08,1.02031250e-02,3.44843750e-03,3.16562500e-03
-7.17412500e-08,1.00187500e-02,3.62500000e-03,2.99375000e-03
-7.17012500e-08,9.79062500e-03,3.78593750e-03,2.82187500e-03
-7.16612500e-08,9.52812500e-03,3.92500000e-03,2.65937500e-03
-7.16212500e-08,9.24687500e-03,4.03437500e-03,2.51562500e-03
-7.15812500e-08,8.96250000e-03,4.10781250e-03,2.39687500e-03
-7.15412500e-08,8.68437500e-03,4.14531250e-03,2.30625000e-03
-7.15012500e-08,8.43125000e-03,4.14218750e-03,2.25312500e-03
-7.14612500e-08,8.21562500e-03,4.10000000e-03,2.24062500e-03
-7.14212500e-08,8.05000000e-03,4.02187500e-03,2.26875000e-03
-7.13812500e-08,7.94375000e-03,3.91093750e-03,2.33437500e-03
-7.13412500e-08,7.90312500e-03,3.77343750e-03,2.44062500e-03
-7.13012500e-08,7.93125000e-03,3.61562500e-03,2.58125000e-03
-7.12612500e-08,8.02812500e-03,3.44531250e-03,2.74687500e-03
-7.12212500e-08,8.19375000e-03,3.27343750e-03,2.93437500e-03
-7.11812500e-08,8.41875000e-03,3.10625000e-03,3.13750000e-03
-7.11412500e-08,8.69687500e-03,2.95156250e-03,3.34062500e-03
-7.11012500e-08,9.01250000e-03,2.82031250e-03,3.54062500e-03
-7.10612500e-08,9.35312500e-03,2.71562500e-03,3.72500000e-03
-7.10212500e-08,9.70625000e-03,2.64375000e-03,3.88750000e-03
-7.09812500e-08,1.00531250e-02,2.60937500e-03,4.01875000e-03
-7.09412500e-08,1.03781250e-02,2.61250000e-03,4.11562500e-03
-7.09012500e-08,1.06687500e-02,2.65312500e-03,4.17187500e-03
-7.08612500e-08,1.09125000e-02,2.72968750e-03,4.18437500e-03
-7.08212500e-08,1.11000000e-02,2.83750000e-03,4.15000000e-03
-7.07812500e-08,1.12187500e-02,2.97187500e-03,4.07500000e-03
-7.07412500e-08,1.12656250e-02,3.12500000e-03,3.95937500e-03
-7.07012500e-08,1.12437500e-02,3.28906250e-03,3.80937500e-03
-7.06612500e-08,1.11500000e-02,3.45625000e-03,3.63125000e-03
-7.06212500e-08,1.09937500e-02,3.61875000e-03,3.42812500e-03
-7.05812500e-08,1.07812500e-02,3.76562500e-03,3.21562500e-03
-7.05412500e-08,1.05250000e-02,3.89218750e-03,3.00000000e-03
-7.05012500e-08,1.02375000e-02,3.99062500e-03,2.78750000e-03
-7.04612500e-08,9.93437500e-03,4.05468750e-03,2.59375000e-03
-7.04212500e-08,9.62812500e-03,4.08437500e-03,2.42187500e-03
-7.03812500e-08,9.33437500e-03,4.07500000e-03,2.28437500e-03
-7.03412500e-08,9.07187500e-03,4.02812500e-03,2.18125000e-03
-7.03012500e-08,8.85000000e-03,3.94531250e-03,2.12187500e-03
-7.02612500e-08,8.67812500e-03,3.83125000e-03,2.10625000e-03
-7.02212500e-08,8.56875000e-03,3.69218750e-03,2.13750000e-03
-7.01812500e-08,8.52187500e-03,3.53437500e-03,2.21250000e-03
-7.01412500e-08,8.54375000e-03,3.36406250e-03,2.32500000e-03
-7.01012500e-08,8.62812500e-03,3.19218750e-03,2.47500000e-03
-7.00612500e-08,8.77500000e-03,3.02500000e-03,2.65625000e-03
-7.00212500e-08,8.97187500e-03,2.87031250e-03,2.85625000e-03
-6.99812500e-08,9.21250000e-03,2.73906250e-03,3.06875000e-03
-6.99412500e-08,9.48125000e-03,2.63437500e-03,3.28437500e-03
-6.99012500e-08,9.76562500e-03,2.56093750e-03,3.49062500e-03
-6.98612500e-08,1.00500000e-02,2.52343750e-03,3.68437500e-03
-6.98212500e-08,1.03218750e-02,2.52343750e-03,3.85312500e-03
-6.97812500e-08,1.05625000e-02,2.56093750e-03,3.99062500e-03
-6.97412500e-08,1.07656250e-02,2.63125000e-03,4.09062500e-03
-6.97012500e-08,1.09187500e-02,2.73125000e-03,4.14687500e-03
-6.96612500e-08,1.10156250e-02,2.85468750e-03,4.16250000e-03
-6.96212500e-08,1.10468750e-02,2.99687500e-03,4.13125000e-03
-6.95812500e-08,1.10156250e-02,3.14687500e-03,4.05937500e-03
-6.95412500e-08,1.09218750e-02,3.29843750e-03,3.95000000e-03
-6.95012500e-08,1.07687500e-02,3.44218750e-03,3.80312500e-03
-6.94612500e-08,1.05687500e-02,3.56875000e-03,3.63437500e-03
-6.94212500e-08,1.03312500e-02,3.67343750e-03,3.44375000e-03
-6.93812500e-08,1.00625000e-02,3.74687500e-03,3.24375000e-03
-6.93412500e-08,9.78437500e-03,3.78593750e-03,3.04375000e-03
-6.93012500e-08,9.50625000e-03,3.78593750e-03,2.85000000e-03
-6.92612500e-08,9.24687500e-03,3.74843750e-03,2.67812500e-03
-6.92212500e-08,9.01250000e-03,3.67031250e-03,2.52812500e-03
-6.91812500e-08,8.82187500e-03,3.55781250e-03,2.40937500e-03
-6.91412500e-08,8.68437500e-03,3.41093750e-03,2.32812500e-03
-6.91012500e-08,8.60625000e-03,3.23906250e-03,2.28437500e-03
-6.90612500e-08,8.59062500e-03,3.04843750e-03,2.28437500e-03
-6.90212500e-08,8.64062500e-03,2.84687500e-03,2.32500000e-03
-6.89812500e-08,8.75625000e-03,2.64218750e-03,2.40000000e-03
-6.89412500e-08,8.93125000e-03,2.44531250e-03,2.51250000e-03
-6.89012500e-08,9.15312500e-03,2.26406250e-03,2.65000000e-03
-6.88612500e-08,9.41875000e-03,2.10468750e-03,2.80937500e-03
-6.88212500e-08,9.71250000e-03,1.97656250e-03,2.97812500e-03
-6.87812500e-08,1.00187500e-02,1.88281250e-03,3.15312500e-03
-6.87412500e-08,1.03250000e-02,1.82812500e-03,3.31875000e-03
-6.87012500e-08,1.06156250e-02,1.81406250e-03,3.47187500e-03
-6.86612500e-08,1.08781250e-02,1.84218750e-03,3.60312500e-03
-6.86212500e-08,1.11000000e-02,1.90781250e-03,3.70625000e-03
-6.85812500e-08,1.12687500e-02,2.00937500e-03,3.77187500e-03
-6.85412500e-08,1.13781250e-02,2.14062500e-03,3.80312500e-03
-6.85012500e-08,1.14187500e-02,2.29375000e-03,3.79375000e-03
-6.84612500e-08,1.13937500e-02,2.46250000e-03,3.74687500e-03
-6.84212500e-08,1.13000000e-02,2.63750000e-03,3.66250000e-03
-6.83812500e-08,1.11437500e-02,2.80937500e-03,3.55000000e-03
-6.83412500e-08,1.09312500e-02,2.97031250e-03,3.40625000e-03
-6.83012500e-08,1.06718750e-02,3.11250000e-03,3.24687500e-03
-6.82612500e-08,1.03781250e-02,3.22812500e-03,3.07500000e-03
-6.82212500e-08,1.00656250e-02,3.31093750e-03,2.90000000e-03
-6.81812500e-08,9.74375000e-03,3.35937500e-03,2.73125000e-03
-6.81412500e-08,9.42812500e-03,3.37031250e-03,2.58125000e-03
-6.81012500e-08,9.13437500e-03,3.34062500e-03,2.45000000e-03
-6.80612500e-08,8.87500000e-03,3.27656250e-03,2.35000000e-03
-6.80212500e-08,8.65937500e-03,3.17656250e-03,2.28125000e-03
-6.79812500e-08,8.50000000e-03,3.05000000e-03,2.25312500e-03
-6.79412500e-08,8.39687500e-03,2.90000000e-03,2.26250000e-03
-6.79012500e-08,8.35937500e-03,2.73750000e-03,2.30937500e-03
-6.78612500e-08,8.38125000e-03,2.56718750e-03,2.39062500e-03
-6.78212500e-08,8.46562500e-03,2.40000000e-03,2.50625000e-03
-6.77812500e-08,8.60312500e-03,2.24375000e-03,2.64687500e-03
-6.77412500e-08,8.78437500e-03,2.10781250e-03,2.80312500e-03
-6.77012500e-08,9.00000000e-03,1.99687500e-03,2.97187500e-03
-6.76612500e-08,9.23750000e-03,1.91875000e-03,3.14062500e-03
-6.76212500e-08,9.48125000e-03,1.87812500e-03,3.30312500e-03
-6.75812500e-08,9.72500000e-03,1.87656250e-03,3.45000000e-03
-6.75412500e-08,9.94687500e-03,1.91406250e-03,3.57187500e-03
-6.75012500e-08,1.01406250e-02,1.99062500e-03,3.66562500e-03
-6.74612500e-08,1.02906250e-02,2.10312500e-03,3.72812500e-03
-6.74212500e-08,1.03937500e-02,2.24531250e-03,3.75312500e-03
-6.73812500e-08,1.04406250e-02,2.41250000e-03,3.74062500e-03
-6.73412500e-08,1.04281250e-02,2.59687500e-03,3.69062500e-03
-6.73012500e-08,1.03562500e-02,2.78750000e-03,3.60937500e-03
-6.72612500e-08,1.02312500e-02,2.97968750e-03,3.49687500e-03
-6.72212500e-08,1.00531250e-02,3.16093750e-03,3.36562500e-03
-6.71812500e-08,9.83437500e-03,3.32500000e-03,3.21875000e-03
-6.71412500e-08,9.58125000e-03,3.46406250e-03,3.06562500e-03
-6.71012500e-08,9.31250000e-03,3.56875000e-03,2.91562500e-03
-6.70612500e-08,9.03437500e-03,3.63750000e-03,2.77500000e-03
-6.70212500e-08,8.76250000e-03,3.66406250e-03,2.65312500e-03
-6.69812500e-08,8.50937500e-03,3.64843750e-03,2.55937500e-03
-6.69412500e-08,8.29062500e-03,3.59218750e-03,2.49375000e-03
-6.69012500e-08,8.11250000e-03,3.49531250e-03,2.46562500e-03
-6.68612500e-08,7.98750000e-03,3.36406250e-03,2.47500000e-03
-6.68212500e-08,7.92187500e-03,3.20156250e-03,2.51875000e-03
-6.67812500e-08,7.91562500e-03,3.01718750e-03,2.59687500e-03
-6.67412500e-08,7.96875000e-03,2.81875000e-03,2.70937500e-03
-6.67012500e-08,8.08437500e-03,2.61562500e-03,2.84375000e-03
-6.66612500e-08,8.25000000e-03,2.41406250e-03,2.99687500e-03
-6.66212500e-08,8.46562500e-03,2.22500000e-03,3.15937500e-03
-6.65812500e-08,8.71562500e-03,2.05625000e-03,3.32500000e-03
-6.65412500e-08,8.98750000e-03,1.91406250e-03,3.48125000e-03
-6.65012500e-08,9.26875000e-03,1.80468750e-03,3.62187500e-03
-6.64612500e-08,9.55000000e-03,1.73125000e-03,3.74062500e-03
-6.64212500e-08,9.81250000e-03,1.69687500e-03,3.82500000e-03
-6.63812500e-08,1.00437500e-02,1.70156250e-03,3.87500000e-03
-6.63412500e-08,1.02343750e-02,1.74375000e-03,3.88750000e-03
-6.63012500e-08,1.03718750e-02,1.81875000e-03,3.86250000e-03
-6.62612500e-08,1.04531250e-02,1.92187500e-03,3.79687500e-03
-6.62212500e-08,1.04687500e-02,2.04843750e-03,3.69375000e-03
-6.61812500e-08,1.04218750e-02,2.18906250e-03,3.56250000e-03
-6.61412500e-08,1.03093750e-02,2.33593750e-03,3.40937500e-03
-6.61012500e-08,1.01375000e-02,2.48125000e-03,3.23750000e-03
-6.60612500e-08,9.91562500e-03,2.61562500e-03,3.06250000e-03
-6.60212500e-08,9.65000000e-03,2.73125000e-03,2.88750000e-03
-6.59812500e-08,9.35312500e-03,2.82187500e-03,2.72812500e-03
-6.59412500e-08,9.04062500e-03,2.88125000e-03,2.58750000e-03
-6.59012500e-08,8.72187500e-03,2.90781250e-03,2.47812500e-03
-6.58612500e-08,8.41250000e-03,2.89687500e-03,2.40312500e-03
-6.58212500e-08,8.12500000e-03,2.84843750e-03,2.37187500e-03
-6.57812500e-08,7.87500000e-03,2.76562500e-03,2.38125000e-03
-6.57412500e-08,7.66875000e-03,2.65000000e-03,2.43750000e-03
-6.57012500e-08,7.51562500e-03,2.50781250e-03,2.53437500e-03
-6.56612500e-08,7.42187500e-03,2.34531250e-03,2.66875000e-03
-6.56212500e-08,7.39375000e-03,2.17031250e-03,2.83750000e-03
-6.55812500e-08,7.42500000e-03,1.98906250e-03,3.03125000e-03
-6.55412500e-08,7.51250000e-03,1.81093750e-03,3.24375000e-03
-6.55012500e-08,7.65625000e-03,1.64687500e-03,3.45937500e-03
-6.54612500e-08,7.84375000e-03,1.50000000e-03,3.67187500e-03
-6.54212500e-08,8.06562500e-03,1.38125000e-03,3.86875000e-03
-6.53812500e-08,8.30937500e-03,1.29531250e-03,4.04062500e-03
-6.53412500e-08,8.56250000e-03,1.24375000e-03,4.18437500e-03
-6.53012500e-08,8.80937500e-03,1.23125000e-03,4.28437500e-03
-6.52612500e-08,9.04375000e-03,1.25781250e-03,4.34062500e-03
-6.52212500e-08,9.24375000e-03,1.32187500e-03,4.35000000e-03
-6.51812500e-08,9.40625000e-03,1.42031250e-03,4.31250000e-03
-6.51412500e-08,9.52187500e-03,1.54687500e-03,4.22500000e-03
-6.51012500e-08,9.58437500e-03,1.69687500e-03,4.09687500e-03
-6.50612500e-08,9.58750000e-03,1.86406250e-03,3.93437500e-03
-6.50212500e-08,9.53437500e-03,2.03750000e-03,3.74062500e-03
-6.49812500e-08,9.42812500e-03,2.21093750e-03,3.52812500e-03
-6.49412500e-08,9.27500000e-03,2.37656250e-03,3.30625000e-03
-6.49012500e-08,9.07812500e-03,2.52656250e-03,3.08750000e-03
-6.48612500e-08,8.85312500e-03,2.65156250e-03,2.88437500e-03
-6.48212500e-08,8.60937500e-03,2.75000000e-03,2.70000000e-03
-6.47812500e-08,8.35937500e-03,2.81562500e-03,2.55000000e-03
-6.47412500e-08,8.11875000e-03,2.84687500e-03,2.43750000e-03
-6.47012500e-08,7.90000000e-03,2.84218750e-03,2.37187500e-03
-6.46612500e-08,7.71250000e-03,2.80625000e-03,2.35625000e-03
-6.46212500e-08,7.56875000e-03,2.73750000e-03,2.38750000e-03
-6.45812500e-08,7.47812500e-03,2.64375000e-03,2.46562500e-03
-6.45412500e-08,7.44687500e-03,2.53125000e-03,2.59062500e-03
-6.45012500e-08,7.47500000e-03,2.40625000e-03,2.75312500e-03
-6.44612500e-08,7.56875000e-03,2.27500000e-03,2.94375000e-03
-6.44212500e-08,7.71875000e-03,2.14687500e-03,3.15625000e-03
-6.43812500e-08,7.92500000e-03,2.03125000e-03,3.37812500e-03
-6.43412500e-08,8.17812500e-03,1.93125000e-03,3.59687500e-03
-6.43012500e-08,8.46562500e-03,1.85781250e-03,3.80312500e-03
-6.42612500e-08,8.77812500e-03,1.81250000e-03,3.98750000e-03
-6.42212500e-08,9.10000000e-03,1.80156250e-03,4.14062500e-03
-6.41812500e-08,9.41875000e-03,1.82500000e-03,4.25312500e-03
-6.41412500e-08,9.71875000e-03,1.88281250e-03,4.31562500e-03
-6.41012500e-08,9.99062500e-03,1.97500000e-03,4.33125000e-03
-6.40612500e-08,1.02187500e-02,2.09843750e-03,4.29375000e-03
-6.40212500e-08,1.03937500e-02,2.24687500e-03,4.20312500e-03
-6.39812500e-08,1.05125000e-02,2.41562500e-03,4.06562500e-03
-6.39412500e-08,1.05656250e-02,2.59687500e-03,3.88750000e-03
-6.39012500e-08,1.05531250e-02,2.78281250e-03,3.67500000e-03
-6.38612500e-08,1.04781250e-02,2.96718750e-03,3.44062500e-03
-6.38212500e-08,1.03437500e-02,3.14062500e-03,3.19062500e-03
-6.37812500e-08,1.01562500e-02,3.29531250e-03,2.94062500e-03
-6.37412500e-08,9.92812500e-03,3.42812500e-03,2.69687500e-03
-6.37012500e-08,9.66875000e-03,3.52968750e-03,2.47500000e-03
-6.36612500e-08,9.39062500e-03,3.60000000e-03,2.28750000e-03
-6.36212500e-08,9.10937500e-03,3.63437500e-03,2.13750000e-03
-6.35812500e-08,8.83750000e-03,3.63437500e-03,2.03125000e-03
-6.35412500e-08,8.59062500e-03,3.59843750e-03,1.98125000e-03
-6.35012500e-08,8.37812500e-03,3.53281250e-03,1.98437500e-03
-6.34612500e-08,8.20937500e-03,3.43750000e-03,2.03750000e-03
-6.34212500e-08,8.09375000e-03,3.32187500e-03,2.14687500e-03
-6.33812500e-08,8.03750000e-03,3.19218750e-03,2.29687500e-03
-6.33412500e-08,8.04375000e-03,3.05312500e-03,2.48750000e-03
-6.33012500e-08,8.10937500e-03,2.91406250e-03,2.70937500e-03
-6.32612500e-08,8.23437500e-03,2.78281250e-03,2.94687500e-03
-6.32212500e-08,8.40937500e-03,2.66562500e-03,3.19375000e-03
-6.31812500e-08,8.62812500e-03,2.57031250e-03,3.43437500e-03
-6.31412500e-08,8.87812500e-03,2.50156250e-03,3.65937500e-03
-6.31012500e-08,9.15312500e-03,2.46406250e-03,3.85937500e-03
-6.30612500e-08,9.43125000e-03,2.46093750e-03,4.01875000e-03
-6.30212500e-08,9.70937500e-03,2.49218750e-03,4.13750000e-03
-6.29812500e-08,9.96562500e-03,2.56093750e-03,4.20312500e-03
-6.29412500e-08,1.01968750e-02,2.66406250e-03,4.21562500e-03
-6.29012500e-08,1.03875000e-02,2.80000000e-03,4.17187500e-03
-6.28612500e-08,1.05343750e-02,2.96250000e-03,4.07500000e-03
-6.28212500e-08,1.06281250e-02,3.14843750e-03,3.93125000e-03
-6.27812500e-08,1.06656250e-02,3.35000000e-03,3.74062500e-03
-6.27412500e-08,1.06500000e-02,3.56250000e-03,3.51875000e-03
-6.27012500e-08,1.05843750e-02,3.77968750e-03,3.27187500e-03
-6.26612500e-08,1.04718750e-02,3.99218750e-03,3.01250000e-03
-6.26212500e-08,1.03218750e-02,4.19687500e-03,2.75000000e-03
-6.25812500e-08,1.01437500e-02,4.38593750e-03,2.49687500e-03
-6.25412500e-08,9.94687500e-03,4.55468750e-03,2.26875000e-03
-6.25012500e-08,9.74687500e-03,4.69843750e-03,2.07187500e-03
-6.24612500e-08,9.55312500e-03,4.81562500e-03,1.91562500e-03
-6.24212500e-08,9.37500000e-03,4.90156250e-03,1.80625000e-03
-6.23812500e-08,9.22812500e-03,4.95625000e-03,1.75000000e-03
-6.23412500e-08,9.12187500e-03,4.98125000e-03,1.75000000e-03
-6.23012500e-08,9.05625000e-03,4.97500000e-03,1.80625000e-03
-6.22612500e-08,9.04375000e-03,4.94062500e-03,1.91250000e-03
-6.22212500e-08,9.08125000e-03,4.87968750e-03,2.06562500e-03
-6.21812500e-08,9.16875000e-03,4.79531250e-03,2.25937500e-03
-6.21412500e-08,9.30625000e-03,4.69218750e-03,2.48437500e-03
-6.21012500e-08,9.48750000e-03,4.57187500e-03,2.73125000e-03
-6.20612500e-08,9.70000000e-03,4.44062500e-03,2.98750000e-03
-6.20212500e-08,9.93437500e-03,4.30000000e-03,3.24375000e-03
-6.19812500e-08,1.01843750e-02,4.15156250e-03,3.48437500e-03
-6.19412500e-08,1.04343750e-02,4.00156250e-03,3.70312500e-03
-6.19012500e-08,1.06718750e-02,3.85156250e-03,3.88750000e-03
-6.18612500e-08,1.08875000e-02,3.70000000e-03,4.03125000e-03
-6.18212500e-08,1.10656250e-02,3.55156250e-03,4.13125000e-03
-6.17812500e-08,1.12031250e-02,3.40625000e-03,4.17812500e-03
-6.17412500e-08,1.12906250e-02,3.26406250e-03,4.17500000e-03
-6.17012500e-08,1.13218750e-02,3.12343750e-03,4.12187500e-03
-6.16612500e-08,1.12968750e-02,2.98593750e-03,4.02500000e-03
-6.16212500e-08,1.12125000e-02,2.84843750e-03,3.88437500e-03
-6.15812500e-08,1.10781250e-02,2.71250000e-03,3.71250000e-03
-6.15412500e-08,1.08937500e-02,2.57500000e-03,3.51562500e-03
-6.15012500e-08,1.06718750e-02,2.43750000e-03,3.30625000e-03
-6.14612500e-08,1.04218750e-02,2.29843750e-03,3.09062500e-03
-6.14212500e-08,1.01531250e-02,2.15625000e-03,2.88125000e-03
-6.13812500e-08,9.88125000e-03,2.01250000e-03,2.69062500e-03
-6.13412500e-08,9.61562500e-03,1.86875000e-03,2.52812500e-03
-6.13012500e-08,9.36875000e-03,1.72500000e-03,2.39687500e-03
-6.12612500e-08,9.15312500e-03,1.58437500e-03,2.30625000e-03
-6.12212500e-08,8.97812500e-03,1.44843750e-03,2.25937500e-03
-6.11812500e-08,8.85000000e-03,1.32031250e-03,2.25625000e-03
-6.11412500e-08,8.77500000e-03,1.20156250e-03,2.30312500e-03
-6.11012500e-08,8.75625000e-03,1.09843750e-03,2.39062500e-03
-6.10612500e-08,8.79375000e-03,1.01406250e-03,2.51562500e-03
-6.10212500e-08,8.88437500e-03,9.51562500e-04,2.67500000e-03
-6.09812500e-08,9.02187500e-03,9.12500000e-04,2.85625000e-03
-6.09412500e-08,9.19687500e-03,9.03125000e-04,3.05625000e-03
-6.09012500e-08,9.40312500e-03,9.25000000e-04,3.25937500e-03
-6.08612500e-08,9.62812500e-03,9.79687500e-04,3.45625000e-03
-6.08212500e-08,9.85625000e-03,1.06875000e-03,3.64375000e-03
-6.07812500e-08,1.00812500e-02,1.19218750e-03,3.80312500e-03
-6.07412500e-08,1.02875000e-02,1.35156250e-03,3.93750000e-03
-6.07012500e-08,1.04625000e-02,1.54218750e-03,4.03125000e-03
-6.06612500e-08,1.06000000e-02,1.76406250e-03,4.08437500e-03
-6.06212500e-08,1.06875000e-02,2.01093750e-03,4.09687500e-03
-6.05812500e-08,1.07218750e-02,2.28125000e-03,4.06562500e-03
-6.05412500e-08,1.06968750e-02,2.56718750e-03,3.99062500e-03
-6.05012500e-08,1.06156250e-02,2.86406250e-03,3.87812500e-03
-6.04612500e-08,1.04781250e-02,3.16406250e-03,3.73437500e-03
-6.04212500e-08,1.02875000e-02,3.46093750e-03,3.56562500e-03
-6.03812500e-08,1.00531250e-02,3.74687500e-03,3.38125000e-03
-6.03412500e-08,9.78750000e-03,4.01562500e-03,3.18750000e-03
-6.03012500e-08,9.49375000e-03,4.26093750e-03,2.99687500e-03
-6.02612500e-08,9.19062500e-03,4.47500000e-03,2.81562500e-03
-6.02212500e-08,8.88750000e-03,4.65468750e-03,2.65312500e-03
-6.01812500e-08,8.59687500e-03,4.79531250e-03,2.51875000e-03
-6.01412500e-08,8.32812500e-03,4.89531250e-03,2.41875000e-03
-6.01012500e-08,8.09687500e-03,4.95312500e-03,2.35312500e-03
-6.00612500e-08,7.90937500e-03,4.96718750e-03,2.33125000e-03
-6.00212500e-08,7.77187500e-03,4.94218750e-03,2.34687500e-03
-5.99812500e-08,7.68750000e-03,4.87812500e-03,2.40625000e-03
-5.99412500e-08,7.66250000e-03,4.78125000e-03,2.49687500e-03
-5.99012500e-08,7.69062500e-03,4.65468750e-03,2.62187500e-03
-5.98612500e-08,7.77187500e-03,4.50468750e-03,2.77187500e-03
-5.98212500e-08,7.89687500e-03,4.33906250e-03,2.93750000e-03
-5.97812500e-08,8.05625000e-03,4.16406250e-03,3.11250000e-03
-5.97412500e-08,8.24687500e-03,3.98593750e-03,3.29062500e-03
-5.97012500e-08,8.45000000e-03,3.81093750e-03,3.45625000e-03
-5.96612500e-08,8.65937500e-03,3.64375000e-03,3.60312500e-03
-5.96212500e-08,8.85625000e-03,3.48906250e-03,3.72812500e-03
-5.95812500e-08,9.03750000e-03,3.35156250e-03,3.82187500e-03
-5.95412500e-08,9.18437500e-03,3.23281250e-03,3.88125000e-03
-5.95012500e-08,9.29375000e-03,3.13281250e-03,3.90312500e-03
-5.94612500e-08,9.35625000e-03,3.05156250e-03,3.88437500e-03
-5.94212500e-08,9.36562500e-03,2.98750000e-03,3.82812500e-03
-5.93812500e-08,9.32500000e-03,2.93593750e-03,3.73437500e-03
-5.93412500e-08,9.22812500e-03,2.89531250e-03,3.61250000e-03
-5.93012500e-08,9.08437500e-03,2.86093750e-03,3.46562500e-03
-5.92612500e-08,8.89687500e-03,2.82500000e-03,3.30312500e-03
-5.92212500e-08,8.67500000e-03,2.78593750e-03,3.13125000e-03
-5.91812500e-08,8.42812500e-03,2.73750000e-03,2.95625000e-03
-5.91412500e-08,8.16875000e-03,2.67500000e-03,2.79062500e-03
-5.91012500e-08,7.90625000e-03,2.59687500e-03,2.63750000e-03
-5.90612500e-08,7.65625000e-03,2.50000000e-03,2.50937500e-03
-5.90212500e-08,7.43125000e-03,2.38593750e-03,2.40937500e-03
-5.89812500e-08,7.24062500e-03,2.25468750e-03,2.34375000e-03
-5.89412500e-08,7.09375000e-03,2.10781250e-03,2.31250000e-03
-5.89012500e-08,7.00312500e-03,1.95156250e-03,2.31875000e-03
-5.88612500e-08,6.96875000e-03,1.79062500e-03,2.36250000e-03
-5.88212500e-08,7.00000000e-03,1.62968750e-03,2.43750000e-03
-5.87812500e-08,7.09062500e-03,1.47812500e-03,2.54375000e-03
-5.87412500e-08,7.24375000e-03,1.34375000e-03,2.67187500e-03
-5.87012500e-08,7.44687500e-03,1.23281250e-03,2.81562500e-03
-5.86612500e-08,7.70000000e-03,1.15312500e-03,2.96875000e-03
-5.86212500e-08,7.98750000e-03,1.11093750e-03,3.12187500e-03
-5.85812500e-08,8.30312500e-03,1.11250000e-03,3.26562500e-03
-5.85412500e-08,8.62500000e-03,1.15781250e-03,3.39687500e-03
-5.85012500e-08,8.94687500e-03,1.25312500e-03,3.50312500e-03
-5.84612500e-08,9.25625000e-03,1.39375000e-03,3.58437500e-03
-5.84212500e-08,9.53437500e-03,1.57968750e-03,3.63125000e-03
-5.83812500e-08,9.77187500e-03,1.80625000e-03,3.64687500e-03
-5.83412500e-08,9.95937500e-03,2.06718750e-03,3.62500000e-03
-5.83012500e-08,1.00906250e-02,2.35156250e-03,3.57187500e-03
-5.82612500e-08,1.01593750e-02,2.65156250e-03,3.48437500e-03
-5.82212500e-08,1.01656250e-02,2.95781250e-03,3.37500000e-03
-5.81812500e-08,1.01093750e-02,3.25625000e-03,3.24375000e-03
-5.81412500e-08,9.99375000e-03,3.53906250e-03,3.09687500e-03
-5.81012500e-08,9.82500000e-03,3.79375000e-03,2.94687500e-03
-5.80612500e-08,9.61250000e-03,4.01250000e-03,2.80000000e-03
-5.80212500e-08,9.37187500e-03,4.18593750e-03,2.66250000e-03
-5.79812500e-08,9.10937500e-03,4.30781250e-03,2.54375000e-03
-5.79412500e-08,8.84062500e-03,4.37656250e-03,2.45000000e-03
-5.79012500e-08,8.57812500e-03,4.38906250e-03,2.38437500e-03
-5.78612500e-08,8.34062500e-03,4.34687500e-03,2.35312500e-03
-5.78212500e-08,8.13437500e-03,4.25468750e-03,2.35937500e-03
-5.77812500e-08,7.97187500e-03,4.11718750e-03,2.40000000e-03
-5.77412500e-08,7.86250000e-03,3.94375000e-03,2.47500000e-03
-5.77012500e-08,7.80937500e-03,3.74218750e-03,2.58125000e-03
-5.76612500e-08,7.81562500e-03,3.52187500e-03,2.71562500e-03
-5.76212500e-08,7.88437500e-03,3.29687500e-03,2.86562500e-03
-5.75812500e-08,8.00937500e-03,3.07812500e-03,3.02812500e-03
-5.75412500e-08,8.18437500e-03,2.87343750e-03,3.19375000e-03
-5.75012500e-08,8.40312500e-03,2.69375000e-03,3.35625000e-03
-5.74612500e-08,8.65625000e-03,2.54687500e-03,3.50312500e-03
-5.74212500e-08,8.92500000e-03,2.43906250e-03,3.62812500e-03
-5.73812500e-08,9.20312500e-03,2.37500000e-03,3.72812500e-03
-5.73412500e-08,9.47500000e-03,2.35468750e-03,3.79062500e-03
-5.73012500e-08,9.72500000e-03,2.37656250e-03,3.81875000e-03
-5.72612500e-08,9.94375000e-03,2.43906250e-03,3.80625000e-03
-5.72212500e-08,1.01187500e-02,2.53593750e-03,3.75625000e-03
-5.71812500e-08,1.02406250e-02,2.65937500e-03,3.66562500e-03
-5.71412500e-08,1.03093750e-02,2.80156250e-03,3.54375000e-03
-5.71012500e-08,1.03156250e-02,2.95000000e-03,3.39375000e-03
-5.70612500e-08,1.02656250e-02,3.09843750e-03,3.22187500e-03
-5.70212500e-08,1.01562500e-02,3.23437500e-03,3.04062500e-03
-5.69812500e-08,1.00000000e-02,3.35000000e-03,2.85312500e-03
-5.69412500e-08,9.80312500e-03,3.43593750e-03,2.66875000e-03
-5.69012500e-08,9.57812500e-03,3.48750000e-03,2.50000000e-03
-5.68612500e-08,9.34062500e-03,3.50000000e-03,2.35312500e-03
-5.68212500e-08,9.09687500e-03,3.47031250e-03,2.23750000e-03
-5.67812500e-08,8.86875000e-03,3.40000000e-03,2.15625000e-03
-5.67412500e-08,8.66875000e-03,3.29062500e-03,2.11562500e-03
-5.67012500e-08,8.50625000e-03,3.14843750e-03,2.11562500e-03
-5.66612500e-08,8.39687500e-03,2.98125000e-03,2.15937500e-03
-5.66212500e-08,8.34687500e-03,2.79375000e-03,2.24375000e-03
-5.65812500e-08,8.36250000e-03,2.60000000e-03,2.36562500e-03
-5.65412500e-08,8.44687500e-03,2.40781250e-03,2.51562500e-03
-5.65012500e-08,8.60000000e-03,2.22812500e-03,2.69062500e-03
-5.64612500e-08,8.81875000e-03,2.07187500e-03,2.88437500e-03
-5.64212500e-08,9.09375000e-03,1.94687500e-03,3.08125000e-03
-5.63812500e-08,9.41562500e-03,1.86093750e-03,3.27812500e-03
-5.63412500e-08,9.77500000e-03,1.82031250e-03,3.46250000e-03
-5.63012500e-08,1.01531250e-02,1.82968750e-03,3.62500000e-03
-5.62612500e-08,1.05343750e-02,1.88750000e-03,3.75937500e-03
-5.62212500e-08,1.09093750e-02,1.99531250e-03,3.85625000e-03
-5.61812500e-08,1.12531250e-02,2.14843750e-03,3.91875000e-03
-5.61412500e-08,1.15562500e-02,2.34062500e-03,3.93437500e-03
-5.61012500e-08,1.18062500e-02,2.56406250e-03,3.91250000e-03
-5.60612500e-08,1.19906250e-02,2.81093750e-03,3.84687500e-03
-5.60212500e-08,1.21000000e-02,3.07031250e-03,3.74375000e-03
-5.59812500e-08,1.21312500e-02,3.33125000e-03,3.60937500e-03
-5.59412500e-08,1.20875000e-02,3.58281250e-03,3.45000000e-03
-5.59012500e-08,1.19656250e-02,3.81406250e-03,3.27500000e-03
-5.58612500e-08,1.17750000e-02,4.01562500e-03,3.09375000e-03
-5.58212500e-08,1.15218750e-02,4.17968750e-03,2.91562500e-03
-5.57812500e-08,1.12218750e-02,4.30000000e-03,2.74687500e-03
-5.57412500e-08,1.08843750e-02,4.37187500e-03,2.60312500e-03
-5.57012500e-08,1.05281250e-02,4.39531250e-03,2.48750000e-03
-5.56612500e-08,1.01687500e-02,4.36718750e-03,2.40937500e-03
-5.56212500e-08,9.82187500e-03,4.29375000e-03,2.37187500e-03
-5.55812500e-08,9.50312500e-03,4.17656250e-03,2.37812500e-03
-5.55412500e-08,9.22500000e-03,4.02500000e-03,2.43125000e-03
-5.55012500e-08,8.99687500e-03,3.84687500e-03,2.52500000e-03
-5.54612500e-08,8.83125000e-03,3.65000000e-03,2.65937500e-03
-5.54212500e-08,8.73125000e-03,3.44375000e-03,2.82500000e-03
-5.53812500e-08,8.70000000e-03,3.24062500e-03,3.01875000e-03
-5.53412500e-08,8.73750000e-03,3.04843750e-03,3.22812500e-03
-5.53012500e-08,8.83437500e-03,2.87656250e-03,3.44687500e-03
-5.52612500e-08,8.98750000e-03,2.73281250e-03,3.65937500e-03
-5.52212500e-08,9.18750000e-03,2.62187500e-03,3.85937500e-03
-5.51812500e-08,9.41562500e-03,2.55000000e-03,4.03437500e-03
-5.51412500e-08,9.66250000e-03,2.51718750e-03,4.17812500e-03
-5.51012500e-08,9.91562500e-03,2.52343750e-03,4.27812500e-03
-5.50612500e-08,1.01562500e-02,2.57031250e-03,4.33750000e-03
-5.50212500e-08,1.03718750e-02,2.65000000e-03,4.34375000e-03
-5.49812500e-08,1.05531250e-02,2.75937500e-03,4.30000000e-03
-5.49412500e-08,1.06843750e-02,2.89062500e-03,4.20625000e-03
-5.49012500e-08,1.07656250e-02,3.03593750e-03,4.06875000e-03
-5.48612500e-08,1.07875000e-02,3.18750000e-03,3.89062500e-03
-5.48212500e-08,1.07500000e-02,3.33593750e-03,3.68125000e-03
-5.47812500e-08,1.06531250e-02,3.47187500e-03,3.45000000e-03
-5.47412500e-08,1.05062500e-02,3.59062500e-03,3.20312500e-03
-5.47012500e-08,1.03125000e-02,3.68281250e-03,2.95937500e-03
-5.46612500e-08,1.00875000e-02,3.74531250e-03,2.72500000e-03
-5.46212500e-08,9.83750000e-03,3.77187500e-03,2.50937500e-03
-5.45812500e-08,9.58125000e-03,3.76093750e-03,2.32812500e-03
-5.45412500e-08,9.32812500e-03,3.71250000e-03,2.18750000e-03
-5.45012500e-08,9.09687500e-03,3.62968750e-03,2.09062500e-03
-5.44612500e-08,8.89687500e-03,3.51562500e-03,2.04687500e-03
-5.44212500e-08,8.74062500e-03,3.37187500e-03,2.05625000e-03
-5.43812500e-08,8.63437500e-03,3.20781250e-03,2.11875000e-03
-5.43412500e-08,8.58750000e-03,3.02968750e-03,2.23437500e-03
-5.43012500e-08,8.60312500e-03,2.84531250e-03,2.39062500e-03
-5.42612500e-08,8.68437500e-03,2.66406250e-03,2.58437500e-03
-5.42212500e-08,8.82187500e-03,2.49062500e-03,2.80625000e-03
-5.41812500e-08,9.01562500e-03,2.33593750e-03,3.04375000e-03
-5.41412500e-08,9.25312500e-03,2.20468750e-03,3.28437500e-03
-5.41012500e-08,9.52812500e-03,2.10468750e-03,3.52187500e-03
-5.40612500e-08,9.82187500e-03,2.03750000e-03,3.73750000e-03
-5.40212500e-08,1.01250000e-02,2.00781250e-03,3.92187500e-03
-5.39812500e-08,1.04250000e-02,2.01718750e-03,4.06875000e-03
-5.39412500e-08,1.07031250e-02,2.06250000e-03,4.16562500e-03
-5.39012500e-08,1.09468750e-02,2.14531250e-03,4.20937500e-03
-5.38612500e-08,1.11500000e-02,2.25781250e-03,4.19687500e-03
-5.38212500e-08,1.12968750e-02,2.39843750e-03,4.12812500e-03
-5.37812500e-08,1.13843750e-02,2.55937500e-03,4.00625000e-03
-5.37412500e-08,1.14062500e-02,2.73281250e-03,3.83437500e-03
-5.37012500e-08,1.13656250e-02,2.91250000e-03,3.61875000e-03
-5.36612500e-08,1.12593750e-02,3.09218750e-03,3.37187500e-03
-5.36212500e-08,1.10968750e-02,3.26093750e-03,3.10312500e-03
-5.35812500e-08,1.08843750e-02,3.41406250e-03,2.82187500e-03
-5.35412500e-08,1.06312500e-02,3.54531250e-03,2.54687500e-03
-5.35012500e-08,1.03500000e-02,3.64843750e-03,2.28750000e-03
-5.34612500e-08,1.00500000e-02,3.72187500e-03,2.05312500e-03
-5.34212500e-08,9.75000000e-03,3.76250000e-03,1.85937500e-03
-5.33812500e-08,9.45937500e-03,3.76875000e-03,1.71250000e-03
-5.33412500e-08,9.19062500e-03,3.74218750e-03,1.61875000e-03
-5.33012500e-08,8.95625000e-03,3.68437500e-03,1.58437500e-03
-5.32612500e-08,8.76250000e-03,3.60156250e-03,1.60937500e-03
-5.32212500e-08,8.61562500e-03,3.49687500e-03,1.69375000e-03
-5.31812500e-08,8.52500000e-03,3.37656250e-03,1.83125000e-03
-5.31412500e-08,8.48437500e-03,3.24843750e-03,2.02187500e-03
-5.31012500e-08,8.49687500e-03,3.11875000e-03,2.25000000e-03
-5.30612500e-08,8.55625000e-03,2.99531250e-03,2.50625000e-03
-5.30212500e-08,8.65312500e-03,2.88281250e-03,2.78437500e-03
-5.29812500e-08,8.78437500e-03,2.78906250e-03,3.06562500e-03
-5.29412500e-08,8.93437500e-03,2.72031250e-03,3.34062500e-03
-5.29012500e-08,9.09375000e-03,2.67812500e-03,3.59375000e-03
-5.28612500e-08,9.25000000e-03,2.66718750e-03,3.82187500e-03
-5.28212500e-08,9.39062500e-03,2.68593750e-03,4.00625000e-03
-5.27812500e-08,9.50312500e-03,2.73750000e-03,4.14375000e-03
-5.27412500e-08,9.58125000e-03,2.81718750e-03,4.22812500e-03
-5.27012500e-08,9.61562500e-03,2.92187500e-03,4.25312500e-03
-5.26612500e-08,9.60000000e-03,3.04531250e-03,4.22812500e-03
-5.26212500e-08,9.53125000e-03,3.18437500e-03,4.14375000e-03
-5.25812500e-08,9.40937500e-03,3.32968750e-03,4.01562500e-03
-5.25412500e-08,9.23437500e-03,3.47343750e-03,3.84375000e-03
-5.25012500e-08,9.01562500e-03,3.61093750e-03,3.64062500e-03
-5.24612500e-08,8.75937500e-03,3.73125000e-03,3.41562500e-03
-5.24212500e-08,8.47187500e-03,3.83125000e-03,3.18125000e-03
-5.23812500e-08,8.16562500e-03,3.90156250e-03,2.94687500e-03
-5.23412500e-08,7.85625000e-03,3.93906250e-03,2.72500000e-03
-5.23012500e-08,7.55000000e-03,3.94218750e-03,2.53125000e-03
-5.22612500e-08,7.26562500e-03,3.90625000e-03,2.36875000e-03
-5.22212500e-08,7.00937500e-03,3.83437500e-03,2.24687500e-03
-5.21812500e-08,6.79687500e-03,3.72812500e-03,2.17187500e-03
-5.21412500e-08,6.63125000e-03,3.59062500e-03,2.14687500e-03
-5.21012500e-08,6.52500000e-03,3.42656250e-03,2.17187500e-03
-5.20612500e-08,6.47812500e-03,3.24375000e-03,2.24687500e-03
-5.20212500e-08,6.49375000e-03,3.05000000e-03,2.36562500e-03
-5.19812500e-08,6.56562500e-03,2.85312500e-03,2.52500000e-03
-5.19412500e-08,6.69687500e-03,2.66406250e-03,2.71562500e-03
-5.19012500e-08,6.87812500e-03,2.48750000e-03,2.92500000e-03
-5.18612500e-08,7.09687500e-03,2.33593750e-03,3.15000000e-03
-5.18212500e-08,7.34375000e-03,2.21250000e-03,3.37187500e-03
-5.17812500e-08,7.60937500e-03,2.12500000e-03,3.58750000e-03
-5.17412500e-08,7.87812500e-03,2.07968750e-03,3.78125000e-03
-5.17012500e-08,8.14062500e-03,2.07500000e-03,3.94687500e-03
-5.16612500e-08,8.37500000e-03,2.11406250e-03,4.07812500e-03
-5.16212500e-08,8.58125000e-03,2.19531250e-03,4.16562500e-03
-5.15812500e-08,8.73750000e-03,2.31562500e-03,4.21250000e-03
-5.15412500e-08,8.84375000e-03,2.46718750e-03,4.20937500e-03
-5.15012500e-08,8.89375000e-03,2.64687500e-03,4.16562500e-03
-5.14612500e-08,8.87812500e-03,2.84375000e-03,4.07812500e-03
-5.14212500e-08,8.80312500e-03,3.05156250e-03,3.95625000e-03
-5.13812500e-08,8.66875000e-03,3.25781250e-03,3.80625000e-03
-5.13412500e-08,8.47812500e-03,3.45625000e-03,3.63437500e-03
-5.13012500e-08,8.24375000e-03,3.63593750e-03,3.45312500e-03
-5.12612500e-08,7.97187500e-03,3.78906250e-03,3.26875000e-03
-5.12212500e-08,7.67187500e-03,3.90937500e-03,3.09062500e-03
-5.11812500e-08,7.36250000e-03,3.99062500e-03,2.92812500e-03
-5.11412500e-08,7.05312500e-03,4.03125000e-03,2.79062500e-03
-5.11012500e-08,6.75625000e-03,4.02812500e-03,2.68437500e-03
-5.10612500e-08,6.48437500e-03,3.98281250e-03,2.61562500e-03
-5.10212500e-08,6.24687500e-03,3.89843750e-03,2.58437500e-03
-5.09812500e-08,6.05937500e-03,3.78125000e-03,2.59062500e-03
-5.09412500e-08,5.92187500e-03,3.63437500e-03,2.63750000e-03
-5.09012500e-08,5.84062500e-03,3.46875000e-03,2.71875000e-03
-5.08612500e-08,5.81875000e-03,3.29218750e-03,2.83125000e-03
-5.08212500e-08,5.85312500e-03,3.11406250e-03,2.96875000e-03
-5.07812500e-08,5.94062500e-03,2.94375000e-03,3.12187500e-03
-5.07412500e-08,6.07500000e-03,2.79062500e-03,3.28125000e-03
-5.07012500e-08,6.24375000e-03,2.66093750e-03,3.44062500e-03
-5.06612500e-08,6.44062500e-03,2.56562500e-03,3.59375000e-03
-5.06212500e-08,6.64687500e-03,2.50625000e-03,3.72500000e-03
-5.05812500e-08,6.85625000e-03,2.48750000e-03,3.83437500e-03
-5.05412500e-08,7.05000000e-03,2.50937500e-03,3.91250000e-03
-5.05012500e-08,7.21875000e-03,2.57343750e-03,3.95312500e-03
-5.04612500e-08,7.35000000e-03,2.67343750e-03,3.95625000e-03
-5.04212500e-08,7.43437500e-03,2.80625000e-03,3.92187500e-03
-5.03812500e-08,7.46562500e-03,2.96406250e-03,3.85000000e-03
-5.03412500e-08,7.43437500e-03,3.13750000e-03,3.74375000e-03
-5.03012500e-08,7.34375000e-03,3.32031250e-03,3.60937500e-03
-5.02612500e-08,7.19062500e-03,3.50000000e-03,3.45000000e-03
-5.02212500e-08,6.98437500e-03,3.66718750e-03,3.27500000e-03
-5.01812500e-08,6.72500000e-03,3.81406250e-03,3.09375000e-03
-5.01412500e-08,6.42812500e-03,3.93125000e-03,2.91562500e-03
-5.01012500e-08,6.10312500e-03,4.01250000e-03,2.74375000e-03
-5.00612500e-08,5.76250000e-03,4.05000000e-03,2.59375000e-03
-5.00212500e-08,5.42500000e-03,4.04375000e-03,2.47187500e-03
-4.99812500e-08,5.10000000e-03,3.99218750e-03,2.37812500e-03
-4.99412500e-08,4.80312500e-03,3.89531250e-03,2.32500000e-03
-4.99012500e-08,4.55000000e-03,3.75937500e-03,2.30937500e-03
-4.98612500e-08,4.35000000e-03,3.58750000e-03,2.33750000e-03
-4.98212500e-08,4.21562500e-03,3.38750000e-03,2.40312500e-03
-4.97812500e-08,4.14687500e-03,3.17031250e-03,2.50312500e-03
-4.97412500e-08,4.15312500e-03,2.94531250e-03,2.64062500e-03
-4.97012500e-08,4.23125000e-03,2.72343750e-03,2.80000000e-03
-4.96612500e-08,4.38125000e-03,2.51406250e-03,2.97812500e-03
-4.96212500e-08,4.59375000e-03,2.32968750e-03,3.16562500e-03
-4.95812500e-08,4.85937500e-03,2.17656250e-03,3.35312500e-03
-4.95412500e-08,5.17187500e-03,2.06562500e-03,3.53437500e-03
-4.95012500e-08,5.50937500e-03,2.00156250e-03,3.69687500e-03
-4.94612500e-08,5.86562500e-03,1.98593750e-03,3.83125000e-03
-4.94212500e-08,6.21875000e-03,2.02343750e-03,3.93750000e-03
-4.93812500e-08,6.55625000e-03,2.11093750e-03,4.00312500e-03
-4.93412500e-08,6.86250000e-03,2.24687500e-03,4.02500000e-03
-4.93012500e-08,7.12812500e-03,2.42343750e-03,4.00625000e-03
-4.92612500e-08,7.33750000e-03,2.63593750e-03,3.94062500e-03
-4.92212500e-08,7.48750000e-03,2.87031250e-03,3.83750000e-03
-4.91812500e-08,7.56875000e-03,3.12031250e-03,3.69375000e-03
-4.91412500e-08,7.58437500e-03,3.37343750e-03,3.52187500e-03
-4.91012500e-08,7.53125000e-03,3.61718750e-03,3.32500000e-03
-4.90612500e-08,7.41875000e-03,3.84218750e-03,3.11250000e-03
-4.90212500e-08,7.25312500e-03,4.03750000e-03,2.89375000e-03
-4.89812500e-08,7.04375000e-03,4.19218750e-03,2.67812500e-03
-4.89412500e-08,6.80312500e-03,4.30312500e-03,2.47500000e-03
-4.89012500e-08,6.54687500e-03,4.36250000e-03,2.29375000e-03
-4.88612500e-08,6.29062500e-03,4.36718750e-03,2.14062500e-03
-4.88212500e-08,6.04687500e-03,4.31875000e-03,2.02500000e-03
-4.87812500e-08,5.82812500e-03,4.21875000e-03,1.95000000e-03
-4.87412500e-08,5.65000000e-03,4.07343750e-03,1.91875000e-03
-4.87012500e-08,5.52187500e-03,3.88593750e-03,1.93125000e-03
-4.86612500e-08,5.45000000e-03,3.66718750e-03,1.98750000e-03
-4.86212500e-08,5.44062500e-03,3.42656250e-03,2.08437500e-03
-4.85812500e-08,5.49375000e-03,3.17500000e-03,2.21875000e-03
-4.85412500e-08,5.60937500e-03,2.92500000e-03,2.37812500e-03
-4.85012500e-08,5.78125000e-03,2.68593750e-03,2.56250000e-03
-4.84612500e-08,6.00312500e-03,2.46875000e-03,2.75625000e-03
-4.84212500e-08,6.25937500e-03,2.28437500e-03,2.95625000e-03
-4.83812500e-08,6.54062500e-03,2.13906250e-03,3.15000000e-03
-4.83412500e-08,6.83125000e-03,2.03906250e-03,3.32812500e-03
-4.83012500e-08,7.11875000e-03,1.98906250e-03,3.48437500e-03
-4.82612500e-08,7.38750000e-03,1.98906250e-03,3.61250000e-03
-4.82212500e-08,7.61875000e-03,2.04062500e-03,3.70625000e-03
-4.81812500e-08,7.80625000e-03,2.13750000e-03,3.76250000e-03
-4.81412500e-08,7.93750000e-03,2.27656250e-03,3.78125000e-03
-4.81012500e-08,8.00000000e-03,2.45156250e-03,3.75937500e-03
-4.80612500e-08,7.99375000e-03,2.65156250e-03,3.70312500e-03
-4.80212500e-08,7.91562500e-03,2.86718750e-03,3.61562500e-03
-4.79812500e-08,7.76562500e-03,3.08906250e-03,3.50000000e-03
-4.79412500e-08,7.55312500e-03,3.30625000e-03,3.36562500e-03
-4.79012500e-08,7.28125000e-03,3.50937500e-03,3.22187500e-03
-4.78612500e-08,6.96562500e-03,3.68750000e-03,3.07187500e-03
-4.78212500e-08,6.61250000e-03,3.83437500e-03,2.92812500e-03
-4.77812500e-08,6.24375000e-03,3.94218750e-03,2.80000000e-03
-4.77412500e-08,5.86875000e-03,4.00781250e-03,2.69062500e-03
-4.77012500e-08,5.50625000e-03,4.02812500e-03,2.60937500e-03
-4.76612500e-08,5.17187500e-03,4.00312500e-03,2.55625000e-03
-4.76212500e-08,4.87500000e-03,3.93593750e-03,2.54062500e-03
-4.75812500e-08,4.63125000e-03,3.82968750e-03,2.55937500e-03
-4.75412500e-08,4.45000000e-03,3.69062500e-03,2.60937500e-03
-4.75012500e-08,4.33437500e-03,3.52656250e-03,2.69375000e-03
-4.74612500e-08,4.28750000e-03,3.34531250e-03,2.80312500e-03
-4.74212500e-08,4.30937500e-03,3.15625000e-03,2.93125000e-03
-4.73812500e-08,4.40000000e-03,2.97031250e-03,3.07500000e-03
-4.73412500e-08,4.55000000e-03,2.79531250e-03,3.22187500e-03
-4.73012500e-08,4.74687500e-03,2.64062500e-03,3.36562500e-03
-4.72612500e-08,4.98437500e-03,2.51406250e-03,3.50000000e-03
-4.72212500e-08,5.24687500e-03,2.42031250e-03,3.61250000e-03
-4.71812500e-08,5.51875000e-03,2.36562500e-03,3.69687500e-03
-4.71412500e-08,5.78750000e-03,2.35000000e-03,3.75000000e-03
-4.71012500e-08,6.04062500e-03,2.37656250e-03,3.76562500e-03
-4.70612500e-08,6.25937500e-03,2.44062500e-03,3.74375000e-03
-4.70212500e-08,6.43750000e-03,2.54062500e-03,3.68437500e-03
-4.69812500e-08,6.56562500e-03,2.67031250e-03,3.58437500e-03
-4.69412500e-08,6.63437500e-03,2.82343750e-03,3.45312500e-03
-4.69012500e-08,6.64375000e-03,2.99218750e-03,3.29375000e-03
-4.68612500e-08,6.59375000e-03,3.16562500e-03,3.11562500e-03
-4.68212500e-08,6.48437500e-03,3.33750000e-03,2.92187500e-03
-4.67812500e-08,6.32187500e-03,3.49843750e-03,2.72500000e-03
-4.67412500e-08,6.11875000e-03,3.64062500e-03,2.53437500e-03
-4.67012500e-08,5.88125000e-03,3.75468750e-03,2.35937500e-03
-4.66612500e-08,5.61875000e-03,3.83750000e-03,2.20625000e-03
-4.66212500e-08,5.35000000e-03,3.88281250e-03,2.08437500e-03
-4.65812500e-08,5.08750000e-03,3.89062500e-03,2.00000000e-03
-4.65412500e-08,4.84062500e-03,3.85937500e-03,1.95625000e-03
-4.65012500e-08,4.62500000e-03,3.79062500e-03,1.95625000e-03
-4.64612500e-08,4.44687500e-03,3.68750000e-03,2.00312500e-03
-4.64212500e-08,4.31562500e-03,3.55625000e-03,2.09062500e-03
-4.63812500e-08,4.23750000e-03,3.40468750e-03,2.21562500e-03
-4.63412500e-08,4.21250000e-03,3.23750000e-03,2.37500000e-03
-4.63012500e-08,4.24375000e-03,3.06718750e-03,2.55937500e-03
-4.62612500e-08,4.32500000e-03,2.89843750e-03,2.76250000e-03
-4.62212500e-08,4.45000000e-03,2.74218750e-03,2.97187500e-03
-4.61812500e-08,4.61250000e-03,2.60625000e-03,3.18125000e-03
-4.61412500e-08,4.79687500e-03,2.49687500e-03,3.38125000e-03
-4.61012500e-08,4.99687500e-03,2.42031250e-03,3.55937500e-03
-4.60612500e-08,5.19687500e-03,2.37968750e-03,3.70937500e-03
-4.60212500e-08,5.38125000e-03,2.37812500e-03,3.82500000e-03
-4.59812500e-08,5.53750000e-03,2.41406250e-03,3.90000000e-03
-4.59412500e-08,5.65937500e-03,2.48906250e-03,3.93437500e-03
-4.59012500e-08,5.72812500e-03,2.59531250e-03,3.92500000e-03
-4.58612500e-08,5.74687500e-03,2.73125000e-03,3.87500000e-03
-4.58212500e-08,5.70000000e-03,2.88750000e-03,3.78750000e-03
-4.57812500e-08,5.59062500e-03,3.05781250e-03,3.66875000e-03
-4.57412500e-08,5.42187500e-03,3.23281250e-03,3.52187500e-03
-4.57012500e-08,5.19375000e-03,3.40312500e-03,3.35937500e-03
-4.56612500e-08,4.91250000e-03,3.56093750e-03,3.19062500e-03
-4.56212500e-08,4.59062500e-03,3.69843750e-03,3.02187500e-03
-4.55812500e-08,4.23750000e-03,3.80937500e-03,2.86562500e-03
-4.55412500e-08,3.86562500e-03,3.88593750e-03,2.72812500e-03
-4.55012500e-08,3.49062500e-03,3.92656250e-03,2.62187500e-03
-4.54612500e-08,3.12500000e-03,3.92656250e-03,2.54687500e-03
-4.54212500e-08,2.78437500e-03,3.88906250e-03,2.51562500e-03
-4.53812500e-08,2.47812500e-03,3.81406250e-03,2.52500000e-03
-4.53412500e-08,2.22187500e-03,3.70468750e-03,2.57500000e-03
-4.53012500e-08,2.02187500e-03,3.56875000e-03,2.66875000e-03
-4.52612500e-08,1.88125000e-03,3.41250000e-03,2.80000000e-03
-4.52212500e-08,1.80937500e-03,3.24375000e-03,2.96562500e-03
-4.51812500e-08,1.80000000e-03,3.07031250e-03,3.15312500e-03
-4.51412500e-08,1.85625000e-03,2.90468750e-03,3.35937500e-03
-4.51012500e-08,1.96562500e-03,2.75156250e-03,3.57187500e-03
-4.50612500e-08,2.12187500e-03,2.62187500e-03,3.78125000e-03
-4.50212500e-08,2.31875000e-03,2.52343750e-03,3.97812500e-03
-4.49812500e-08,2.53750000e-03,2.45937500e-03,4.15312500e-03
-4.49412500e-08,2.76875000e-03,2.43593750e-03,4.29375000e-03
-4.49012500e-08,2.99687500e-03,2.45468750e-03,4.40000000e-03
-4.48612500e-08,3.20625000e-03,2.51406250e-03,4.45937500e-03
-4.48212500e-08,3.39062500e-03,2.61562500e-03,4.47500000e-03
-4.47812500e-08,3.53125000e-03,2.75156250e-03,4.43750000e-03
-4.47412500e-08,3.62500000e-03,2.91718750e-03,4.35625000e-03
-4.47012500e-08,3.66562500e-03,3.10625000e-03,4.22812500e-03
-4.46612500e-08,3.64687500e-03,3.30937500e-03,4.06250000e-03
-4.46212500e-08,3.57187500e-03,3.51718750e-03,3.86250000e-03
-4.45812500e-08,3.44062500e-03,3.71875000e-03,3.64062500e-03
-4.45412500e-08,3.26250000e-03,3.90625000e-03,3.40312500e-03
-4.45012500e-08,3.04062500e-03,4.06875000e-03,3.16250000e-03
-4.44612500e-08,2.79375000e-03,4.20000000e-03,2.92500000e-03
-4.44212500e-08,2.52812500e-03,4.29062500e-03,2.70625000e-03
-4.43812500e-08,2.25625000e-03,4.33906250e-03,2.51250000e-03
-4.43412500e-08,1.99687500e-03,4.34062500e-03,2.35000000e-03
-4.43012500e-08,1.76250000e-03,4.29531250e-03,2.22812500e-03
-4.42612500e-08,1.56250000e-03,4.20468750e-03,2.15000000e-03
-4.42212500e-08,1.41250000e-03,4.07187500e-03,2.11875000e-03
-4.41812500e-08,1.31562500e-03,3.90312500e-03,2.13437500e-03
-4.41412500e-08,1.28125000e-03,3.70468750e-03,2.19687500e-03
-4.41012500e-08,1.30937500e-03,3.48437500e-03,2.29687500e-03
-4.40612500e-08,1.40312500e-03,3.25468750e-03,2.43437500e-03
-4.40212500e-08,1.55625000e-03,3.02500000e-03,2.59687500e-03
-4.39812500e-08,1.76250000e-03,2.80312500e-03,2.78125000e-03
-4.39412500e-08,2.01250000e-03,2.60156250e-03,2.97187500e-03
-4.39012500e-08,2.29687500e-03,2.42656250e-03,3.16562500e-03
-4.38612500e-08,2.60000000e-03,2.28750000e-03,3.34687500e-03
-4.38212500e-08,2.90625000e-03,2.19062500e-03,3.50937500e-03
-4.37812500e-08,3.20312500e-03,2.13750000e-03,3.64687500e-03
-4.37412500e-08,3.47500000e-03,2.13125000e-03,3.75000000e-03
-4.37012500e-08,3.70625000e-03,2.17187500e-03,3.81250000e-03
-4.36612500e-08,3.88750000e-03,2.25468750e-03,3.83750000e-03
-4.36212500e-08,4.00625000e-03,2.37656250e-03,3.81875000e-03
-4.35812500e-08,4.05937500e-03,2.53125000e-03,3.75937500e-03
-4.35412500e-08,4.03750000e-03,2.71093750e-03,3.66250000e-03
-4.35012500e-08,3.94687500e-03,2.90468750e-03,3.53437500e-03
-4.34612500e-08,3.78125000e-03,3.10468750e-03,3.37812500e-03
-4.34212500e-08,3.55625000e-03,3.30000000e-03,3.20625000e-03
-4.33812500e-08,3.27500000e-03,3.48281250e-03,3.02812500e-03
-4.33412500e-08,2.95000000e-03,3.64218750e-03,2.85000000e-03
-4.33012500e-08,2.59375000e-03,3.77031250e-03,2.68125000e-03
-4.32612500e-08,2.22187500e-03,3.86406250e-03,2.53437500e-03
-4.32212500e-08,1.85312500e-03,3.91718750e-03,2.41562500e-03
-4.31812500e-08,1.49687500e-03,3.92656250e-03,2.32812500e-03
-4.31412500e-08,1.17187500e-03,3.89531250e-03,2.28125000e-03
-4.31012500e-08,8.90625000e-04,3.82187500e-03,2.27812500e-03
-4.30612500e-08,6.62500000e-04,3.71406250e-03,2.31562500e-03
-4.30212500e-08,4.96875000e-04,3.57656250e-03,2.39687500e-03
-4.29812500e-08,3.96875000e-04,3.41562500e-03,2.51875000e-03
-4.29412500e-08,3.68750000e-04,3.24062500e-03,2.67187500e-03
-4.29012500e-08,4.06250000e-04,3.06250000e-03,2.85625000e-03
-4.28612500e-08,5.09375000e-04,2.88906250e-03,3.05625000e-03
-4.28212500e-08,6.65625000e-04,2.72968750e-03,3.26562500e-03
-4.27812500e-08,8.71875000e-04,2.59375000e-03,3.47812500e-03
-4.27412500e-08,1.10937500e-03,2.49062500e-03,3.67812500e-03
-4.27012500e-08,1.36562500e-03,2.42187500e-03,3.86250000e-03
-4.26612500e-08,1.62812500e-03,2.39687500e-03,4.01562500e-03
-4.26212500e-08,1.88125000e-03,2.41406250e-03,4.13750000e-03
-4.25812500e-08,2.11250000e-03,2.47500000e-03,4.21562500e-03
-4.25412500e-08,2.30937500e-03,2.57656250e-03,4.25312500e-03
-4.25012500e-08,2.45937500e-03,2.71562500e-03,4.24062500e-03
-4.24612500e-08,2.55625000e-03,2.88593750e-03,4.18437500e-03
-4.24212500e-08,2.59375000e-03,3.07968750e-03,4.08437500e-03
-4.23812500e-08,2.56875000e-03,3.28750000e-03,3.94687500e-03
-4.23412500e-08,2.48437500e-03,3.50000000e-03,3.77812500e-03
-4.23012500e-08,2.34375000e-03,3.70625000e-03,3.58437500e-03
-4.22612500e-08,2.15312500e-03,3.89687500e-03,3.37812500e-03
-4.22212500e-08,1.92500000e-03,4.06406250e-03,3.16562500e-03
-4.21812500e-08,1.66562500e-03,4.19843750e-03,2.95625000e-03
-4.21412500e-08,1.39375000e-03,4.29375000e-03,2.76562500e-03
-4.21012500e-08,1.12187500e-03,4.34531250e-03,2.59687500e-03
-4.20612500e-08,8.62500000e-04,4.35000000e-03,2.46250000e-03
-4.20212500e-08,6.28125000e-04,4.30781250e-03,2.36562500e-03
-4.19812500e-08,4.34375000e-04,4.22187500e-03,2.31250000e-03
-4.19412500e-08,2.90625000e-04,4.09375000e-03,2.30625000e-03
-4.19012500e-08,2.00000000e-04,3.92968750e-03,2.34687500e-03
-4.18612500e-08,1.71875000e-04,3.74062500e-03,2.43437500e-03
-4.18212500e-08,2.09375000e-04,3.53125000e-03,2.55937500e-03
-4.17812500e-08,3.06250000e-04,3.31406250e-03,2.72187500e-03
-4.17412500e-08,4.62500000e-04,3.10000000e-03,2.90937500e-03
-4.17012500e-08,6.71875000e-04,2.89843750e-03,3.11875000e-03
-4.16612500e-08,9.21875000e-04,2.71718750e-03,3.33437500e-03
-4.16212500e-08,1.20000000e-03,2.56875000e-03,3.55000000e-03
-4.15812500e-08,1.49375000e-03,2.45625000e-03,3.75312500e-03
-4.15412500e-08,1.79375000e-03,2.38750000e-03,3.93437500e-03
-4.15012500e-08,2.07812500e-03,2.36406250e-03,4.08750000e-03
-4.14612500e-08,2.34062500e-03,2.38906250e-03,4.20312500e-03
-4.14212500e-08,2.56250000e-03,2.45781250e-03,4.27500000e-03
-4.13812500e-08,2.73437500e-03,2.57031250e-03,4.30312500e-03
-4.13412500e-08,2.85000000e-03,2.71718750e-03,4.28437500e-03
-4.13012500e-08,2.90312500e-03,2.89375000e-03,4.21562500e-03
-4.12612500e-08,2.89062500e-03,3.08750000e-03,4.10937500e-03
-4.12212500e-08,2.81250000e-03,3.29218750e-03,3.96250000e-03
-4.11812500e-08,2.67187500e-03,3.49687500e-03,3.78437500e-03
-4.11412500e-08,2.47500000e-03,3.68906250e-03,3.58437500e-03
-4.11012500e-08,2.23125000e-03,3.86093750e-03,3.37187500e-03
-4.10612500e-08,1.95312500e-03,4.00156250e-03,3.15625000e-03
-4.10212500e-08,1.65000000e-03,4.10625000e-03,2.95000000e-03
-4.09812500e-08,1.33750000e-03,4.16718750e-03,2.76250000e-03
-4.09412500e-08,1.03125000e-03,4.18281250e-03,2.59687500e-03
-4.09012500e-08,7.40625000e-04,4.15312500e-03,2.46875000e-03
-4.08612500e-08,4.81250000e-04,4.07656250e-03,2.38125000e-03
-4.08212500e-08,2.65625000e-04,3.95781250e-03,2.34062500e-03
-4.07812500e-08,9.68750000e-05,3.80468750e-03,2.34375000e-03
-4.07412500e-08,-1.25000000e-05,3.62343750e-03,2.39687500e-03
-4.07012500e-08,-6.25000000e-05,3.42187500e-03,2.49375000e-03
-4.06612500e-08,-5.62500000e-05,3.21250000e-03,2.63125000e-03
-4.06212500e-08,1.25000000e-05,3.00625000e-03,2.80312500e-03
-4.05812500e-08,1.28125000e-04,2.81093750e-03,3.00000000e-03
-4.05412500e-08,2.90625000e-04,2.63750000e-03,3.21562500e-03
-4.05012500e-08,4.81250000e-04,2.49531250e-03,3.43750000e-03
-4.04612500e-08,6.96875000e-04,2.39375000e-03,3.65625000e-03
-4.04212500e-08,9.15625000e-04,2.33437500e-03,3.86250000e-03
-4.03812500e-08,1.13125000e-03,2.32343750e-03,4.04687500e-03
-4.03412500e-08,1.32812500e-03,2.36250000e-03,4.19687500e-03
-4.03012500e-08,1.49062500e-03,2.44687500e-03,4.31250000e-03
-4.02612500e-08,1.61250000e-03,2.57343750e-03,4.38125000e-03
-4.02212500e-08,1.68125000e-03,2.73906250e-03,4.40312500e-03
-4.01812500e-08,1.69375000e-03,2.93281250e-03,4.37812500e-03
-4.01412500e-08,1.64687500e-03,3.14531250e-03,4.30625000e-03
-4.01012500e-08,1.53750000e-03,3.36875000e-03,4.19062500e-03
-4.00612500e-08,1.37187500e-03,3.58906250e-03,4.03437500e-03
-4.00212500e-08,1.15625000e-03,3.79531250e-03,3.84687500e-03
-3.99812500e-08,8.96875000e-04,3.97968750e-03,3.63750000e-03
-3.99412500e-08,6.03125000e-04,4.13125000e-03,3.41250000e-03
-3.99012500e-08,2.93750000e-04,4.24218750e-03,3.18437500e-03
-3.98612500e-08,-2.18750000e-05,4.30625000e-03,2.96250000e-03
-3.98212500e-08,-3.31250000e-04,4.32187500e-03,2.75625000e-03
-3.97812500e-08,-6.12500000e-04,4.28437500e-03,2.57500000e-03
-3.97412500e-08,-8.59375000e-04,4.19843750e-03,2.42500000e-03
-3.97012500e-08,-1.05937500e-03,4.06718750e-03,2.31562500e-03
-3.96612500e-08,-1.20000000e-03,3.89531250e-03,2.25000000e-03
-3.96212500e-08,-1.27500000e-03,3.69062500e-03,2.22812500e-03
-3.95812500e-08,-1.28125000e-03,3.46562500e-03,2.25312500e-03
-3.95412500e-08,-1.21562500e-03,3.22812500e-03,2.32187500e-03
-3.95012500e-08,-1.08437500e-03,2.98906250e-03,2.43125000e-03
-3.94612500e-08,-8.87500000e-04,2.76250000e-03,2.57812500e-03
-3.94212500e-08,-6.37500000e-04,2.55781250e-03,2.75000000e-03
-3.93812500e-08,-3.43750000e-04,2.38437500e-03,2.93750000e-03
-3.93412500e-08,-1.87500000e-05,2.25156250e-03,3.13750000e-03
-3.93012500e-08,3.21875000e-04,2.16250000e-03,3.33750000e-03
-3.92612500e-08,6.62500000e-04,2.12500000e-03,3.52812500e-03
-3.92212500e-08,9.90625000e-04,2.13906250e-03,3.70000000e-03
-3.91812500e-08,1.29062500e-03,2.20312500e-03,3.84687500e-03
-3.91412500e-08,1.54375000e-03,2.31562500e-03,3.95937500e-03
-3.91012500e-08,1.74687500e-03,2.46875000e-03,4.03437500e-03
-3.90612500e-08,1.88437500e-03,2.65625000e-03,4.06562500e-03
-3.90212500e-08,1.95625000e-03,2.86718750e-03,4.05625000e-03
-3.89812500e-08,1.95312500e-03,3.09375000e-03,4.00625000e-03
-3.89412500e-08,1.87500000e-03,3.32343750e-03,3.91562500e-03
-3.89012500e-08,1.73125000e-03,3.54375000e-03,3.79375000e-03
-3.88612500e-08,1.52500000e-03,3.74531250e-03,3.64375000e-03
-3.88212500e-08,1.26562500e-03,3.91718750e-03,3.47500000e-03
-3.87812500e-08,9.65625000e-04,4.05312500e-03,3.29375000e-03
-3.87412500e-08,6.37500000e-04,4.14531250e-03,3.11562500e-03
-3.87012500e-08,2.96875000e-04,4.18750000e-03,2.94375000e-03
-3.86612500e-08,-4.37500000e-05,4.18125000e-03,2.79062500e-03
-3.86212500e-08,-3.65625000e-04,4.12500000e-03,2.66250000e-03
-3.85812500e-08,-6.59375000e-04,4.02187500e-03,2.56562500e-03
-3.85412500e-08,-9.09375000e-04,3.87656250e-03,2.50937500e-03
-3.85012500e-08,-1.10937500e-03,3.69843750e-03,2.49375000e-03
-3.84612500e-08,-1.24687500e-03,3.49375000e-03,2.52187500e-03
-3.84212500e-08,-1.32500000e-03,3.27343750e-03,2.59062500e-03
-3.83812500e-08,-1.33437500e-03,3.05000000e-03,2.70000000e-03
-3.83412500e-08,-1.28437500e-03,2.83281250e-03,2.84375000e-03
-3.83012500e-08,-1.17812500e-03,2.63281250e-03,3.01562500e-03
-3.82612500e-08,-1.02187500e-03,2.46093750e-03,3.20937500e-03
-3.82212500e-08,-8.25000000e-04,2.32343750e-03,3.41562500e-03
-3.81812500e-08,-6.06250000e-04,2.22968750e-03,3.62187500e-03
-3.81412500e-08,-3.75000000e-04,2.18281250e-03,3.82187500e-03
-3.81012500e-08,-1.43750000e-04,2.18593750e-03,4.00625000e-03
-3.80612500e-08,6.87500000e-05,2.23750000e-03,4.16250000e-03
-3.80212500e-08,2.53125000e-04,2.33593750e-03,4.28750000e-03
-3.79812500e-08,3.93750000e-04,2.47812500e-03,4.37500000e-03
-3.79412500e-08,4.84375000e-04,2.65468750e-03,4.41562500e-03
-3.79012500e-08,5.15625000e-04,2.85781250e-03,4.41250000e-03
-3.78612500e-08,4.81250000e-04,3.07812500e-03,4.36250000e-03
-3.78212500e-08,3.84375000e-04,3.30312500e-03,4.27187500e-03
-3.77812500e-08,2.28125000e-04,3.52500000e-03,4.14062500e-03
-3.77412500e-08,1.25000000e-05,3.73125000e-03,3.97500000e-03
-3.77012500e-08,-2.53125000e-04,3.91250000e-03,3.78437500e-03
-3.76612500e-08,-5.56250000e-04,4.05937500e-03,3.58125000e-03
-3.76212500e-08,-8.87500000e-04,4.16562500e-03,3.36875000e-03
-3.75812500e-08,-1.23125000e-03,4.22500000e-03,3.15937500e-03
-3.75412500e-08,-1.56875000e-03,4.23437500e-03,2.96250000e-03
-3.75012500e-08,-1.89375000e-03,4.19531250e-03,2.79062500e-03
-3.74612500e-08,-2.18437500e-03,4.10781250e-03,2.64687500e-03
-3.74212500e-08,-2.43437500e-03,3.97656250e-03,2.53750000e-03
-3.73812500e-08,-2.63125000e-03,3.80781250e-03,2.47187500e-03
-3.73412500e-08,-2.76250000e-03,3.61093750e-03,2.45000000e-03
-3.73012500e-08,-2.83125000e-03,3.39375000e-03,2.47187500e-03
-3.72612500e-08,-2.82812500e-03,3.16875000e-03,2.53750000e-03
-3.72212500e-08,-2.75625000e-03,2.94531250e-03,2.64375000e-03
-3.71812500e-08,-2.62187500e-03,2.73437500e-03,2.78125000e-03
-3.71412500e-08,-2.43437500e-03,2.54687500e-03,2.94375000e-03
-3.71012500e-08,-2.19687500e-03,2.39062500e-03,3.12500000e-03
-3.70612500e-08,-1.92812500e-03,2.27343750e-03,3.31250000e-03
-3.70212500e-08,-1.63750000e-03,2.20312500e-03,3.50000000e-03
-3.69812500e-08,-1.34062500e-03,2.17968750e-03,3.67500000e-03
-3.69412500e-08,-1.05312500e-03,2.20781250e-03,3.83125000e-03
-3.69012500e-08,-7.87500000e-04,2.28281250e-03,3.95625000e-03
-3.68612500e-08,-5.62500000e-04,2.40312500e-03,4.05000000e-03
-3.68212500e-08,-3.81250000e-04,2.56250000e-03,4.10625000e-03
-3.67812500e-08,-2.56250000e-04,2.75468750e-03,4.11875000e-03
-3.67412500e-08,-1.96875000e-04,2.96718750e-03,4.09375000e-03
-3.67012500e-08,-2.03125000e-04,3.19062500e-03,4.02500000e-03
-3.66612500e-08,-2.71875000e-04,3.41562500e-03,3.92500000e-03
-3.66212500e-08,-4.06250000e-04,3.62968750e-03,3.79375000e-03
-3.65812500e-08,-5.96875000e-04,3.82343750e-03,3.64062500e-03
-3.65412500e-08,-8.31250000e-04,3.98750000e-03,3.47500000e-03
-3.65012500e-08,-1.10625000e-03,4.11093750e-03,3.30625000e-03
-3.64612500e-08,-1.40312500e-03,4.19062500e-03,3.14375000e-03
-3.64212500e-08,-1.70937500e-03,4.22031250e-03,2.99687500e-03
-3.63812500e-08,-2.01250000e-03,4.19843750e-03,2.87187500e-03
-3.63412500e-08,-2.29687500e-03,4.12812500e-03,2.77812500e-03
-3.63012500e-08,-2.55000000e-03,4.00781250e-03,2.72187500e-03
-3.62612500e-08,-2.75937500e-03,3.84687500e-03,2.70625000e-03
-3.62212500e-08,-2.92187500e-03,3.65156250e-03,2.73437500e-03
-3.61812500e-08,-3.02500000e-03,3.43125000e-03,2.80312500e-03
-3.61412500e-08,-3.06562500e-03,3.19375000e-03,2.91250000e-03
-3.61012500e-08,-3.05000000e-03,2.95312500e-03,3.05312500e-03
-3.60612500e-08,-2.97500000e-03,2.72031250e-03,3.22187500e-03
-3.60212500e-08,-2.84687500e-03,2.50625000e-03,3.40937500e-03
-3.59812500e-08,-2.67812500e-03,2.32031250e-03,3.60312500e-03
-3.59412500e-08,-2.47500000e-03,2.17187500e-03,3.80000000e-03
-3.59012500e-08,-2.25312500e-03,2.06875000e-03,3.98125000e-03
-3.58612500e-08,-2.02500000e-03,2.01562500e-03,4.14375000e-03
-3.58212500e-08,-1.80312500e-03,2.01562500e-03,4.27187500e-03
-3.57812500e-08,-1.60312500e-03,2.07031250e-03,4.36562500e-03
-3.57412500e-08,-1.43437500e-03,2.17343750e-03,4.41562500e-03
-3.57012500e-08,-1.31250000e-03,2.32500000e-03,4.41562500e-03
-3.56612500e-08,-1.24375000e-03,2.51562500e-03,4.36875000e-03
-3.56212500e-08,-1.23437500e-03,2.73750000e-03,4.27187500e-03
-3.55812500e-08,-1.28437500e-03,2.97968750e-03,4.13437500e-03
-3.55412500e-08,-1.40000000e-03,3.23125000e-03,3.95625000e-03
-3.55012500e-08,-1.57500000e-03,3.48125000e-03,3.75000000e-03
-3.54612500e-08,-1.80312500e-03,3.71875000e-03,3.52187500e-03
-3.54212500e-08,-2.07500000e-03,3.93125000e-03,3.28437500e-03
-3.53812500e-08,-2.38125000e-03,4.10937500e-03,3.04687500e-03
-3.53412500e-08,-2.70937500e-03,4.24687500e-03,2.82500000e-03
-3.53012500e-08,-3.04375000e-03,4.33593750e-03,2.62500000e-03
-3.52612500e-08,-3.37187500e-03,4.37187500e-03,2.46250000e-03
-3.52212500e-08,-3.67812500e-03,4.35625000e-03,2.34062500e-03
-3.51812500e-08,-3.95000000e-03,4.28906250e-03,2.26875000e-03
-3.51412500e-08,-4.17500000e-03,4.17343750e-03,2.25000000e-03
-3.51012500e-08,-4.34375000e-03,4.01718750e-03,2.29062500e-03
-3.50612500e-08,-4.45000000e-03,3.82500000e-03,2.38437500e-03
-3.50212500e-08,-4.49062500e-03,3.61093750e-03,2.52812500e-03
-3.49812500e-08,-4.46562500e-03,3.38125000e-03,2.71875000e-03
-3.49412500e-08,-4.37500000e-03,3.15156250e-03,2.94687500e-03
-3.49012500e-08,-4.22500000e-03,2.92968750e-03,3.20625000e-03
-3.48612500e-08,-4.02500000e-03,2.72968750e-03,3.47812500e-03
-3.48212500e-08,-3.78437500e-03,2.55781250e-03,3.75625000e-03
-3.47812500e-08,-3.51875000e-03,2.42656250e-03,4.02812500e-03
-3.47412500e-08,-3.24062500e-03,2.34062500e-03,4.27812500e-03
-3.47012500e-08,-2.95937500e-03,2.30312500e-03,4.50000000e-03
-3.46612500e-08,-2.69687500e-03,2.31718750e-03,4.67812500e-03
-3.46212500e-08,-2.46250000e-03,2.38281250e-03,4.81250000e-03
-3.45812500e-08,-2.26875000e-03,2.49375000e-03,4.89062500e-03
-3.45412500e-08,-2.12500000e-03,2.64843750e-03,4.91250000e-03
-3.45012500e-08,-2.03750000e-03,2.83593750e-03,4.87812500e-03
-3.44612500e-08,-2.01250000e-03,3.04843750e-03,4.79062500e-03
-3.44212500e-08,-2.04687500e-03,3.27500000e-03,4.65312500e-03
-3.43812500e-08,-2.14375000e-03,3.50468750e-03,4.47187500e-03
-3.43412500e-08,-2.29375000e-03,3.72656250e-03,4.25937500e-03
-3.43012500e-08,-2.49062500e-03,3.92812500e-03,4.02187500e-03
-3.42612500e-08,-2.72187500e-03,4.10000000e-03,3.77500000e-03
-3.42212500e-08,-2.97812500e-03,4.23281250e-03,3.52812500e-03
-3.41812500e-08,-3.24062500e-03,4.32187500e-03,3.29687500e-03
-3.41412500e-08,-3.49687500e-03,4.36093750e-03,3.08437500e-03
-3.41012500e-08,-3.73437500e-03,4.34843750e-03,2.90937500e-03
-3.40612500e-08,-3.93750000e-03,4.28437500e-03,2.77500000e-03
-3.40212500e-08,-4.09687500e-03,4.17343750e-03,2.68750000e-03
-3.39812500e-08,-4.20000000e-03,4.01875000e-03,2.65000000e-03
-3.39412500e-08,-4.24375000e-03,3.82812500e-03,2.66562500e-03
-3.39012500e-08,-4.22500000e-03,3.61250000e-03,2.73125000e-03
-3.38612500e-08,-4.14062500e-03,3.38125000e-03,2.84375000e-03
-3.38212500e-08,-3.99375000e-03,3.14531250e-03,2.99687500e-03
-3.37812500e-08,-3.79375000e-03,2.91562500e-03,3.17812500e-03
-3.37412500e-08,-3.54687500e-03,2.70468750e-03,3.38125000e-03
-3.37012500e-08,-3.26562500e-03,2.52187500e-03,3.59687500e-03
-3.36612500e-08,-2.96562500e-03,2.37656250e-03,3.81250000e-03
-3.36212500e-08,-2.66250000e-03,2.27500000e-03,4.01250000e-03
-3.35812500e-08,-2.36875000e-03,2.22187500e-03,4.19375000e-03
-3.35412500e-08,-2.10312500e-03,2.22031250e-03,4.33750000e-03
-3.35012500e-08,-1.88125000e-03,2.26875000e-03,4.44375000e-03
-3.34612500e-08,-1.70937500e-03,2.36562500e-03,4.50625000e-03
-3.34212500e-08,-1.60625000e-03,2.50468750e-03,4.51562500e-03
-3.33812500e-08,-1.57187500e-03,2.67968750e-03,4.47500000e-03
-3.33412500e-08,-1.61562500e-03,2.88125000e-03,4.38437500e-03
-3.33012500e-08,-1.73437500e-03,3.09843750e-03,4.24687500e-03
-3.32612500e-08,-1.92812500e-03,3.32031250e-03,4.06875000e-03
-3.32212500e-08,-2.19062500e-03,3.53593750e-03,3.85937500e-03
-3.31812500e-08,-2.50625000e-03,3.73281250e-03,3.62812500e-03
-3.31412500e-08,-2.86875000e-03,3.90156250e-03,3.38437500e-03
-3.31012500e-08,-3.25937500e-03,4.03437500e-03,3.13750000e-03
-3.30612500e-08,-3.66250000e-03,4.12187500e-03,2.90312500e-03
-3.30212500e-08,-4.06250000e-03,4.16250000e-03,2.68750000e-03
-3.29812500e-08,-4.44062500e-03,4.15000000e-03,2.50625000e-03
-3.29412500e-08,-4.78125000e-03,4.08906250e-03,2.35937500e-03
-3.29012500e-08,-5.06875000e-03,3.97812500e-03,2.25937500e-03
-3.28612500e-08,-5.29062500e-03,3.82656250e-03,2.20937500e-03
-3.28212500e-08,-5.44062500e-03,3.63906250e-03,2.21250000e-03
-3.27812500e-08,-5.51250000e-03,3.42656250e-03,2.26250000e-03
-3.27412500e-08,-5.50312500e-03,3.19843750e-03,2.36250000e-03
-3.27012500e-08,-5.41250000e-03,2.96718750e-03,2.50625000e-03
-3.26612500e-08,-5.25000000e-03,2.74218750e-03,2.68125000e-03
-3.26212500e-08,-5.01875000e-03,2.53750000e-03,2.88750000e-03
-3.25812500e-08,-4.73750000e-03,2.36250000e-03,3.10625000e-03
-3.25412500e-08,-4.41875000e-03,2.22500000e-03,3.33437500e-03
-3.25012500e-08,-4.07500000e-03,2.13281250e-03,3.55312500e-03
-3.24612500e-08,-3.72812500e-03,2.09218750e-03,3.75937500e-03
-3.24212500e-08,-3.39062500e-03,2.10312500e-03,3.94062500e-03
-3.23812500e-08,-3.08437500e-03,2.16562500e-03,4.09062500e-03
-3.23412500e-08,-2.81875000e-03,2.27656250e-03,4.19687500e-03
-3.23012500e-08,-2.60937500e-03,2.43281250e-03,4.26250000e-03
-3.22612500e-08,-2.46875000e-03,2.62343750e-03,4.28125000e-03
-3.22212500e-08,-2.39687500e-03,2.84218750e-03,4.25312500e-03
-3.21812500e-08,-2.40312500e-03,3.07500000e-03,4.18125000e-03
-3.21412500e-08,-2.48125000e-03,3.31406250e-03,4.07187500e-03
-3.21012500e-08,-2.63125000e-03,3.54375000e-03,3.92812500e-03
-3.20612500e-08,-2.84375000e-03,3.75468750e-03,3.75937500e-03
-3.20212500e-08,-3.10312500e-03,3.93437500e-03,3.57812500e-03
-3.19812500e-08,-3.40000000e-03,4.07656250e-03,3.39062500e-03
-3.19412500e-08,-3.71875000e-03,4.17187500e-03,3.20937500e-03
-3.19012500e-08,-4.04062500e-03,4.21718750e-03,3.04062500e-03
-3.18612500e-08,-4.35312500e-03,4.20937500e-03,2.90000000e-03
-3.18212500e-08,-4.63437500e-03,4.14687500e-03,2.79062500e-03
-3.17812500e-08,-4.87187500e-03,4.03593750e-03,2.71875000e-03
-3.17412500e-08,-5.05312500e-03,3.87968750e-03,2.69375000e-03
-3.17012500e-08,-5.17187500e-03,3.68593750e-03,2.71250000e-03
-3.16612500e-08,-5.21562500e-03,3.46562500e-03,2.77500000e-03
-3.16212500e-08,-5.18437500e-03,3.22968750e-03,2.88125000e-03
-3.15812500e-08,-5.07812500e-03,2.98750000e-03,3.02812500e-03
-3.15412500e-08,-4.90312500e-03,2.75312500e-03,3.20625000e-03
-3.15012500e-08,-4.66875000e-03,2.53750000e-03,3.40625000e-03
-3.14612500e-08,-4.38125000e-03,2.35156250e-03,3.62187500e-03
-3.14212500e-08,-4.05625000e-03,2.20312500e-03,3.84062500e-03
-3.13812500e-08,-3.71250000e-03,2.10156250e-03,4.05625000e-03
-3.13412500e-08,-3.36250000e-03,2.05156250e-03,4.25312500e-03
-3.13012500e-08,-3.02500000e-03,2.05312500e-03,4.42500000e-03
-3.12612500e-08,-2.71562500e-03,2.10937500e-03,4.56250000e-03
-3.12212500e-08,-2.45312500e-03,2.21562500e-03,4.66250000e-03
-3.11812500e-08,-2.25000000e-03,2.36718750e-03,4.71562500e-03
-3.11412500e-08,-2.11250000e-03,2.55625000e-03,4.71875000e-03
-3.11012500e-08,-2.05000000e-03,2.77343750e-03,4.67812500e-03
-3.10612500e-08,-2.06875000e-03,3.00781250e-03,4.59062500e-03
-3.10212500e-08,-2.16875000e-03,3.24687500e-03,4.45937500e-03
-3.09812500e-08,-2.34375000e-03,3.48125000e-03,4.29687500e-03
-3.09412500e-08,-2.59062500e-03,3.69687500e-03,4.10312500e-03
-3.09012500e-08,-2.89375000e-03,3.88437500e-03,3.89375000e-03
-3.08612500e-08,-3.24687500e-03,4.03437500e-03,3.67812500e-03
-3.08212500e-08,-3.63125000e-03,4.13906250e-03,3.46562500e-03
-3.07812500e-08,-4.02812500e-03,4.19531250e-03,3.26250000e-03
-3.07412500e-08,-4.42812500e-03,4.19843750e-03,3.08437500e-03
-3.07012500e-08,-4.80625000e-03,4.14843750e-03,2.93750000e-03
-3.06612500e-08,-5.15312500e-03,4.05000000e-03,2.82812500e-03
-3.06212500e-08,-5.45312500e-03,3.90625000e-03,2.75937500e-03
-3.05812500e-08,-5.69687500e-03,3.72500000e-03,2.74062500e-03
-3.05412500e-08,-5.87187500e-03,3.51562500e-03,2.76562500e-03
-3.05012500e-08,-5.97500000e-03,3.28906250e-03,2.83437500e-03
-3.04612500e-08,-6.00312500e-03,3.05625000e-03,2.94375000e-03
-3.04212500e-08,-5.95937500e-03,2.82812500e-03,3.08750000e-03
-3.03812500e-08,-5.85000000e-03,2.61718750e-03,3.25937500e-03
-3.03412500e-08,-5.68125000e-03,2.43437500e-03,3.45000000e-03
-3.03012500e-08,-5.46562500e-03,2.28593750e-03,3.65000000e-03
-3.02612500e-08,-5.21250000e-03,2.18281250e-03,3.85000000e-03
-3.02212500e-08,-4.94375000e-03,2.12812500e-03,4.03750000e-03
-3.01812500e-08,-4.66562500e-03,2.12500000e-03,4.20312500e-03
-3.01412500e-08,-4.39687500e-03,2.17343750e-03,4.34062500e-03
-3.01012500e-08,-4.15625000e-03,2.27031250e-03,4.44687500e-03
-3.00612500e-08,-3.95000000e-03,2.41250000e-03,4.50937500e-03
-3.00212500e-08,-3.79062500e-03,2.59218750e-03,4.53125000e-03
-2.99812500e-08,-3.68750000e-03,2.80000000e-03,4.51250000e-03
-2.99412500e-08,-3.64687500e-03,3.02812500e-03,4.45000000e-03
-2.99012500e-08,-3.66875000e-03,3.26250000e-03,4.35000000e-03
-2.98612500e-08,-3.75312500e-03,3.49375000e-03,4.21875000e-03
-2.98212500e-08,-3.89375000e-03,3.70937500e-03,4.06250000e-03
-2.97812500e-08,-4.08750000e-03,3.90156250e-03,3.89062500e-03
-2.97412500e-08,-4.32187500e-03,4.05781250e-03,3.70937500e-03
-2.97012500e-08,-4.58125000e-03,4.17343750e-03,3.53437500e-03
-2.96612500e-08,-4.85937500e-03,4.24062500e-03,3.36875000e-03
-2.96212500e-08,-5.13750000e-03,4.25937500e-03,3.22500000e-03
-2.95812500e-08,-5.40312500e-03,4.22656250e-03,3.10937500e-03
-2.95412500e-08,-5.64062500e-03,4.14375000e-03,3.03125000e-03
-2.95012500e-08,-5.84375000e-03,4.01718750e-03,2.98750000e-03
-2.94612500e-08,-5.99375000e-03,3.85312500e-03,2.98437500e-03
-2.94212500e-08,-6.08750000e-03,3.65781250e-03,3.02500000e-03
-2.93812500e-08,-6.11875000e-03,3.44218750e-03,3.10312500e-03
-2.93412500e-08,-6.08750000e-03,3.21718750e-03,3.21562500e-03
-2.93012500e-08,-5.99062500e-03,2.99218750e-03,3.35625000e-03
-2.92612500e-08,-5.83750000e-03,2.77968750e-03,3.51875000e-03
-2.92212500e-08,-5.63125000e-03,2.58750000e-03,3.69687500e-03
-2.91812500e-08,-5.38125000e-03,2.42812500e-03,3.87812500e-03
-2.91412500e-08,-5.10312500e-03,2.30625000e-03,4.05312500e-03
-2.91012500e-08,-4.80625000e-03,2.22968750e-03,4.21562500e-03
-2.90612500e-08,-4.50625000e-03,2.20156250e-03,4.35312500e-03
-2.90212500e-08,-4.21875000e-03,2.22187500e-03,4.46250000e-03
-2.89812500e-08,-3.95625000e-03,2.29218750e-03,4.53750000e-03
-2.89412500e-08,-3.73437500e-03,2.40625000e-03,4.57187500e-03
-2.89012500e-08,-3.55937500e-03,2.55937500e-03,4.56875000e-03
-2.88612500e-08,-3.44062500e-03,2.74531250e-03,4.52187500e-03
-2.88212500e-08,-3.38750000e-03,2.95312500e-03,4.43750000e-03
-2.87812500e-08,-3.40312500e-03,3.17656250e-03,4.32187500e-03
-2.87412500e-08,-3.48437500e-03,3.40156250e-03,4.17500000e-03
-2.87012500e-08,-3.63125000e-03,3.61875000e-03,4.00937500e-03
-2.86612500e-08,-3.83125000e-03,3.81875000e-03,3.83125000e-03
-2.86212500e-08,-4.08437500e-03,3.99062500e-03,3.65000000e-03
-2.85812500e-08,-4.37500000e-03,4.12812500e-03,3.47500000e-03
-2.85412500e-08,-4.68750000e-03,4.22343750e-03,3.31562500e-03
-2.85012500e-08,-5.01250000e-03,4.27500000e-03,3.18125000e-03
-2.84612500e-08,-5.33437500e-03,4.27656250e-03,3.07187500e-03
-2.84212500e-08,-5.63750000e-03,4.23281250e-03,3.00000000e-03
-2.83812500e-08,-5.91250000e-03,4.14375000e-03,2.96562500e-03
-2.83412500e-08,-6.14062500e-03,4.01406250e-03,2.97187500e-03
-2.83012500e-08,-6.31875000e-03,3.85000000e-03,3.01562500e-03
-2.82612500e-08,-6.43750000e-03,3.65937500e-03,3.09687500e-03
-2.82212500e-08,-6.49375000e-03,3.45312500e-03,3.20625000e-03
-2.81812500e-08,-6.48437500e-03,3.24062500e-03,3.34375000e-03
-2.81412500e-08,-6.41250000e-03,3.03125000e-03,3.49687500e-03
-2.81012500e-08,-6.28437500e-03,2.83593750e-03,3.65937500e-03
-2.80612500e-08,-6.10937500e-03,2.66406250e-03,3.82187500e-03
-2.80212500e-08,-5.89687500e-03,2.52343750e-03,3.97500000e-03
-2.79812500e-08,-5.65625000e-03,2.42031250e-03,4.11250000e-03
-2.79412500e-08,-5.40312500e-03,2.36093750e-03,4.22187500e-03
-2.79012500e-08,-5.15312500e-03,2.34687500e-03,4.30000000e-03
-2.78612500e-08,-4.92187500e-03,2.37812500e-03,4.34062500e-03
-2.78212500e-08,-4.71875000e-03,2.45625000e-03,4.34375000e-03
-2.77812500e-08,-4.55625000e-03,2.57500000e-03,4.30625000e-03
-2.77412500e-08,-4.44375000e-03,2.72968750e-03,4.22812500e-03
-2.77012500e-08,-4.39062500e-03,2.91250000e-03,4.11875000e-03
-2.76612500e-08,-4.40312500e-03,3.11406250e-03,3.97500000e-03
-2.76212500e-08,-4.47812500e-03,3.32656250e-03,3.80937500e-03
-2.75812500e-08,-4.61562500e-03,3.53906250e-03,3.62812500e-03
-2.75412500e-08,-4.80937500e-03,3.74062500e-03,3.44062500e-03
-2.75012500e-08,-5.05312500e-03,3.92343750e-03,3.25312500e-03
-2.74612500e-08,-5.33437500e-03,4.07656250e-03,3.08437500e-03
-2.74212500e-08,-5.64375000e-03,4.19687500e-03,2.93437500e-03
-2.73812500e-08,-5.96250000e-03,4.27343750e-03,2.81250000e-03
-2.73412500e-08,-6.28125000e-03,4.30781250e-03,2.73125000e-03
-2.73012500e-08,-6.58125000e-03,4.29531250e-03,2.68750000e-03
-2.72612500e-08,-6.85000000e-03,4.23750000e-03,2.69062500e-03
-2.72212500e-08,-7.07812500e-03,4.13906250e-03,2.73750000e-03
-2.71812500e-08,-7.24687500e-03,4.00156250e-03,2.83125000e-03
-2.71412500e-08,-7.35625000e-03,3.83437500e-03,2.96250000e-03
-2.71012500e-08,-7.39687500e-03,3.64687500e-03,3.12812500e-03
-2.70612500e-08,-7.36875000e-03,3.44375000e-03,3.31875000e-03
-2.70212500e-08,-7.27187500e-03,3.23906250e-03,3.53125000e-03
-2.69812500e-08,-7.10937500e-03,3.04218750e-03,3.74687500e-03
-2.69412500e-08,-6.89375000e-03,2.86093750e-03,3.96562500e-03
-2.69012500e-08,-6.63125000e-03,2.70468750e-03,4.16562500e-03
-2.68612500e-08,-6.33437500e-03,2.58281250e-03,4.34687500e-03
-2.68212500e-08,-6.02187500e-03,2.49843750e-03,4.49375000e-03
-2.67812500e-08,-5.70312500e-03,2.45781250e-03,4.60312500e-03
-2.67412500e-08,-5.39687500e-03,2.46250000e-03,4.66562500e-03
-2.67012500e-08,-5.11562500e-03,2.51093750e-03,4.67812500e-03
-2.66612500e-08,-4.87500000e-03,2.60156250e-03,4.63750000e-03
-2.66212500e-08,-4.68437500e-03,2.72968750e-03,4.55000000e-03
-2.65812500e-08,-4.55000000e-03,2.88750000e-03,4.41250000e-03
-2.65412500e-08,-4.48437500e-03,3.07031250e-03,4.23437500e-03
-2.65012500e-08,-4.48437500e-03,3.26562500e-03,4.01875000e-03
-2.64612500e-08,-4.55312500e-03,3.46406250e-03,3.78125000e-03
-2.64212500e-08,-4.68437500e-03,3.65781250e-03,3.52500000e-03
-2.63812500e-08,-4.87187500e-03,3.83437500e-03,3.26875000e-03
-2.63412500e-08,-5.10625000e-03,3.98593750e-03,3.01562500e-03
-2.63012500e-08,-5.37500000e-03,4.10468750e-03,2.78437500e-03
-2.62612500e-08,-5.66562500e-03,4.18437500e-03,2.58125000e-03
-2.62212500e-08,-5.96250000e-03,4.22187500e-03,2.41562500e-03
-2.61812500e-08,-6.25312500e-03,4.21250000e-03,2.29687500e-03
-2.61412500e-08,-6.51875000e-03,4.15781250e-03,2.23125000e-03
-2.61012500e-08,-6.75312500e-03,4.05937500e-03,2.21562500e-03
-2.60612500e-08,-6.93750000e-03,3.92343750e-03,2.25937500e-03
-2.60212500e-08,-7.07187500e-03,3.75468750e-03,2.35625000e-03
-2.59812500e-08,-7.14375000e-03,3.56250000e-03,2.50000000e-03
-2.59412500e-08,-7.15312500e-03,3.35625000e-03,2.69062500e-03
-2.59012500e-08,-7.10000000e-03,3.14375000e-03,2.91250000e-03
-2.58612500e-08,-6.99062500e-03,2.93750000e-03,3.16250000e-03
-2.58212500e-08,-6.82812500e-03,2.74687500e-03,3.42500000e-03
-2.57812500e-08,-6.62812500e-03,2.58281250e-03,3.68750000e-03
-2.57412500e-08,-6.39687500e-03,2.45000000e-03,3.94375000e-03
-2.57012500e-08,-6.14687500e-03,2.35625000e-03,4.17812500e-03
-2.56612500e-08,-5.90000000e-03,2.30781250e-03,4.38125000e-03
-2.56212500e-08,-5.66250000e-03,2.30468750e-03,4.54375000e-03
-2.55812500e-08,-5.45312500e-03,2.34687500e-03,4.65937500e-03
-2.55412500e-08,-5.28437500e-03,2.43281250e-03,4.72500000e-03
-2.55012500e-08,-5.16250000e-03,2.55781250e-03,4.73750000e-03
-2.54612500e-08,-5.10000000e-03,2.71406250e-03,4.69375000e-03
-2.54212500e-08,-5.10312500e-03,2.89531250e-03,4.60000000e-03
-2.53812500e-08,-5.16875000e-03,3.08906250e-03,4.46250000e-03
-2.53412500e-08,-5.30000000e-03,3.28750000e-03,4.28437500e-03
-2.53012500e-08,-5.49062500e-03,3.47812500e-03,4.07812500e-03
-2.52612500e-08,-5.73437500e-03,3.65312500e-03,3.85312500e-03
-2.52212500e-08,-6.01562500e-03,3.80000000e-03,3.61875000e-03
-2.51812500e-08,-6.32812500e-03,3.91406250e-03,3.39062500e-03
-2.51412500e-08,-6.65625000e-03,3.98437500e-03,3.17500000e-03
-2.51012500e-08,-6.98437500e-03,4.01093750e-03,2.98437500e-03
-2.50612500e-08,-7.29375000e-03,3.98906250e-03,2.82812500e-03
-2.50212500e-08,-7.57500000e-03,3.92031250e-03,2.71250000e-03
-2.49812500e-08,-7.81250000e-03,3.80781250e-03,2.64687500e-03
-2.49412500e-08,-7.99375000e-03,3.65468750e-03,2.63125000e-03
-2.49012500e-08,-8.10937500e-03,3.47031250e-03,2.66562500e-03
-2.48612500e-08,-8.15625000e-03,3.26250000e-03,2.75000000e-03
-2.48212500e-08,-8.13125000e-03,3.04062500e-03,2.87812500e-03
-2.47812500e-08,-8.03437500e-03,2.81718750e-03,3.04375000e-03
-2.47412500e-08,-7.86875000e-03,2.60312500e-03,3.24062500e-03
-2.47012500e-08,-7.64375000e-03,2.41093750e-03,3.45625000e-03
-2.46612500e-08,-7.36562500e-03,2.24687500e-03,3.68125000e-03
-2.46212500e-08,-7.05312500e-03,2.12187500e-03,3.90312500e-03
-2.45812500e-08,-6.71875000e-03,2.04375000e-03,4.10937500e-03
-2.45412500e-08,-6.37500000e-03,2.01562500e-03,4.29062500e-03
-2.45012500e-08,-6.04062500e-03,2.04062500e-03,4.43750000e-03
-2.44612500e-08,-5.73125000e-03,2.11875000e-03,4.54375000e-03
-2.44212500e-08,-5.45625000e-03,2.24531250e-03,4.60000000e-03
-2.43812500e-08,-5.23437500e-03,2.41718750e-03,4.60312500e-03
-2.43412500e-08,-5.07500000e-03,2.62500000e-03,4.55312500e-03
-2.43012500e-08,-4.97812500e-03,2.86093750e-03,4.45312500e-03
-2.42612500e-08,-4.95625000e-03,3.11406250e-03,4.30312500e-03
-2.42212500e-08,-5.00312500e-03,3.37187500e-03,4.11250000e-03
-2.41812500e-08,-5.11875000e-03,3.62343750e-03,3.89062500e-03
-2.41412500e-08,-5.29687500e-03,3.85625000e-03,3.64687500e-03
-2.41012500e-08,-5.52812500e-03,4.05937500e-03,3.39062500e-03
-2.40612500e-08,-5.80000000e-03,4.22343750e-03,3.13750000e-03
-2.40212500e-08,-6.10000000e-03,4.33906250e-03,2.89687500e-03
-2.39812500e-08,-6.40937500e-03,4.40312500e-03,2.68125000e-03
-2.39412500e-08,-6.71875000e-03,4.41250000e-03,2.50312500e-03
-2.39012500e-08,-7.00625000e-03,4.36562500e-03,2.36562500e-03
-2.38612500e-08,-7.26562500e-03,4.26406250e-03,2.28125000e-03
-2.38212500e-08,-7.47812500e-03,4.11250000e-03,2.25312500e-03
-2.37812500e-08,-7.63437500e-03,3.91875000e-03,2.28125000e-03
-2.37412500e-08,-7.73125000e-03,3.69218750e-03,2.36875000e-03
-2.37012500e-08,-7.76250000e-03,3.44218750e-03,2.50625000e-03
-2.36612500e-08,-7.72500000e-03,3.18281250e-03,2.69375000e-03
-2.36212500e-08,-7.62500000e-03,2.92187500e-03,2.91875000e-03
-2.35812500e-08,-7.46562500e-03,2.67500000e-03,3.17187500e-03
-2.35412500e-08,-7.25937500e-03,2.45156250e-03,3.44375000e-03
-2.35012500e-08,-7.01562500e-03,2.26406250e-03,3.71875000e-03
-2.34612500e-08,-6.75000000e-03,2.11875000e-03,3.98437500e-03
-2.34212500e-08,-6.47187500e-03,2.02187500e-03,4.22812500e-03
-2.33812500e-08,-6.20312500e-03,1.97812500e-03,4.44062500e-03
-2.33412500e-08,-5.95625000e-03,1.99062500e-03,4.60937500e-03
-2.33012500e-08,-5.74375000e-03,2.05625000e-03,4.72812500e-03
-2.32612500e-08,-5.58437500e-03,2.17187500e-03,4.79062500e-03
-2.32212500e-08,-5.47812500e-03,2.33125000e-03,4.79375000e-03
-2.31812500e-08,-5.44375000e-03,2.52812500e-03,4.73437500e-03
-2.31412500e-08,-5.47500000e-03,2.75000000e-03,4.62187500e-03
-2.31012500e-08,-5.58125000e-03,2.98750000e-03,4.45312500e-03
-2.30612500e-08,-5.75625000e-03,3.22968750e-03,4.24062500e-03
-2.30212500e-08,-5.99062500e-03,3.46250000e-03,3.99375000e-03
-2.29812500e-08,-6.27812500e-03,3.67812500e-03,3.72500000e-03
-2.29412500e-08,-6.60937500e-03,3.86406250e-03,3.44375000e-03
-2.29012500e-08,-6.96562500e-03,4.01250000e-03,3.16250000e-03
-2.28612500e-08,-7.33437500e-03,4.11562500e-03,2.90000000e-03
-2.28212500e-08,-7.70000000e-03,4.17187500e-03,2.66250000e-03
-2.27812500e-08,-8.04062500e-03,4.17500000e-03,2.46250000e-03
-2.27412500e-08,-8.35000000e-03,4.12812500e-03,2.30937500e-03
-2.27012500e-08,-8.60625000e-03,4.03281250e-03,2.20937500e-03
-2.26612500e-08,-8.80312500e-03,3.89531250e-03,2.16562500e-03
-2.26212500e-08,-8.93125000e-03,3.72187500e-03,2.18437500e-03
-2.25812500e-08,-8.98437500e-03,3.52031250e-03,2.26250000e-03
-2.25412500e-08,-8.96250000e-03,3.30312500e-03,2.39062500e-03
-2.25012500e-08,-8.86562500e-03,3.08125000e-03,2.56875000e-03
-2.24612500e-08,-8.70000000e-03,2.86250000e-03,2.78750000e-03
-2.24212500e-08,-8.47812500e-03,2.66093750e-03,3.03437500e-03
-2.23812500e-08,-8.20625000e-03,2.48437500e-03,3.29687500e-03
-2.23412500e-08,-7.90000000e-03,2.34218750e-03,3.56562500e-03
-2.23012500e-08,-7.57812500e-03,2.24062500e-03,3.82500000e-03
-2.22612500e-08,-7.25312500e-03,2.18593750e-03,4.06562500e-03
-2.22212500e-08,-6.94375000e-03,2.17812500e-03,4.27500000e-03
-2.21812500e-08,-6.66250000e-03,2.22031250e-03,4.44687500e-03
-2.21412500e-08,-6.42812500e-03,2.30781250e-03,4.57187500e-03
-2.21012500e-08,-6.25000000e-03,2.43593750e-03,4.64375000e-03
-2.20612500e-08,-6.13437500e-03,2.59843750e-03,4.65937500e-03
-2.20212500e-08,-6.09375000e-03,2.78750000e-03,4.62500000e-03
-2.19812500e-08,-6.12500000e-03,2.99375000e-03,4.54062500e-03
-2.19412500e-08,-6.22500000e-03,3.20468750e-03,4.40937500e-03
-2.19012500e-08,-6.39375000e-03,3.41093750e-03,4.23750000e-03
-2.18612500e-08,-6.62187500e-03,3.60156250e-03,4.04062500e-03
-2.18212500e-08,-6.89375000e-03,3.76718750e-03,3.82500000e-03
-2.17812500e-08,-7.20000000e-03,3.89687500e-03,3.60312500e-03
-2.17412500e-08,-7.52500000e-03,3.98750000e-03,3.38437500e-03
-2.17012500e-08,-7.85000000e-03,4.03125000e-03,3.18125000e-03
-2.16612500e-08,-8.15937500e-03,4.02656250e-03,3.00625000e-03
-2.16212500e-08,-8.43750000e-03,3.97343750e-03,2.86250000e-03
-2.15812500e-08,-8.67187500e-03,3.87187500e-03,2.75937500e-03
-2.15412500e-08,-8.84687500e-03,3.72812500e-03,2.70312500e-03
-2.15012500e-08,-8.95937500e-03,3.55000000e-03,2.69687500e-03
-2.14612500e-08,-8.99687500e-03,3.34218750e-03,2.73437500e-03
-2.14212500e-08,-8.96562500e-03,3.11718750e-03,2.81875000e-03
-2.13812500e-08,-8.85937500e-03,2.88593750e-03,2.94375000e-03
-2.13412500e-08,-8.68750000e-03,2.65781250e-03,3.10000000e-03
-2.13012500e-08,-8.45937500e-03,2.44375000e-03,3.28125000e-03
-2.12612500e-08,-8.18437500e-03,2.25468750e-03,3.47812500e-03
-2.12212500e-08,-7.87812500e-03,2.10156250e-03,3.67812500e-03
-2.11812500e-08,-7.55625000e-03,1.98906250e-03,3.87187500e-03
-2.11412500e-08,-7.23437500e-03,1.92343750e-03,4.05000000e-03
-2.11012500e-08,-6.93437500e-03,1.90937500e-03,4.20312500e-03
-2.10612500e-08,-6.66562500e-03,1.94843750e-03,4.31875000e-03
-2.10212500e-08,-6.44687500e-03,2.03593750e-03,4.39687500e-03
-2.09812500e-08,-6.28750000e-03,2.17031250e-03,4.42812500e-03
-2.09412500e-08,-6.20000000e-03,2.34531250e-03,4.41562500e-03
-2.09012500e-08,-6.18750000e-03,2.55312500e-03,4.35312500e-03
-2.08612500e-08,-6.25312500e-03,2.78281250e-03,4.25000000e-03
-2.08212500e-08,-6.39375000e-03,3.02500000e-03,4.10625000e-03
-2.07812500e-08,-6.60625000e-03,3.27031250e-03,3.93125000e-03
-2.07412500e-08,-6.87812500e-03,3.50312500e-03,3.73125000e-03
-2.07012500e-08,-7.20000000e-03,3.71718750e-03,3.51562500e-03
-2.06612500e-08,-7.55625000e-03,3.90156250e-03,3.29375000e-03
-2.06212500e-08,-7.92812500e-03,4.04687500e-03,3.08125000e-03
-2.05812500e-08,-8.30000000e-03,4.14843750e-03,2.88125000e-03
-2.05412500e-08,-8.65625000e-03,4.20156250e-03,2.70625000e-03
-2.05012500e-08,-8.97500000e-03,4.20625000e-03,2.56562500e-03
-2.04612500e-08,-9.24375000e-03,4.15937500e-03,2.46250000e-03
-2.04212500e-08,-9.44687500e-03,4.06875000e-03,2.40312500e-03
-2.03812500e-08,-9.57812500e-03,3.93750000e-03,2.39062500e-03
-2.03412500e-08,-9.62812500e-03,3.77187500e-03,2.42187500e-03
-2.03012500e-08,-9.59687500e-03,3.58437500e-03,2.50000000e-03
-2.02612500e-08,-9.48125000e-03,3.38125000e-03,2.61562500e-03
-2.02212500e-08,-9.28750000e-03,3.17500000e-03,2.76562500e-03
-2.01812500e-08,-9.02812500e-03,2.97656250e-03,2.94062500e-03
-2.01412500e-08,-8.71250000e-03,2.79531250e-03,3.13437500e-03
-2.01012500e-08,-8.35312500e-03,2.64062500e-03,3.33437500e-03
-2.00612500e-08,-7.96875000e-03,2.52187500e-03,3.53437500e-03
-2.00212500e-08,-7.57812500e-03,2.44375000e-03,3.72500000e-03
-1.99812500e-08,-7.20000000e-03,2.40937500e-03,3.89375000e-03
-1.99412500e-08,-6.85000000e-03,2.42343750e-03,4.03750000e-03
-1.99012500e-08,-6.54375000e-03,2.48281250e-03,4.14375000e-03
-1.98612500e-08,-6.29687500e-03,2.58437500e-03,4.21562500e-03
-1.98212500e-08,-6.12187500e-03,2.72343750e-03,4.24687500e-03
-1.97812500e-08,-6.02187500e-03,2.89218750e-03,4.23437500e-03
-1.97412500e-08,-6.00312500e-03,3.08437500e-03,4.18125000e-03
-1.97012500e-08,-6.06562500e-03,3.28750000e-03,4.09375000e-03
-1.96612500e-08,-6.20625000e-03,3.49062500e-03,3.97500000e-03
-1.96212500e-08,-6.41562500e-03,3.68593750e-03,3.83437500e-03
-1.95812500e-08,-6.68437500e-03,3.86250000e-03,3.67500000e-03
-1.95412500e-08,-6.99687500e-03,4.01093750e-03,3.50625000e-03
-1.95012500e-08,-7.33750000e-03,4.12343750e-03,3.34062500e-03
-1.94612500e-08,-7.68750000e-03,4.19375000e-03,3.18437500e-03
-1.94212500e-08,-8.03437500e-03,4.22031250e-03,3.04687500e-03
-1.93812500e-08,-8.35625000e-03,4.20000000e-03,2.93437500e-03
-1.93412500e-08,-8.63750000e-03,4.13281250e-03,2.85312500e-03
-1.93012500e-08,-8.86562500e-03,4.02500000e-03,2.80625000e-03
-1.92612500e-08,-9.02812500e-03,3.88125000e-03,2.80000000e-03
-1.92212500e-08,-9.11875000e-03,3.70625000e-03,2.83125000e-03
-1.91812500e-08,-9.13125000e-03,3.51093750e-03,2.90000000e-03
-1.91412500e-08,-9.06250000e-03,3.30468750e-03,3.00000000e-03
-1.91012500e-08,-8.92187500e-03,3.09843750e-03,3.13125000e-03
-1.90612500e-08,-8.71562500e-03,2.90156250e-03,3.28437500e-03
-1.90212500e-08,-8.45000000e-03,2.72500000e-03,3.45000000e-03
-1.89812500e-08,-8.13750000e-03,2.57500000e-03,3.62187500e-03
-1.89412500e-08,-7.80000000e-03,2.46250000e-03,3.79375000e-03
-1.89012500e-08,-7.45000000e-03,2.39218750e-03,3.95000000e-03
-1.88612500e-08,-7.10312500e-03,2.36562500e-03,4.08750000e-03
-1.88212500e-08,-6.77812500e-03,2.38437500e-03,4.20000000e-03
-1.87812500e-08,-6.49375000e-03,2.45000000e-03,4.27812500e-03
-1.87412500e-08,-6.25937500e-03,2.55625000e-03,4.31562500e-03
-1.87012500e-08,-6.09062500e-03,2.69687500e-03,4.31562500e-03
-1.86612500e-08,-5.99375000e-03,2.86875000e-03,4.27500000e-03
-1.86212500e-08,-5.97500000e-03,3.05781250e-03,4.19375000e-03
-1.85812500e-08,-6.03437500e-03,3.25781250e-03,4.07500000e-03
-1.85412500e-08,-6.16875000e-03,3.45625000e-03,3.92812500e-03
-1.85012500e-08,-6.37500000e-03,3.64531250e-03,3.75312500e-03
-1.84612500e-08,-6.64062500e-03,3.81250000e-03,3.56250000e-03
-1.84212500e-08,-6.95312500e-03,3.95000000e-03,3.36250000e-03
-1.83812500e-08,-7.30312500e-03,4.05000000e-03,3.16562500e-03
-1.83412500e-08,-7.66875000e-03,4.10781250e-03,2.97812500e-03
-1.83012500e-08,-8.03750000e-03,4.12031250e-03,2.80937500e-03
-1.82612500e-08,-8.39062500e-03,4.08593750e-03,2.66875000e-03
-1.82212500e-08,-8.70937500e-03,4.00625000e-03,2.55937500e-03
-1.81812500e-08,-8.98750000e-03,3.88437500e-03,2.49062500e-03
-1.81412500e-08,-9.20625000e-03,3.72656250e-03,2.46250000e-03
-1.81012500e-08,-9.36250000e-03,3.54062500e-03,2.47812500e-03
-1.80612500e-08,-9.44375000e-03,3.33437500e-03,2.53437500e-03
-1.80212500e-08,-9.45312500e-03,3.11718750e-03,2.63125000e-03
-1.79812500e-08,-9.38750000e-03,2.90312500e-03,2.76250000e-03
-1.79412500e-08,-9.25625000e-03,2.70000000e-03,2.92187500e-03
-1.79012500e-08,-9.06875000e-03,2.51718750e-03,3.10312500e-03
-1.78612500e-08,-8.82812500e-03,2.36718750e-03,3.29687500e-03
-1.78212500e-08,-8.55625000e-03,2.25468750e-03,3.49062500e-03
-1.77812500e-08,-8.26250000e-03,2.18593750e-03,3.68125000e-03
-1.77412500e-08,-7.96562500e-03,2.16562500e-03,3.85312500e-03
-1.77012500e-08,-7.68125000e-03,2.19375000e-03,4.00312500e-03
-1.76612500e-08,-7.42187500e-03,2.27031250e-03,4.12187500e-03
-1.76212500e-08,-7.20625000e-03,2.39218750e-03,4.20625000e-03
-1.75812500e-08,-7.04062500e-03,2.55312500e-03,4.25000000e-03
-1.75412500e-08,-6.93437500e-03,2.74687500e-03,4.25312500e-03
-1.75012500e-08,-6.89687500e-03,2.96250000e-03,4.21562500e-03
-1.74612500e-08,-6.92812500e-03,3.19218750e-03,4.14062500e-03
-1.74212500e-08,-7.02812500e-03,3.42343750e-03,4.03125000e-03
-1.73812500e-08,-7.19062500e-03,3.64687500e-03,3.89375000e-03
-1.73412500e-08,-7.41250000e-03,3.85156250e-03,3.73750000e-03
-1.73012500e-08,-7.67812500e-03,4.02656250e-03,3.57187500e-03
-1.72612500e-08,-7.97500000e-03,4.16562500e-03,3.40312500e-03
-1.72212500e-08,-8.29062500e-03,4.26093750e-03,3.24375000e-03
-1.71812500e-08,-8.61250000e-03,4.30781250e-03,3.10000000e-03
-1.71412500e-08,-8.91875000e-03,4.30625000e-03,2.98125000e-03
-1.71012500e-08,-9.19687500e-03,4.25312500e-03,2.89375000e-03
-1.70612500e-08,-9.43125000e-03,4.15468750e-03,2.84375000e-03
-1.70212500e-08,-9.61250000e-03,4.01250000e-03,2.83750000e-03
-1.69812500e-08,-9.73125000e-03,3.83593750e-03,2.87187500e-03
-1.69412500e-08,-9.77812500e-03,3.62968750e-03,2.94687500e-03
-1.69012500e-08,-9.75000000e-03,3.40781250e-03,3.05937500e-03
-1.68612500e-08,-9.65000000e-03,3.17812500e-03,3.20937500e-03
-1.68212500e-08,-9.47812500e-03,2.95000000e-03,3.38125000e-03
-1.67812500e-08,-9.24375000e-03,2.73750000e-03,3.57187500e-03
-1.67412500e-08,-8.95625000e-03,2.54843750e-03,3.77187500e-03
-1.67012500e-08,-8.62500000e-03,2.39062500e-03,3.97187500e-03
-1.66612500e-08,-8.26875000e-03,2.27343750e-03,4.15937500e-03
-1.66212500e-08,-7.89687500e-03,2.20000000e-03,4.32500000e-03
-1.65812500e-08,-7.53125000e-03,2.17343750e-03,4.46250000e-03
-1.65412500e-08,-7.18437500e-03,2.19687500e-03,4.55937500e-03
-1.65012500e-08,-6.87187500e-03,2.26718750e-03,4.61562500e-03
-1.64612500e-08,-6.60625000e-03,2.37968750e-03,4.62187500e-03
-1.64212500e-08,-6.39687500e-03,2.52968750e-03,4.58125000e-03
-1.63812500e-08,-6.25312500e-03,2.71093750e-03,4.49062500e-03
-1.63412500e-08,-6.18125000e-03,2.91250000e-03,4.35625000e-03
-1.63012500e-08,-6.18437500e-03,3.12500000e-03,4.18125000e-03
-1.62612500e-08,-6.25625000e-03,3.34062500e-03,3.97500000e-03
-1.62212500e-08,-6.39375000e-03,3.54687500e-03,3.74687500e-03
-1.61812500e-08,-6.59062500e-03,3.73437500e-03,3.50312500e-03
-1.61412500e-08,-6.83125000e-03,3.89531250e-03,3.25937500e-03
-1.61012500e-08,-7.10937500e-03,4.02187500e-03,3.02187500e-03
-1.60612500e-08,-7.40937500e-03,4.10781250e-03,2.80312500e-03
-1.60212500e-08,-7.71562500e-03,4.15156250e-03,2.61562500e-03
-1.59812500e-08,-8.00937500e-03,4.14843750e-03,2.46250000e-03
-1.59412500e-08,-8.28437500e-03,4.10312500e-03,2.35625000e-03
-1.59012500e-08,-8.51875000e-03,4.01562500e-03,2.29687500e-03
-1.58612500e-08,-8.70625000e-03,3.89218750e-03,2.28750000e-03
-1.58212500e-08,-8.84062500e-03,3.73906250e-03,2.33125000e-03
-1.57812500e-08,-8.91250000e-03,3.56406250e-03,2.41875000e-03
-1.57412500e-08,-8.91875000e-03,3.37656250e-03,2.55312500e-03
-1.57012500e-08,-8.86250000e-03,3.18593750e-03,2.72187500e-03
-1.56612500e-08,-8.74375000e-03,3.00000000e-03,2.91562500e-03
-1.56212500e-08,-8.57500000e-03,2.83125000e-03,3.12812500e-03
-1.55812500e-08,-8.35937500e-03,2.68593750e-03,3.34687500e-03
-1.55412500e-08,-8.11250000e-03,2.57187500e-03,3.56250000e-03
-1.55012500e-08,-7.84687500e-03,2.49531250e-03,3.76250000e-03
-1.54612500e-08,-7.57500000e-03,2.45781250e-03,3.93750000e-03
-1.54212500e-08,-7.30937500e-03,2.46250000e-03,4.07812500e-03
-1.53812500e-08,-7.06875000e-03,2.50937500e-03,4.17812500e-03
-1.53412500e-08,-6.86250000e-03,2.59531250e-03,4.23437500e-03
-1.53012500e-08,-6.70312500e-03,2.71562500e-03,4.24375000e-03
-1.52612500e-08,-6.59687500e-03,2.86250000e-03,4.20625000e-03
-1.52212500e-08,-6.55000000e-03,3.03125000e-03,4.12500000e-03
-1.51812500e-08,-6.56562500e-03,3.21250000e-03,4.00312500e-03
-1.51412500e-08,-6.64687500e-03,3.39531250e-03,3.85000000e-03
-1.51012500e-08,-6.78437500e-03,3.57031250e-03,3.67187500e-03
-1.50612500e-08,-6.97500000e-03,3.72968750e-03,3.48125000e-03
-1.50212500e-08,-7.20937500e-03,3.86562500e-03,3.28750000e-03
-1.49812500e-08,-7.47500000e-03,3.96875000e-03,3.10000000e-03
-1.49412500e-08,-7.75937500e-03,4.03437500e-03,2.93125000e-03
-1.49012500e-08,-8.05000000e-03,4.05937500e-03,2.79062500e-03
-1.48612500e-08,-8.33125000e-03,4.04062500e-03,2.68750000e-03
-1.48212500e-08,-8.59062500e-03,3.97968750e-03,2.62500000e-03
-1.47812500e-08,-8.81250000e-03,3.87812500e-03,2.61250000e-03
-1.47412500e-08,-8.98750000e-03,3.74062500e-03,2.64687500e-03
-1.47012500e-08,-9.10312500e-03,3.57500000e-03,2.72812500e-03
-1.46612500e-08,-9.15625000e-03,3.38593750e-03,2.85625000e-03
-1.46212500e-08,-9.14375000e-03,3.18437500e-03,3.02500000e-03
-1.45812500e-08,-9.06562500e-03,2.97968750e-03,3.22500000e-03
-1.45412500e-08,-8.92187500e-03,2.78125000e-03,3.44687500e-03
-1.45012500e-08,-8.72187500e-03,2.59687500e-03,3.68125000e-03
-1.44612500e-08,-8.47500000e-03,2.43906250e-03,3.91875000e-03
-1.44212500e-08,-8.18750000e-03,2.31250000e-03,4.14062500e-03
-1.43812500e-08,-7.87812500e-03,2.22343750e-03,4.34375000e-03
-1.43412500e-08,-7.56250000e-03,2.17812500e-03,4.51250000e-03
-1.43012500e-08,-7.25000000e-03,2.17656250e-03,4.64062500e-03
-1.42612500e-08,-6.95625000e-03,2.22031250e-03,4.72187500e-03
-1.42212500e-08,-6.70000000e-03,2.30781250e-03,4.74687500e-03
-1.41812500e-08,-6.49062500e-03,2.43281250e-03,4.71875000e-03
-1.41412500e-08,-6.33750000e-03,2.59218750e-03,4.63125000e-03
-1.41012500e-08,-6.24687500e-03,2.77500000e-03,4.49687500e-03
-1.40612500e-08,-6.22812500e-03,2.97500000e-03,4.31250000e-03
-1.40212500e-08,-6.28125000e-03,3.18125000e-03,4.09062500e-03
-1.39812500e-08,-6.40312500e-03,3.38593750e-03,3.84062500e-03
-1.39412500e-08,-6.58750000e-03,3.57500000e-03,3.57500000e-03
-1.39012500e-08,-6.82500000e-03,3.74375000e-03,3.30312500e-03
-1.38612500e-08,-7.10937500e-03,3.88125000e-03,3.03750000e-03
-1.38212500e-08,-7.42187500e-03,3.98125000e-03,2.79375000e-03
-1.37812500e-08,-7.75625000e-03,4.03906250e-03,2.58437500e-03
-1.37412500e-08,-8.08750000e-03,4.05156250e-03,2.41562500e-03
-1.37012500e-08,-8.40937500e-03,4.01875000e-03,2.29687500e-03
-1.36612500e-08,-8.70000000e-03,3.94218750e-03,2.23437500e-03
-1.36212500e-08,-8.95312500e-03,3.82500000e-03,2.23125000e-03
-1.35812500e-08,-9.15312500e-03,3.67343750e-03,2.29062500e-03
-1.35412500e-08,-9.29375000e-03,3.49531250e-03,2.40937500e-03
-1.35012500e-08,-9.36875000e-03,3.29843750e-03,2.58125000e-03
-1.34612500e-08,-9.37812500e-03,3.09218750e-03,2.80000000e-03
-1.34212500e-08,-9.31875000e-03,2.88750000e-03,3.05312500e-03
-1.33812500e-08,-9.20312500e-03,2.69531250e-03,3.33437500e-03
-1.33412500e-08,-9.03125000e-03,2.52500000e-03,3.62500000e-03
-1.33012500e-08,-8.81562500e-03,2.38437500e-03,3.91875000e-03
-1.32612500e-08,-8.56875000e-03,2.28125000e-03,4.19687500e-03
-1.32212500e-08,-8.30937500e-03,2.21875000e-03,4.45000000e-03
-1.31812500e-08,-8.04687500e-03,2.20468750e-03,4.66562500e-03
-1.31412500e-08,-7.79687500e-03,2.23593750e-03,4.83437500e-03
-1.31012500e-08,-7.57500000e-03,2.31406250e-03,4.95000000e-03
-1.30612500e-08,-7.39687500e-03,2.43281250e-03,5.00312500e-03
-1.30212500e-08,-7.26875000e-03,2.58906250e-03,4.99687500e-03
-1.29812500e-08,-7.20312500e-03,2.77500000e-03,4.92812500e-03
-1.29412500e-08,-7.20312500e-03,2.98125000e-03,4.80000000e-03
-1.29012500e-08,-7.27187500e-03,3.19843750e-03,4.62187500e-03
-1.28612500e-08,-7.40625000e-03,3.41406250e-03,4.40312500e-03
-1.28212500e-08,-7.60312500e-03,3.62031250e-03,4.15000000e-03
-1.27812500e-08,-7.85312500e-03,3.80468750e-03,3.87500000e-03
-1.27412500e-08,-8.14375000e-03,3.96093750e-03,3.59375000e-03
-1.27012500e-08,-8.46875000e-03,4.07812500e-03,3.31875000e-03
-1.26612500e-08,-8.80937500e-03,4.15156250e-03,3.05937500e-03
-1.26212500e-08,-9.14687500e-03,4.17812500e-03,2.82812500e-03
-1.25812500e-08,-9.47187500e-03,4.15625000e-03,2.64062500e-03
-1.25412500e-08,-9.76562500e-03,4.08593750e-03,2.50000000e-03
-1.25012500e-08,-1.00125000e-02,3.97187500e-03,2.41250000e-03
-1.24612500e-08,-1.02093750e-02,3.81718750e-03,2.38437500e-03
-1.24212500e-08,-1.03375000e-02,3.63125000e-03,2.41250000e-03
-1.23812500e-08,-1.03968750e-02,3.42187500e-03,2.49687500e-03
-1.23412500e-08,-1.03875000e-02,3.20000000e-03,2.63125000e-03
-1.23012500e-08,-1.03031250e-02,2.97656250e-03,2.80937500e-03
-1.22612500e-08,-1.01562500e-02,2.76250000e-03,3.02187500e-03
-1.22212500e-08,-9.95000000e-03,2.56562500e-03,3.25625000e-03
-1.21812500e-08,-9.69687500e-03,2.40000000e-03,3.50625000e-03
-1.21412500e-08,-9.41250000e-03,2.27031250e-03,3.75312500e-03
-1.21012500e-08,-9.10625000e-03,2.18593750e-03,3.98750000e-03
-1.20612500e-08,-8.80000000e-03,2.14843750e-03,4.19687500e-03
-1.20212500e-08,-8.50625000e-03,2.16250000e-03,4.37187500e-03
-1.19812500e-08,-8.24062500e-03,2.22500000e-03,4.50312500e-03
-1.19412500e-08,-8.01875000e-03,2.33437500e-03,4.58750000e-03
-1.19012500e-08,-7.85312500e-03,2.48437500e-03,4.61875000e-03
-1.18612500e-08,-7.75000000e-03,2.67031250e-03,4.59687500e-03
-1.18212500e-08,-7.71562500e-03,2.88125000e-03,4.52187500e-03
-1.17812500e-08,-7.75312500e-03,3.10625000e-03,4.40312500e-03
-1.17412500e-08,-7.86250000e-03,3.33593750e-03,4.24062500e-03
-1.17012500e-08,-8.03750000e-03,3.55781250e-03,4.04687500e-03
-1.16612500e-08,-8.26875000e-03,3.76250000e-03,3.83125000e-03
-1.16212500e-08,-8.55000000e-03,3.93906250e-03,3.60625000e-03
-1.15812500e-08,-8.86250000e-03,4.07812500e-03,3.37812500e-03
-1.15412500e-08,-9.19062500e-03,4.17343750e-03,3.16562500e-03
-1.15012500e-08,-9.52500000e-03,4.22187500e-03,2.97500000e-03
-1.14612500e-08,-9.84062500e-03,4.21875000e-03,2.81562500e-03
-1.14212500e-08,-1.01281250e-02,4.16406250e-03,2.69687500e-03
-1.13812500e-08,-1.03718750e-02,4.06250000e-03,2.62812500e-03
-1.13412500e-08,-1.05562500e-02,3.91718750e-03,2.60312500e-03
-1.13012500e-08,-1.06781250e-02,3.73750000e-03,2.63437500e-03
-1.12612500e-08,-1.07250000e-02,3.52968750e-03,2.70937500e-03
-1.12212500e-08,-1.07000000e-02,3.30468750e-03,2.83125000e-03
-1.11812500e-08,-1.06000000e-02,3.07343750e-03,2.99062500e-03
-1.11412500e-08,-1.04343750e-02,2.84843750e-03,3.18125000e-03
-1.11012500e-08,-1.02093750e-02,2.63906250e-03,3.39062500e-03
-1.10612500e-08,-9.93437500e-03,2.45625000e-03,3.60625000e-03
-1.10212500e-08,-9.62812500e-03,2.30937500e-03,3.82187500e-03
-1.09812500e-08,-9.30000000e-03,2.20625000e-03,4.02500000e-03
-1.09412500e-08,-8.97187500e-03,2.15000000e-03,4.20000000e-03
-1.09012500e-08,-8.65937500e-03,2.14375000e-03,4.34687500e-03
-1.08612500e-08,-8.37500000e-03,2.18906250e-03,4.45000000e-03
-1.08212500e-08,-8.13750000e-03,2.28125000e-03,4.50625000e-03
-1.07812500e-08,-7.95625000e-03,2.41875000e-03,4.51562500e-03
-1.07412500e-08,-7.84375000e-03,2.59062500e-03,4.47187500e-03
-1.07012500e-08,-7.80000000e-03,2.79218750e-03,4.38437500e-03
-1.06612500e-08,-7.83437500e-03,3.01093750e-03,4.25000000e-03
-1.06212500e-08,-7.94375000e-03,3.23750000e-03,4.08125000e-03
-1.05812500e-08,-8.12187500e-03,3.45937500e-03,3.88125000e-03
-1.05412500e-08,-8.35937500e-03,3.66718750e-03,3.66250000e-03
-1.05012500e-08,-8.64687500e-03,3.84843750e-03,3.43750000e-03
-1.04612500e-08,-8.97187500e-03,3.99375000e-03,3.21562500e-03
-1.04212500e-08,-9.31250000e-03,4.10000000e-03,3.00625000e-03
-1.03812500e-08,-9.65937500e-03,4.15781250e-03,2.82187500e-03
-1.03412500e-08,-9.99375000e-03,4.16562500e-03,2.67187500e-03
-1.03012500e-08,-1.02968750e-02,4.12343750e-03,2.55937500e-03
-1.02612500e-08,-1.05562500e-02,4.03281250e-03,2.49687500e-03
-1.02212500e-08,-1.07562500e-02,3.90000000e-03,2.48125000e-03
-1.01812500e-08,-1.08937500e-02,3.72812500e-03,2.51562500e-03
-1.01412500e-08,-1.09562500e-02,3.52968750e-03,2.59687500e-03
-1.01012500e-08,-1.09437500e-02,3.31250000e-03,2.71875000e-03
-1.00612500e-08,-1.08562500e-02,3.08906250e-03,2.88125000e-03
-1.00212500e-08,-1.07000000e-02,2.86875000e-03,3.06875000e-03
-9.98125000e-09,-1.04812500e-02,2.66406250e-03,3.27500000e-03
-9.94125000e-09,-1.02125000e-02,2.48437500e-03,3.49062500e-03
-9.90125000e-09,-9.90937500e-03,2.33906250e-03,3.70312500e-03
-9.86125000e-09,-9.58750000e-03,2.23593750e-03,3.90000000e-03
-9.82125000e-09,-9.26250000e-03,2.18125000e-03,4.07500000e-03
-9.78125000e-09,-8.95312500e-03,2.17812500e-03,4.21562500e-03
-9.74125000e-09,-8.67500000e-03,2.22500000e-03,4.31875000e-03
-9.70125000e-09,-8.44375000e-03,2.32343750e-03,4.37812500e-03
-9.66125000e-09,-8.27812500e-03,2.46562500e-03,4.38750000e-03
-9.62125000e-09,-8.18437500e-03,2.64843750e-03,4.35000000e-03
-9.58125000e-09,-8.17187500e-03,2.86093750e-03,4.26562500e-03
-9.54125000e-09,-8.24687500e-03,3.09375000e-03,4.14062500e-03
-9.50125000e-09,-8.40625000e-03,3.33593750e-03,3.97812500e-03
-9.46125000e-09,-8.65312500e-03,3.57812500e-03,3.79062500e-03
-9.42125000e-09,-8.98125000e-03,3.80625000e-03,3.58437500e-03
-9.38125000e-09,-9.37812500e-03,4.01093750e-03,3.37187500e-03
-9.34125000e-09,-9.83437500e-03,4.18125000e-03,3.15937500e-03
-9.30125000e-09,-1.03375000e-02,4.31093750e-03,2.96250000e-03
-9.26125000e-09,-1.08718750e-02,4.39375000e-03,2.78750000e-03
-9.22125000e-09,-1.14250000e-02,4.42343750e-03,2.64375000e-03
-9.18125000e-09,-1.19781250e-02,4.40156250e-03,2.54062500e-03
-9.14125000e-09,-1.25187500e-02,4.32812500e-03,2.47812500e-03
-9.10125000e-09,-1.30343750e-02,4.20625000e-03,2.46250000e-03
-9.06125000e-09,-1.35156250e-02,4.04218750e-03,2.49062500e-03
-9.02125000e-09,-1.39531250e-02,3.84375000e-03,2.56562500e-03
-8.98125000e-09,-1.43468750e-02,3.62187500e-03,2.68125000e-03
-8.94125000e-09,-1.46937500e-02,3.38437500e-03,2.83125000e-03
-8.90125000e-09,-1.49906250e-02,3.14531250e-03,3.00625000e-03
-8.86125000e-09,-1.52468750e-02,2.91406250e-03,3.20312500e-03
-8.82125000e-09,-1.54718750e-02,2.70312500e-03,3.40312500e-03
-8.78125000e-09,-1.56718750e-02,2.52031250e-03,3.60625000e-03
-8.74125000e-09,-1.58562500e-02,2.37656250e-03,3.79687500e-03
-8.70125000e-09,-1.60406250e-02,2.27656250e-03,3.96562500e-03
-8.66125000e-09,-1.62375000e-02,2.22656250e-03,4.10625000e-03
-8.62125000e-09,-1.64593750e-02,2.22812500e-03,4.21250000e-03
-8.58125000e-09,-1.67187500e-02,2.27968750e-03,4.27812500e-03
-8.54125000e-09,-1.70250000e-02,2.37968750e-03,4.30312500e-03
-8.50125000e-09,-1.73843750e-02,2.52343750e-03,4.28437500e-03
-8.46125000e-09,-1.78062500e-02,2.70156250e-03,4.22500000e-03
-8.42125000e-09,-1.82906250e-02,2.90781250e-03,4.13125000e-03
-8.38125000e-09,-1.88406250e-02,3.13125000e-03,4.00312500e-03
-8.34125000e-09,-1.94500000e-02,3.36250000e-03,3.85312500e-03
-8.30125000e-09,-2.01156250e-02,3.58906250e-03,3.68750000e-03
-8.26125000e-09,-2.08312500e-02,3.80000000e-03,3.51250000e-03
-8.22125000e-09,-2.15843750e-02,3.98750000e-03,3.34375000e-03
-8.18125000e-09,-2.23625000e-02,4.14218750e-03,3.18437500e-03
-8.14125000e-09,-2.31562500e-02,4.25625000e-03,3.05000000e-03
-8.10125000e-09,-2.39531250e-02,4.32812500e-03,2.94062500e-03
-8.06125000e-09,-2.47375000e-02,4.35312500e-03,2.86562500e-03
-8.02125000e-09,-2.55000000e-02,4.33281250e-03,2.83125000e-03
-7.98125000e-09,-2.62281250e-02,4.26875000e-03,2.83437500e-03
-7.94125000e-09,-2.69156250e-02,4.16875000e-03,2.88437500e-03
-7.90125000e-09,-2.75562500e-02,4.03593750e-03,2.96875000e-03
-7.86125000e-09,-2.81437500e-02,3.88125000e-03,3.09375000e-03
-7.82125000e-09,-2.86781250e-02,3.71406250e-03,3.24375000e-03
-7.78125000e-09,-2.91625000e-02,3.54687500e-03,3.42187500e-03
-7.74125000e-09,-2.95968750e-02,3.38906250e-03,3.61250000e-03
-7.70125000e-09,-2.99937500e-02,3.25156250e-03,3.80937500e-03
-7.66125000e-09,-3.03531250e-02,3.14531250e-03,4.00312500e-03
-7.62125000e-09,-3.06906250e-02,3.07968750e-03,4.18437500e-03
-7.58125000e-09,-3.10125000e-02,3.05937500e-03,4.34375000e-03
-7.54125000e-09,-3.13312500e-02,3.09062500e-03,4.47187500e-03
-7.50125000e-09,-3.16593750e-02,3.17656250e-03,4.56875000e-03
-7.46125000e-09,-3.20062500e-02,3.31562500e-03,4.62187500e-03
-7.42125000e-09,-3.23781250e-02,3.50781250e-03,4.63437500e-03
-7.38125000e-09,-3.27843750e-02,3.74687500e-03,4.60312500e-03
-7.34125000e-09,-3.32312500e-02,4.02500000e-03,4.52812500e-03
-7.30125000e-09,-3.37187500e-02,4.33593750e-03,4.41562500e-03
-7.26125000e-09,-3.42500000e-02,4.66875000e-03,4.26562500e-03
-7.22125000e-09,-3.48218750e-02,5.01093750e-03,4.09062500e-03
-7.18125000e-09,-3.54343750e-02,5.35156250e-03,3.89687500e-03
-7.14125000e-09,-3.60750000e-02,5.68125000e-03,3.69062500e-03
-7.10125000e-09,-3.67375000e-02,5.98750000e-03,3.48437500e-03
-7.06125000e-09,-3.74156250e-02,6.26093750e-03,3.28750000e-03
-7.02125000e-09,-3.80968750e-02,6.49687500e-03,3.10312500e-03
-6.98125000e-09,-3.87718750e-02,6.68593750e-03,2.94687500e-03
-6.94125000e-09,-3.94281250e-02,6.82656250e-03,2.82187500e-03
-6.90125000e-09,-4.00593750e-02,6.91875000e-03,2.73125000e-03
-6.86125000e-09,-4.06562500e-02,6.96406250e-03,2.68437500e-03
-6.82125000e-09,-4.12062500e-02,6.96562500e-03,2.67812500e-03
-6.78125000e-09,-4.17125000e-02,6.93281250e-03,2.71250000e-03
-6.74125000e-09,-4.21625000e-02,6.87031250e-03,2.78750000e-03
-6.70125000e-09,-4.25625000e-02,6.79062500e-03,2.89375000e-03
-6.66125000e-09,-4.29125000e-02,6.70468750e-03,3.03437500e-03
-6.62125000e-09,-4.32125000e-02,6.62343750e-03,3.19375000e-03
-6.58125000e-09,-4.34718750e-02,6.55781250e-03,3.36562500e-03
-6.54125000e-09,-4.36968750e-02,6.52031250e-03,3.54375000e-03
-6.50125000e-09,-4.38968750e-02,6.51875000e-03,3.71875000e-03
-6.46125000e-09,-4.40781250e-02,6.56093750e-03,3.87812500e-03
-6.42125000e-09,-4.42531250e-02,6.65312500e-03,4.01875000e-03
-6.38125000e-09,-4.44343750e-02,6.80000000e-03,4.13125000e-03
-6.34125000e-09,-4.46312500e-02,7.00156250e-03,4.20937500e-03
-6.30125000e-09,-4.48500000e-02,7.25468750e-03,4.25312500e-03
-6.26125000e-09,-4.51000000e-02,7.55937500e-03,4.25312500e-03
-6.22125000e-09,-4.53843750e-02,7.90468750e-03,4.21875000e-03
-6.18125000e-09,-4.57125000e-02,8.28437500e-03,4.14375000e-03
-6.14125000e-09,-4.60812500e-02,8.69062500e-03,4.03750000e-03
-6.10125000e-09,-4.64937500e-02,9.10781250e-03,3.90625000e-03
-6.06125000e-09,-4.69437500e-02,9.52812500e-03,3.75312500e-03
-6.02125000e-09,-4.74312500e-02,9.93750000e-03,3.58750000e-03
-5.98125000e-09,-4.79468750e-02,1.03265625e-02,3.42187500e-03
-5.94125000e-09,-4.84843750e-02,1.06843750e-02,3.25937500e-03
-5.90125000e-09,-4.90343750e-02,1.10046875e-02,3.11562500e-03
-5.86125000e-09,-4.95843750e-02,1.12781250e-02,2.99687500e-03
-5.82125000e-09,-5.01312500e-02,1.15031250e-02,2.90625000e-03
-5.78125000e-09,-5.06593750e-02,1.16781250e-02,2.85625000e-03
-5.74125000e-09,-5.11625000e-02,1.18031250e-02,2.84375000e-03
-5.70125000e-09,-5.16343750e-02,1.18843750e-02,2.87812500e-03
-5.66125000e-09,-5.20656250e-02,1.19250000e-02,2.95625000e-03
-5.62125000e-09,-5.24531250e-02,1.19343750e-02,3.07500000e-03
-5.58125000e-09,-5.27968750e-02,1.19234375e-02,3.22812500e-03
-5.54125000e-09,-5.30968750e-02,1.19031250e-02,3.41562500e-03
-5.50125000e-09,-5.33500000e-02,1.18828125e-02,3.62812500e-03
-5.46125000e-09,-5.35625000e-02,1.18765625e-02,3.85000000e-03
-5.42125000e-09,-5.37437500e-02,1.18953125e-02,4.07812500e-03
-5.38125000e-09,-5.38937500e-02,1.19468750e-02,4.30000000e-03
-5.34125000e-09,-5.40250000e-02,1.20421875e-02,4.50625000e-03
-5.30125000e-09,-5.41468750e-02,1.21875000e-02,4.68437500e-03
-5.26125000e-09,-5.42656250e-02,1.23843750e-02,4.82500000e-03
-5.22125000e-09,-5.43937500e-02,1.26375000e-02,4.92500000e-03
-5.18125000e-09,-5.45375000e-02,1.29437500e-02,4.97500000e-03
-5.14125000e-09,-5.47031250e-02,1.33015625e-02,4.97187500e-03
-5.10125000e-09,-5.48968750e-02,1.37015625e-02,4.91562500e-03
-5.06125000e-09,-5.51250000e-02,1.41375000e-02,4.80937500e-03
-5.02125000e-09,-5.53875000e-02,1.45984375e-02,4.65312500e-03
-4.98125000e-09,-5.56875000e-02,1.50750000e-02,4.45625000e-03
-4.94125000e-09,-5.60218750e-02,1.55531250e-02,4.22500000e-03
-4.90125000e-09,-5.63906250e-02,1.60203125e-02,3.96875000e-03
-4.86125000e-09,-5.67812500e-02,1.64671875e-02,3.69687500e-03
-4.82125000e-09,-5.71937500e-02,1.68812500e-02,3.42187500e-03
-4.78125000e-09,-5.76156250e-02,1.72531250e-02,3.15937500e-03
-4.74125000e-09,-5.80406250e-02,1.75750000e-02,2.91562500e-03
-4.70125000e-09,-5.84593750e-02,1.78437500e-02,2.70312500e-03
-4.66125000e-09,-5.88625000e-02,1.80562500e-02,2.53125000e-03
-4.62125000e-09,-5.92437500e-02,1.82125000e-02,2.40625000e-03
-4.58125000e-09,-5.95906250e-02,1.83156250e-02,2.33750000e-03
-4.54125000e-09,-5.99031250e-02,1.83703125e-02,2.32187500e-03
-4.50125000e-09,-6.01687500e-02,1.83859375e-02,2.36250000e-03
-4.46125000e-09,-6.03937500e-02,1.83703125e-02,2.45625000e-03
-4.42125000e-09,-6.05718750e-02,1.83343750e-02,2.60000000e-03
-4.38125000e-09,-6.07062500e-02,1.82890625e-02,2.78437500e-03
-4.34125000e-09,-6.07968750e-02,1.82484375e-02,3.00000000e-03
-4.30125000e-09,-6.08531250e-02,1.82234375e-02,3.23750000e-03
-4.26125000e-09,-6.08781250e-02,1.82250000e-02,3.48437500e-03
-4.22125000e-09,-6.08843750e-02,1.82625000e-02,3.73125000e-03
-4.18125000e-09,-6.08750000e-02,1.83421875e-02,3.96250000e-03
-4.14125000e-09,-6.08625000e-02,1.84718750e-02,4.16875000e-03
-4.10125000e-09,-6.08562500e-02,1.86531250e-02,4.33750000e-03
-4.06125000e-09,-6.08656250e-02,1.88859375e-02,4.46562500e-03
-4.02125000e-09,-6.08937500e-02,1.91703125e-02,4.53750000e-03
-3.98125000e-09,-6.09562500e-02,1.94984375e-02,4.55937500e-03
-3.94125000e-09,-6.10500000e-02,1.98656250e-02,4.52187500e-03
-3.90125000e-09,-6.11843750e-02,2.02625000e-02,4.43437500e-03
-3.86125000e-09,-6.13593750e-02,2.06781250e-02,4.29375000e-03
-3.82125000e-09,-6.15750000e-02,2.11015625e-02,4.10625000e-03
-3.78125000e-09,-6.18250000e-02,2.15203125e-02,3.88750000e-03
-3.74125000e-09,-6.21125000e-02,2.19250000e-02,3.64375000e-03
-3.70125000e-09,-6.24250000e-02,2.23031250e-02,3.38750000e-03
-3.66125000e-09,-6.27593750e-02,2.26453125e-02,3.12812500e-03
-3.62125000e-09,-6.31031250e-02,2.29453125e-02,2.88125000e-03
-3.58125000e-09,-6.34531250e-02,2.31953125e-02,2.65937500e-03
-3.54125000e-09,-6.37937500e-02,2.33937500e-02,2.47187500e-03
-3.50125000e-09,-6.41187500e-02,2.35390625e-02,2.32812500e-03
-3.46125000e-09,-6.44218750e-02,2.36343750e-02,2.23750000e-03
-3.42125000e-09,-6.46906250e-02,2.36812500e-02,2.20000000e-03
-3.38125000e-09,-6.49218750e-02,2.36890625e-02,2.22500000e-03
-3.34125000e-09,-6.51156250e-02,2.36656250e-02,2.30625000e-03
-3.30125000e-09,-6.52625000e-02,2.36187500e-02,2.44062500e-03
-3.26125000e-09,-6.53625000e-02,2.35625000e-02,2.62500000e-03
-3.22125000e-09,-6.54250000e-02,2.35062500e-02,2.85000000e-03
-3.18125000e-09,-6.54437500e-02,2.34625000e-02,3.10625000e-03
-3.14125000e-09,-6.54312500e-02,2.34421875e-02,3.38125000e-03
-3.10125000e-09,-6.53937500e-02,2.34531250e-02,3.65937500e-03
-3.06125000e-09,-6.53343750e-02,2.35031250e-02,3.93437500e-03
-3.02125000e-09,-6.52687500e-02,2.36000000e-02,4.18750000e-03
-2.98125000e-09,-6.52000000e-02,2.37468750e-02,4.41250000e-03
-2.94125000e-09,-6.51406250e-02,2.39437500e-02,4.59375000e-03
-2.90125000e-09,-6.51000000e-02,2.41890625e-02,4.72500000e-03
-2.86125000e-09,-6.50812500e-02,2.44781250e-02,4.80625000e-03
-2.82125000e-09,-6.50968750e-02,2.48062500e-02,4.82500000e-03
-2.78125000e-09,-6.51468750e-02,2.51640625e-02,4.78750000e-03
-2.74125000e-09,-6.52375000e-02,2.55421875e-02,4.69375000e-03
-2.70125000e-09,-6.53656250e-02,2.59296875e-02,4.55000000e-03
-2.66125000e-09,-6.55312500e-02,2.63156250e-02,4.36250000e-03
-2.62125000e-09,-6.57343750e-02,2.66875000e-02,4.14375000e-03
-2.58125000e-09,-6.59625000e-02,2.70343750e-02,3.90625000e-03
-2.54125000e-09,-6.62156250e-02,2.73484375e-02,3.65937500e-03
-2.50125000e-09,-6.64843750e-02,2.76187500e-02,3.41875000e-03
-2.46125000e-09,-6.67562500e-02,2.78421875e-02,3.19687500e-03
-2.42125000e-09,-6.70218750e-02,2.80140625e-02,3.00625000e-03
-2.38125000e-09,-6.72750000e-02,2.81312500e-02,2.85937500e-03
-2.34125000e-09,-6.75031250e-02,2.81968750e-02,2.76562500e-03
-2.30125000e-09,-6.77000000e-02,2.82140625e-02,2.73125000e-03
-2.26125000e-09,-6.78562500e-02,2.81890625e-02,2.76250000e-03
-2.22125000e-09,-6.79687500e-02,2.81296875e-02,2.86250000e-03
-2.18125000e-09,-6.80343750e-02,2.80453125e-02,3.02812500e-03
-2.14125000e-09,-6.80500000e-02,2.79484375e-02,3.25625000e-03
-2.10125000e-09,-6.80156250e-02,2.78484375e-02,3.54375000e-03
-2.06125000e-09,-6.79343750e-02,2.77593750e-02,3.88125000e-03
-2.02125000e-09,-6.78156250e-02,2.76890625e-02,4.25937500e-03
-1.98125000e-09,-6.76593750e-02,2.76500000e-02,4.66250000e-03
-1.94125000e-09,-6.74781250e-02,2.76484375e-02,5.08437500e-03
-1.90125000e-09,-6.72843750e-02,2.76937500e-02,5.50937500e-03
-1.86125000e-09,-6.70812500e-02,2.77875000e-02,5.92500000e-03
-1.82125000e-09,-6.68812500e-02,2.79328125e-02,6.32500000e-03
-1.78125000e-09,-6.66968750e-02,2.81281250e-02,6.69375000e-03
-1.74125000e-09,-6.65375000e-02,2.83703125e-02,7.02500000e-03
-1.70125000e-09,-6.64093750e-02,2.86515625e-02,7.31562500e-03
-1.66125000e-09,-6.63156250e-02,2.89687500e-02,7.56250000e-03
-1.62125000e-09,-6.62687500e-02,2.93078125e-02,7.76562500e-03
-1.58125000e-09,-6.62625000e-02,2.96593750e-02,7.92500000e-03
-1.54125000e-09,-6.63031250e-02,3.00125000e-02,8.04687500e-03
-1.50125000e-09,-6.63812500e-02,3.03546875e-02,8.13750000e-03
-1.46125000e-09,-6.65000000e-02,3.06734375e-02,8.20625000e-03
-1.42125000e-09,-6.66500000e-02,3.09625000e-02,8.26562500e-03
-1.38125000e-09,-6.68218750e-02,3.12093750e-02,8.31875000e-03
-1.34125000e-09,-6.70093750e-02,3.14078125e-02,8.38437500e-03
-1.30125000e-09,-6.71968750e-02,3.15531250e-02,8.47187500e-03
-1.26125000e-09,-6.73781250e-02,3.16453125e-02,8.58750000e-03
-1.22125000e-09,-6.75437500e-02,3.16812500e-02,8.74375000e-03
-1.18125000e-09,-6.76843750e-02,3.16671875e-02,8.94375000e-03
-1.14125000e-09,-6.77875000e-02,3.16062500e-02,9.19687500e-03
-1.10125000e-09,-6.78500000e-02,3.15078125e-02,9.50000000e-03
-1.06125000e-09,-6.78687500e-02,3.13796875e-02,9.85625000e-03
-1.02125000e-09,-6.78375000e-02,3.12328125e-02,1.02656250e-02
-9.81250000e-10,-6.77593750e-02,3.10796875e-02,1.07187500e-02
-9.41250000e-10,-6.76375000e-02,3.09312500e-02,1.12093750e-02
-9.01250000e-10,-6.74750000e-02,3.08000000e-02,1.17343750e-02
-8.61250000e-10,-6.72781250e-02,3.06968750e-02,1.22781250e-02
-8.21250000e-10,-6.70562500e-02,3.06281250e-02,1.28343750e-02
-7.81250000e-10,-6.68187500e-02,3.06031250e-02,1.33875000e-02
-7.41250000e-10,-6.65781250e-02,3.06281250e-02,1.39312500e-02
-7.01250000e-10,-6.63437500e-02,3.07031250e-02,1.44562500e-02
-6.61250000e-10,-6.61281250e-02,3.08296875e-02,1.49531250e-02
-6.21250000e-10,-6.59406250e-02,3.10062500e-02,1.54156250e-02
-5.81250000e-10,-6.57906250e-02,3.12265625e-02,1.58375000e-02
-5.41250000e-10,-6.56843750e-02,3.14828125e-02,1.62156250e-02
-5.01250000e-10,-6.56250000e-02,3.17671875e-02,1.65531250e-02
-4.61250000e-10,-6.56156250e-02,3.20687500e-02,1.68500000e-02
-4.21250000e-10,-6.56593750e-02,3.23765625e-02,1.71093750e-02
-3.81250000e-10,-6.57500000e-02,3.26781250e-02,1.73406250e-02
-3.41250000e-10,-6.58812500e-02,3.29625000e-02,1.75500000e-02
-3.01250000e-10,-6.60500000e-02,3.32203125e-02,1.77468750e-02
-2.61250000e-10,-6.62406250e-02,3.34390625e-02,1.79406250e-02
-2.21250000e-10,-6.64468750e-02,3.36156250e-02,1.81406250e-02
-1.81250000e-10,-6.66562500e-02,3.37406250e-02,1.83562500e-02
-1.41250000e-10,-6.68531250e-02,3.38140625e-02,1.86000000e-02
-1.01250000e-10,-6.70281250e-02,3.38359375e-02,1.88750000e-02
-6.12500000e-11,-6.71656250e-02,3.38062500e-02,1.91906250e-02
-2.12500000e-11,-6.72625000e-02,3.37312500e-02,1.95500000e-02
1.87500000e-11,-6.73031250e-02,3.36187500e-02,1.99531250e-02
5.87500000e-11,-6.72875000e-02,3.34781250e-02,2.04031250e-02
9.87500000e-11,-6.72093750e-02,3.33171875e-02,2.08968750e-02
1.38750000e-10,-6.70656250e-02,3.31500000e-02,2.14281250e-02
1.78750000e-10,-6.68656250e-02,3.29875000e-02,2.19937500e-02
2.18750000e-10,-6.66093750e-02,3.28406250e-02,2.25812500e-02
2.58750000e-10,-6.63062500e-02,3.27218750e-02,2.31843750e-02
2.98750000e-10,-6.59656250e-02,3.26406250e-02,2.37937500e-02
3.38750000e-10,-6.56000000e-02,3.26031250e-02,2.44000000e-02
3.78750000e-10,-6.52250000e-02,3.26156250e-02,2.49906250e-02
4.18750000e-10,-6.48500000e-02,3.26828125e-02,2.55593750e-02
4.58750000e-10,-6.44937500e-02,3.28031250e-02,2.60968750e-02
4.98750000e-10,-6.41625000e-02,3.29734375e-02,2.65968750e-02
5.38750000e-10,-6.38750000e-02,3.31921875e-02,2.70593750e-02
5.78750000e-10,-6.36375000e-02,3.34500000e-02,2.74781250e-02
6.18750000e-10,-6.34562500e-02,3.37390625e-02,2.78531250e-02
6.58750000e-10,-6.33406250e-02,3.40484375e-02,2.81906250e-02
6.98750000e-10,-6.32875000e-02,3.43640625e-02,2.84937500e-02
7.38750000e-10,-6.32968750e-02,3.46781250e-02,2.87687500e-02
7.78750000e-10,-6.33625000e-02,3.49750000e-02,2.90250000e-02
8.18750000e-10,-6.34812500e-02,3.52437500e-02,2.92687500e-02
8.58750000e-10,-6.36406250e-02,3.54765625e-02,2.95125000e-02
8.98750000e-10,-6.38281250e-02,3.56625000e-02,2.97656250e-02
9.38750000e-10,-6.40281250e-02,3.57968750e-02,3.00406250e-02
9.78750000e-10,-6.42343750e-02,3.58765625e-02,3.03406250e-02
1.01875000e-09,-6.44250000e-02,3.59000000e-02,3.06750000e-02
1.05875000e-09,-6.45906250e-02,3.58671875e-02,3.10531250e-02
1.09875000e-09,-6.47156250e-02,3.57859375e-02,3.14750000e-02
1.13875000e-09,-6.47937500e-02,3.56609375e-02,3.19437500e-02
1.17875000e-09,-6.48125000e-02,3.55015625e-02,3.24593750e-02
1.21875000e-09,-6.47718750e-02,3.53187500e-02,3.30187500e-02
1.25875000e-09,-6.46625000e-02,3.51234375e-02,3.36156250e-02
1.29875000e-09,-6.44937500e-02,3.49296875e-02,3.42437500e-02
1.33875000e-09,-6.42625000e-02,3.47484375e-02,3.48937500e-02
1.37875000e-09,-6.39781250e-02,3.45906250e-02,3.55562500e-02
1.41875000e-09,-6.36531250e-02,3.44687500e-02,3.62187500e-02
1.45875000e-09,-6.32968750e-02,3.43921875e-02,3.68750000e-02
1.49875000e-09,-6.29250000e-02,3.43640625e-02,3.75125000e-02
1.53875000e-09,-6.25500000e-02,3.43906250e-02,3.81187500e-02
1.57875000e-09,-6.21875000e-02,3.44734375e-02,3.86875000e-02
1.61875000e-09,-6.18500000e-02,3.46109375e-02,3.92156250e-02
1.65875000e-09,-6.15500000e-02,3.48000000e-02,3.96906250e-02
1.69875000e-09,-6.13000000e-02,3.50312500e-02,4.01187500e-02
1.73875000e-09,-6.11093750e-02,3.52984375e-02,4.04937500e-02
1.77875000e-09,-6.09781250e-02,3.55906250e-02,4.08218750e-02
1.81875000e-09,-6.09156250e-02,3.58937500e-02,4.11062500e-02
1.85875000e-09,-6.09156250e-02,3.61984375e-02,4.13531250e-02
1.89875000e-09,-6.09750000e-02,3.64890625e-02,4.15687500e-02
1.93875000e-09,-6.10875000e-02,3.67562500e-02,4.17687500e-02
1.97875000e-09,-6.12406250e-02,3.69875000e-02,4.19593750e-02
2.01875000e-09,-6.14250000e-02,3.71734375e-02,4.21531250e-02
2.05875000e-09,-6.16250000e-02,3.73078125e-02,4.23593750e-02
2.09875000e-09,-6.18281250e-02,3.73843750e-02,4.25906250e-02
2.13875000e-09,-6.20156250e-02,3.74015625e-02,4.28500000e-02
2.17875000e-09,-6.21718750e-02,3.73625000e-02,4.31500000e-02
2.21875000e-09,-6.22906250e-02,3.72671875e-02,4.34906250e-02
2.25875000e-09,-6.23531250e-02,3.71250000e-02,4.38781250e-02
2.29875000e-09,-6.23562500e-02,3.69437500e-02,4.43125000e-02
2.33875000e-09,-6.22937500e-02,3.67328125e-02,4.47875000e-02
2.37875000e-09,-6.21593750e-02,3.65046875e-02,4.53031250e-02
2.41875000e-09,-6.19531250e-02,3.62734375e-02,4.58531250e-02
2.45875000e-09,-6.16875000e-02,3.60500000e-02,4.64281250e-02
2.49875000e-09,-6.13593750e-02,3.58468750e-02,4.70156250e-02
2.53875000e-09,-6.09875000e-02,3.56781250e-02,4.76093750e-02
2.57875000e-09,-6.05812500e-02,3.55515625e-02,4.81937500e-02
2.61875000e-09,-6.01531250e-02,3.54765625e-02,4.87656250e-02
2.65875000e-09,-5.97187500e-02,3.54562500e-02,4.93093750e-02
2.69875000e-09,-5.92937500e-02,3.54968750e-02,4.98187500e-02
2.73875000e-09,-5.88906250e-02,3.55953125e-02,5.02843750e-02
2.77875000e-09,-5.85281250e-02,3.57515625e-02,5.07031250e-02
2.81875000e-09,-5.82156250e-02,3.59578125e-02,5.10718750e-02
2.85875000e-09,-5.79593750e-02,3.62062500e-02,5.13937500e-02
2.89875000e-09,-5.77687500e-02,3.64875000e-02,5.16656250e-02
2.93875000e-09,-5.76437500e-02,3.67906250e-02,5.18937500e-02
2.97875000e-09,-5.75875000e-02,3.71031250e-02,5.20843750e-02
3.01875000e-09,-5.75906250e-02,3.74109375e-02,5.22468750e-02
3.05875000e-09,-5.76531250e-02,3.77015625e-02,5.23906250e-02
3.09875000e-09,-5.77593750e-02,3.79656250e-02,5.25250000e-02
3.13875000e-09,-5.79000000e-02,3.81890625e-02,5.26593750e-02
3.17875000e-09,-5.80625000e-02,3.83671875e-02,5.28093750e-02
3.21875000e-09,-5.82281250e-02,3.84906250e-02,5.29812500e-02
3.25875000e-09,-5.83843750e-02,3.85578125e-02,5.31843750e-02
3.29875000e-09,-5.85187500e-02,3.85687500e-02,5.34218750e-02
3.33875000e-09,-5.86156250e-02,3.85234375e-02,5.37062500e-02
3.37875000e-09,-5.86625000e-02,3.84265625e-02,5.40343750e-02
3.41875000e-09,-5.86531250e-02,3.82875000e-02,5.44093750e-02
3.45875000e-09,-5.85812500e-02,3.81125000e-02,5.48250000e-02
3.49875000e-09,-5.84406250e-02,3.79156250e-02,5.52812500e-02
3.53875000e-09,-5.82375000e-02,3.77046875e-02,5.57718750e-02
3.57875000e-09,-5.79718750e-02,3.74968750e-02,5.62843750e-02
3.61875000e-09,-5.76500000e-02,3.73000000e-02,5.68093750e-02
3.65875000e-09,-5.72843750e-02,3.71265625e-02,5.73406250e-02
3.69875000e-09,-5.68875000e-02,3.69875000e-02,5.78625000e-02
3.73875000e-09,-5.64687500e-02,3.68921875e-02,5.83687500e-02
3.77875000e-09,-5.60468750e-02,3.68453125e-02,5.88437500e-02
3.81875000e-09,-5.56312500e-02,3.68500000e-02,5.92812500e-02
3.85875000e-09,-5.52437500e-02,3.69078125e-02,5.96750000e-02
3.89875000e-09,-5.48937500e-02,3.70187500e-02,6.00187500e-02
3.93875000e-09,-5.45906250e-02,3.71765625e-02,6.03093750e-02
3.97875000e-09,-5.43468750e-02,3.73750000e-02,6.05468750e-02
4.01875000e-09,-5.41656250e-02,3.76046875e-02,6.07343750e-02
4.05875000e-09,-5.40531250e-02,3.78578125e-02,6.08750000e-02
4.09875000e-09,-5.40031250e-02,3.81203125e-02,6.09781250e-02
4.13875000e-09,-5.40218750e-02,3.83812500e-02,6.10500000e-02
4.17875000e-09,-5.40937500e-02,3.86296875e-02,6.11000000e-02
4.21875000e-09,-5.42125000e-02,3.88531250e-02,6.11437500e-02
4.25875000e-09,-5.43656250e-02,3.90437500e-02,6.11875000e-02
4.29875000e-09,-5.45406250e-02,3.91906250e-02,6.12468750e-02
4.33875000e-09,-5.47250000e-02,3.92890625e-02,6.13281250e-02
4.37875000e-09,-5.48968750e-02,3.93359375e-02,6.14468750e-02
4.41875000e-09,-5.50500000e-02,3.93281250e-02,6.16031250e-02
4.45875000e-09,-5.51656250e-02,3.92703125e-02,6.18062500e-02
4.49875000e-09,-5.52343750e-02,3.91640625e-02,6.20593750e-02
4.53875000e-09,-5.52468750e-02,3.90156250e-02,6.23625000e-02
4.57875000e-09,-5.51968750e-02,3.88343750e-02,6.27156250e-02
4.61875000e-09,-5.50781250e-02,3.86312500e-02,6.31125000e-02
4.65875000e-09,-5.48937500e-02,3.84156250e-02,6.35437500e-02
4.69875000e-09,-5.46437500e-02,3.82015625e-02,6.40031250e-02
4.73875000e-09,-5.43375000e-02,3.79968750e-02,6.44781250e-02
4.77875000e-09,-5.39812500e-02,3.78156250e-02,6.49625000e-02
4.81875000e-09,-5.35875000e-02,3.76671875e-02,6.54375000e-02
4.85875000e-09,-5.31718750e-02,3.75593750e-02,6.58937500e-02
4.89875000e-09,-5.27468750e-02,3.74968750e-02,6.63218750e-02
4.93875000e-09,-5.23250000e-02,3.74859375e-02,6.67093750e-02
4.97875000e-09,-5.19250000e-02,3.75265625e-02,6.70531250e-02
5.01875000e-09,-5.15625000e-02,3.76171875e-02,6.73406250e-02
5.05875000e-09,-5.12437500e-02,3.77531250e-02,6.75687500e-02
5.09875000e-09,-5.09812500e-02,3.79296875e-02,6.77437500e-02
5.13875000e-09,-5.07875000e-02,3.81375000e-02,6.78593750e-02
5.17875000e-09,-5.06593750e-02,3.83671875e-02,6.79250000e-02
5.21875000e-09,-5.06000000e-02,3.86078125e-02,6.79437500e-02
5.25875000e-09,-5.06062500e-02,3.88468750e-02,6.79312500e-02
5.29875000e-09,-5.06781250e-02,3.90734375e-02,6.78937500e-02
5.33875000e-09,-5.08000000e-02,3.92765625e-02,6.78437500e-02
5.37875000e-09,-5.09656250e-02,3.94468750e-02,6.77937500e-02
5.41875000e-09,-5.11593750e-02,3.95750000e-02,6.77593750e-02
5.45875000e-09,-5.13687500e-02,3.96562500e-02,6.77500000e-02
5.49875000e-09,-5.15750000e-02,3.96859375e-02,6.77781250e-02
5.53875000e-09,-5.17656250e-02,3.96625000e-02,6.78500000e-02
5.57875000e-09,-5.19250000e-02,3.95890625e-02,6.79750000e-02
5.61875000e-09,-5.20406250e-02,3.94687500e-02,6.81593750e-02
5.65875000e-09,-5.21000000e-02,3.93062500e-02,6.84000000e-02
5.69875000e-09,-5.20968750e-02,3.91125000e-02,6.87031250e-02
5.73875000e-09,-5.20250000e-02,3.88968750e-02,6.90562500e-02
5.77875000e-09,-5.18812500e-02,3.86703125e-02,6.94562500e-02
5.81875000e-09,-5.16687500e-02,3.84453125e-02,6.98968750e-02
5.85875000e-09,-5.13906250e-02,3.82328125e-02,7.03625000e-02
5.89875000e-09,-5.10531250e-02,3.80437500e-02,7.08437500e-02
5.93875000e-09,-5.06718750e-02,3.78875000e-02,7.13250000e-02
5.97875000e-09,-5.02562500e-02,3.77750000e-02,7.17937500e-02
6.01875000e-09,-4.98218750e-02,3.77125000e-02,7.22375000e-02
6.05875000e-09,-4.93843750e-02,3.77015625e-02,7.26468750e-02
6.09875000e-09,-4.89593750e-02,3.77468750e-02,7.30062500e-02
6.13875000e-09,-4.85625000e-02,3.78437500e-02,7.33093750e-02
6.17875000e-09,-4.82093750e-02,3.79906250e-02,7.35500000e-02
6.21875000e-09,-4.79062500e-02,3.81828125e-02,7.37281250e-02
6.25875000e-09,-4.76687500e-02,3.84078125e-02,7.38406250e-02
6.29875000e-09,-4.75000000e-02,3.86593750e-02,7.38906250e-02
6.33875000e-09,-4.74031250e-02,3.89234375e-02,7.38843750e-02
6.37875000e-09,-4.73781250e-02,3.91890625e-02,7.38312500e-02
6.41875000e-09,-4.74218750e-02,3.94437500e-02,7.37406250e-02
6.45875000e-09,-4.75281250e-02,3.96765625e-02,7.36250000e-02
6.49875000e-09,-4.76843750e-02,3.98750000e-02,7.34937500e-02
6.53875000e-09,-4.78781250e-02,4.00328125e-02,7.33687500e-02
6.57875000e-09,-4.80968750e-02,4.01406250e-02,7.32562500e-02
6.61875000e-09,-4.83187500e-02,4.01937500e-02,7.31718750e-02
6.65875000e-09,-4.85343750e-02,4.01906250e-02,7.31250000e-02
6.69875000e-09,-4.87218750e-02,4.01312500e-02,7.31250000e-02
6.73875000e-09,-4.88718750e-02,4.00203125e-02,7.31812500e-02
6.77875000e-09,-4.89625000e-02,3.98609375e-02,7.32968750e-02
6.81875000e-09,-4.89906250e-02,3.96625000e-02,7.34718750e-02
6.85875000e-09,-4.89437500e-02,3.94328125e-02,7.37062500e-02
6.89875000e-09,-4.88187500e-02,3.91859375e-02,7.39937500e-02
6.93875000e-09,-4.86125000e-02,3.89328125e-02,7.43312500e-02
6.97875000e-09,-4.83312500e-02,3.86843750e-02,7.47031250e-02
7.01875000e-09,-4.79750000e-02,3.84531250e-02,7.51031250e-02
7.05875000e-09,-4.75593750e-02,3.82500000e-02,7.55187500e-02
7.09875000e-09,-4.70906250e-02,3.80859375e-02,7.59343750e-02
7.13875000e-09,-4.65843750e-02,3.79656250e-02,7.63375000e-02
7.17875000e-09,-4.60562500e-02,3.78984375e-02,7.67156250e-02
7.21875000e-09,-4.55218750e-02,3.78843750e-02,7.70593750e-02
7.25875000e-09,-4.49937500e-02,3.79265625e-02,7.73562500e-02
7.29875000e-09,-4.44906250e-02,3.80187500e-02,7.76000000e-02
7.33875000e-09,-4.40250000e-02,3.81609375e-02,7.77843750e-02
7.37875000e-09,-4.36031250e-02,3.83421875e-02,7.79125000e-02
7.41875000e-09,-4.32375000e-02,3.85562500e-02,7.79781250e-02
7.45875000e-09,-4.29281250e-02,3.87906250e-02,7.79875000e-02
7.49875000e-09,-4.26812500e-02,3.90359375e-02,7.79468750e-02
7.53875000e-09,-4.24875000e-02,3.92796875e-02,7.78625000e-02
7.57875000e-09,-4.23437500e-02,3.95093750e-02,7.77468750e-02
7.61875000e-09,-4.22375000e-02,3.97156250e-02,7.76125000e-02
7.65875000e-09,-4.21593750e-02,3.98875000e-02,7.74687500e-02
7.69875000e-09,-4.20968750e-02,4.00187500e-02,7.73312500e-02
7.73875000e-09,-4.20281250e-02,4.01015625e-02,7.72093750e-02
7.77875000e-09,-4.19437500e-02,4.01343750e-02,7.71156250e-02
7.81875000e-09,-4.18218750e-02,4.01156250e-02,7.70593750e-02
7.85875000e-09,-4.16500000e-02,4.00468750e-02,7.70500000e-02
7.89875000e-09,-4.14156250e-02,3.99312500e-02,7.70906250e-02
7.93875000e-09,-4.11093750e-02,3.97781250e-02,7.71843750e-02
7.97875000e-09,-4.07218750e-02,3.95921875e-02,7.73343750e-02
8.01875000e-09,-4.02500000e-02,3.93843750e-02,7.75312500e-02
8.05875000e-09,-3.96968750e-02,3.91656250e-02,7.77781250e-02
8.09875000e-09,-3.90656250e-02,3.89484375e-02,7.80625000e-02
8.13875000e-09,-3.83656250e-02,3.87421875e-02,7.83750000e-02
8.17875000e-09,-3.76031250e-02,3.85593750e-02,7.87062500e-02
8.21875000e-09,-3.68000000e-02,3.84078125e-02,7.90437500e-02
8.25875000e-09,-3.59718750e-02,3.82953125e-02,7.93750000e-02
8.29875000e-09,-3.51312500e-02,3.82296875e-02,7.96906250e-02
8.33875000e-09,-3.43062500e-02,3.82125000e-02,7.99750000e-02
8.37875000e-09,-3.35093750e-02,3.82453125e-02,8.02250000e-02
8.41875000e-09,-3.27625000e-02,3.83265625e-02,8.04250000e-02
8.45875000e-09,-3.20812500e-02,3.84531250e-02,8.05781250e-02
8.49875000e-09,-3.14781250e-02,3.86187500e-02,8.06718750e-02
8.53875000e-09,-3.09625000e-02,3.88156250e-02,8.07156250e-02
8.57875000e-09,-3.05406250e-02,3.90328125e-02,8.07062500e-02
8.61875000e-09,-3.02156250e-02,3.92625000e-02,8.06468750e-02
8.65875000e-09,-2.99843750e-02,3.94906250e-02,8.05500000e-02
8.69875000e-09,-2.98406250e-02,3.97078125e-02,8.04218750e-02
8.73875000e-09,-2.97781250e-02,3.99015625e-02,8.02718750e-02
8.77875000e-09,-2.97781250e-02,4.00656250e-02,8.01125000e-02
8.81875000e-09,-2.98281250e-02,4.01875000e-02,7.99562500e-02
8.85875000e-09,-2.99062500e-02,4.02640625e-02,7.98156250e-02
8.89875000e-09,-3.00000000e-02,4.02906250e-02,7.97000000e-02
8.93875000e-09,-3.00875000e-02,4.02656250e-02,7.96187500e-02
8.97875000e-09,-3.01500000e-02,4.01890625e-02,7.95781250e-02
9.01875000e-09,-3.01718750e-02,4.00656250e-02,7.95875000e-02
9.05875000e-09,-3.01406250e-02,3.99000000e-02,7.96500000e-02
9.09875000e-09,-3.00437500e-02,3.97015625e-02,7.97656250e-02
9.13875000e-09,-2.98781250e-02,3.94781250e-02,7.99312500e-02
9.17875000e-09,-2.96343750e-02,3.92406250e-02,8.01437500e-02
9.21875000e-09,-2.93187500e-02,3.90015625e-02,8.03937500e-02
9.25875000e-09,-2.89343750e-02,3.87703125e-02,8.06781250e-02
9.29875000e-09,-2.84906250e-02,3.85609375e-02,8.09812500e-02
9.33875000e-09,-2.80000000e-02,3.83812500e-02,8.12968750e-02
9.37875000e-09,-2.74750000e-02,3.82390625e-02,8.16093750e-02
9.41875000e-09,-2.69343750e-02,3.81453125e-02,8.19093750e-02
9.45875000e-09,-2.63968750e-02,3.81015625e-02,8.21843750e-02
9.49875000e-09,-2.58781250e-02,3.81093750e-02,8.24281250e-02
9.53875000e-09,-2.53937500e-02,3.81718750e-02,8.26281250e-02
9.57875000e-09,-2.49625000e-02,3.82828125e-02,8.27812500e-02
9.61875000e-09,-2.45968750e-02,3.84406250e-02,8.28843750e-02
9.65875000e-09,-2.43031250e-02,3.86343750e-02,8.29375000e-02
9.69875000e-09,-2.40906250e-02,3.88578125e-02,8.29375000e-02
9.73875000e-09,-2.39625000e-02,3.90984375e-02,8.28906250e-02
9.77875000e-09,-2.39125000e-02,3.93453125e-02,8.28031250e-02
9.81875000e-09,-2.39406250e-02,3.95890625e-02,8.26843750e-02
9.85875000e-09,-2.40343750e-02,3.98156250e-02,8.25406250e-02
9.89875000e-09,-2.41812500e-02,4.00156250e-02,8.23843750e-02
9.93875000e-09,-2.43718750e-02,4.01796875e-02,8.22250000e-02
9.97875000e-09,-2.45812500e-02,4.03000000e-02,8.20781250e-02
1.00187500e-08,-2.47968750e-02,4.03703125e-02,8.19500000e-02
1.00587500e-08,-2.50031250e-02,4.03906250e-02,8.18500000e-02
1.00987500e-08,-2.51750000e-02,4.03578125e-02,8.17875000e-02
1.01387500e-08,-2.53062500e-02,4.02750000e-02,8.17687500e-02
1.01787500e-08,-2.53781250e-02,4.01468750e-02,8.17937500e-02
1.02187500e-08,-2.53812500e-02,3.99796875e-02,8.18687500e-02
1.02587500e-08,-2.53125000e-02,3.97812500e-02,8.19906250e-02
1.02987500e-08,-2.51656250e-02,3.95656250e-02,8.21531250e-02
1.03387500e-08,-2.49437500e-02,3.93390625e-02,8.23531250e-02
1.03787500e-08,-2.46500000e-02,3.91171875e-02,8.25843750e-02
1.04187500e-08,-2.42937500e-02,3.89109375e-02,8.28375000e-02
1.04587500e-08,-2.38843750e-02,3.87281250e-02,8.30968750e-02
1.04987500e-08,-2.34437500e-02,3.85812500e-02,8.33593750e-02
1.05387500e-08,-2.29781250e-02,3.84781250e-02,8.36093750e-02
1.05787500e-08,-2.25125000e-02,3.84218750e-02,8.38375000e-02
1.06187500e-08,-2.20593750e-02,3.84187500e-02,8.40375000e-02
1.06587500e-08,-2.16375000e-02,3.84671875e-02,8.41968750e-02
1.06987500e-08,-2.12625000e-02,3.85656250e-02,8.43125000e-02
1.07387500e-08,-2.09437500e-02,3.87109375e-02,8.43812500e-02
1.07787500e-08,-2.06968750e-02,3.88953125e-02,8.44000000e-02
1.08187500e-08,-2.05250000e-02,3.91093750e-02,8.43687500e-02
1.08587500e-08,-2.04343750e-02,3.93421875e-02,8.42968750e-02
1.08987500e-08,-2.04187500e-02,3.95828125e-02,8.41812500e-02
1.09387500e-08,-2.04812500e-02,3.98203125e-02,8.40343750e-02
1.09787500e-08,-2.06093750e-02,4.00421875e-02,8.38625000e-02
1.10187500e-08,-2.07906250e-02,4.02359375e-02,8.36781250e-02
1.10587500e-08,-2.10156250e-02,4.03937500e-02,8.34906250e-02
1.10987500e-08,-2.12687500e-02,4.05062500e-02,8.33093750e-02
1.11387500e-08,-2.15312500e-02,4.05656250e-02,8.31437500e-02
1.11787500e-08,-2.17875000e-02,4.05718750e-02,8.30062500e-02
1.12187500e-08,-2.20187500e-02,4.05218750e-02,8.29031250e-02
1.12587500e-08,-2.22156250e-02,4.04187500e-02,8.28406250e-02
1.12987500e-08,-2.23593750e-02,4.02671875e-02,8.28250000e-02
1.13387500e-08,-2.24437500e-02,4.00734375e-02,8.28531250e-02
1.13787500e-08,-2.24593750e-02,3.98468750e-02,8.29281250e-02
1.14187500e-08,-2.24031250e-02,3.96000000e-02,8.30500000e-02
1.14587500e-08,-2.22718750e-02,3.93437500e-02,8.32093750e-02
1.14987500e-08,-2.20718750e-02,3.90921875e-02,8.34031250e-02
1.15387500e-08,-2.18093750e-02,3.88546875e-02,8.36218750e-02
1.15787500e-08,-2.14937500e-02,3.86453125e-02,8.38562500e-02
1.16187500e-08,-2.11375000e-02,3.84750000e-02,8.40968750e-02
1.16587500e-08,-2.07531250e-02,3.83515625e-02,8.43343750e-02
1.16987500e-08,-2.03593750e-02,3.82828125e-02,8.45593750e-02
1.17387500e-08,-1.99687500e-02,3.82703125e-02,8.47625000e-02
1.17787500e-08,-1.95968750e-02,3.83156250e-02,8.49375000e-02
1.18187500e-08,-1.92593750e-02,3.84171875e-02,8.50718750e-02
1.18587500e-08,-1.89656250e-02,3.85703125e-02,8.51687500e-02
1.18987500e-08,-1.87312500e-02,3.87671875e-02,8.52187500e-02
1.19387500e-08,-1.85625000e-02,3.89984375e-02,8.52281250e-02
1.19787500e-08,-1.84593750e-02,3.92515625e-02,8.51937500e-02
1.20187500e-08,-1.84250000e-02,3.95156250e-02,8.51218750e-02
1.20587500e-08,-1.84562500e-02,3.97781250e-02,8.50156250e-02
1.20987500e-08,-1.85500000e-02,4.00234375e-02,8.48843750e-02
1.21387500e-08,-1.86937500e-02,4.02390625e-02,8.47375000e-02
1.21787500e-08,-1.88750000e-02,4.04171875e-02,8.45781250e-02
1.22187500e-08,-1.90843750e-02,4.05453125e-02,8.44218750e-02
1.22587500e-08,-1.93062500e-02,4.06187500e-02,8.42750000e-02
1.22987500e-08,-1.95250000e-02,4.06328125e-02,8.41500000e-02
1.23387500e-08,-1.97250000e-02,4.05875000e-02,8.40468750e-02
1.23787500e-08,-1.98906250e-02,4.04828125e-02,8.39750000e-02
1.24187500e-08,-2.00125000e-02,4.03234375e-02,8.39437500e-02
1.24587500e-08,-2.00812500e-02,4.01187500e-02,8.39500000e-02
1.24987500e-08,-2.00875000e-02,3.98781250e-02,8.39937500e-02
1.25387500e-08,-2.00250000e-02,3.96125000e-02,8.40781250e-02
1.25787500e-08,-1.98968750e-02,3.93359375e-02,8.41937500e-02
1.26187500e-08,-1.97062500e-02,3.90593750e-02,8.43406250e-02
1.26587500e-08,-1.94531250e-02,3.88000000e-02,8.45125000e-02
1.26987500e-08,-1.91531250e-02,3.85687500e-02,8.46968750e-02
1.27387500e-08,-1.88125000e-02,3.83750000e-02,8.48875000e-02
1.27787500e-08,-1.84468750e-02,3.82312500e-02,8.50750000e-02
1.28187500e-08,-1.80687500e-02,3.81437500e-02,8.52500000e-02
1.28587500e-08,-1.76968750e-02,3.81156250e-02,8.54062500e-02
1.28987500e-08,-1.73437500e-02,3.81500000e-02,8.55343750e-02
1.29387500e-08,-1.70250000e-02,3.82437500e-02,8.56312500e-02
1.29787500e-08,-1.67531250e-02,3.83921875e-02,8.56875000e-02
1.30187500e-08,-1.65406250e-02,3.85875000e-02,8.57062500e-02
1.30587500e-08,-1.63906250e-02,3.88203125e-02,8.56843750e-02
1.30987500e-08,-1.63125000e-02,3.90812500e-02,8.56250000e-02
1.31387500e-08,-1.63031250e-02,3.93531250e-02,8.55281250e-02
1.31787500e-08,-1.63656250e-02,3.96250000e-02,8.54031250e-02
1.32187500e-08,-1.64937500e-02,3.98843750e-02,8.52562500e-02
1.32587500e-08,-1.66750000e-02,4.01156250e-02,8.50937500e-02
1.32987500e-08,-1.69000000e-02,4.03078125e-02,8.49281250e-02
1.33387500e-08,-1.71562500e-02,4.04531250e-02,8.47656250e-02
1.33787500e-08,-1.74281250e-02,4.05437500e-02,8.46156250e-02
1.34187500e-08,-1.77000000e-02,4.05734375e-02,8.44906250e-02
1.34587500e-08,-1.79562500e-02,4.05421875e-02,8.43937500e-02
1.34987500e-08,-1.81781250e-02,4.04500000e-02,8.43343750e-02
1.35387500e-08,-1.83531250e-02,4.03031250e-02,8.43125000e-02
1.35787500e-08,-1.84718750e-02,4.01078125e-02,8.43375000e-02
1.36187500e-08,-1.85218750e-02,3.98750000e-02,8.44062500e-02
1.36587500e-08,-1.85000000e-02,3.96125000e-02,8.45187500e-02
1.36987500e-08,-1.84000000e-02,3.93359375e-02,8.46656250e-02
1.37387500e-08,-1.82281250e-02,3.90562500e-02,8.48500000e-02
1.37787500e-08,-1.79843750e-02,3.87890625e-02,8.50562500e-02
1.38187500e-08,-1.76781250e-02,3.85453125e-02,8.52781250e-02
1.38587500e-08,-1.73187500e-02,3.83375000e-02,8.55093750e-02
1.38987500e-08,-1.69218750e-02,3.81750000e-02,8.57343750e-02
1.39387500e-08,-1.65031250e-02,3.80656250e-02,8.59468750e-02
1.39787500e-08,-1.60750000e-02,3.80125000e-02,8.61375000e-02
1.40187500e-08,-1.56593750e-02,3.80203125e-02,8.62937500e-02
1.40587500e-08,-1.52718750e-02,3.80843750e-02,8.64125000e-02
1.40987500e-08,-1.49250000e-02,3.82046875e-02,8.64875000e-02
1.41387500e-08,-1.46343750e-02,3.83718750e-02,8.65156250e-02
1.41787500e-08,-1.44093750e-02,3.85781250e-02,8.64937500e-02
1.42187500e-08,-1.42562500e-02,3.88140625e-02,8.64281250e-02
1.42587500e-08,-1.41843750e-02,3.90656250e-02,8.63187500e-02
1.42987500e-08,-1.41875000e-02,3.93203125e-02,8.61718750e-02
1.43387500e-08,-1.42687500e-02,3.95671875e-02,8.59968750e-02
1.43787500e-08,-1.44187500e-02,3.97921875e-02,8.58031250e-02
1.44187500e-08,-1.46250000e-02,3.99843750e-02,8.56000000e-02
1.44587500e-08,-1.48812500e-02,4.01328125e-02,8.54000000e-02
1.44987500e-08,-1.51656250e-02,4.02343750e-02,8.52125000e-02
1.45387500e-08,-1.54687500e-02,4.02796875e-02,8.50500000e-02
1.45787500e-08,-1.57687500e-02,4.02671875e-02,8.49156250e-02
1.46187500e-08,-1.60531250e-02,4.02000000e-02,8.48250000e-02
1.46587500e-08,-1.63062500e-02,4.00781250e-02,8.47812500e-02
1.46987500e-08,-1.65093750e-02,3.99093750e-02,8.47875000e-02
1.47387500e-08,-1.66562500e-02,3.97000000e-02,8.48406250e-02
1.47787500e-08,-1.67375000e-02,3.94625000e-02,8.49468750e-02
1.48187500e-08,-1.67468750e-02,3.92062500e-02,8.50968750e-02
1.48587500e-08,-1.66812500e-02,3.89437500e-02,8.52875000e-02
1.48987500e-08,-1.65500000e-02,3.86875000e-02,8.55093750e-02
1.49387500e-08,-1.63500000e-02,3.84484375e-02,8.57500000e-02
1.49787500e-08,-1.60968750e-02,3.82406250e-02,8.60000000e-02
1.50187500e-08,-1.57968750e-02,3.80703125e-02,8.62500000e-02
1.50587500e-08,-1.54718750e-02,3.79468750e-02,8.64843750e-02
1.50987500e-08,-1.51281250e-02,3.78750000e-02,8.66937500e-02
1.51387500e-08,-1.47875000e-02,3.78562500e-02,8.68687500e-02
1.51787500e-08,-1.44656250e-02,3.78937500e-02,8.70000000e-02
1.52187500e-08,-1.41750000e-02,3.79843750e-02,8.70812500e-02
1.52587500e-08,-1.39343750e-02,3.81203125e-02,8.71062500e-02
1.52987500e-08,-1.37468750e-02,3.82968750e-02,8.70750000e-02
1.53387500e-08,-1.36281250e-02,3.85046875e-02,8.69906250e-02
1.53787500e-08,-1.35781250e-02,3.87312500e-02,8.68531250e-02
1.54187500e-08,-1.35968750e-02,3.89671875e-02,8.66718750e-02
1.54587500e-08,-1.36875000e-02,3.92000000e-02,8.64562500e-02
1.54987500e-08,-1.38406250e-02,3.94171875e-02,8.62156250e-02
1.55387500e-08,-1.40468750e-02,3.96093750e-02,8.59593750e-02
1.55787500e-08,-1.42968750e-02,3.97656250e-02,8.57062500e-02
1.56187500e-08,-1.45718750e-02,3.98781250e-02,8.54625000e-02
1.56587500e-08,-1.48562500e-02,3.99421875e-02,8.52437500e-02
1.56987500e-08,-1.51406250e-02,3.99531250e-02,8.50625000e-02
1.57387500e-08,-1.54000000e-02,3.99109375e-02,8.49281250e-02
1.57787500e-08,-1.56250000e-02,3.98171875e-02,8.48437500e-02
1.58187500e-08,-1.58031250e-02,3.96765625e-02,8.48187500e-02
1.58587500e-08,-1.59187500e-02,3.94953125e-02,8.48562500e-02
1.58987500e-08,-1.59625000e-02,3.92828125e-02,8.49500000e-02
1.59387500e-08,-1.59375000e-02,3.90484375e-02,8.51000000e-02
1.59787500e-08,-1.58375000e-02,3.88031250e-02,8.53031250e-02
1.60187500e-08,-1.56656250e-02,3.85593750e-02,8.55437500e-02
1.60587500e-08,-1.54281250e-02,3.83281250e-02,8.58156250e-02
1.60987500e-08,-1.51375000e-02,3.81203125e-02,8.61062500e-02
1.61387500e-08,-1.48031250e-02,3.79468750e-02,8.64000000e-02
1.61787500e-08,-1.44406250e-02,3.78156250e-02,8.66875000e-02
1.62187500e-08,-1.40687500e-02,3.77312500e-02,8.69500000e-02
1.62587500e-08,-1.37000000e-02,3.77000000e-02,8.71812500e-02
1.62987500e-08,-1.33531250e-02,3.77203125e-02,8.73656250e-02
1.63387500e-08,-1.30437500e-02,3.77937500e-02,8.74968750e-02
1.63787500e-08,-1.27875000e-02,3.79156250e-02,8.75687500e-02
1.64187500e-08,-1.25937500e-02,3.80781250e-02,8.75750000e-02
1.64587500e-08,-1.24750000e-02,3.82734375e-02,8.75187500e-02
1.64987500e-08,-1.24281250e-02,3.84937500e-02,8.74031250e-02
1.65387500e-08,-1.24625000e-02,3.87250000e-02,8.72312500e-02
1.65787500e-08,-1.25718750e-02,3.89562500e-02,8.70125000e-02
1.66187500e-08,-1.27531250e-02,3.91765625e-02,8.67562500e-02
1.66587500e-08,-1.29906250e-02,3.93734375e-02,8.64718750e-02
1.66987500e-08,-1.32781250e-02,3.95359375e-02,8.61781250e-02
1.67387500e-08,-1.36000000e-02,3.96562500e-02,8.58812500e-02
1.67787500e-08,-1.39375000e-02,3.97281250e-02,8.56000000e-02
1.68187500e-08,-1.42750000e-02,3.97453125e-02,8.53468750e-02
1.68587500e-08,-1.45937500e-02,3.97062500e-02,8.51312500e-02
1.68987500e-08,-1.48812500e-02,3.96140625e-02,8.49625000e-02
1.69387500e-08,-1.51218750e-02,3.94687500e-02,8.48500000e-02
1.69787500e-08,-1.53031250e-02,3.92796875e-02,8.47937500e-02
1.70187500e-08,-1.54156250e-02,3.90531250e-02,8.48000000e-02
1.70587500e-08,-1.54531250e-02,3.88000000e-02,8.48656250e-02
1.70987500e-08,-1.54187500e-02,3.85312500e-02,8.49843750e-02
1.71387500e-08,-1.53062500e-02,3.82578125e-02,8.51500000e-02
1.71787500e-08,-1.51281250e-02,3.79968750e-02,8.53562500e-02
1.72187500e-08,-1.48906250e-02,3.77562500e-02,8.55906250e-02
1.72587500e-08,-1.46031250e-02,3.75484375e-02,8.58375000e-02
1.72987500e-08,-1.42843750e-02,3.73843750e-02,8.60875000e-02
1.73387500e-08,-1.39468750e-02,3.72703125e-02,8.63281250e-02
1.73787500e-08,-1.36062500e-02,3.72125000e-02,8.65406250e-02
1.74187500e-08,-1.32812500e-02,3.72125000e-02,8.67218750e-02
1.74587500e-08,-1.29843750e-02,3.72718750e-02,8.68562500e-02
1.74987500e-08,-1.27312500e-02,3.73859375e-02,8.69406250e-02
1.75387500e-08,-1.25343750e-02,3.75515625e-02,8.69656250e-02
1.75787500e-08,-1.24031250e-02,3.77578125e-02,8.69312500e-02
1.76187500e-08,-1.23406250e-02,3.79953125e-02,8.68375000e-02
1.76587500e-08,-1.23468750e-02,3.82546875e-02,8.66875000e-02
1.76987500e-08,-1.24250000e-02,3.85203125e-02,8.64875000e-02
1.77387500e-08,-1.25656250e-02,3.87812500e-02,8.62468750e-02
1.77787500e-08,-1.27625000e-02,3.90218750e-02,8.59718750e-02
1.78187500e-08,-1.30031250e-02,3.92328125e-02,8.56781250e-02
1.78587500e-08,-1.32718750e-02,3.94031250e-02,8.53781250e-02
1.78987500e-08,-1.35562500e-02,3.95250000e-02,8.50843750e-02
1.79387500e-08,-1.38406250e-02,3.95890625e-02,8.48093750e-02
1.79787500e-08,-1.41093750e-02,3.95953125e-02,8.45625000e-02
1.80187500e-08,-1.43437500e-02,3.95406250e-02,8.43593750e-02
1.80587500e-08,-1.45312500e-02,3.94296875e-02,8.42000000e-02
1.80987500e-08,-1.46656250e-02,3.92656250e-02,8.40968750e-02
1.81387500e-08,-1.47312500e-02,3.90578125e-02,8.40531250e-02
1.81787500e-08,-1.47281250e-02,3.88140625e-02,8.40656250e-02
1.82187500e-08,-1.46500000e-02,3.85468750e-02,8.41343750e-02
1.82587500e-08,-1.45031250e-02,3.82703125e-02,8.42531250e-02
1.82987500e-08,-1.42906250e-02,3.79953125e-02,8.44156250e-02
1.83387500e-08,-1.40218750e-02,3.77359375e-02,8.46125000e-02
1.83787500e-08,-1.37093750e-02,3.75062500e-02,8.48343750e-02
1.84187500e-08,-1.33625000e-02,3.73140625e-02,8.50656250e-02
1.84587500e-08,-1.30031250e-02,3.71703125e-02,8.52968750e-02
1.84987500e-08,-1.26437500e-02,3.70812500e-02,8.55125000e-02
1.85387500e-08,-1.23031250e-02,3.70515625e-02,8.57062500e-02
1.85787500e-08,-1.19937500e-02,3.70796875e-02,8.58625000e-02
1.86187500e-08,-1.17312500e-02,3.71671875e-02,8.59781250e-02
1.86587500e-08,-1.15281250e-02,3.73078125e-02,8.60437500e-02
1.86987500e-08,-1.13906250e-02,3.74937500e-02,8.60531250e-02
1.87387500e-08,-1.13281250e-02,3.77171875e-02,8.60125000e-02
1.87787500e-08,-1.13437500e-02,3.79640625e-02,8.59156250e-02
1.88187500e-08,-1.14312500e-02,3.82250000e-02,8.57750000e-02
1.88587500e-08,-1.15906250e-02,3.84843750e-02,8.55906250e-02
1.88987500e-08,-1.18125000e-02,3.87296875e-02,8.53718750e-02
1.89387500e-08,-1.20843750e-02,3.89500000e-02,8.51343750e-02
1.89787500e-08,-1.23937500e-02,3.91312500e-02,8.48812500e-02
1.90187500e-08,-1.27281250e-02,3.92671875e-02,8.46343750e-02
1.90587500e-08,-1.30687500e-02,3.93500000e-02,8.43968750e-02
1.90987500e-08,-1.33968750e-02,3.93750000e-02,8.41843750e-02
1.91387500e-08,-1.37031250e-02,3.93421875e-02,8.40031250e-02
1.91787500e-08,-1.39656250e-02,3.92515625e-02,8.38656250e-02
1.92187500e-08,-1.41781250e-02,3.91062500e-02,8.37750000e-02
1.92587500e-08,-1.43281250e-02,3.89171875e-02,8.37375000e-02
1.92987500e-08,-1.44093750e-02,3.86906250e-02,8.37531250e-02
1.93387500e-08,-1.44187500e-02,3.84375000e-02,8.38187500e-02
1.93787500e-08,-1.43531250e-02,3.81718750e-02,8.39281250e-02
1.94187500e-08,-1.42218750e-02,3.79046875e-02,8.40812500e-02
1.94587500e-08,-1.40281250e-02,3.76500000e-02,8.42656250e-02
1.94987500e-08,-1.37812500e-02,3.74187500e-02,8.44687500e-02
1.95387500e-08,-1.34968750e-02,3.72234375e-02,8.46843750e-02
1.95787500e-08,-1.31875000e-02,3.70718750e-02,8.49000000e-02
1.96187500e-08,-1.28687500e-02,3.69718750e-02,8.51031250e-02
1.96587500e-08,-1.25562500e-02,3.69265625e-02,8.52843750e-02
1.96987500e-08,-1.22687500e-02,3.69375000e-02,8.54343750e-02
1.97387500e-08,-1.20156250e-02,3.70031250e-02,8.55437500e-02
1.97787500e-08,-1.18156250e-02,3.71203125e-02,8.56125000e-02
1.98187500e-08,-1.16750000e-02,3.72812500e-02,8.56312500e-02
1.98587500e-08,-1.16000000e-02,3.74781250e-02,8.56031250e-02
1.98987500e-08,-1.15968750e-02,3.76984375e-02,8.55312500e-02
1.99387500e-08,-1.16656250e-02,3.79296875e-02,8.54187500e-02
1.99787500e-08,-1.18031250e-02,3.81625000e-02,8.52750000e-02
2.00187500e-08,-1.20031250e-02,3.83812500e-02,8.51093750e-02
2.00587500e-08,-1.22531250e-02,3.85765625e-02,8.49281250e-02
2.00987500e-08,-1.25437500e-02,3.87359375e-02,8.47468750e-02
2.01387500e-08,-1.28625000e-02,3.88515625e-02,8.45750000e-02
2.01787500e-08,-1.31875000e-02,3.89156250e-02,8.44250000e-02
2.02187500e-08,-1.35062500e-02,3.89265625e-02,8.43031250e-02
2.02587500e-08,-1.38031250e-02,3.88812500e-02,8.42250000e-02
2.02987500e-08,-1.40625000e-02,3.87812500e-02,8.41906250e-02
2.03387500e-08,-1.42687500e-02,3.86328125e-02,8.42093750e-02
2.03787500e-08,-1.44125000e-02,3.84421875e-02,8.42812500e-02
2.04187500e-08,-1.44843750e-02,3.82171875e-02,8.44031250e-02
2.04587500e-08,-1.44781250e-02,3.79703125e-02,8.45750000e-02
2.04987500e-08,-1.43968750e-02,3.77125000e-02,8.47906250e-02
2.05387500e-08,-1.42375000e-02,3.74578125e-02,8.50375000e-02
2.05787500e-08,-1.40125000e-02,3.72187500e-02,8.53093750e-02
2.06187500e-08,-1.37218750e-02,3.70062500e-02,8.55906250e-02
2.06587500e-08,-1.33843750e-02,3.68328125e-02,8.58750000e-02
2.06987500e-08,-1.30156250e-02,3.67046875e-02,8.61468750e-02
2.07387500e-08,-1.26250000e-02,3.66312500e-02,8.63906250e-02
2.07787500e-08,-1.22343750e-02,3.66156250e-02,8.66000000e-02
2.08187500e-08,-1.18625000e-02,3.66578125e-02,8.67656250e-02
2.08587500e-08,-1.15187500e-02,3.67578125e-02,8.68750000e-02
2.08987500e-08,-1.12250000e-02,3.69093750e-02,8.69312500e-02
2.09387500e-08,-1.09937500e-02,3.71078125e-02,8.69250000e-02
2.09787500e-08,-1.08281250e-02,3.73406250e-02,8.68593750e-02
2.10187500e-08,-1.07437500e-02,3.76000000e-02,8.67375000e-02
2.10587500e-08,-1.07375000e-02,3.78703125e-02,8.65656250e-02
2.10987500e-08,-1.08093750e-02,3.81421875e-02,8.63500000e-02
2.11387500e-08,-1.09593750e-02,3.83984375e-02,8.61031250e-02
2.11787500e-08,-1.11781250e-02,3.86281250e-02,8.58343750e-02
2.12187500e-08,-1.14500000e-02,3.88203125e-02,8.55562500e-02
2.12587500e-08,-1.17687500e-02,3.89640625e-02,8.52843750e-02
2.12987500e-08,-1.21125000e-02,3.90546875e-02,8.50218750e-02
2.13387500e-08,-1.24687500e-02,3.90843750e-02,8.47906250e-02
2.13787500e-08,-1.28187500e-02,3.90515625e-02,8.45906250e-02
2.14187500e-08,-1.31437500e-02,3.89578125e-02,8.44343750e-02
2.14587500e-08,-1.34343750e-02,3.88078125e-02,8.43281250e-02
2.14987500e-08,-1.36687500e-02,3.86078125e-02,8.42687500e-02
2.15387500e-08,-1.38437500e-02,3.83656250e-02,8.42625000e-02
2.15787500e-08,-1.39468750e-02,3.80921875e-02,8.43031250e-02
2.16187500e-08,-1.39750000e-02,3.78000000e-02,8.43906250e-02
2.16587500e-08,-1.39281250e-02,3.75031250e-02,8.45125000e-02
2.16987500e-08,-1.38062500e-02,3.72140625e-02,8.46593750e-02
2.17387500e-08,-1.36187500e-02,3.69468750e-02,8.48281250e-02
2.17787500e-08,-1.33718750e-02,3.67125000e-02,8.50031250e-02
2.18187500e-08,-1.30843750e-02,3.65203125e-02,8.51750000e-02
2.18587500e-08,-1.27656250e-02,3.63812500e-02,8.53343750e-02
2.18987500e-08,-1.24343750e-02,3.62984375e-02,8.54687500e-02
2.19387500e-08,-1.21031250e-02,3.62765625e-02,8.55718750e-02
2.19787500e-08,-1.17937500e-02,3.63140625e-02,8.56343750e-02
2.20187500e-08,-1.15187500e-02,3.64093750e-02,8.56593750e-02
2.20587500e-08,-1.12906250e-02,3.65562500e-02,8.56343750e-02
2.20987500e-08,-1.11250000e-02,3.67468750e-02,8.55687500e-02
2.21387500e-08,-1.10250000e-02,3.69718750e-02,8.54593750e-02
2.21787500e-08,-1.10000000e-02,3.72171875e-02,8.53125000e-02
2.22187500e-08,-1.10468750e-02,3.74734375e-02,8.51375000e-02
2.22587500e-08,-1.11656250e-02,3.77265625e-02,8.49375000e-02
2.22987500e-08,-1.13531250e-02,3.79625000e-02,8.47218750e-02
2.23387500e-08,-1.15937500e-02,3.81703125e-02,8.45031250e-02
2.23787500e-08,-1.18812500e-02,3.83390625e-02,8.42906250e-02
2.24187500e-08,-1.21968750e-02,3.84609375e-02,8.40937500e-02
2.24587500e-08,-1.25281250e-02,3.85296875e-02,8.39218750e-02
2.24987500e-08,-1.28593750e-02,3.85390625e-02,8.37843750e-02
2.25387500e-08,-1.31687500e-02,3.84921875e-02,8.36812500e-02
2.25787500e-08,-1.34468750e-02,3.83890625e-02,8.36218750e-02
2.26187500e-08,-1.36750000e-02,3.82343750e-02,8.36093750e-02
2.26587500e-08,-1.38437500e-02,3.80359375e-02,8.36406250e-02
2.26987500e-08,-1.39468750e-02,3.78015625e-02,8.37156250e-02
2.27387500e-08,-1.39718750e-02,3.75453125e-02,8.38312500e-02
2.27787500e-08,-1.39250000e-02,3.72765625e-02,8.39781250e-02
2.28187500e-08,-1.38000000e-02,3.70093750e-02,8.41500000e-02
2.28587500e-08,-1.36093750e-02,3.67546875e-02,8.43437500e-02
2.28987500e-08,-1.33562500e-02,3.65265625e-02,8.45437500e-02
2.29387500e-08,-1.30562500e-02,3.63343750e-02,8.47437500e-02
2.29787500e-08,-1.27218750e-02,3.61875000e-02,8.49343750e-02
2.30187500e-08,-1.23656250e-02,3.60921875e-02,8.51062500e-02
2.30587500e-08,-1.20062500e-02,3.60531250e-02,8.52531250e-02
2.30987500e-08,-1.16593750e-02,3.60703125e-02,8.53687500e-02
2.31387500e-08,-1.13437500e-02,3.61437500e-02,8.54468750e-02
2.31787500e-08,-1.10687500e-02,3.62687500e-02,8.54843750e-02
2.32187500e-08,-1.08500000e-02,3.64390625e-02,8.54812500e-02
2.32587500e-08,-1.06968750e-02,3.66468750e-02,8.54375000e-02
2.32987500e-08,-1.06125000e-02,3.68812500e-02,8.53562500e-02
2.33387500e-08,-1.06031250e-02,3.71296875e-02,8.52437500e-02
2.33787500e-08,-1.06656250e-02,3.73796875e-02,8.51062500e-02
2.34187500e-08,-1.07937500e-02,3.76218750e-02,8.49468750e-02
2.34587500e-08,-1.09875000e-02,3.78406250e-02,8.47781250e-02
2.34987500e-08,-1.12281250e-02,3.80281250e-02,8.46062500e-02
2.35387500e-08,-1.15062500e-02,3.81750000e-02,8.44406250e-02
2.35787500e-08,-1.18062500e-02,3.82734375e-02,8.42906250e-02
2.36187500e-08,-1.21156250e-02,3.83203125e-02,8.41625000e-02
2.36587500e-08,-1.24125000e-02,3.83125000e-02,8.40656250e-02
2.36987500e-08,-1.26906250e-02,3.82500000e-02,8.40000000e-02
2.37387500e-08,-1.29281250e-02,3.81375000e-02,8.39750000e-02
2.37787500e-08,-1.31187500e-02,3.79796875e-02,8.39906250e-02
2.38187500e-08,-1.32500000e-02,3.77859375e-02,8.40468750e-02
2.38587500e-08,-1.33187500e-02,3.75656250e-02,8.41406250e-02
2.38987500e-08,-1.33187500e-02,3.73281250e-02,8.42687500e-02
2.39387500e-08,-1.32500000e-02,3.70859375e-02,8.44281250e-02
2.39787500e-08,-1.31218750e-02,3.68515625e-02,8.46062500e-02
2.40187500e-08,-1.29375000e-02,3.66343750e-02,8.48031250e-02
2.40587500e-08,-1.27062500e-02,3.64468750e-02,8.50031250e-02
2.40987500e-08,-1.24437500e-02,3.62968750e-02,8.52000000e-02
2.41387500e-08,-1.21625000e-02,3.61921875e-02,8.53843750e-02
2.41787500e-08,-1.18781250e-02,3.61359375e-02,8.55468750e-02
2.42187500e-08,-1.16062500e-02,3.61312500e-02,8.56781250e-02
2.42587500e-08,-1.13593750e-02,3.61765625e-02,8.57750000e-02
2.42987500e-08,-1.11531250e-02,3.62703125e-02,8.58281250e-02
2.43387500e-08,-1.10000000e-02,3.64046875e-02,8.58375000e-02
2.43787500e-08,-1.09062500e-02,3.65750000e-02,8.58000000e-02
2.44187500e-08,-1.08781250e-02,3.67703125e-02,8.57156250e-02
2.44587500e-08,-1.09218750e-02,3.69796875e-02,8.55906250e-02
2.44987500e-08,-1.10343750e-02,3.71937500e-02,8.54281250e-02
2.45387500e-08,-1.12093750e-02,3.73984375e-02,8.52343750e-02
2.45787500e-08,-1.14437500e-02,3.75843750e-02,8.50218750e-02
2.46187500e-08,-1.17218750e-02,3.77406250e-02,8.47937500e-02
2.46587500e-08,-1.20375000e-02,3.78593750e-02,8.45656250e-02
2.46987500e-08,-1.23750000e-02,3.79328125e-02,8.43468750e-02
2.47387500e-08,-1.27125000e-02,3.79562500e-02,8.41531250e-02
2.47787500e-08,-1.30437500e-02,3.79281250e-02,8.39875000e-02
2.48187500e-08,-1.33468750e-02,3.78500000e-02,8.38625000e-02
2.48587500e-08,-1.36093750e-02,3.77218750e-02,8.37875000e-02
2.48987500e-08,-1.38187500e-02,3.75515625e-02,8.37656250e-02
2.49387500e-08,-1.39687500e-02,3.73468750e-02,8.38000000e-02
2.49787500e-08,-1.40468750e-02,3.71156250e-02,8.38937500e-02
2.50187500e-08,-1.40562500e-02,3.68687500e-02,8.40437500e-02
2.50587500e-08,-1.39906250e-02,3.66187500e-02,8.42468750e-02
2.50987500e-08,-1.38593750e-02,3.63765625e-02,8.44906250e-02
2.51387500e-08,-1.36625000e-02,3.61531250e-02,8.47718750e-02
2.51787500e-08,-1.34156250e-02,3.59609375e-02,8.50750000e-02
2.52187500e-08,-1.31281250e-02,3.58078125e-02,8.53875000e-02
2.52587500e-08,-1.28125000e-02,3.57015625e-02,8.56968750e-02
2.52987500e-08,-1.24906250e-02,3.56468750e-02,8.59843750e-02
2.53387500e-08,-1.21718750e-02,3.56468750e-02,8.62406250e-02
2.53787500e-08,-1.18718750e-02,3.57015625e-02,8.64468750e-02
2.54187500e-08,-1.16093750e-02,3.58078125e-02,8.65968750e-02
2.54587500e-08,-1.13906250e-02,3.59609375e-02,8.66750000e-02
2.54987500e-08,-1.12343750e-02,3.61546875e-02,8.66781250e-02
2.55387500e-08,-1.11406250e-02,3.63781250e-02,8.66000000e-02
2.55787500e-08,-1.11156250e-02,3.66234375e-02,8.64375000e-02
2.56187500e-08,-1.11625000e-02,3.68750000e-02,8.61937500e-02
2.56587500e-08,-1.12750000e-02,3.71234375e-02,8.58718750e-02
2.56987500e-08,-1.14500000e-02,3.73562500e-02,8.54843750e-02
2.57387500e-08,-1.16781250e-02,3.75625000e-02,8.50343750e-02
2.57787500e-08,-1.19437500e-02,3.77328125e-02,8.45437500e-02
2.58187500e-08,-1.22406250e-02,3.78578125e-02,8.40187500e-02
2.58587500e-08,-1.25531250e-02,3.79312500e-02,8.34812500e-02
2.58987500e-08,-1.28593750e-02,3.79500000e-02,8.29437500e-02
2.59387500e-08,-1.31500000e-02,3.79140625e-02,8.24250000e-02
2.59787500e-08,-1.34093750e-02,3.78234375e-02,8.19375000e-02
2.60187500e-08,-1.36281250e-02,3.76812500e-02,8.14937500e-02
2.60587500e-08,-1.37906250e-02,3.74968750e-02,8.11062500e-02
2.60987500e-08,-1.38937500e-02,3.72781250e-02,8.07812500e-02
2.61387500e-08,-1.39343750e-02,3.70328125e-02,8.05250000e-02
2.61787500e-08,-1.39062500e-02,3.67750000e-02,8.03375000e-02
2.62187500e-08,-1.38187500e-02,3.65140625e-02,8.02218750e-02
2.62587500e-08,-1.36718750e-02,3.62640625e-02,8.01687500e-02
2.62987500e-08,-1.34781250e-02,3.60343750e-02,8.01718750e-02
2.63387500e-08,-1.32468750e-02,3.58359375e-02,8.02250000e-02
2.63787500e-08,-1.29906250e-02,3.56781250e-02,8.03125000e-02
2.64187500e-08,-1.27281250e-02,3.55656250e-02,8.04250000e-02
2.64587500e-08,-1.24687500e-02,3.55062500e-02,8.05468750e-02
2.64987500e-08,-1.22312500e-02,3.55000000e-02,8.06687500e-02
2.65387500e-08,-1.20281250e-02,3.55453125e-02,8.07781250e-02
2.65787500e-08,-1.18718750e-02,3.56406250e-02,8.08656250e-02
2.66187500e-08,-1.17718750e-02,3.57796875e-02,8.09218750e-02
2.66587500e-08,-1.17343750e-02,3.59546875e-02,8.09468750e-02
2.66987500e-08,-1.17656250e-02,3.61562500e-02,8.09343750e-02
2.67387500e-08,-1.18656250e-02,3.63750000e-02,8.08875000e-02
2.67787500e-08,-1.20312500e-02,3.65968750e-02,8.08125000e-02
2.68187500e-08,-1.22531250e-02,3.68140625e-02,8.07125000e-02
2.68587500e-08,-1.25250000e-02,3.70125000e-02,8.06031250e-02
2.68987500e-08,-1.28375000e-02,3.71828125e-02,8.04906250e-02
2.69387500e-08,-1.31687500e-02,3.73171875e-02,8.03937500e-02
2.69787500e-08,-1.35125000e-02,3.74062500e-02,8.03187500e-02
2.70187500e-08,-1.38468750e-02,3.74484375e-02,8.02843750e-02
2.70587500e-08,-1.41562500e-02,3.74390625e-02,8.03000000e-02
2.70987500e-08,-1.44312500e-02,3.73796875e-02,8.03750000e-02
2.71387500e-08,-1.46531250e-02,3.72718750e-02,8.05187500e-02
2.71787500e-08,-1.48125000e-02,3.71203125e-02,8.07375000e-02
2.72187500e-08,-1.49031250e-02,3.69343750e-02,8.10312500e-02
2.72587500e-08,-1.49156250e-02,3.67218750e-02,8.14000000e-02
2.72987500e-08,-1.48562500e-02,3.64937500e-02,8.18343750e-02
2.73387500e-08,-1.47218750e-02,3.62593750e-02,8.23281250e-02
2.73787500e-08,-1.45187500e-02,3.60328125e-02,8.28656250e-02
2.74187500e-08,-1.42562500e-02,3.58218750e-02,8.34375000e-02
2.74587500e-08,-1.39468750e-02,3.56406250e-02,8.40187500e-02
2.74987500e-08,-1.36031250e-02,3.54953125e-02,8.46000000e-02
2.75387500e-08,-1.32437500e-02,3.53921875e-02,8.51593750e-02
2.75787500e-08,-1.28843750e-02,3.53406250e-02,8.56750000e-02
2.76187500e-08,-1.25375000e-02,3.53375000e-02,8.61343750e-02
2.76587500e-08,-1.22250000e-02,3.53875000e-02,8.65187500e-02
2.76987500e-08,-1.19562500e-02,3.54859375e-02,8.68187500e-02
2.77387500e-08,-1.17468750e-02,3.56281250e-02,8.70250000e-02
2.77787500e-08,-1.16062500e-02,3.58062500e-02,8.71312500e-02
2.78187500e-08,-1.15406250e-02,3.60125000e-02,8.71375000e-02
2.78587500e-08,-1.15500000e-02,3.62359375e-02,8.70468750e-02
2.78987500e-08,-1.16343750e-02,3.64656250e-02,8.68625000e-02
2.79387500e-08,-1.17937500e-02,3.66890625e-02,8.65937500e-02
2.79787500e-08,-1.20187500e-02,3.68953125e-02,8.62593750e-02
2.80187500e-08,-1.22937500e-02,3.70750000e-02,8.58687500e-02
2.80587500e-08,-1.26125000e-02,3.72171875e-02,8.54406250e-02
2.80987500e-08,-1.29562500e-02,3.73156250e-02,8.49906250e-02
2.81387500e-08,-1.33093750e-02,3.73625000e-02,8.45375000e-02
2.81787500e-08,-1.36593750e-02,3.73593750e-02,8.40968750e-02
2.82187500e-08,-1.39843750e-02,3.73015625e-02,8.36812500e-02
2.82587500e-08,-1.42718750e-02,3.71937500e-02,8.33031250e-02
2.82987500e-08,-1.45125000e-02,3.70406250e-02,8.29750000e-02
2.83387500e-08,-1.46906250e-02,3.68500000e-02,8.27000000e-02
2.83787500e-08,-1.48000000e-02,3.66281250e-02,8.24812500e-02
2.84187500e-08,-1.48406250e-02,3.63890625e-02,8.23156250e-02
2.84587500e-08,-1.48093750e-02,3.61406250e-02,8.22031250e-02
2.84987500e-08,-1.47062500e-02,3.58984375e-02,8.21375000e-02
2.85387500e-08,-1.45406250e-02,3.56718750e-02,8.21031250e-02
2.85787500e-08,-1.43218750e-02,3.54734375e-02,8.20968750e-02
2.86187500e-08,-1.40593750e-02,3.53125000e-02,8.21031250e-02
2.86587500e-08,-1.37718750e-02,3.51953125e-02,8.21125000e-02
2.86987500e-08,-1.34687500e-02,3.51296875e-02,8.21093750e-02
2.87387500e-08,-1.31718750e-02,3.51156250e-02,8.20875000e-02
2.87787500e-08,-1.28906250e-02,3.51578125e-02,8.20375000e-02
2.88187500e-08,-1.26437500e-02,3.52515625e-02,8.19531250e-02
2.88587500e-08,-1.24437500e-02,3.53921875e-02,8.18312500e-02
2.88987500e-08,-1.23000000e-02,3.55718750e-02,8.16718750e-02
2.89387500e-08,-1.22250000e-02,3.57828125e-02,8.14812500e-02
2.89787500e-08,-1.22156250e-02,3.60125000e-02,8.12593750e-02
2.90187500e-08,-1.22812500e-02,3.62515625e-02,8.10218750e-02
2.90587500e-08,-1.24156250e-02,3.64859375e-02,8.07718750e-02
2.90987500e-08,-1.26125000e-02,3.67031250e-02,8.05312500e-02
2.91387500e-08,-1.28687500e-02,3.68921875e-02,8.03031250e-02
2.91787500e-08,-1.31687500e-02,3.70421875e-02,8.01093750e-02
2.92187500e-08,-1.35000000e-02,3.71468750e-02,7.99593750e-02
2.92587500e-08,-1.38500000e-02,3.71984375e-02,7.98656250e-02
2.92987500e-08,-1.42000000e-02,3.71937500e-02,7.98406250e-02
2.93387500e-08,-1.45343750e-02,3.71312500e-02,7.98875000e-02
2.93787500e-08,-1.48437500e-02,3.70156250e-02,8.00156250e-02
2.94187500e-08,-1.51093750e-02,3.68500000e-02,8.02218750e-02
2.94587500e-08,-1.53218750e-02,3.66421875e-02,8.05062500e-02
2.94987500e-08,-1.54718750e-02,3.64015625e-02,8.08656250e-02
2.95387500e-08,-1.55531250e-02,3.61390625e-02,8.12875000e-02
2.95787500e-08,-1.55625000e-02,3.58687500e-02,8.17593750e-02
2.96187500e-08,-1.55031250e-02,3.56000000e-02,8.22718750e-02
2.96587500e-08,-1.53812500e-02,3.53484375e-02,8.28031250e-02
2.96987500e-08,-1.52000000e-02,3.51265625e-02,8.33437500e-02
2.97387500e-08,-1.49687500e-02,3.49437500e-02,8.38687500e-02
2.97787500e-08,-1.47031250e-02,3.48093750e-02,8.43625000e-02
2.98187500e-08,-1.44187500e-02,3.47296875e-02,8.48093750e-02
2.98587500e-08,-1.41250000e-02,3.47109375e-02,8.51937500e-02
2.98987500e-08,-1.38406250e-02,3.47515625e-02,8.55062500e-02
2.99387500e-08,-1.35812500e-02,3.48500000e-02,8.57343750e-02
2.99787500e-08,-1.33562500e-02,3.50031250e-02,8.58750000e-02
3.00187500e-08,-1.31812500e-02,3.52046875e-02,8.59250000e-02
3.00587500e-08,-1.30656250e-02,3.54421875e-02,8.58812500e-02
3.00987500e-08,-1.30125000e-02,3.57062500e-02,8.57531250e-02
3.01387500e-08,-1.30281250e-02,3.59843750e-02,8.55437500e-02
3.01787500e-08,-1.31093750e-02,3.62625000e-02,8.52656250e-02
3.02187500e-08,-1.32531250e-02,3.65281250e-02,8.49312500e-02
3.02587500e-08,-1.34531250e-02,3.67671875e-02,8.45531250e-02
3.02987500e-08,-1.37000000e-02,3.69703125e-02,8.41500000e-02
3.03387500e-08,-1.39812500e-02,3.71250000e-02,8.37312500e-02
3.03787500e-08,-1.42843750e-02,3.72265625e-02,8.33156250e-02
3.04187500e-08,-1.45937500e-02,3.72703125e-02,8.29187500e-02
3.04587500e-08,-1.48968750e-02,3.72515625e-02,8.25500000e-02
3.04987500e-08,-1.51750000e-02,3.71718750e-02,8.22218750e-02
3.05387500e-08,-1.54187500e-02,3.70375000e-02,8.19406250e-02
3.05787500e-08,-1.56125000e-02,3.68531250e-02,8.17125000e-02
3.06187500e-08,-1.57500000e-02,3.66265625e-02,8.15375000e-02
3.06587500e-08,-1.58218750e-02,3.63703125e-02,8.14187500e-02
3.06987500e-08,-1.58281250e-02,3.60968750e-02,8.13531250e-02
3.07387500e-08,-1.57687500e-02,3.58171875e-02,8.13312500e-02
3.07787500e-08,-1.56437500e-02,3.55453125e-02,8.13500000e-02
3.08187500e-08,-1.54625000e-02,3.52937500e-02,8.14000000e-02
3.08587500e-08,-1.52312500e-02,3.50750000e-02,8.14656250e-02
3.08987500e-08,-1.49656250e-02,3.48968750e-02,8.15437500e-02
3.09387500e-08,-1.46781250e-02,3.47703125e-02,8.16218750e-02
3.09787500e-08,-1.43781250e-02,3.46968750e-02,8.16875000e-02
3.10187500e-08,-1.40875000e-02,3.46796875e-02,8.17375000e-02
3.10587500e-08,-1.38187500e-02,3.47203125e-02,8.17593750e-02
3.10987500e-08,-1.35843750e-02,3.48156250e-02,8.17531250e-02
3.11387500e-08,-1.33968750e-02,3.49578125e-02,8.17125000e-02
3.11787500e-08,-1.32625000e-02,3.51390625e-02,8.16406250e-02
3.12187500e-08,-1.31937500e-02,3.53500000e-02,8.15375000e-02
3.12587500e-08,-1.31875000e-02,3.55781250e-02,8.14062500e-02
3.12987500e-08,-1.32500000e-02,3.58140625e-02,8.12593750e-02
3.13387500e-08,-1.33718750e-02,3.60421875e-02,8.10968750e-02
3.13787500e-08,-1.35500000e-02,3.62500000e-02,8.09312500e-02
3.14187500e-08,-1.37750000e-02,3.64296875e-02,8.07750000e-02
3.14587500e-08,-1.40343750e-02,3.65687500e-02,8.06375000e-02
3.14987500e-08,-1.43125000e-02,3.66609375e-02,8.05250000e-02
3.15387500e-08,-1.45968750e-02,3.67015625e-02,8.04500000e-02
3.15787500e-08,-1.48718750e-02,3.66859375e-02,8.04187500e-02
3.16187500e-08,-1.51218750e-02,3.66171875e-02,8.04375000e-02
3.16587500e-08,-1.53343750e-02,3.64968750e-02,8.05093750e-02
3.16987500e-08,-1.54968750e-02,3.63296875e-02,8.06406250e-02
3.17387500e-08,-1.56000000e-02,3.61250000e-02,8.08250000e-02
3.17787500e-08,-1.56375000e-02,3.58921875e-02,8.10593750e-02
3.18187500e-08,-1.56062500e-02,3.56421875e-02,8.13406250e-02
3.18587500e-08,-1.55062500e-02,3.53859375e-02,8.16593750e-02
3.18987500e-08,-1.53406250e-02,3.51375000e-02,8.20093750e-02
3.19387500e-08,-1.51187500e-02,3.49062500e-02,8.23718750e-02
3.19787500e-08,-1.48468750e-02,3.47062500e-02,8.27375000e-02
3.20187500e-08,-1.45406250e-02,3.45437500e-02,8.30968750e-02
3.20587500e-08,-1.42125000e-02,3.44265625e-02,8.34312500e-02
3.20987500e-08,-1.38781250e-02,3.43625000e-02,8.37343750e-02
3.21387500e-08,-1.35531250e-02,3.43500000e-02,8.39906250e-02
3.21787500e-08,-1.32562500e-02,3.43937500e-02,8.41937500e-02
3.22187500e-08,-1.29968750e-02,3.44859375e-02,8.43343750e-02
3.22587500e-08,-1.27906250e-02,3.46250000e-02,8.44062500e-02
3.22987500e-08,-1.26500000e-02,3.48015625e-02,8.44093750e-02
3.23387500e-08,-1.25750000e-02,3.50078125e-02,8.43437500e-02
3.23787500e-08,-1.25750000e-02,3.52312500e-02,8.42093750e-02
3.24187500e-08,-1.26468750e-02,3.54609375e-02,8.40156250e-02
3.24587500e-08,-1.27906250e-02,3.56843750e-02,8.37687500e-02
3.24987500e-08,-1.29937500e-02,3.58921875e-02,8.34781250e-02
3.25387500e-08,-1.32531250e-02,3.60703125e-02,8.31562500e-02
3.25787500e-08,-1.35500000e-02,3.62109375e-02,8.28125000e-02
3.26187500e-08,-1.38718750e-02,3.63078125e-02,8.24625000e-02
3.26587500e-08,-1.42062500e-02,3.63546875e-02,8.21125000e-02
3.26987500e-08,-1.45281250e-02,3.63500000e-02,8.17812500e-02
3.27387500e-08,-1.48312500e-02,3.62921875e-02,8.14750000e-02
3.27787500e-08,-1.50906250e-02,3.61843750e-02,8.12062500e-02
3.28187500e-08,-1.53000000e-02,3.60312500e-02,8.09750000e-02
3.28587500e-08,-1.54468750e-02,3.58406250e-02,8.07906250e-02
3.28987500e-08,-1.55250000e-02,3.56218750e-02,8.06562500e-02
3.29387500e-08,-1.55250000e-02,3.53859375e-02,8.05687500e-02
3.29787500e-08,-1.54500000e-02,3.51437500e-02,8.05250000e-02
3.30187500e-08,-1.53031250e-02,3.49078125e-02,8.05250000e-02
3.30587500e-08,-1.50906250e-02,3.46890625e-02,8.05531250e-02
3.30987500e-08,-1.48218750e-02,3.44984375e-02,8.06093750e-02
3.31387500e-08,-1.45093750e-02,3.43453125e-02,8.06843750e-02
3.31787500e-08,-1.41656250e-02,3.42375000e-02,8.07625000e-02
3.32187500e-08,-1.38125000e-02,3.41812500e-02,8.08406250e-02
3.32587500e-08,-1.34625000e-02,3.41781250e-02,8.09062500e-02
3.32987500e-08,-1.31343750e-02,3.42281250e-02,8.09531250e-02
3.33387500e-08,-1.28437500e-02,3.43296875e-02,8.09750000e-02
3.33787500e-08,-1.26031250e-02,3.44796875e-02,8.09687500e-02
3.34187500e-08,-1.24281250e-02,3.46671875e-02,8.09312500e-02
3.34587500e-08,-1.23218750e-02,3.48875000e-02,8.08625000e-02
3.34987500e-08,-1.22937500e-02,3.51265625e-02,8.07656250e-02
3.35387500e-08,-1.23437500e-02,3.53734375e-02,8.06468750e-02
3.35787500e-08,-1.24687500e-02,3.56171875e-02,8.05093750e-02
3.36187500e-08,-1.26656250e-02,3.58468750e-02,8.03656250e-02
3.36587500e-08,-1.29250000e-02,3.60484375e-02,8.02218750e-02
3.36987500e-08,-1.32312500e-02,3.62140625e-02,8.00875000e-02
3.37387500e-08,-1.35750000e-02,3.63359375e-02,7.99750000e-02
3.37787500e-08,-1.39375000e-02,3.64078125e-02,7.98937500e-02
3.38187500e-08,-1.43000000e-02,3.64250000e-02,7.98500000e-02
3.38587500e-08,-1.46500000e-02,3.63875000e-02,7.98531250e-02
3.38987500e-08,-1.49687500e-02,3.62968750e-02,7.99062500e-02
3.39387500e-08,-1.52437500e-02,3.61562500e-02,8.00125000e-02
3.39787500e-08,-1.54625000e-02,3.59750000e-02,8.01750000e-02
3.40187500e-08,-1.56156250e-02,3.57609375e-02,8.03906250e-02
3.40587500e-08,-1.56968750e-02,3.55234375e-02,8.06500000e-02
3.40987500e-08,-1.57062500e-02,3.52734375e-02,8.09500000e-02
3.41387500e-08,-1.56406250e-02,3.50250000e-02,8.12812500e-02
3.41787500e-08,-1.55093750e-02,3.47890625e-02,8.16343750e-02
3.42187500e-08,-1.53218750e-02,3.45781250e-02,8.19906250e-02
3.42587500e-08,-1.50843750e-02,3.44000000e-02,8.23406250e-02
3.42987500e-08,-1.48156250e-02,3.42656250e-02,8.26718750e-02
3.43387500e-08,-1.45281250e-02,3.41796875e-02,8.29687500e-02
3.43787500e-08,-1.42375000e-02,3.41484375e-02,8.32218750e-02
3.44187500e-08,-1.39656250e-02,3.41718750e-02,8.34187500e-02
3.44587500e-08,-1.37218750e-02,3.42484375e-02,8.35531250e-02
3.44987500e-08,-1.35250000e-02,3.43750000e-02,8.36218750e-02
3.45387500e-08,-1.33843750e-02,3.45453125e-02,8.36156250e-02
3.45787500e-08,-1.33062500e-02,3.47515625e-02,8.35375000e-02
3.46187500e-08,-1.33031250e-02,3.49812500e-02,8.33937500e-02
3.46587500e-08,-1.33687500e-02,3.52265625e-02,8.31843750e-02
3.46987500e-08,-1.35093750e-02,3.54734375e-02,8.29218750e-02
3.47387500e-08,-1.37156250e-02,3.57078125e-02,8.26156250e-02
3.47787500e-08,-1.39781250e-02,3.59218750e-02,8.22750000e-02
3.48187500e-08,-1.42843750e-02,3.61015625e-02,8.19187500e-02
3.48587500e-08,-1.46250000e-02,3.62390625e-02,8.15562500e-02
3.48987500e-08,-1.49781250e-02,3.63281250e-02,8.12000000e-02
3.49387500e-08,-1.53312500e-02,3.63640625e-02,8.08656250e-02
3.49787500e-08,-1.56687500e-02,3.63437500e-02,8.05656250e-02
3.50187500e-08,-1.59687500e-02,3.62671875e-02,8.03062500e-02
3.50587500e-08,-1.62218750e-02,3.61390625e-02,8.00937500e-02
3.50987500e-08,-1.64156250e-02,3.59656250e-02,7.99375000e-02
3.51387500e-08,-1.65343750e-02,3.57531250e-02,7.98375000e-02
3.51787500e-08,-1.65812500e-02,3.55140625e-02,7.97906250e-02
3.52187500e-08,-1.65468750e-02,3.52578125e-02,7.98000000e-02
3.52587500e-08,-1.64375000e-02,3.49968750e-02,7.98531250e-02
3.52987500e-08,-1.62562500e-02,3.47453125e-02,7.99468750e-02
3.53387500e-08,-1.60125000e-02,3.45125000e-02,8.00687500e-02
3.53787500e-08,-1.57156250e-02,3.43109375e-02,8.02093750e-02
3.54187500e-08,-1.53843750e-02,3.41500000e-02,8.03593750e-02
3.54587500e-08,-1.50312500e-02,3.40375000e-02,8.05031250e-02
3.54987500e-08,-1.46781250e-02,3.39796875e-02,8.06343750e-02
3.55387500e-08,-1.43375000e-02,3.39765625e-02,8.07437500e-02
3.55787500e-08,-1.40312500e-02,3.40296875e-02,8.08218750e-02
3.56187500e-08,-1.37687500e-02,3.41343750e-02,8.08625000e-02
3.56587500e-08,-1.35687500e-02,3.42890625e-02,8.08625000e-02
3.56987500e-08,-1.34375000e-02,3.44812500e-02,8.08250000e-02
3.57387500e-08,-1.33812500e-02,3.47031250e-02,8.07437500e-02
3.57787500e-08,-1.34062500e-02,3.49437500e-02,8.06312500e-02
3.58187500e-08,-1.35093750e-02,3.51906250e-02,8.04875000e-02
3.58587500e-08,-1.36875000e-02,3.54296875e-02,8.03218750e-02
3.58987500e-08,-1.39281250e-02,3.56500000e-02,8.01468750e-02
3.59387500e-08,-1.42250000e-02,3.58406250e-02,7.99687500e-02
3.59787500e-08,-1.45593750e-02,3.59906250e-02,7.98000000e-02
3.60187500e-08,-1.49187500e-02,3.60921875e-02,7.96500000e-02
3.60587500e-08,-1.52812500e-02,3.61390625e-02,7.95312500e-02
3.60987500e-08,-1.56312500e-02,3.61296875e-02,7.94500000e-02
3.61387500e-08,-1.59531250e-02,3.60625000e-02,7.94125000e-02
3.61787500e-08,-1.62312500e-02,3.59406250e-02,7.94281250e-02
3.62187500e-08,-1.64468750e-02,3.57703125e-02,7.94937500e-02
3.62587500e-08,-1.65968750e-02,3.55578125e-02,7.96125000e-02
3.62987500e-08,-1.66687500e-02,3.53125000e-02,7.97781250e-02
3.63387500e-08,-1.66625000e-02,3.50468750e-02,7.99906250e-02
3.63787500e-08,-1.65781250e-02,3.47750000e-02,8.02406250e-02
3.64187500e-08,-1.64156250e-02,3.45062500e-02,8.05156250e-02
3.64587500e-08,-1.61906250e-02,3.42562500e-02,8.08093750e-02
3.64987500e-08,-1.59093750e-02,3.40359375e-02,8.11062500e-02
3.65387500e-08,-1.55875000e-02,3.38562500e-02,8.13937500e-02
3.65787500e-08,-1.52406250e-02,3.37250000e-02,8.16656250e-02
3.66187500e-08,-1.48843750e-02,3.36484375e-02,8.19000000e-02
3.66587500e-08,-1.45437500e-02,3.36296875e-02,8.20968750e-02
3.66987500e-08,-1.42281250e-02,3.36703125e-02,8.22375000e-02
3.67387500e-08,-1.39593750e-02,3.37687500e-02,8.23218750e-02
3.67787500e-08,-1.37468750e-02,3.39203125e-02,8.23437500e-02
3.68187500e-08,-1.36062500e-02,3.41156250e-02,8.23031250e-02
3.68587500e-08,-1.35406250e-02,3.43468750e-02,8.21968750e-02
3.68987500e-08,-1.35562500e-02,3.46015625e-02,8.20312500e-02
3.69387500e-08,-1.36531250e-02,3.48671875e-02,8.18125000e-02
3.69787500e-08,-1.38250000e-02,3.51328125e-02,8.15500000e-02
3.70187500e-08,-1.40687500e-02,3.53843750e-02,8.12531250e-02
3.70587500e-08,-1.43687500e-02,3.56078125e-02,8.09312500e-02
3.70987500e-08,-1.47156250e-02,3.57953125e-02,8.06000000e-02
3.71387500e-08,-1.50875000e-02,3.59359375e-02,8.02687500e-02
3.71787500e-08,-1.54718750e-02,3.60250000e-02,7.99562500e-02
3.72187500e-08,-1.58500000e-02,3.60562500e-02,7.96687500e-02
3.72587500e-08,-1.62062500e-02,3.60296875e-02,7.94156250e-02
3.72987500e-08,-1.65218750e-02,3.59468750e-02,7.92125000e-02
3.73387500e-08,-1.67812500e-02,3.58109375e-02,7.90562500e-02
3.73787500e-08,-1.69781250e-02,3.56296875e-02,7.89593750e-02
3.74187500e-08,-1.71031250e-02,3.54140625e-02,7.89187500e-02
3.74587500e-08,-1.71468750e-02,3.51718750e-02,7.89343750e-02
3.74987500e-08,-1.71156250e-02,3.49171875e-02,7.90000000e-02
3.75387500e-08,-1.70093750e-02,3.46625000e-02,7.91125000e-02
3.75787500e-08,-1.68343750e-02,3.44203125e-02,7.92656250e-02
3.76187500e-08,-1.66031250e-02,3.42031250e-02,7.94437500e-02
3.76587500e-08,-1.63250000e-02,3.40218750e-02,7.96375000e-02
3.76987500e-08,-1.60187500e-02,3.38843750e-02,7.98406250e-02
3.77387500e-08,-1.56968750e-02,3.37984375e-02,8.00343750e-02
3.77787500e-08,-1.53812500e-02,3.37671875e-02,8.02125000e-02
3.78187500e-08,-1.50843750e-02,3.37937500e-02,8.03656250e-02
3.78587500e-08,-1.48250000e-02,3.38765625e-02,8.04843750e-02
3.78987500e-08,-1.46125000e-02,3.40093750e-02,8.05625000e-02
3.79387500e-08,-1.44625000e-02,3.41875000e-02,8.05968750e-02
3.79787500e-08,-1.43781250e-02,3.44015625e-02,8.05843750e-02
3.80187500e-08,-1.43687500e-02,3.46390625e-02,8.05281250e-02
3.80587500e-08,-1.44312500e-02,3.48890625e-02,8.04312500e-02
3.80987500e-08,-1.45656250e-02,3.51390625e-02,8.02968750e-02
3.81387500e-08,-1.47625000e-02,3.53765625e-02,8.01375000e-02
3.81787500e-08,-1.50156250e-02,3.55875000e-02,7.99593750e-02
3.82187500e-08,-1.53125000e-02,3.57640625e-02,7.97718750e-02
3.82587500e-08,-1.56343750e-02,3.58937500e-02,7.95875000e-02
3.82987500e-08,-1.59718750e-02,3.59718750e-02,7.94187500e-02
3.83387500e-08,-1.63062500e-02,3.59921875e-02,7.92750000e-02
3.83787500e-08,-1.66218750e-02,3.59531250e-02,7.91625000e-02
3.84187500e-08,-1.69031250e-02,3.58578125e-02,7.90937500e-02
3.84587500e-08,-1.71375000e-02,3.57078125e-02,7.90750000e-02
3.84987500e-08,-1.73125000e-02,3.55125000e-02,7.91031250e-02
3.85387500e-08,-1.74250000e-02,3.52781250e-02,7.91843750e-02
3.85787500e-08,-1.74687500e-02,3.50156250e-02,7.93187500e-02
3.86187500e-08,-1.74406250e-02,3.47390625e-02,7.94937500e-02
3.86587500e-08,-1.73468750e-02,3.44609375e-02,7.97093750e-02
3.86987500e-08,-1.71906250e-02,3.41921875e-02,7.99562500e-02
3.87387500e-08,-1.69812500e-02,3.39468750e-02,8.02187500e-02
3.87787500e-08,-1.67312500e-02,3.37359375e-02,8.04906250e-02
3.88187500e-08,-1.64531250e-02,3.35687500e-02,8.07531250e-02
3.88587500e-08,-1.61625000e-02,3.34546875e-02,8.10000000e-02
3.88987500e-08,-1.58781250e-02,3.33953125e-02,8.12125000e-02
3.89387500e-08,-1.56093750e-02,3.33953125e-02,8.13843750e-02
3.89787500e-08,-1.53750000e-02,3.34515625e-02,8.15031250e-02
3.90187500e-08,-1.51875000e-02,3.35640625e-02,8.15625000e-02
3.90587500e-08,-1.50531250e-02,3.37234375e-02,8.15593750e-02
3.90987500e-08,-1.49843750e-02,3.39218750e-02,8.14875000e-02
3.91387500e-08,-1.49843750e-02,3.41500000e-02,8.13531250e-02
3.91787500e-08,-1.50531250e-02,3.43937500e-02,8.11562500e-02
3.92187500e-08,-1.51906250e-02,3.46421875e-02,8.09062500e-02
3.92587500e-08,-1.53875000e-02,3.48812500e-02,8.06093750e-02
3.92987500e-08,-1.56406250e-02,3.50984375e-02,8.02781250e-02
3.93387500e-08,-1.59343750e-02,3.52828125e-02,7.99281250e-02
3.93787500e-08,-1.62562500e-02,3.54234375e-02,7.95718750e-02
3.94187500e-08,-1.65906250e-02,3.55140625e-02,7.92218750e-02
3.94587500e-08,-1.69281250e-02,3.55484375e-02,7.88906250e-02
3.94987500e-08,-1.72468750e-02,3.55234375e-02,7.85968750e-02
3.95387500e-08,-1.75343750e-02,3.54421875e-02,7.83500000e-02
3.95787500e-08,-1.77812500e-02,3.53046875e-02,7.81562500e-02
3.96187500e-08,-1.79718750e-02,3.51171875e-02,7.80250000e-02
3.96587500e-08,-1.81000000e-02,3.48906250e-02,7.79593750e-02
3.96987500e-08,-1.81625000e-02,3.46343750e-02,7.79625000e-02
3.97387500e-08,-1.81562500e-02,3.43609375e-02,7.80281250e-02
3.97787500e-08,-1.80812500e-02,3.40812500e-02,7.81562500e-02
3.98187500e-08,-1.79406250e-02,3.38109375e-02,7.83375000e-02
3.98587500e-08,-1.77468750e-02,3.35625000e-02,7.85625000e-02
3.98987500e-08,-1.75093750e-02,3.33468750e-02,7.88156250e-02
3.99387500e-08,-1.72406250e-02,3.31765625e-02,7.90875000e-02
3.99787500e-08,-1.69500000e-02,3.30562500e-02,7.93656250e-02
4.00187500e-08,-1.66593750e-02,3.29953125e-02,7.96312500e-02
4.00587500e-08,-1.63781250e-02,3.29953125e-02,7.98781250e-02
4.00987500e-08,-1.61218750e-02,3.30546875e-02,8.00906250e-02
4.01387500e-08,-1.59062500e-02,3.31734375e-02,8.02593750e-02
4.01787500e-08,-1.57375000e-02,3.33437500e-02,8.03781250e-02
4.02187500e-08,-1.56281250e-02,3.35593750e-02,8.04437500e-02
4.02587500e-08,-1.55781250e-02,3.38062500e-02,8.04531250e-02
4.02987500e-08,-1.55968750e-02,3.40750000e-02,8.04062500e-02
4.03387500e-08,-1.56812500e-02,3.43500000e-02,8.03125000e-02
4.03787500e-08,-1.58218750e-02,3.46187500e-02,8.01718750e-02
4.04187500e-08,-1.60187500e-02,3.48687500e-02,7.99937500e-02
4.04587500e-08,-1.62562500e-02,3.50859375e-02,7.97937500e-02
4.04987500e-08,-1.65281250e-02,3.52593750e-02,7.95843750e-02
4.05387500e-08,-1.68156250e-02,3.53812500e-02,7.93718750e-02
4.05787500e-08,-1.71031250e-02,3.54421875e-02,7.91687500e-02
4.06187500e-08,-1.73812500e-02,3.54406250e-02,7.89937500e-02
4.06587500e-08,-1.76312500e-02,3.53765625e-02,7.88500000e-02
4.06987500e-08,-1.78437500e-02,3.52500000e-02,7.87500000e-02
4.07387500e-08,-1.80031250e-02,3.50671875e-02,7.86937500e-02
4.07787500e-08,-1.81031250e-02,3.48375000e-02,7.86906250e-02
4.08187500e-08,-1.81406250e-02,3.45687500e-02,7.87406250e-02
4.08587500e-08,-1.81062500e-02,3.42765625e-02,7.88375000e-02
4.08987500e-08,-1.80093750e-02,3.39718750e-02,7.89781250e-02
4.09387500e-08,-1.78468750e-02,3.36703125e-02,7.91531250e-02
4.09787500e-08,-1.76281250e-02,3.33859375e-02,7.93562500e-02
4.10187500e-08,-1.73625000e-02,3.31312500e-02,7.95750000e-02
4.10587500e-08,-1.70656250e-02,3.29187500e-02,7.97937500e-02
4.10987500e-08,-1.67500000e-02,3.27578125e-02,8.00062500e-02
4.11387500e-08,-1.64281250e-02,3.26546875e-02,8.01968750e-02
4.11787500e-08,-1.61187500e-02,3.26171875e-02,8.03531250e-02
4.12187500e-08,-1.58375000e-02,3.26453125e-02,8.04687500e-02
4.12587500e-08,-1.55968750e-02,3.27375000e-02,8.05343750e-02
4.12987500e-08,-1.54062500e-02,3.28890625e-02,8.05437500e-02
4.13387500e-08,-1.52812500e-02,3.30937500e-02,8.04968750e-02
4.13787500e-08,-1.52281250e-02,3.33390625e-02,8.03906250e-02
4.14187500e-08,-1.52437500e-02,3.36140625e-02,8.02343750e-02
4.14587500e-08,-1.53375000e-02,3.39062500e-02,8.00281250e-02
4.14987500e-08,-1.55000000e-02,3.42015625e-02,7.97812500e-02
4.15387500e-08,-1.57281250e-02,3.44843750e-02,7.95062500e-02
4.15787500e-08,-1.60093750e-02,3.47421875e-02,7.92125000e-02
4.16187500e-08,-1.63343750e-02,3.49625000e-02,7.89125000e-02
4.16587500e-08,-1.66875000e-02,3.51328125e-02,7.86218750e-02
4.16987500e-08,-1.70531250e-02,3.52484375e-02,7.83500000e-02
4.17387500e-08,-1.74125000e-02,3.53015625e-02,7.81093750e-02
4.17787500e-08,-1.77562500e-02,3.52906250e-02,7.79093750e-02
4.18187500e-08,-1.80656250e-02,3.52171875e-02,7.77562500e-02
4.18587500e-08,-1.83250000e-02,3.50828125e-02,7.76562500e-02
4.18987500e-08,-1.85250000e-02,3.48968750e-02,7.76156250e-02
4.19387500e-08,-1.86593750e-02,3.46687500e-02,7.76281250e-02
4.19787500e-08,-1.87250000e-02,3.44062500e-02,7.76906250e-02
4.20187500e-08,-1.87125000e-02,3.41265625e-02,7.78031250e-02
4.20587500e-08,-1.86312500e-02,3.38421875e-02,7.79562500e-02
4.20987500e-08,-1.84812500e-02,3.35656250e-02,7.81375000e-02
4.21387500e-08,-1.82750000e-02,3.33125000e-02,7.83375000e-02
4.21787500e-08,-1.80250000e-02,3.30921875e-02,7.85437500e-02
4.22187500e-08,-1.77406250e-02,3.29187500e-02,7.87500000e-02
4.22587500e-08,-1.74406250e-02,3.27984375e-02,7.89375000e-02
4.22987500e-08,-1.71406250e-02,3.27375000e-02,7.91031250e-02
4.23387500e-08,-1.68531250e-02,3.27375000e-02,7.92343750e-02
4.23787500e-08,-1.65968750e-02,3.27984375e-02,7.93281250e-02
4.24187500e-08,-1.63843750e-02,3.29171875e-02,7.93750000e-02
4.24587500e-08,-1.62312500e-02,3.30875000e-02,7.93812500e-02
4.24987500e-08,-1.61406250e-02,3.33000000e-02,7.93406250e-02
4.25387500e-08,-1.61218750e-02,3.35421875e-02,7.92625000e-02
4.25787500e-08,-1.61750000e-02,3.38031250e-02,7.91468750e-02
4.26187500e-08,-1.63000000e-02,3.40687500e-02,7.90062500e-02
4.26587500e-08,-1.64937500e-02,3.43265625e-02,7.88500000e-02
4.26987500e-08,-1.67468750e-02,3.45609375e-02,7.86843750e-02
4.27387500e-08,-1.70468750e-02,3.47593750e-02,7.85218750e-02
4.27787500e-08,-1.73843750e-02,3.49140625e-02,7.83718750e-02
4.28187500e-08,-1.77437500e-02,3.50156250e-02,7.82437500e-02
4.28587500e-08,-1.81062500e-02,3.50578125e-02,7.81468750e-02
4.28987500e-08,-1.84562500e-02,3.50375000e-02,7.80875000e-02
4.29387500e-08,-1.87812500e-02,3.49562500e-02,7.80687500e-02
4.29787500e-08,-1.90625000e-02,3.48171875e-02,7.80906250e-02
4.30187500e-08,-1.92937500e-02,3.46265625e-02,7.81562500e-02
4.30587500e-08,-1.94625000e-02,3.43937500e-02,7.82625000e-02
4.30987500e-08,-1.95593750e-02,3.41281250e-02,7.84000000e-02
4.31387500e-08,-1.95875000e-02,3.38437500e-02,7.85625000e-02
4.31787500e-08,-1.95437500e-02,3.35546875e-02,7.87437500e-02
4.32187500e-08,-1.94312500e-02,3.32718750e-02,7.89312500e-02
4.32587500e-08,-1.92593750e-02,3.30109375e-02,7.91156250e-02
4.32987500e-08,-1.90375000e-02,3.27859375e-02,7.92843750e-02
4.33387500e-08,-1.87781250e-02,3.26031250e-02,7.94281250e-02
4.33787500e-08,-1.84937500e-02,3.24750000e-02,7.95343750e-02
4.34187500e-08,-1.82062500e-02,3.24046875e-02,7.96000000e-02
4.34587500e-08,-1.79250000e-02,3.23984375e-02,7.96156250e-02
4.34987500e-08,-1.76656250e-02,3.24531250e-02,7.95812500e-02
4.35387500e-08,-1.74468750e-02,3.25671875e-02,7.94906250e-02
4.35787500e-08,-1.72781250e-02,3.27343750e-02,7.93500000e-02
4.36187500e-08,-1.71687500e-02,3.29453125e-02,7.91625000e-02
4.36587500e-08,-1.71250000e-02,3.31921875e-02,7.89312500e-02
4.36987500e-08,-1.71531250e-02,3.34609375e-02,7.86687500e-02
4.37387500e-08,-1.72531250e-02,3.37375000e-02,7.83843750e-02
4.37787500e-08,-1.74156250e-02,3.40093750e-02,7.80875000e-02
4.38187500e-08,-1.76406250e-02,3.42625000e-02,7.77906250e-02
4.38587500e-08,-1.79156250e-02,3.44843750e-02,7.75093750e-02
4.38987500e-08,-1.82281250e-02,3.46656250e-02,7.72500000e-02
4.39387500e-08,-1.85656250e-02,3.47953125e-02,7.70281250e-02
4.39787500e-08,-1.89125000e-02,3.48671875e-02,7.68500000e-02
4.40187500e-08,-1.92531250e-02,3.48796875e-02,7.67218750e-02
4.40587500e-08,-1.95687500e-02,3.48312500e-02,7.66500000e-02
4.40987500e-08,-1.98500000e-02,3.47234375e-02,7.66375000e-02
4.41387500e-08,-2.00843750e-02,3.45625000e-02,7.66812500e-02
4.41787500e-08,-2.02562500e-02,3.43562500e-02,7.67812500e-02
4.42187500e-08,-2.03656250e-02,3.41125000e-02,7.69281250e-02
4.42587500e-08,-2.04062500e-02,3.38453125e-02,7.71156250e-02
4.42987500e-08,-2.03781250e-02,3.35671875e-02,7.73343750e-02
4.43387500e-08,-2.02843750e-02,3.32906250e-02,7.75750000e-02
4.43787500e-08,-2.01281250e-02,3.30296875e-02,7.78218750e-02
4.44187500e-08,-1.99218750e-02,3.27953125e-02,7.80687500e-02
4.44587500e-08,-1.96781250e-02,3.25984375e-02,7.82968750e-02
4.44987500e-08,-1.94093750e-02,3.24468750e-02,7.85000000e-02
4.45387500e-08,-1.91312500e-02,3.23500000e-02,7.86687500e-02
4.45787500e-08,-1.88562500e-02,3.23093750e-02,7.87937500e-02
4.46187500e-08,-1.86031250e-02,3.23281250e-02,7.88687500e-02
4.46587500e-08,-1.83843750e-02,3.24015625e-02,7.88906250e-02
4.46987500e-08,-1.82125000e-02,3.25265625e-02,7.88593750e-02
4.47387500e-08,-1.80968750e-02,3.26953125e-02,7.87750000e-02
4.47787500e-08,-1.80468750e-02,3.28984375e-02,7.86437500e-02
4.48187500e-08,-1.80656250e-02,3.31265625e-02,7.84718750e-02
4.48587500e-08,-1.81500000e-02,3.33671875e-02,7.82656250e-02
4.48987500e-08,-1.83031250e-02,3.36046875e-02,7.80375000e-02
4.49387500e-08,-1.85156250e-02,3.38296875e-02,7.77968750e-02
4.49787500e-08,-1.87781250e-02,3.40296875e-02,7.75531250e-02
4.50187500e-08,-1.90843750e-02,3.41937500e-02,7.73187500e-02
4.50587500e-08,-1.94125000e-02,3.43140625e-02,7.71062500e-02
4.50987500e-08,-1.97531250e-02,3.43828125e-02,7.69250000e-02
4.51387500e-08,-2.00906250e-02,3.43968750e-02,7.67812500e-02
4.51787500e-08,-2.04125000e-02,3.43546875e-02,7.66843750e-02
4.52187500e-08,-2.06968750e-02,3.42593750e-02,7.66343750e-02
4.52587500e-08,-2.09375000e-02,3.41125000e-02,7.66375000e-02
4.52987500e-08,-2.11250000e-02,3.39234375e-02,7.66906250e-02
4.53387500e-08,-2.12468750e-02,3.37000000e-02,7.67906250e-02
4.53787500e-08,-2.13000000e-02,3.34515625e-02,7.69343750e-02
4.54187500e-08,-2.12843750e-02,3.31937500e-02,7.71125000e-02
4.54587500e-08,-2.12031250e-02,3.29359375e-02,7.73218750e-02
4.54987500e-08,-2.10625000e-02,3.26906250e-02,7.75437500e-02
4.55387500e-08,-2.08656250e-02,3.24703125e-02,7.77750000e-02
4.55787500e-08,-2.06281250e-02,3.22859375e-02,7.80000000e-02
4.56187500e-08,-2.03625000e-02,3.21453125e-02,7.82093750e-02
4.56587500e-08,-2.00843750e-02,3.20546875e-02,7.83937500e-02
4.56987500e-08,-1.98031250e-02,3.20203125e-02,7.85437500e-02
4.57387500e-08,-1.95375000e-02,3.20437500e-02,7.86500000e-02
4.57787500e-08,-1.93031250e-02,3.21218750e-02,7.87093750e-02
4.58187500e-08,-1.91093750e-02,3.22515625e-02,7.87187500e-02
4.58587500e-08,-1.89656250e-02,3.24265625e-02,7.86718750e-02
4.58987500e-08,-1.88843750e-02,3.26390625e-02,7.85750000e-02
4.59387500e-08,-1.88656250e-02,3.28781250e-02,7.84312500e-02
4.59787500e-08,-1.89156250e-02,3.31328125e-02,7.82468750e-02
4.60187500e-08,-1.90281250e-02,3.33906250e-02,7.80250000e-02
4.60587500e-08,-1.91968750e-02,3.36390625e-02,7.77781250e-02
4.60987500e-08,-1.94187500e-02,3.38656250e-02,7.75156250e-02
4.61387500e-08,-1.96812500e-02,3.40609375e-02,7.72500000e-02
4.61787500e-08,-1.99687500e-02,3.42140625e-02,7.69906250e-02
4.62187500e-08,-2.02718750e-02,3.43187500e-02,7.67500000e-02
4.62587500e-08,-2.05718750e-02,3.43703125e-02,7.65375000e-02
4.62987500e-08,-2.08531250e-02,3.43656250e-02,7.63625000e-02
4.63387500e-08,-2.11062500e-02,3.43062500e-02,7.62312500e-02
4.63787500e-08,-2.13187500e-02,3.41937500e-02,7.61468750e-02
4.64187500e-08,-2.14750000e-02,3.40343750e-02,7.61187500e-02
4.64587500e-08,-2.15687500e-02,3.38359375e-02,7.61437500e-02
4.64987500e-08,-2.16000000e-02,3.36078125e-02,7.62218750e-02
4.65387500e-08,-2.15593750e-02,3.33609375e-02,7.63468750e-02
4.65787500e-08,-2.14562500e-02,3.31062500e-02,7.65156250e-02
4.66187500e-08,-2.12937500e-02,3.28578125e-02,7.67218750e-02
4.66587500e-08,-2.10781250e-02,3.26250000e-02,7.69500000e-02
4.66987500e-08,-2.08187500e-02,3.24203125e-02,7.71937500e-02
4.67387500e-08,-2.05343750e-02,3.22515625e-02,7.74406250e-02
4.67787500e-08,-2.02343750e-02,3.21265625e-02,7.76812500e-02
4.68187500e-08,-1.99343750e-02,3.20531250e-02,7.79031250e-02
4.68587500e-08,-1.96531250e-02,3.20312500e-02,7.80968750e-02
4.68987500e-08,-1.94000000e-02,3.20640625e-02,7.82531250e-02
4.69387500e-08,-1.91937500e-02,3.21468750e-02,7.83625000e-02
4.69787500e-08,-1.90406250e-02,3.22750000e-02,7.84218750e-02
4.70187500e-08,-1.89531250e-02,3.24437500e-02,7.84312500e-02
4.70587500e-08,-1.89312500e-02,3.26421875e-02,7.83812500e-02
4.70987500e-08,-1.89812500e-02,3.28609375e-02,7.82812500e-02
4.71387500e-08,-1.91000000e-02,3.30875000e-02,7.81343750e-02
4.71787500e-08,-1.92812500e-02,3.33125000e-02,7.79406250e-02
4.72187500e-08,-1.95187500e-02,3.35218750e-02,7.77156250e-02
4.72587500e-08,-1.98031250e-02,3.37062500e-02,7.74625000e-02
4.72987500e-08,-2.01156250e-02,3.38546875e-02,7.71968750e-02
4.73387500e-08,-2.04468750e-02,3.39609375e-02,7.69250000e-02
4.73787500e-08,-2.07781250e-02,3.40203125e-02,7.66562500e-02
4.74187500e-08,-2.10937500e-02,3.40265625e-02,7.64093750e-02
4.74587500e-08,-2.13812500e-02,3.39796875e-02,7.61843750e-02
4.74987500e-08,-2.16218750e-02,3.38828125e-02,7.59968750e-02
4.75387500e-08,-2.18093750e-02,3.37390625e-02,7.58468750e-02
4.75787500e-08,-2.19281250e-02,3.35546875e-02,7.57437500e-02
4.76187500e-08,-2.19781250e-02,3.33390625e-02,7.56875000e-02
4.76587500e-08,-2.19531250e-02,3.31031250e-02,7.56781250e-02
4.76987500e-08,-2.18562500e-02,3.28562500e-02,7.57093750e-02
4.77387500e-08,-2.16875000e-02,3.26109375e-02,7.57843750e-02
4.77787500e-08,-2.14625000e-02,3.23796875e-02,7.58875000e-02
4.78187500e-08,-2.11843750e-02,3.21734375e-02,7.60187500e-02
4.78587500e-08,-2.08687500e-02,3.20015625e-02,7.61625000e-02
4.78987500e-08,-2.05312500e-02,3.18703125e-02,7.63125000e-02
4.79387500e-08,-2.01875000e-02,3.17906250e-02,7.64593750e-02
4.79787500e-08,-1.98562500e-02,3.17625000e-02,7.65906250e-02
4.80187500e-08,-1.95531250e-02,3.17890625e-02,7.66968750e-02
4.80587500e-08,-1.92906250e-02,3.18671875e-02,7.67750000e-02
4.80987500e-08,-1.90843750e-02,3.19953125e-02,7.68156250e-02
4.81387500e-08,-1.89437500e-02,3.21656250e-02,7.68156250e-02
4.81787500e-08,-1.88781250e-02,3.23687500e-02,7.67718750e-02
4.82187500e-08,-1.88875000e-02,3.25968750e-02,7.66843750e-02
4.82587500e-08,-1.89781250e-02,3.28375000e-02,7.65625000e-02
4.82987500e-08,-1.91406250e-02,3.30781250e-02,7.64031250e-02
4.83387500e-08,-1.93750000e-02,3.33062500e-02,7.62187500e-02
4.83787500e-08,-1.96656250e-02,3.35125000e-02,7.60156250e-02
4.84187500e-08,-2.00031250e-02,3.36828125e-02,7.58031250e-02
4.84587500e-08,-2.03718750e-02,3.38109375e-02,7.55906250e-02
4.84987500e-08,-2.07562500e-02,3.38890625e-02,7.53906250e-02
4.85387500e-08,-2.11406250e-02,3.39125000e-02,7.52125000e-02
4.85787500e-08,-2.15062500e-02,3.38781250e-02,7.50656250e-02
4.86187500e-08,-2.18375000e-02,3.37890625e-02,7.49562500e-02
4.86587500e-08,-2.21250000e-02,3.36468750e-02,7.48875000e-02
4.86987500e-08,-2.23500000e-02,3.34593750e-02,7.48687500e-02
4.87387500e-08,-2.25093750e-02,3.32328125e-02,7.48968750e-02
4.87787500e-08,-2.25968750e-02,3.29781250e-02,7.49718750e-02
4.88187500e-08,-2.26125000e-02,3.27078125e-02,7.50937500e-02
4.88587500e-08,-2.25531250e-02,3.24343750e-02,7.52500000e-02
4.88987500e-08,-2.24250000e-02,3.21703125e-02,7.54375000e-02
4.89387500e-08,-2.22406250e-02,3.19265625e-02,7.56468750e-02
4.89787500e-08,-2.20062500e-02,3.17156250e-02,7.58656250e-02
4.90187500e-08,-2.17406250e-02,3.15484375e-02,7.60843750e-02
4.90587500e-08,-2.14531250e-02,3.14312500e-02,7.62906250e-02
4.90987500e-08,-2.11656250e-02,3.13703125e-02,7.64718750e-02
4.91387500e-08,-2.08906250e-02,3.13671875e-02,7.66218750e-02
4.91787500e-08,-2.06437500e-02,3.14250000e-02,7.67312500e-02
4.92187500e-08,-2.04406250e-02,3.15359375e-02,7.67906250e-02
4.92587500e-08,-2.02875000e-02,3.16984375e-02,7.68000000e-02
4.92987500e-08,-2.02000000e-02,3.19015625e-02,7.67562500e-02
4.93387500e-08,-2.01781250e-02,3.21375000e-02,7.66562500e-02
4.93787500e-08,-2.02281250e-02,3.23921875e-02,7.65093750e-02
4.94187500e-08,-2.03468750e-02,3.26546875e-02,7.63187500e-02
4.94587500e-08,-2.05312500e-02,3.29109375e-02,7.60937500e-02
4.94987500e-08,-2.07687500e-02,3.31484375e-02,7.58375000e-02
4.95387500e-08,-2.10531250e-02,3.33531250e-02,7.55687500e-02
4.95787500e-08,-2.13718750e-02,3.35171875e-02,7.52968750e-02
4.96187500e-08,-2.17062500e-02,3.36296875e-02,7.50281250e-02
4.96587500e-08,-2.20406250e-02,3.36859375e-02,7.47812500e-02
4.96987500e-08,-2.23625000e-02,3.36828125e-02,7.45625000e-02
4.97387500e-08,-2.26562500e-02,3.36171875e-02,7.43812500e-02
4.97787500e-08,-2.29062500e-02,3.34937500e-02,7.42406250e-02
4.98187500e-08,-2.31000000e-02,3.33187500e-02,7.41531250e-02
4.98587500e-08,-2.32312500e-02,3.30968750e-02,7.41125000e-02
4.98987500e-08,-2.32937500e-02,3.28406250e-02,7.41250000e-02
4.99387500e-08,-2.32812500e-02,3.25625000e-02,7.41843750e-02
4.99787500e-08,-2.31968750e-02,3.22734375e-02,7.42843750e-02
5.00187500e-08,-2.30468750e-02,3.19875000e-02,7.44187500e-02
5.00587500e-08,-2.28406250e-02,3.17187500e-02,7.45781250e-02
5.00987500e-08,-2.25812500e-02,3.14796875e-02,7.47500000e-02
5.01387500e-08,-2.22875000e-02,3.12828125e-02,7.49281250e-02
5.01787500e-08,-2.19750000e-02,3.11359375e-02,7.51000000e-02
5.02187500e-08,-2.16562500e-02,3.10453125e-02,7.52531250e-02
5.02587500e-08,-2.13468750e-02,3.10156250e-02,7.53812500e-02
5.02987500e-08,-2.10656250e-02,3.10484375e-02,7.54718750e-02
5.03387500e-08,-2.08281250e-02,3.11421875e-02,7.55218750e-02
5.03787500e-08,-2.06406250e-02,3.12890625e-02,7.55250000e-02
5.04187500e-08,-2.05187500e-02,3.14843750e-02,7.54843750e-02
5.04587500e-08,-2.04656250e-02,3.17171875e-02,7.53968750e-02
5.04987500e-08,-2.04843750e-02,3.19765625e-02,7.52687500e-02
5.05387500e-08,-2.05812500e-02,3.22468750e-02,7.51062500e-02
5.05787500e-08,-2.07437500e-02,3.25156250e-02,7.49125000e-02
5.06187500e-08,-2.09687500e-02,3.27703125e-02,7.47031250e-02
5.06587500e-08,-2.12468750e-02,3.29953125e-02,7.44843750e-02
5.06987500e-08,-2.15656250e-02,3.31812500e-02,7.42687500e-02
5.07387500e-08,-2.19093750e-02,3.33187500e-02,7.40687500e-02
5.07787500e-08,-2.22656250e-02,3.33984375e-02,7.38906250e-02
5.08187500e-08,-2.26125000e-02,3.34171875e-02,7.37437500e-02
5.08587500e-08,-2.29375000e-02,3.33750000e-02,7.36406250e-02
5.08987500e-08,-2.32250000e-02,3.32703125e-02,7.35781250e-02
5.09387500e-08,-2.34656250e-02,3.31109375e-02,7.35656250e-02
5.09787500e-08,-2.36468750e-02,3.29031250e-02,7.36000000e-02
5.10187500e-08,-2.37593750e-02,3.26578125e-02,7.36812500e-02
5.10587500e-08,-2.38000000e-02,3.23859375e-02,7.38000000e-02
5.10987500e-08,-2.37687500e-02,3.21000000e-02,7.39531250e-02
5.11387500e-08,-2.36687500e-02,3.18140625e-02,7.41312500e-02
5.11787500e-08,-2.35062500e-02,3.15421875e-02,7.43218750e-02
5.12187500e-08,-2.32906250e-02,3.12984375e-02,7.45156250e-02
5.12587500e-08,-2.30312500e-02,3.10937500e-02,7.47000000e-02
5.12987500e-08,-2.27468750e-02,3.09375000e-02,7.48625000e-02
5.13387500e-08,-2.24500000e-02,3.08375000e-02,7.49937500e-02
5.13787500e-08,-2.21531250e-02,3.07984375e-02,7.50843750e-02
5.14187500e-08,-2.18781250e-02,3.08203125e-02,7.51281250e-02
5.14587500e-08,-2.16375000e-02,3.09046875e-02,7.51156250e-02
5.14987500e-08,-2.14406250e-02,3.10437500e-02,7.50500000e-02
5.15387500e-08,-2.13000000e-02,3.12312500e-02,7.49312500e-02
5.15787500e-08,-2.12281250e-02,3.14562500e-02,7.47593750e-02
5.16187500e-08,-2.12250000e-02,3.17093750e-02,7.45437500e-02
5.16587500e-08,-2.12906250e-02,3.19765625e-02,7.42875000e-02
5.16987500e-08,-2.14281250e-02,3.22437500e-02,7.40062500e-02
5.17387500e-08,-2.16281250e-02,3.24984375e-02,7.37062500e-02
5.17787500e-08,-2.18812500e-02,3.27250000e-02,7.34062500e-02
5.18187500e-08,-2.21781250e-02,3.29156250e-02,7.31156250e-02
5.18587500e-08,-2.25093750e-02,3.30562500e-02,7.28468750e-02
5.18987500e-08,-2.28531250e-02,3.31437500e-02,7.26125000e-02
5.19387500e-08,-2.31968750e-02,3.31718750e-02,7.24218750e-02
5.19787500e-08,-2.35250000e-02,3.31390625e-02,7.22812500e-02
5.20187500e-08,-2.38218750e-02,3.30468750e-02,7.22000000e-02
5.20587500e-08,-2.40781250e-02,3.29015625e-02,7.21812500e-02
5.20987500e-08,-2.42781250e-02,3.27078125e-02,7.22187500e-02
5.21387500e-08,-2.44187500e-02,3.24781250e-02,7.23187500e-02
5.21787500e-08,-2.44906250e-02,3.22218750e-02,7.24687500e-02
5.22187500e-08,-2.44906250e-02,3.19515625e-02,7.26625000e-02
5.22587500e-08,-2.44250000e-02,3.16828125e-02,7.28875000e-02
5.22987500e-08,-2.42937500e-02,3.14281250e-02,7.31375000e-02
5.23387500e-08,-2.41093750e-02,3.12015625e-02,7.33968750e-02
5.23787500e-08,-2.38781250e-02,3.10109375e-02,7.36500000e-02
5.24187500e-08,-2.36156250e-02,3.08687500e-02,7.38875000e-02
5.24587500e-08,-2.33343750e-02,3.07812500e-02,7.40937500e-02
5.24987500e-08,-2.30500000e-02,3.07531250e-02,7.42625000e-02
5.25387500e-08,-2.27781250e-02,3.07843750e-02,7.43781250e-02
5.25787500e-08,-2.25343750e-02,3.08750000e-02,7.44406250e-02
5.26187500e-08,-2.23312500e-02,3.10187500e-02,7.44468750e-02
5.26587500e-08,-2.21781250e-02,3.12078125e-02,7.43906250e-02
5.26987500e-08,-2.20875000e-02,3.14359375e-02,7.42750000e-02
5.27387500e-08,-2.20625000e-02,3.16875000e-02,7.41093750e-02
5.27787500e-08,-2.21062500e-02,3.19531250e-02,7.39000000e-02
5.28187500e-08,-2.22187500e-02,3.22171875e-02,7.36531250e-02
5.28587500e-08,-2.23937500e-02,3.24687500e-02,7.33843750e-02
5.28987500e-08,-2.26250000e-02,3.26921875e-02,7.31062500e-02
5.29387500e-08,-2.29062500e-02,3.28781250e-02,7.28281250e-02
5.29787500e-08,-2.32218750e-02,3.30171875e-02,7.25687500e-02
5.30187500e-08,-2.35562500e-02,3.31015625e-02,7.23343750e-02
5.30587500e-08,-2.39000000e-02,3.31265625e-02,7.21406250e-02
5.30987500e-08,-2.42343750e-02,3.30921875e-02,7.19937500e-02
5.31387500e-08,-2.45468750e-02,3.30000000e-02,7.19031250e-02
5.31787500e-08,-2.48218750e-02,3.28531250e-02,7.18718750e-02
5.32187500e-08,-2.50500000e-02,3.26593750e-02,7.19031250e-02
5.32587500e-08,-2.52218750e-02,3.24265625e-02,7.19906250e-02
5.32987500e-08,-2.53281250e-02,3.21687500e-02,7.21343750e-02
5.33387500e-08,-2.53687500e-02,3.18953125e-02,7.23281250e-02
5.33787500e-08,-2.53437500e-02,3.16203125e-02,7.25593750e-02
5.34187500e-08,-2.52531250e-02,3.13578125e-02,7.28187500e-02
5.34587500e-08,-2.51062500e-02,3.11187500e-02,7.30937500e-02
5.34987500e-08,-2.49093750e-02,3.09140625e-02,7.33718750e-02
5.35387500e-08,-2.46781250e-02,3.07546875e-02,7.36375000e-02
5.35787500e-08,-2.44187500e-02,3.06468750e-02,7.38781250e-02
5.36187500e-08,-2.41500000e-02,3.05953125e-02,7.40843750e-02
5.36587500e-08,-2.38843750e-02,3.06000000e-02,7.42468750e-02
5.36987500e-08,-2.36375000e-02,3.06625000e-02,7.43531250e-02
5.37387500e-08,-2.34218750e-02,3.07765625e-02,7.44031250e-02
5.37787500e-08,-2.32468750e-02,3.09375000e-02,7.43906250e-02
5.38187500e-08,-2.31218750e-02,3.11343750e-02,7.43187500e-02
5.38587500e-08,-2.30562500e-02,3.13593750e-02,7.41875000e-02
5.38987500e-08,-2.30531250e-02,3.16000000e-02,7.40031250e-02
5.39387500e-08,-2.31093750e-02,3.18421875e-02,7.37781250e-02
5.39787500e-08,-2.32250000e-02,3.20765625e-02,7.35156250e-02
5.40187500e-08,-2.33968750e-02,3.22875000e-02,7.32312500e-02
5.40587500e-08,-2.36093750e-02,3.24671875e-02,7.29375000e-02
5.40987500e-08,-2.38562500e-02,3.26046875e-02,7.26468750e-02
5.41387500e-08,-2.41250000e-02,3.26953125e-02,7.23750000e-02
5.41787500e-08,-2.44031250e-02,3.27312500e-02,7.21281250e-02
5.42187500e-08,-2.46750000e-02,3.27125000e-02,7.19218750e-02
5.42587500e-08,-2.49250000e-02,3.26406250e-02,7.17593750e-02
5.42987500e-08,-2.51437500e-02,3.25171875e-02,7.16531250e-02
5.43387500e-08,-2.53187500e-02,3.23484375e-02,7.16062500e-02
5.43787500e-08,-2.54406250e-02,3.21437500e-02,7.16156250e-02
5.44187500e-08,-2.55031250e-02,3.19125000e-02,7.16812500e-02
5.44587500e-08,-2.55031250e-02,3.16656250e-02,7.18031250e-02
5.44987500e-08,-2.54375000e-02,3.14156250e-02,7.19687500e-02
5.45387500e-08,-2.53125000e-02,3.11734375e-02,7.21750000e-02
5.45787500e-08,-2.51312500e-02,3.09500000e-02,7.24062500e-02
5.46187500e-08,-2.49062500e-02,3.07578125e-02,7.26562500e-02
5.46587500e-08,-2.46437500e-02,3.06046875e-02,7.29093750e-02
5.46987500e-08,-2.43562500e-02,3.04984375e-02,7.31531250e-02
5.47387500e-08,-2.40593750e-02,3.04437500e-02,7.33781250e-02
5.47787500e-08,-2.37656250e-02,3.04421875e-02,7.35718750e-02
5.48187500e-08,-2.34906250e-02,3.04921875e-02,7.37281250e-02
5.48587500e-08,-2.32468750e-02,3.05937500e-02,7.38375000e-02
5.48987500e-08,-2.30437500e-02,3.07390625e-02,7.38968750e-02
5.49387500e-08,-2.28937500e-02,3.09234375e-02,7.39031250e-02
5.49787500e-08,-2.28000000e-02,3.11328125e-02,7.38562500e-02
5.50187500e-08,-2.27687500e-02,3.13609375e-02,7.37593750e-02
5.50587500e-08,-2.28000000e-02,3.15937500e-02,7.36187500e-02
5.50987500e-08,-2.28906250e-02,3.18203125e-02,7.34437500e-02
5.51387500e-08,-2.30375000e-02,3.20296875e-02,7.32375000e-02
5.51787500e-08,-2.32312500e-02,3.22109375e-02,7.30156250e-02
5.52187500e-08,-2.34593750e-02,3.23546875e-02,7.27906250e-02
5.52587500e-08,-2.37125000e-02,3.24531250e-02,7.25687500e-02
5.52987500e-08,-2.39750000e-02,3.25031250e-02,7.23656250e-02
5.53387500e-08,-2.42343750e-02,3.25000000e-02,7.21906250e-02
5.53787500e-08,-2.44781250e-02,3.24437500e-02,7.20500000e-02
5.54187500e-08,-2.46906250e-02,3.23359375e-02,7.19531250e-02
5.54587500e-08,-2.48593750e-02,3.21843750e-02,7.19062500e-02
5.54987500e-08,-2.49781250e-02,3.19937500e-02,7.19093750e-02
5.55387500e-08,-2.50375000e-02,3.17718750e-02,7.19656250e-02
5.55787500e-08,-2.50343750e-02,3.15312500e-02,7.20718750e-02
5.56187500e-08,-2.49687500e-02,3.12812500e-02,7.22187500e-02
5.56587500e-08,-2.48437500e-02,3.10343750e-02,7.24031250e-02
5.56987500e-08,-2.46593750e-02,3.08031250e-02,7.26156250e-02
5.57387500e-08,-2.44281250e-02,3.05953125e-02,7.28468750e-02
5.57787500e-08,-2.41625000e-02,3.04218750e-02,7.30843750e-02
5.58187500e-08,-2.38687500e-02,3.02921875e-02,7.33156250e-02
5.58587500e-08,-2.35625000e-02,3.02093750e-02,7.35281250e-02
5.58987500e-08,-2.32593750e-02,3.01781250e-02,7.37156250e-02
5.59387500e-08,-2.29750000e-02,3.01984375e-02,7.38625000e-02
5.59787500e-08,-2.27187500e-02,3.02687500e-02,7.39656250e-02
5.60187500e-08,-2.25031250e-02,3.03875000e-02,7.40156250e-02
5.60587500e-08,-2.23406250e-02,3.05453125e-02,7.40125000e-02
5.60987500e-08,-2.22375000e-02,3.07343750e-02,7.39531250e-02
5.61387500e-08,-2.21968750e-02,3.09468750e-02,7.38375000e-02
5.61787500e-08,-2.22187500e-02,3.11703125e-02,7.36750000e-02
5.62187500e-08,-2.23062500e-02,3.13921875e-02,7.34687500e-02
5.62587500e-08,-2.24500000e-02,3.16046875e-02,7.32281250e-02
5.62987500e-08,-2.26437500e-02,3.17937500e-02,7.29656250e-02
5.63387500e-08,-2.28781250e-02,3.19515625e-02,7.26875000e-02
5.63787500e-08,-2.31375000e-02,3.20687500e-02,7.24125000e-02
5.64187500e-08,-2.34156250e-02,3.21390625e-02,7.21468750e-02
5.64587500e-08,-2.36906250e-02,3.21609375e-02,7.19093750e-02
5.64987500e-08,-2.39531250e-02,3.21296875e-02,7.17031250e-02
5.65387500e-08,-2.41906250e-02,3.20468750e-02,7.15375000e-02
5.65787500e-08,-2.43875000e-02,3.19187500e-02,7.14250000e-02
5.66187500e-08,-2.45343750e-02,3.17484375e-02,7.13687500e-02
5.66587500e-08,-2.46281250e-02,3.15437500e-02,7.13656250e-02
5.66987500e-08,-2.46593750e-02,3.13171875e-02,7.14187500e-02
5.67387500e-08,-2.46312500e-02,3.10765625e-02,7.15250000e-02
5.67787500e-08,-2.45406250e-02,3.08343750e-02,7.16781250e-02
5.68187500e-08,-2.43937500e-02,3.06015625e-02,7.18656250e-02
5.68587500e-08,-2.42000000e-02,3.03906250e-02,7.20843750e-02
5.68987500e-08,-2.39687500e-02,3.02093750e-02,7.23156250e-02
5.69387500e-08,-2.37093750e-02,3.00703125e-02,7.25500000e-02
5.69787500e-08,-2.34375000e-02,2.99750000e-02,7.27781250e-02
5.70187500e-08,-2.31687500e-02,2.99328125e-02,7.29843750e-02
5.70587500e-08,-2.29156250e-02,2.99421875e-02,7.31562500e-02
5.70987500e-08,-2.26937500e-02,3.00046875e-02,7.32875000e-02
5.71387500e-08,-2.25093750e-02,3.01156250e-02,7.33687500e-02
5.71787500e-08,-2.23781250e-02,3.02687500e-02,7.33968750e-02
5.72187500e-08,-2.23062500e-02,3.04578125e-02,7.33656250e-02
5.72587500e-08,-2.22968750e-02,3.06718750e-02,7.32812500e-02
5.72987500e-08,-2.23531250e-02,3.09015625e-02,7.31375000e-02
5.73387500e-08,-2.24750000e-02,3.11343750e-02,7.29500000e-02
5.73787500e-08,-2.26531250e-02,3.13578125e-02,7.27218750e-02
5.74187500e-08,-2.28843750e-02,3.15593750e-02,7.24625000e-02
5.74587500e-08,-2.31562500e-02,3.17312500e-02,7.21875000e-02
5.74987500e-08,-2.34593750e-02,3.18609375e-02,7.19062500e-02
5.75387500e-08,-2.37750000e-02,3.19437500e-02,7.16312500e-02
5.75787500e-08,-2.40937500e-02,3.19734375e-02,7.13781250e-02
5.76187500e-08,-2.43968750e-02,3.19484375e-02,7.11562500e-02
5.76587500e-08,-2.46718750e-02,3.18687500e-02,7.09781250e-02
5.76987500e-08,-2.49093750e-02,3.17375000e-02,7.08500000e-02
5.77387500e-08,-2.50937500e-02,3.15609375e-02,7.07750000e-02
5.77787500e-08,-2.52187500e-02,3.13468750e-02,7.07593750e-02
5.78187500e-08,-2.52812500e-02,3.11031250e-02,7.08031250e-02
5.78587500e-08,-2.52750000e-02,3.08437500e-02,7.09000000e-02
5.78987500e-08,-2.52031250e-02,3.05812500e-02,7.10500000e-02
5.79387500e-08,-2.50687500e-02,3.03265625e-02,7.12375000e-02
5.79787500e-08,-2.48812500e-02,3.00921875e-02,7.14593750e-02
5.80187500e-08,-2.46468750e-02,2.98890625e-02,7.17000000e-02
5.80587500e-08,-2.43812500e-02,2.97296875e-02,7.19437500e-02
5.80987500e-08,-2.40968750e-02,2.96187500e-02,7.21812500e-02
5.81387500e-08,-2.38093750e-02,2.95625000e-02,7.24000000e-02
5.81787500e-08,-2.35312500e-02,2.95640625e-02,7.25843750e-02
5.82187500e-08,-2.32812500e-02,2.96250000e-02,7.27250000e-02
5.82587500e-08,-2.30687500e-02,2.97390625e-02,7.28125000e-02
5.82987500e-08,-2.29062500e-02,2.99015625e-02,7.28437500e-02
5.83387500e-08,-2.28062500e-02,3.01046875e-02,7.28156250e-02
5.83787500e-08,-2.27687500e-02,3.03390625e-02,7.27218750e-02
5.84187500e-08,-2.28000000e-02,3.05921875e-02,7.25750000e-02
5.84587500e-08,-2.29000000e-02,3.08500000e-02,7.23718750e-02
5.84987500e-08,-2.30656250e-02,3.11015625e-02,7.21250000e-02
5.85387500e-08,-2.32875000e-02,3.13312500e-02,7.18437500e-02
5.85787500e-08,-2.35593750e-02,3.15296875e-02,7.15437500e-02
5.86187500e-08,-2.38656250e-02,3.16843750e-02,7.12343750e-02
5.86587500e-08,-2.41968750e-02,3.17890625e-02,7.09312500e-02
5.86987500e-08,-2.45375000e-02,3.18359375e-02,7.06500000e-02
5.87387500e-08,-2.48656250e-02,3.18218750e-02,7.03968750e-02
5.87787500e-08,-2.51750000e-02,3.17484375e-02,7.01906250e-02
5.88187500e-08,-2.54468750e-02,3.16171875e-02,7.00343750e-02
5.88587500e-08,-2.56718750e-02,3.14343750e-02,6.99375000e-02
5.88987500e-08,-2.58375000e-02,3.12078125e-02,6.99031250e-02
5.89387500e-08,-2.59375000e-02,3.09500000e-02,6.99343750e-02
5.89787500e-08,-2.59687500e-02,3.06703125e-02,7.00218750e-02
5.90187500e-08,-2.59312500e-02,3.03843750e-02,7.01656250e-02
5.90587500e-08,-2.58250000e-02,3.01046875e-02,7.03593750e-02
5.90987500e-08,-2.56562500e-02,2.98453125e-02,7.05875000e-02
5.91387500e-08,-2.54375000e-02,2.96171875e-02,7.08406250e-02
5.91787500e-08,-2.51750000e-02,2.94343750e-02,7.11031250e-02
5.92187500e-08,-2.48875000e-02,2.93046875e-02,7.13656250e-02
5.92587500e-08,-2.45843750e-02,2.92343750e-02,7.16125000e-02
5.92987500e-08,-2.42843750e-02,2.92250000e-02,7.18312500e-02
5.93387500e-08,-2.40000000e-02,2.92812500e-02,7.20093750e-02
5.93787500e-08,-2.37468750e-02,2.93968750e-02,7.21406250e-02
5.94187500e-08,-2.35375000e-02,2.95671875e-02,7.22187500e-02
5.94587500e-08,-2.33812500e-02,2.97859375e-02,7.22375000e-02
5.94987500e-08,-2.32875000e-02,3.00390625e-02,7.21968750e-02
5.95387500e-08,-2.32593750e-02,3.03171875e-02,7.21031250e-02
5.95787500e-08,-2.32968750e-02,3.06046875e-02,7.19562500e-02
5.96187500e-08,-2.34031250e-02,3.08890625e-02,7.17656250e-02
5.96587500e-08,-2.35656250e-02,3.11562500e-02,7.15406250e-02
5.96987500e-08,-2.37812500e-02,3.13921875e-02,7.12968750e-02
5.97387500e-08,-2.40343750e-02,3.15843750e-02,7.10406250e-02
5.97787500e-08,-2.43187500e-02,3.17250000e-02,7.07875000e-02
5.98187500e-08,-2.46125000e-02,3.18078125e-02,7.05531250e-02
5.98587500e-08,-2.49062500e-02,3.18265625e-02,7.03468750e-02
5.98987500e-08,-2.51843750e-02,3.17812500e-02,7.01812500e-02
5.99387500e-08,-2.54281250e-02,3.16734375e-02,7.00593750e-02
5.99787500e-08,-2.56312500e-02,3.15078125e-02,6.99906250e-02
6.00187500e-08,-2.57781250e-02,3.12921875e-02,6.99781250e-02
6.00587500e-08,-2.58625000e-02,3.10390625e-02,7.00250000e-02
6.00987500e-08,-2.58812500e-02,3.07562500e-02,7.01218750e-02
6.01387500e-08,-2.58312500e-02,3.04609375e-02,7.02687500e-02
6.01787500e-08,-2.57125000e-02,3.01640625e-02,7.04531250e-02
6.02187500e-08,-2.55343750e-02,2.98812500e-02,7.06718750e-02
6.02587500e-08,-2.53031250e-02,2.96265625e-02,7.09062500e-02
6.02987500e-08,-2.50281250e-02,2.94078125e-02,7.11468750e-02
6.03387500e-08,-2.47281250e-02,2.92390625e-02,7.13812500e-02
6.03787500e-08,-2.44125000e-02,2.91265625e-02,7.15968750e-02
6.04187500e-08,-2.40968750e-02,2.90734375e-02,7.17812500e-02
6.04587500e-08,-2.37968750e-02,2.90812500e-02,7.19250000e-02
6.04987500e-08,-2.35312500e-02,2.91515625e-02,7.20187500e-02
6.05387500e-08,-2.33093750e-02,2.92781250e-02,7.20593750e-02
6.05787500e-08,-2.31468750e-02,2.94531250e-02,7.20406250e-02
6.06187500e-08,-2.30468750e-02,2.96687500e-02,7.19625000e-02
6.06587500e-08,-2.30156250e-02,2.99125000e-02,7.18281250e-02
6.06987500e-08,-2.30593750e-02,3.01734375e-02,7.16437500e-02
6.07387500e-08,-2.31750000e-02,3.04359375e-02,7.14187500e-02
6.07787500e-08,-2.33562500e-02,3.06890625e-02,7.11593750e-02
6.08187500e-08,-2.35968750e-02,3.09187500e-02,7.08750000e-02
6.08587500e-08,-2.38843750e-02,3.11125000e-02,7.05843750e-02
6.08987500e-08,-2.42062500e-02,3.12625000e-02,7.02937500e-02
6.09387500e-08,-2.45500000e-02,3.13609375e-02,7.00218750e-02
6.09787500e-08,-2.48968750e-02,3.14015625e-02,6.97718750e-02
6.10187500e-08,-2.52312500e-02,3.13843750e-02,6.95625000e-02
6.10587500e-08,-2.55375000e-02,3.13093750e-02,6.93937500e-02
6.10987500e-08,-2.58000000e-02,3.11796875e-02,6.92781250e-02
6.11387500e-08,-2.60125000e-02,3.10031250e-02,6.92187500e-02
6.11787500e-08,-2.61562500e-02,3.07875000e-02,6.92093750e-02
6.12187500e-08,-2.62312500e-02,3.05453125e-02,6.92562500e-02
6.12587500e-08,-2.62312500e-02,3.02859375e-02,6.93531250e-02
6.12987500e-08,-2.61593750e-02,3.00234375e-02,6.94906250e-02
6.13387500e-08,-2.60125000e-02,2.97718750e-02,6.96593750e-02
6.13787500e-08,-2.58031250e-02,2.95421875e-02,6.98531250e-02
6.14187500e-08,-2.55406250e-02,2.93453125e-02,7.00593750e-02
6.14587500e-08,-2.52312500e-02,2.91921875e-02,7.02687500e-02
6.14987500e-08,-2.48968750e-02,2.90890625e-02,7.04656250e-02
6.15387500e-08,-2.45500000e-02,2.90406250e-02,7.06437500e-02
6.15787500e-08,-2.42031250e-02,2.90515625e-02,7.07906250e-02
6.16187500e-08,-2.38781250e-02,2.91187500e-02,7.09000000e-02
6.16587500e-08,-2.35843750e-02,2.92390625e-02,7.09656250e-02
6.16987500e-08,-2.33343750e-02,2.94078125e-02,7.09875000e-02
6.17387500e-08,-2.31406250e-02,2.96140625e-02,7.09593750e-02
6.17787500e-08,-2.30093750e-02,2.98500000e-02,7.08875000e-02
6.18187500e-08,-2.29468750e-02,3.01015625e-02,7.07750000e-02
6.18587500e-08,-2.29500000e-02,3.03578125e-02,7.06250000e-02
6.18987500e-08,-2.30218750e-02,3.06046875e-02,7.04500000e-02
6.19387500e-08,-2.31531250e-02,3.08312500e-02,7.02531250e-02
6.19787500e-08,-2.33375000e-02,3.10234375e-02,7.00500000e-02
6.20187500e-08,-2.35593750e-02,3.11750000e-02,6.98468750e-02
6.20587500e-08,-2.38125000e-02,3.12750000e-02,6.96562500e-02
6.20987500e-08,-2.40781250e-02,3.13187500e-02,6.94875000e-02
6.21387500e-08,-2.43437500e-02,3.13031250e-02,6.93437500e-02
6.21787500e-08,-2.45937500e-02,3.12312500e-02,6.92375000e-02
6.22187500e-08,-2.48156250e-02,3.11015625e-02,6.91718750e-02
6.22587500e-08,-2.49968750e-02,3.09234375e-02,6.91500000e-02
6.22987500e-08,-2.51250000e-02,3.07015625e-02,6.91687500e-02
6.23387500e-08,-2.51968750e-02,3.04500000e-02,6.92281250e-02
6.23787500e-08,-2.52062500e-02,3.01765625e-02,6.93250000e-02
6.24187500e-08,-2.51500000e-02,2.98953125e-02,6.94500000e-02
6.24587500e-08,-2.50343750e-02,2.96187500e-02,6.96000000e-02
6.24987500e-08,-2.48656250e-02,2.93609375e-02,6.97656250e-02
6.25387500e-08,-2.46468750e-02,2.91328125e-02,6.99343750e-02
6.25787500e-08,-2.43906250e-02,2.89437500e-02,7.00968750e-02
6.26187500e-08,-2.41125000e-02,2.88031250e-02,7.02437500e-02
6.26587500e-08,-2.38218750e-02,2.87171875e-02,7.03687500e-02
6.26987500e-08,-2.35375000e-02,2.86890625e-02,7.04625000e-02
6.27387500e-08,-2.32718750e-02,2.87203125e-02,7.05187500e-02
6.27787500e-08,-2.30406250e-02,2.88078125e-02,7.05343750e-02
6.28187500e-08,-2.28500000e-02,2.89468750e-02,7.05062500e-02
6.28587500e-08,-2.27156250e-02,2.91296875e-02,7.04343750e-02
6.28987500e-08,-2.26406250e-02,2.93484375e-02,7.03187500e-02
6.29387500e-08,-2.26281250e-02,2.95921875e-02,7.01687500e-02
6.29787500e-08,-2.26843750e-02,2.98468750e-02,6.99875000e-02
6.30187500e-08,-2.28062500e-02,3.01000000e-02,6.97843750e-02
6.30587500e-08,-2.29843750e-02,3.03390625e-02,6.95656250e-02
6.30987500e-08,-2.32125000e-02,3.05531250e-02,6.93437500e-02
6.31387500e-08,-2.34781250e-02,3.07296875e-02,6.91281250e-02
6.31787500e-08,-2.37718750e-02,3.08609375e-02,6.89281250e-02
6.32187500e-08,-2.40781250e-02,3.09390625e-02,6.87500000e-02
6.32587500e-08,-2.43812500e-02,3.09593750e-02,6.86062500e-02
6.32987500e-08,-2.46656250e-02,3.09234375e-02,6.84968750e-02
6.33387500e-08,-2.49187500e-02,3.08296875e-02,6.84343750e-02
6.33787500e-08,-2.51281250e-02,3.06828125e-02,6.84156250e-02
6.34187500e-08,-2.52812500e-02,3.04890625e-02,6.84406250e-02
6.34587500e-08,-2.53750000e-02,3.02593750e-02,6.85093750e-02
6.34987500e-08,-2.54031250e-02,3.00031250e-02,6.86187500e-02
6.35387500e-08,-2.53593750e-02,2.97312500e-02,6.87593750e-02
6.35787500e-08,-2.52531250e-02,2.94578125e-02,6.89281250e-02
6.36187500e-08,-2.50812500e-02,2.91953125e-02,6.91125000e-02
6.36587500e-08,-2.48593750e-02,2.89562500e-02,6.93031250e-02
6.36987500e-08,-2.45937500e-02,2.87515625e-02,6.94937500e-02
6.37387500e-08,-2.42968750e-02,2.85906250e-02,6.96687500e-02
6.37787500e-08,-2.39843750e-02,2.84812500e-02,6.98250000e-02
6.38187500e-08,-2.36718750e-02,2.84296875e-02,6.99500000e-02
6.38587500e-08,-2.33718750e-02,2.84359375e-02,7.00375000e-02
6.38987500e-08,-2.31031250e-02,2.85000000e-02,7.00843750e-02
6.39387500e-08,-2.28718750e-02,2.86187500e-02,7.00875000e-02
6.39787500e-08,-2.26937500e-02,2.87859375e-02,7.00468750e-02
6.40187500e-08,-2.25750000e-02,2.89921875e-02,6.99593750e-02
6.40587500e-08,-2.25218750e-02,2.92296875e-02,6.98312500e-02
6.40987500e-08,-2.25375000e-02,2.94859375e-02,6.96687500e-02
6.41387500e-08,-2.26156250e-02,2.97453125e-02,6.94781250e-02
6.41787500e-08,-2.27562500e-02,2.99984375e-02,6.92687500e-02
6.42187500e-08,-2.29531250e-02,3.02312500e-02,6.90468750e-02
6.42587500e-08,-2.31937500e-02,3.04328125e-02,6.88281250e-02
6.42987500e-08,-2.34625000e-02,3.05921875e-02,6.86156250e-02
6.43387500e-08,-2.37500000e-02,3.07031250e-02,6.84250000e-02
6.43787500e-08,-2.40406250e-02,3.07578125e-02,6.82593750e-02
6.44187500e-08,-2.43156250e-02,3.07546875e-02,6.81312500e-02
6.44587500e-08,-2.45656250e-02,3.06921875e-02,6.80437500e-02
6.44987500e-08,-2.47750000e-02,3.05765625e-02,6.80000000e-02
6.45387500e-08,-2.49343750e-02,3.04093750e-02,6.80000000e-02
6.45787500e-08,-2.50343750e-02,3.02000000e-02,6.80468750e-02
6.46187500e-08,-2.50687500e-02,2.99593750e-02,6.81375000e-02
6.46587500e-08,-2.50375000e-02,2.96984375e-02,6.82625000e-02
6.46987500e-08,-2.49375000e-02,2.94281250e-02,6.84218750e-02
6.47387500e-08,-2.47781250e-02,2.91625000e-02,6.86000000e-02
6.47787500e-08,-2.45656250e-02,2.89156250e-02,6.87937500e-02
6.48187500e-08,-2.43093750e-02,2.86968750e-02,6.89875000e-02
6.48587500e-08,-2.40218750e-02,2.85171875e-02,6.91781250e-02
6.48987500e-08,-2.37187500e-02,2.83859375e-02,6.93500000e-02
6.49387500e-08,-2.34125000e-02,2.83078125e-02,6.94937500e-02
6.49787500e-08,-2.31218750e-02,2.82875000e-02,6.96031250e-02
6.50187500e-08,-2.28593750e-02,2.83234375e-02,6.96718750e-02
6.50587500e-08,-2.26406250e-02,2.84156250e-02,6.96968750e-02
6.50987500e-08,-2.24750000e-02,2.85593750e-02,6.96718750e-02
6.51387500e-08,-2.23687500e-02,2.87453125e-02,6.95968750e-02
6.51787500e-08,-2.23343750e-02,2.89656250e-02,6.94781250e-02
6.52187500e-08,-2.23687500e-02,2.92062500e-02,6.93156250e-02
6.52587500e-08,-2.24718750e-02,2.94578125e-02,6.91187500e-02
6.52987500e-08,-2.26406250e-02,2.97062500e-02,6.88937500e-02
6.53387500e-08,-2.28656250e-02,2.99406250e-02,6.86500000e-02
6.53787500e-08,-2.31375000e-02,3.01453125e-02,6.83968750e-02
6.54187500e-08,-2.34437500e-02,3.03140625e-02,6.81468750e-02
6.54587500e-08,-2.37687500e-02,3.04343750e-02,6.79125000e-02
6.54987500e-08,-2.40968750e-02,3.05031250e-02,6.77000000e-02
6.55387500e-08,-2.44156250e-02,3.05140625e-02,6.75218750e-02
6.55787500e-08,-2.47031250e-02,3.04687500e-02,6.73875000e-02
6.56187500e-08,-2.49531250e-02,3.03656250e-02,6.72968750e-02
6.56587500e-08,-2.51468750e-02,3.02125000e-02,6.72593750e-02
6.56987500e-08,-2.52781250e-02,3.00140625e-02,6.72750000e-02
6.57387500e-08,-2.53437500e-02,2.97812500e-02,6.73437500e-02
6.57787500e-08,-2.53343750e-02,2.95250000e-02,6.74625000e-02
6.58187500e-08,-2.52562500e-02,2.92546875e-02,6.76250000e-02
6.58587500e-08,-2.51125000e-02,2.89859375e-02,6.78250000e-02
6.58987500e-08,-2.49062500e-02,2.87281250e-02,6.80531250e-02
6.59387500e-08,-2.46531250e-02,2.84968750e-02,6.82968750e-02
6.59787500e-08,-2.43656250e-02,2.83000000e-02,6.85468750e-02
6.60187500e-08,-2.40562500e-02,2.81468750e-02,6.87937500e-02
6.60587500e-08,-2.37406250e-02,2.80437500e-02,6.90218750e-02
6.60987500e-08,-2.34343750e-02,2.79953125e-02,6.92218750e-02
6.61387500e-08,-2.31562500e-02,2.80031250e-02,6.93843750e-02
6.61787500e-08,-2.29156250e-02,2.80656250e-02,6.95000000e-02
6.62187500e-08,-2.27281250e-02,2.81765625e-02,6.95656250e-02
6.62587500e-08,-2.26062500e-02,2.83328125e-02,6.95781250e-02
6.62987500e-08,-2.25500000e-02,2.85234375e-02,6.95343750e-02
6.63387500e-08,-2.25656250e-02,2.87375000e-02,6.94375000e-02
6.63787500e-08,-2.26531250e-02,2.89640625e-02,6.92875000e-02
6.64187500e-08,-2.28093750e-02,2.91921875e-02,6.90968750e-02
6.64587500e-08,-2.30281250e-02,2.94078125e-02,6.88687500e-02
6.64987500e-08,-2.32937500e-02,2.96015625e-02,6.86156250e-02
6.65387500e-08,-2.35968750e-02,2.97609375e-02,6.83468750e-02
6.65787500e-08,-2.39250000e-02,2.98796875e-02,6.80750000e-02
6.66187500e-08,-2.42593750e-02,2.99500000e-02,6.78156250e-02
6.66587500e-08,-2.45843750e-02,2.99687500e-02,6.75750000e-02
6.66987500e-08,-2.48843750e-02,2.99343750e-02,6.73656250e-02
6.67387500e-08,-2.51468750e-02,2.98484375e-02,6.71968750e-02
6.67787500e-08,-2.53531250e-02,2.97140625e-02,6.70781250e-02
6.68187500e-08,-2.54968750e-02,2.95390625e-02,6.70093750e-02
6.68587500e-08,-2.55687500e-02,2.93328125e-02,6.69968750e-02
6.68987500e-08,-2.55687500e-02,2.91031250e-02,6.70406250e-02
6.69387500e-08,-2.54906250e-02,2.88609375e-02,6.71375000e-02
6.69787500e-08,-2.53406250e-02,2.86218750e-02,6.72781250e-02
6.70187500e-08,-2.51218750e-02,2.83937500e-02,6.74625000e-02
6.70587500e-08,-2.48500000e-02,2.81890625e-02,6.76718750e-02
6.70987500e-08,-2.45343750e-02,2.80187500e-02,6.79031250e-02
6.71387500e-08,-2.41875000e-02,2.78875000e-02,6.81437500e-02
6.71787500e-08,-2.38250000e-02,2.78062500e-02,6.83750000e-02
6.72187500e-08,-2.34687500e-02,2.77734375e-02,6.85937500e-02
6.72587500e-08,-2.31281250e-02,2.77937500e-02,6.87812500e-02
6.72987500e-08,-2.28218750e-02,2.78640625e-02,6.89281250e-02
6.73387500e-08,-2.25625000e-02,2.79812500e-02,6.90312500e-02
6.73787500e-08,-2.23625000e-02,2.81375000e-02,6.90843750e-02
6.74187500e-08,-2.22281250e-02,2.83250000e-02,6.90781250e-02
6.74587500e-08,-2.21687500e-02,2.85328125e-02,6.90187500e-02
6.74987500e-08,-2.21843750e-02,2.87515625e-02,6.89031250e-02
6.75387500e-08,-2.22718750e-02,2.89687500e-02,6.87375000e-02
6.75787500e-08,-2.24250000e-02,2.91718750e-02,6.85312500e-02
6.76187500e-08,-2.26406250e-02,2.93531250e-02,6.82937500e-02
6.76587500e-08,-2.29062500e-02,2.95000000e-02,6.80312500e-02
6.76987500e-08,-2.32062500e-02,2.96062500e-02,6.77625000e-02
6.77387500e-08,-2.35250000e-02,2.96656250e-02,6.74937500e-02
6.77787500e-08,-2.38500000e-02,2.96750000e-02,6.72375000e-02
6.78187500e-08,-2.41656250e-02,2.96343750e-02,6.70125000e-02
6.78587500e-08,-2.44562500e-02,2.95453125e-02,6.68218750e-02
6.78987500e-08,-2.47062500e-02,2.94109375e-02,6.66750000e-02
6.79387500e-08,-2.49062500e-02,2.92375000e-02,6.65812500e-02
6.79787500e-08,-2.50437500e-02,2.90359375e-02,6.65437500e-02
6.80187500e-08,-2.51187500e-02,2.88140625e-02,6.65593750e-02
6.80587500e-08,-2.51218750e-02,2.85843750e-02,6.66312500e-02
6.80987500e-08,-2.50593750e-02,2.83578125e-02,6.67531250e-02
6.81387500e-08,-2.49312500e-02,2.81453125e-02,6.69156250e-02
6.81787500e-08,-2.47468750e-02,2.79578125e-02,6.71125000e-02
6.82187500e-08,-2.45125000e-02,2.78046875e-02,6.73343750e-02
6.82587500e-08,-2.42468750e-02,2.76937500e-02,6.75625000e-02
6.82987500e-08,-2.39562500e-02,2.76296875e-02,6.77906250e-02
6.83387500e-08,-2.36593750e-02,2.76156250e-02,6.80031250e-02
6.83787500e-08,-2.33687500e-02,2.76531250e-02,6.81875000e-02
6.84187500e-08,-2.31031250e-02,2.77406250e-02,6.83375000e-02
6.84587500e-08,-2.28718750e-02,2.78734375e-02,6.84406250e-02
6.84987500e-08,-2.26875000e-02,2.80437500e-02,6.84937500e-02
6.85387500e-08,-2.25593750e-02,2.82437500e-02,6.84906250e-02
6.85787500e-08,-2.24937500e-02,2.84640625e-02,6.84312500e-02
6.86187500e-08,-2.24968750e-02,2.86921875e-02,6.83187500e-02
6.86587500e-08,-2.25625000e-02,2.89187500e-02,6.81593750e-02
6.86987500e-08,-2.26906250e-02,2.91296875e-02,6.79593750e-02
6.87387500e-08,-2.28750000e-02,2.93156250e-02,6.77312500e-02
6.87787500e-08,-2.31031250e-02,2.94671875e-02,6.74812500e-02
6.88187500e-08,-2.33687500e-02,2.95765625e-02,6.72250000e-02
6.88587500e-08,-2.36500000e-02,2.96390625e-02,6.69718750e-02
6.88987500e-08,-2.39406250e-02,2.96484375e-02,6.67437500e-02
6.89387500e-08,-2.42187500e-02,2.96062500e-02,6.65406250e-02
6.89787500e-08,-2.44750000e-02,2.95125000e-02,6.63843750e-02
6.90187500e-08,-2.46906250e-02,2.93734375e-02,6.62750000e-02
6.90587500e-08,-2.48593750e-02,2.91937500e-02,6.62187500e-02
6.90987500e-08,-2.49656250e-02,2.89812500e-02,6.62250000e-02
6.91387500e-08,-2.50062500e-02,2.87484375e-02,6.62875000e-02
6.91787500e-08,-2.49750000e-02,2.85046875e-02,6.64062500e-02
6.92187500e-08,-2.48750000e-02,2.82609375e-02,6.65718750e-02
6.92587500e-08,-2.47062500e-02,2.80296875e-02,6.67812500e-02
6.92987500e-08,-2.44750000e-02,2.78218750e-02,6.70187500e-02
6.93387500e-08,-2.41937500e-02,2.76468750e-02,6.72781250e-02
6.93787500e-08,-2.38718750e-02,2.75140625e-02,6.75375000e-02
6.94187500e-08,-2.35187500e-02,2.74265625e-02,6.77906250e-02
6.94587500e-08,-2.31593750e-02,2.73921875e-02,6.80218750e-02
6.94987500e-08,-2.28000000e-02,2.74093750e-02,6.82187500e-02
6.95387500e-08,-2.24593750e-02,2.74781250e-02,6.83687500e-02
6.95787500e-08,-2.21531250e-02,2.75953125e-02,6.84656250e-02
6.96187500e-08,-2.18937500e-02,2.77531250e-02,6.85031250e-02
6.96587500e-08,-2.16875000e-02,2.79437500e-02,6.84812500e-02
6.96987500e-08,-2.15500000e-02,2.81593750e-02,6.83937500e-02
6.97387500e-08,-2.14781250e-02,2.83890625e-02,6.82468750e-02
6.97787500e-08,-2.14781250e-02,2.86187500e-02,6.80468750e-02
6.98187500e-08,-2.15468750e-02,2.88375000e-02,6.78062500e-02
6.98587500e-08,-2.16781250e-02,2.90359375e-02,6.75281250e-02
6.98987500e-08,-2.18656250e-02,2.92015625e-02,6.72312500e-02
6.99387500e-08,-2.20937500e-02,2.93281250e-02,6.69281250e-02
6.99787500e-08,-2.23531250e-02,2.94078125e-02,6.66312500e-02
7.00187500e-08,-2.26250000e-02,2.94343750e-02,6.63562500e-02
7.00587500e-08,-2.29000000e-02,2.94078125e-02,6.61125000e-02
7.00987500e-08,-2.31562500e-02,2.93281250e-02,6.59125000e-02
7.01387500e-08,-2.33843750e-02,2.91984375e-02,6.57656250e-02
7.01787500e-08,-2.35687500e-02,2.90250000e-02,6.56750000e-02
7.02187500e-08,-2.37000000e-02,2.88125000e-02,6.56468750e-02
7.02587500e-08,-2.37687500e-02,2.85734375e-02,6.56812500e-02
7.02987500e-08,-2.37687500e-02,2.83187500e-02,6.57718750e-02
7.03387500e-08,-2.37031250e-02,2.80578125e-02,6.59187500e-02
7.03787500e-08,-2.35687500e-02,2.78031250e-02,6.61062500e-02
7.04187500e-08,-2.33750000e-02,2.75656250e-02,6.63281250e-02
7.04587500e-08,-2.31250000e-02,2.73578125e-02,6.65687500e-02
7.04987500e-08,-2.28375000e-02,2.71890625e-02,6.68218750e-02
7.05387500e-08,-2.25218750e-02,2.70656250e-02,6.70656250e-02
7.05787500e-08,-2.21906250e-02,2.69921875e-02,6.72937500e-02
7.06187500e-08,-2.18656250e-02,2.69734375e-02,6.74906250e-02
7.06587500e-08,-2.15593750e-02,2.70093750e-02,6.76468750e-02
7.06987500e-08,-2.12875000e-02,2.70968750e-02,6.77531250e-02
7.07387500e-08,-2.10625000e-02,2.72312500e-02,6.78031250e-02
7.07787500e-08,-2.08968750e-02,2.74078125e-02,6.77968750e-02
7.08187500e-08,-2.07968750e-02,2.76140625e-02,6.77312500e-02
7.08587500e-08,-2.07718750e-02,2.78406250e-02,6.76125000e-02
7.08987500e-08,-2.08218750e-02,2.80781250e-02,6.74437500e-02
7.09387500e-08,-2.09406250e-02,2.83125000e-02,6.72312500e-02
7.09787500e-08,-2.11312500e-02,2.85328125e-02,6.69875000e-02
7.10187500e-08,-2.13750000e-02,2.87281250e-02,6.67250000e-02
7.10587500e-08,-2.16687500e-02,2.88890625e-02,6.64531250e-02
7.10987500e-08,-2.19906250e-02,2.90046875e-02,6.61875000e-02
7.11387500e-08,-2.23312500e-02,2.90718750e-02,6.59406250e-02
7.11787500e-08,-2.26687500e-02,2.90859375e-02,6.57218750e-02
7.12187500e-08,-2.29906250e-02,2.90453125e-02,6.55406250e-02
7.12587500e-08,-2.32781250e-02,2.89515625e-02,6.54062500e-02
7.12987500e-08,-2.35156250e-02,2.88093750e-02,6.53250000e-02
7.13387500e-08,-2.36906250e-02,2.86250000e-02,6.53000000e-02
7.13787500e-08,-2.37968750e-02,2.84078125e-02,6.53312500e-02
7.14187500e-08,-2.38281250e-02,2.81656250e-02,6.54125000e-02
7.14587500e-08,-2.37750000e-02,2.79125000e-02,6.55437500e-02
7.14987500e-08,-2.36468750e-02,2.76578125e-02,6.57187500e-02
7.15387500e-08,-2.34437500e-02,2.74171875e-02,6.59218750e-02
7.15787500e-08,-2.31750000e-02,2.71984375e-02,6.61500000e-02
7.16187500e-08,-2.28531250e-02,2.70140625e-02,6.63843750e-02
7.16587500e-08,-2.24937500e-02,2.68734375e-02,6.66156250e-02
7.16987500e-08,-2.21093750e-02,2.67812500e-02,6.68343750e-02
7.17387500e-08,-2.17187500e-02,2.67437500e-02,6.70281250e-02
7.17787500e-08,-2.13406250e-02,2.67625000e-02,6.71843750e-02
7.18187500e-08,-2.09906250e-02,2.68359375e-02,6.73000000e-02
7.18587500e-08,-2.06812500e-02,2.69625000e-02,6.73656250e-02
7.18987500e-08,-2.04312500e-02,2.71328125e-02,6.73781250e-02
7.19387500e-08,-2.02500000e-02,2.73421875e-02,6.73406250e-02
7.19787500e-08,-2.01437500e-02,2.75796875e-02,6.72500000e-02
7.20187500e-08,-2.01156250e-02,2.78328125e-02,6.71125000e-02
7.20587500e-08,-2.01656250e-02,2.80906250e-02,6.69343750e-02
7.20987500e-08,-2.02906250e-02,2.83406250e-02,6.67218750e-02
7.21387500e-08,-2.04843750e-02,2.85703125e-02,6.64875000e-02
7.21787500e-08,-2.07312500e-02,2.87687500e-02,6.62406250e-02
7.22187500e-08,-2.10218750e-02,2.89250000e-02,6.59937500e-02
7.22587500e-08,-2.13406250e-02,2.90359375e-02,6.57562500e-02
7.22987500e-08,-2.16687500e-02,2.90906250e-02,6.55406250e-02
7.23387500e-08,-2.19906250e-02,2.90906250e-02,6.53531250e-02
7.23787500e-08,-2.22875000e-02,2.90328125e-02,6.52062500e-02
7.24187500e-08,-2.25437500e-02,2.89218750e-02,6.51000000e-02
7.24587500e-08,-2.27500000e-02,2.87625000e-02,6.50437500e-02
7.24987500e-08,-2.28937500e-02,2.85609375e-02,6.50375000e-02
7.25387500e-08,-2.29656250e-02,2.83281250e-02,6.50781250e-02
7.25787500e-08,-2.29625000e-02,2.80750000e-02,6.51656250e-02
7.26187500e-08,-2.28812500e-02,2.78125000e-02,6.52937500e-02
7.26587500e-08,-2.27312500e-02,2.75531250e-02,6.54562500e-02
7.26987500e-08,-2.25156250e-02,2.73078125e-02,6.56406250e-02
7.27387500e-08,-2.22468750e-02,2.70906250e-02,6.58406250e-02
7.27787500e-08,-2.19343750e-02,2.69093750e-02,6.60437500e-02
7.28187500e-08,-2.15968750e-02,2.67718750e-02,6.62406250e-02
7.28587500e-08,-2.12468750e-02,2.66843750e-02,6.64187500e-02
7.28987500e-08,-2.09062500e-02,2.66515625e-02,6.65718750e-02
7.29387500e-08,-2.05875000e-02,2.66734375e-02,6.66875000e-02
7.29787500e-08,-2.03062500e-02,2.67468750e-02,6.67625000e-02
7.30187500e-08,-2.00781250e-02,2.68687500e-02,6.67906250e-02
7.30587500e-08,-1.99125000e-02,2.70328125e-02,6.67687500e-02
7.30987500e-08,-1.98187500e-02,2.72296875e-02,6.66968750e-02
7.31387500e-08,-1.97968750e-02,2.74468750e-02,6.65781250e-02
7.31787500e-08,-1.98500000e-02,2.76765625e-02,6.64187500e-02
7.32187500e-08,-1.99750000e-02,2.79031250e-02,6.62187500e-02
7.32587500e-08,-2.01625000e-02,2.81187500e-02,6.59906250e-02
7.32987500e-08,-2.04062500e-02,2.83093750e-02,6.57468750e-02
7.33387500e-08,-2.06937500e-02,2.84671875e-02,6.54906250e-02
7.33787500e-08,-2.10062500e-02,2.85828125e-02,6.52406250e-02
7.34187500e-08,-2.13312500e-02,2.86500000e-02,6.50000000e-02
7.34587500e-08,-2.16500000e-02,2.86656250e-02,6.47843750e-02
7.34987500e-08,-2.19468750e-02,2.86296875e-02,6.46031250e-02
7.35387500e-08,-2.22062500e-02,2.85421875e-02,6.44625000e-02
7.35787500e-08,-2.24187500e-02,2.84078125e-02,6.43656250e-02
7.36187500e-08,-2.25687500e-02,2.82343750e-02,6.43187500e-02
7.36587500e-08,-2.26500000e-02,2.80281250e-02,6.43250000e-02
7.36987500e-08,-2.26593750e-02,2.78015625e-02,6.43812500e-02
7.37387500e-08,-2.26000000e-02,2.75625000e-02,6.44843750e-02
7.37787500e-08,-2.24687500e-02,2.73265625e-02,6.46281250e-02
7.38187500e-08,-2.22750000e-02,2.71031250e-02,6.48062500e-02
7.38587500e-08,-2.20281250e-02,2.69031250e-02,6.50093750e-02
7.38987500e-08,-2.17406250e-02,2.67359375e-02,6.52250000e-02
7.39387500e-08,-2.14281250e-02,2.66125000e-02,6.54406250e-02
7.39787500e-08,-2.11093750e-02,2.65359375e-02,6.56500000e-02
7.40187500e-08,-2.07937500e-02,2.65125000e-02,6.58375000e-02
7.40587500e-08,-2.05000000e-02,2.65406250e-02,6.59937500e-02
7.40987500e-08,-2.02437500e-02,2.66218750e-02,6.61093750e-02
7.41387500e-08,-2.00375000e-02,2.67500000e-02,6.61781250e-02
7.41787500e-08,-1.98937500e-02,2.69187500e-02,6.61968750e-02
7.42187500e-08,-1.98156250e-02,2.71203125e-02,6.61593750e-02
7.42587500e-08,-1.98125000e-02,2.73453125e-02,6.60687500e-02
7.42987500e-08,-1.98781250e-02,2.75828125e-02,6.59250000e-02
7.43387500e-08,-2.00125000e-02,2.78187500e-02,6.57375000e-02
7.43787500e-08,-2.02093750e-02,2.80421875e-02,6.55093750e-02
7.44187500e-08,-2.04562500e-02,2.82421875e-02,6.52562500e-02
7.44587500e-08,-2.07437500e-02,2.84078125e-02,6.49812500e-02
7.44987500e-08,-2.10562500e-02,2.85312500e-02,6.47062500e-02
7.45387500e-08,-2.13750000e-02,2.86046875e-02,6.44343750e-02
7.45787500e-08,-2.16843750e-02,2.86250000e-02,6.41843750e-02
7.46187500e-08,-2.19687500e-02,2.85890625e-02,6.39656250e-02
7.46587500e-08,-2.22125000e-02,2.85000000e-02,6.37906250e-02
7.46987500e-08,-2.24031250e-02,2.83578125e-02,6.36656250e-02
7.47387500e-08,-2.25312500e-02,2.81718750e-02,6.35968750e-02
7.47787500e-08,-2.25875000e-02,2.79484375e-02,6.35875000e-02
7.48187500e-08,-2.25687500e-02,2.76984375e-02,6.36406250e-02
7.48587500e-08,-2.24718750e-02,2.74328125e-02,6.37500000e-02
7.48987500e-08,-2.23031250e-02,2.71640625e-02,6.39156250e-02
7.49387500e-08,-2.20687500e-02,2.69046875e-02,6.41281250e-02
7.49787500e-08,-2.17781250e-02,2.66640625e-02,6.43750000e-02
7.50187500e-08,-2.14437500e-02,2.64562500e-02,6.46468750e-02
7.50587500e-08,-2.10812500e-02,2.62890625e-02,6.49312500e-02
7.50987500e-08,-2.07093750e-02,2.61718750e-02,6.52093750e-02
7.51387500e-08,-2.03406250e-02,2.61078125e-02,6.54750000e-02
7.51787500e-08,-1.99937500e-02,2.61015625e-02,6.57093750e-02
7.52187500e-08,-1.96875000e-02,2.61515625e-02,6.59031250e-02
7.52587500e-08,-1.94281250e-02,2.62562500e-02,6.60437500e-02
7.52987500e-08,-1.92375000e-02,2.64093750e-02,6.61281250e-02
7.53387500e-08,-1.91125000e-02,2.66046875e-02,6.61468750e-02
7.53787500e-08,-1.90687500e-02,2.68312500e-02,6.61031250e-02
7.54187500e-08,-1.91000000e-02,2.70796875e-02,6.59937500e-02
7.54587500e-08,-1.92062500e-02,2.73375000e-02,6.58281250e-02
7.54987500e-08,-1.93781250e-02,2.75906250e-02,6.56093750e-02
7.55387500e-08,-1.96125000e-02,2.78281250e-02,6.53500000e-02
7.55787500e-08,-1.98937500e-02,2.80390625e-02,6.50625000e-02
7.56187500e-08,-2.02093750e-02,2.82109375e-02,6.47562500e-02
7.56587500e-08,-2.05375000e-02,2.83375000e-02,6.44500000e-02
7.56987500e-08,-2.08687500e-02,2.84125000e-02,6.41562500e-02
7.57387500e-08,-2.11843750e-02,2.84296875e-02,6.38875000e-02
7.57787500e-08,-2.14687500e-02,2.83906250e-02,6.36593750e-02
7.58187500e-08,-2.17031250e-02,2.82937500e-02,6.34781250e-02
7.58587500e-08,-2.18843750e-02,2.81468750e-02,6.33562500e-02
7.58987500e-08,-2.20000000e-02,2.79531250e-02,6.32937500e-02
7.59387500e-08,-2.20437500e-02,2.77250000e-02,6.32968750e-02
7.59787500e-08,-2.20156250e-02,2.74703125e-02,6.33625000e-02
7.60187500e-08,-2.19156250e-02,2.72000000e-02,6.34843750e-02
7.60587500e-08,-2.17500000e-02,2.69296875e-02,6.36625000e-02
7.60987500e-08,-2.15312500e-02,2.66687500e-02,6.38781250e-02
7.61387500e-08,-2.12656250e-02,2.64312500e-02,6.41250000e-02
7.61787500e-08,-2.09687500e-02,2.62265625e-02,6.43875000e-02
7.62187500e-08,-2.06562500e-02,2.60656250e-02,6.46531250e-02
7.62587500e-08,-2.03437500e-02,2.59531250e-02,6.49031250e-02
7.62987500e-08,-2.00468750e-02,2.58953125e-02,6.51312500e-02
7.63387500e-08,-1.97812500e-02,2.58937500e-02,6.53187500e-02
7.63787500e-08,-1.95593750e-02,2.59468750e-02,6.54593750e-02
7.64187500e-08,-1.93937500e-02,2.60546875e-02,6.55437500e-02
7.64587500e-08,-1.92875000e-02,2.62078125e-02,6.55656250e-02
7.64987500e-08,-1.92531250e-02,2.64015625e-02,6.55250000e-02
7.65387500e-08,-1.92875000e-02,2.66234375e-02,6.54250000e-02
7.65787500e-08,-1.93875000e-02,2.68640625e-02,6.52656250e-02
7.66187500e-08,-1.95500000e-02,2.71093750e-02,6.50562500e-02
7.66587500e-08,-1.97687500e-02,2.73500000e-02,6.48062500e-02
7.66987500e-08,-2.00250000e-02,2.75718750e-02,6.45281250e-02
7.67387500e-08,-2.03125000e-02,2.77656250e-02,6.42375000e-02
7.67787500e-08,-2.06156250e-02,2.79203125e-02,6.39468750e-02
7.68187500e-08,-2.09156250e-02,2.80296875e-02,6.36687500e-02
7.68587500e-08,-2.11968750e-02,2.80890625e-02,6.34187500e-02
7.68987500e-08,-2.14468750e-02,2.80937500e-02,6.32062500e-02
7.69387500e-08,-2.16500000e-02,2.80453125e-02,6.30468750e-02
7.69787500e-08,-2.17968750e-02,2.79468750e-02,6.29437500e-02
7.70187500e-08,-2.18812500e-02,2.78031250e-02,6.29031250e-02
7.70587500e-08,-2.18937500e-02,2.76218750e-02,6.29281250e-02
7.70987500e-08,-2.18375000e-02,2.74109375e-02,6.30156250e-02
7.71387500e-08,-2.17093750e-02,2.71828125e-02,6.31625000e-02
7.71787500e-08,-2.15187500e-02,2.69484375e-02,6.33593750e-02
7.72187500e-08,-2.12718750e-02,2.67203125e-02,6.36000000e-02
7.72587500e-08,-2.09812500e-02,2.65109375e-02,6.38687500e-02
7.72987500e-08,-2.06562500e-02,2.63281250e-02,6.41562500e-02
7.73387500e-08,-2.03156250e-02,2.61828125e-02,6.44437500e-02
7.73787500e-08,-1.99750000e-02,2.60828125e-02,6.47250000e-02
7.74187500e-08,-1.96468750e-02,2.60328125e-02,6.49781250e-02
7.74587500e-08,-1.93468750e-02,2.60343750e-02,6.51968750e-02
7.74987500e-08,-1.90906250e-02,2.60890625e-02,6.53656250e-02
7.75387500e-08,-1.88875000e-02,2.61921875e-02,6.54812500e-02
7.75787500e-08,-1.87437500e-02,2.63406250e-02,6.55375000e-02
7.76187500e-08,-1.86687500e-02,2.65234375e-02,6.55312500e-02
7.76587500e-08,-1.86625000e-02,2.67343750e-02,6.54656250e-02
7.76987500e-08,-1.87218750e-02,2.69593750e-02,6.53375000e-02
7.77387500e-08,-1.88468750e-02,2.71890625e-02,6.51625000e-02
7.77787500e-08,-1.90250000e-02,2.74109375e-02,6.49406250e-02
7.78187500e-08,-1.92500000e-02,2.76109375e-02,6.46906250e-02
7.78587500e-08,-1.95031250e-02,2.77796875e-02,6.44187500e-02
7.78987500e-08,-1.97781250e-02,2.79093750e-02,6.41437500e-02
7.79387500e-08,-2.00531250e-02,2.79890625e-02,6.38718750e-02
7.79787500e-08,-2.03156250e-02,2.80171875e-02,6.36218750e-02
7.80187500e-08,-2.05531250e-02,2.79890625e-02,6.34000000e-02
7.80587500e-08,-2.07500000e-02,2.79046875e-02,6.32218750e-02
7.80987500e-08,-2.08937500e-02,2.77687500e-02,6.30906250e-02
7.81387500e-08,-2.09781250e-02,2.75875000e-02,6.30125000e-02
7.81787500e-08,-2.09937500e-02,2.73671875e-02,6.29937500e-02
7.82187500e-08,-2.09437500e-02,2.71171875e-02,6.30281250e-02
7.82587500e-08,-2.08281250e-02,2.68515625e-02,6.31156250e-02
7.82987500e-08,-2.06468750e-02,2.65828125e-02,6.32531250e-02
7.83387500e-08,-2.04093750e-02,2.63218750e-02,6.34281250e-02
7.83787500e-08,-2.01281250e-02,2.60812500e-02,6.36312500e-02
7.84187500e-08,-1.98125000e-02,2.58734375e-02,6.38531250e-02
7.84587500e-08,-1.94781250e-02,2.57078125e-02,6.40812500e-02
7.84987500e-08,-1.91406250e-02,2.55921875e-02,6.43031250e-02
7.85387500e-08,-1.88125000e-02,2.55343750e-02,6.45093750e-02
7.85787500e-08,-1.85125000e-02,2.55328125e-02,6.46843750e-02
7.86187500e-08,-1.82531250e-02,2.55921875e-02,6.48250000e-02
7.86587500e-08,-1.80437500e-02,2.57062500e-02,6.49187500e-02
7.86987500e-08,-1.78968750e-02,2.58703125e-02,6.49656250e-02
7.87387500e-08,-1.78187500e-02,2.60765625e-02,6.49562500e-02
7.87787500e-08,-1.78125000e-02,2.63156250e-02,6.49000000e-02
7.88187500e-08,-1.78750000e-02,2.65734375e-02,6.47937500e-02
7.88587500e-08,-1.80062500e-02,2.68390625e-02,6.46437500e-02
7.88987500e-08,-1.81968750e-02,2.70984375e-02,6.44593750e-02
7.89387500e-08,-1.84406250e-02,2.73390625e-02,6.42500000e-02
7.89787500e-08,-1.87250000e-02,2.75500000e-02,6.40250000e-02
7.90187500e-08,-1.90312500e-02,2.77187500e-02,6.37968750e-02
7.90587500e-08,-1.93500000e-02,2.78390625e-02,6.35812500e-02
7.90987500e-08,-1.96593750e-02,2.79031250e-02,6.33812500e-02
7.91387500e-08,-1.99500000e-02,2.79093750e-02,6.32156250e-02
7.91787500e-08,-2.02062500e-02,2.78562500e-02,6.30906250e-02
7.92187500e-08,-2.04125000e-02,2.77453125e-02,6.30093750e-02
7.92587500e-08,-2.05593750e-02,2.75843750e-02,6.29812500e-02
7.92987500e-08,-2.06375000e-02,2.73781250e-02,6.30062500e-02
7.93387500e-08,-2.06437500e-02,2.71406250e-02,6.30843750e-02
7.93787500e-08,-2.05781250e-02,2.68796875e-02,6.32125000e-02
7.94187500e-08,-2.04406250e-02,2.66109375e-02,6.33843750e-02
7.94587500e-08,-2.02375000e-02,2.63437500e-02,6.35937500e-02
7.94987500e-08,-1.99781250e-02,2.60953125e-02,6.38250000e-02
7.95387500e-08,-1.96687500e-02,2.58750000e-02,6.40718750e-02
7.95787500e-08,-1.93281250e-02,2.56921875e-02,6.43218750e-02
7.96187500e-08,-1.89718750e-02,2.55593750e-02,6.45562500e-02
7.96587500e-08,-1.86093750e-02,2.54796875e-02,6.47718750e-02
7.96987500e-08,-1.82625000e-02,2.54562500e-02,6.49468750e-02
7.97387500e-08,-1.79406250e-02,2.54921875e-02,6.50812500e-02
7.97787500e-08,-1.76625000e-02,2.55828125e-02,6.51593750e-02
7.98187500e-08,-1.74375000e-02,2.57250000e-02,6.51812500e-02
7.98587500e-08,-1.72750000e-02,2.59093750e-02,6.51406250e-02
7.98987500e-08,-1.71812500e-02,2.61265625e-02,6.50375000e-02
7.99387500e-08,-1.71593750e-02,2.63671875e-02,6.48781250e-02
7.99787500e-08,-1.72062500e-02,2.66156250e-02,6.46656250e-02
8.00187500e-08,-1.73218750e-02,2.68609375e-02,6.44093750e-02
8.00587500e-08,-1.74968750e-02,2.70906250e-02,6.41187500e-02
8.00987500e-08,-1.77218750e-02,2.72921875e-02,6.38093750e-02
8.01387500e-08,-1.79843750e-02,2.74546875e-02,6.34906250e-02
8.01787500e-08,-1.82687500e-02,2.75703125e-02,6.31812500e-02
8.02187500e-08,-1.85656250e-02,2.76328125e-02,6.28937500e-02
8.02587500e-08,-1.88531250e-02,2.76390625e-02,6.26406250e-02
8.02987500e-08,-1.91187500e-02,2.75875000e-02,6.24343750e-02
8.03387500e-08,-1.93531250e-02,2.74828125e-02,6.22875000e-02
8.03787500e-08,-1.95375000e-02,2.73265625e-02,6.22062500e-02
8.04187500e-08,-1.96687500e-02,2.71281250e-02,6.21937500e-02
8.04587500e-08,-1.97343750e-02,2.68968750e-02,6.22531250e-02
8.04987500e-08,-1.97343750e-02,2.66453125e-02,6.23875000e-02
8.05387500e-08,-1.96718750e-02,2.63843750e-02,6.25875000e-02
8.05787500e-08,-1.95437500e-02,2.61265625e-02,6.28468750e-02
8.06187500e-08,-1.93625000e-02,2.58859375e-02,6.31593750e-02
8.06587500e-08,-1.91312500e-02,2.56718750e-02,6.35062500e-02
8.06987500e-08,-1.88687500e-02,2.54984375e-02,6.38812500e-02
8.07387500e-08,-1.85812500e-02,2.53718750e-02,6.42656250e-02
8.07787500e-08,-1.82906250e-02,2.52984375e-02,6.46468750e-02
8.08187500e-08,-1.80062500e-02,2.52828125e-02,6.50093750e-02
8.08587500e-08,-1.77468750e-02,2.53250000e-02,6.53406250e-02
8.08987500e-08,-1.75218750e-02,2.54218750e-02,6.56250000e-02
8.09387500e-08,-1.73468750e-02,2.55687500e-02,6.58593750e-02
8.09787500e-08,-1.72281250e-02,2.57593750e-02,6.60312500e-02
8.10187500e-08,-1.71781250e-02,2.59828125e-02,6.61375000e-02
8.10587500e-08,-1.71937500e-02,2.62281250e-02,6.61750000e-02
8.10987500e-08,-1.72750000e-02,2.64828125e-02,6.61500000e-02
8.11387500e-08,-1.74250000e-02,2.67343750e-02,6.60625000e-02
8.11787500e-08,-1.76312500e-02,2.69703125e-02,6.59250000e-02
8.12187500e-08,-1.78875000e-02,2.71781250e-02,6.57406250e-02
8.12587500e-08,-1.81812500e-02,2.73468750e-02,6.55218750e-02
8.12987500e-08,-1.84968750e-02,2.74671875e-02,6.52843750e-02
8.13387500e-08,-1.88187500e-02,2.75343750e-02,6.50375000e-02
8.13787500e-08,-1.91343750e-02,2.75453125e-02,6.47968750e-02
8.14187500e-08,-1.94281250e-02,2.74953125e-02,6.45687500e-02
8.14587500e-08,-1.96875000e-02,2.73906250e-02,6.43687500e-02
8.14987500e-08,-1.98937500e-02,2.72328125e-02,6.42062500e-02
8.15387500e-08,-2.00437500e-02,2.70312500e-02,6.40812500e-02
8.15787500e-08,-2.01281250e-02,2.67937500e-02,6.40000000e-02
8.16187500e-08,-2.01437500e-02,2.65328125e-02,6.39687500e-02
8.16587500e-08,-2.00875000e-02,2.62609375e-02,6.39781250e-02
8.16987500e-08,-1.99656250e-02,2.59890625e-02,6.40312500e-02
8.17387500e-08,-1.97812500e-02,2.57312500e-02,6.41187500e-02
8.17787500e-08,-1.95468750e-02,2.55000000e-02,6.42312500e-02
8.18187500e-08,-1.92750000e-02,2.53046875e-02,6.43593750e-02
8.18587500e-08,-1.89750000e-02,2.51562500e-02,6.44937500e-02
8.18987500e-08,-1.86687500e-02,2.50609375e-02,6.46250000e-02
8.19387500e-08,-1.83656250e-02,2.50234375e-02,6.47406250e-02
8.19787500e-08,-1.80843750e-02,2.50421875e-02,6.48312500e-02
8.20187500e-08,-1.78375000e-02,2.51187500e-02,6.48937500e-02
8.20587500e-08,-1.76375000e-02,2.52484375e-02,6.49156250e-02
8.20987500e-08,-1.75000000e-02,2.54234375e-02,6.48968750e-02
8.21387500e-08,-1.74250000e-02,2.56359375e-02,6.48375000e-02
8.21787500e-08,-1.74218750e-02,2.58718750e-02,6.47375000e-02
8.22187500e-08,-1.74875000e-02,2.61234375e-02,6.46000000e-02
8.22587500e-08,-1.76218750e-02,2.63750000e-02,6.44281250e-02
8.22987500e-08,-1.78187500e-02,2.66156250e-02,6.42375000e-02
8.23387500e-08,-1.80656250e-02,2.68312500e-02,6.40312500e-02
8.23787500e-08,-1.83500000e-02,2.70125000e-02,6.38218750e-02
8.24187500e-08,-1.86625000e-02,2.71484375e-02,6.36187500e-02
8.24587500e-08,-1.89875000e-02,2.72343750e-02,6.34375000e-02
8.24987500e-08,-1.93031250e-02,2.72640625e-02,6.32812500e-02
8.25387500e-08,-1.95968750e-02,2.72359375e-02,6.31656250e-02
8.25787500e-08,-1.98562500e-02,2.71515625e-02,6.30906250e-02
8.26187500e-08,-2.00656250e-02,2.70140625e-02,6.30656250e-02
8.26587500e-08,-2.02125000e-02,2.68312500e-02,6.30875000e-02
8.26987500e-08,-2.02906250e-02,2.66109375e-02,6.31625000e-02
8.27387500e-08,-2.03000000e-02,2.63625000e-02,6.32812500e-02
8.27787500e-08,-2.02312500e-02,2.61000000e-02,6.34406250e-02
8.28187500e-08,-2.00937500e-02,2.58343750e-02,6.36312500e-02
8.28587500e-08,-1.98937500e-02,2.55796875e-02,6.38437500e-02
8.28987500e-08,-1.96375000e-02,2.53468750e-02,6.40656250e-02
8.29387500e-08,-1.93375000e-02,2.51484375e-02,6.42843750e-02
8.29787500e-08,-1.90093750e-02,2.49921875e-02,6.44843750e-02
8.30187500e-08,-1.86687500e-02,2.48859375e-02,6.46593750e-02
8.30587500e-08,-1.83343750e-02,2.48359375e-02,6.47937500e-02
8.30987500e-08,-1.80187500e-02,2.48437500e-02,6.48781250e-02
8.31387500e-08,-1.77406250e-02,2.49093750e-02,6.49062500e-02
8.31787500e-08,-1.75156250e-02,2.50281250e-02,6.48687500e-02
8.32187500e-08,-1.73500000e-02,2.51937500e-02,6.47687500e-02
8.32587500e-08,-1.72531250e-02,2.53984375e-02,6.46000000e-02
8.32987500e-08,-1.72343750e-02,2.56343750e-02,6.43718750e-02
8.33387500e-08,-1.72937500e-02,2.58859375e-02,6.40875000e-02
8.33787500e-08,-1.74250000e-02,2.61437500e-02,6.37531250e-02
8.34187500e-08,-1.76281250e-02,2.63921875e-02,6.33875000e-02
8.34587500e-08,-1.78906250e-02,2.66218750e-02,6.29937500e-02
8.34987500e-08,-1.82031250e-02,2.68203125e-02,6.25906250e-02
8.35387500e-08,-1.85468750e-02,2.69781250e-02,6.21937500e-02
8.35787500e-08,-1.89093750e-02,2.70859375e-02,6.18125000e-02
8.36187500e-08,-1.92687500e-02,2.71390625e-02,6.14625000e-02
8.36587500e-08,-1.96125000e-02,2.71359375e-02,6.11562500e-02
8.36987500e-08,-1.99218750e-02,2.70750000e-02,6.09031250e-02
8.37387500e-08,-2.01812500e-02,2.69609375e-02,6.07062500e-02
8.37787500e-08,-2.03812500e-02,2.67968750e-02,6.05781250e-02
8.38187500e-08,-2.05093750e-02,2.65921875e-02,6.05125000e-02
8.38587500e-08,-2.05593750e-02,2.63562500e-02,6.05125000e-02
8.38987500e-08,-2.05281250e-02,2.61000000e-02,6.05718750e-02
8.39387500e-08,-2.04156250e-02,2.58359375e-02,6.06875000e-02
8.39787500e-08,-2.02312500e-02,2.55781250e-02,6.08468750e-02
8.40187500e-08,-1.99812500e-02,2.53359375e-02,6.10406250e-02
8.40587500e-08,-1.96750000e-02,2.51234375e-02,6.12562500e-02
8.40987500e-08,-1.93281250e-02,2.49515625e-02,6.14781250e-02
8.41387500e-08,-1.89562500e-02,2.48250000e-02,6.16968750e-02
8.41787500e-08,-1.85781250e-02,2.47515625e-02,6.18968750e-02
8.42187500e-08,-1.82125000e-02,2.47359375e-02,6.20687500e-02
8.42587500e-08,-1.78718750e-02,2.47781250e-02,6.22031250e-02
8.42987500e-08,-1.75750000e-02,2.48734375e-02,6.22906250e-02
8.43387500e-08,-1.73312500e-02,2.50203125e-02,6.23250000e-02
8.43787500e-08,-1.71593750e-02,2.52109375e-02,6.23031250e-02
8.44187500e-08,-1.70562500e-02,2.54343750e-02,6.22312500e-02
8.44587500e-08,-1.70343750e-02,2.56796875e-02,6.21031250e-02
8.44987500e-08,-1.70906250e-02,2.59359375e-02,6.19312500e-02
8.45387500e-08,-1.72187500e-02,2.61906250e-02,6.17187500e-02
8.45787500e-08,-1.74125000e-02,2.64312500e-02,6.14750000e-02
8.46187500e-08,-1.76625000e-02,2.66453125e-02,6.12156250e-02
8.46587500e-08,-1.79531250e-02,2.68234375e-02,6.09500000e-02
8.46987500e-08,-1.82656250e-02,2.69546875e-02,6.06875000e-02
8.47387500e-08,-1.85875000e-02,2.70359375e-02,6.04406250e-02
8.47787500e-08,-1.88968750e-02,2.70593750e-02,6.02218750e-02
8.48187500e-08,-1.91781250e-02,2.70265625e-02,6.00437500e-02
8.48587500e-08,-1.94187500e-02,2.69375000e-02,5.99062500e-02
8.48987500e-08,-1.95968750e-02,2.67968750e-02,5.98218750e-02
8.49387500e-08,-1.97062500e-02,2.66093750e-02,5.97875000e-02
8.49787500e-08,-1.97375000e-02,2.63875000e-02,5.98093750e-02
8.50187500e-08,-1.96843750e-02,2.61390625e-02,5.98812500e-02
8.50587500e-08,-1.95531250e-02,2.58765625e-02,6.00000000e-02
8.50987500e-08,-1.93375000e-02,2.56125000e-02,6.01593750e-02
8.51387500e-08,-1.90531250e-02,2.53578125e-02,6.03468750e-02
8.51787500e-08,-1.87093750e-02,2.51265625e-02,6.05562500e-02
8.52187500e-08,-1.83187500e-02,2.49281250e-02,6.07718750e-02
8.52587500e-08,-1.78968750e-02,2.47734375e-02,6.09843750e-02
8.52987500e-08,-1.74625000e-02,2.46671875e-02,6.11843750e-02
8.53387500e-08,-1.70375000e-02,2.46140625e-02,6.13562500e-02
8.53787500e-08,-1.66375000e-02,2.46187500e-02,6.14937500e-02
8.54187500e-08,-1.62781250e-02,2.46781250e-02,6.15843750e-02
8.54587500e-08,-1.59781250e-02,2.47906250e-02,6.16250000e-02
8.54987500e-08,-1.57531250e-02,2.49484375e-02,6.16156250e-02
8.55387500e-08,-1.56062500e-02,2.51453125e-02,6.15468750e-02
8.55787500e-08,-1.55437500e-02,2.53703125e-02,6.14281250e-02
8.56187500e-08,-1.55718750e-02,2.56109375e-02,6.12593750e-02
8.56587500e-08,-1.56875000e-02,2.58562500e-02,6.10500000e-02
8.56987500e-08,-1.58812500e-02,2.60937500e-02,6.08062500e-02
8.57387500e-08,-1.61437500e-02,2.63109375e-02,6.05375000e-02
8.57787500e-08,-1.64625000e-02,2.64984375e-02,6.02562500e-02
8.58187500e-08,-1.68187500e-02,2.66437500e-02,5.99781250e-02
8.58587500e-08,-1.72000000e-02,2.67421875e-02,5.97093750e-02
8.58987500e-08,-1.75812500e-02,2.67859375e-02,5.94656250e-02
8.59387500e-08,-1.79468750e-02,2.67750000e-02,5.92562500e-02
8.59787500e-08,-1.82812500e-02,2.67078125e-02,5.90875000e-02
8.60187500e-08,-1.85625000e-02,2.65875000e-02,5.89718750e-02
8.60587500e-08,-1.87781250e-02,2.64171875e-02,5.89093750e-02
8.60987500e-08,-1.89218750e-02,2.62093750e-02,5.89031250e-02
8.61387500e-08,-1.89843750e-02,2.59687500e-02,5.89500000e-02
8.61787500e-08,-1.89625000e-02,2.57093750e-02,5.90500000e-02
8.62187500e-08,-1.88593750e-02,2.54421875e-02,5.91968750e-02
8.62587500e-08,-1.86781250e-02,2.51796875e-02,5.93812500e-02
8.62987500e-08,-1.84281250e-02,2.49343750e-02,5.95906250e-02
8.63387500e-08,-1.81250000e-02,2.47187500e-02,5.98187500e-02
8.63787500e-08,-1.77812500e-02,2.45390625e-02,6.00468750e-02
8.64187500e-08,-1.74156250e-02,2.44078125e-02,6.02656250e-02
8.64587500e-08,-1.70468750e-02,2.43281250e-02,6.04656250e-02
8.64987500e-08,-1.66906250e-02,2.43046875e-02,6.06312500e-02
8.65387500e-08,-1.63687500e-02,2.43375000e-02,6.07562500e-02
8.65787500e-08,-1.60937500e-02,2.44234375e-02,6.08281250e-02
8.66187500e-08,-1.58812500e-02,2.45609375e-02,6.08468750e-02
8.66587500e-08,-1.57375000e-02,2.47406250e-02,6.08062500e-02
8.66987500e-08,-1.56750000e-02,2.49546875e-02,6.07093750e-02
8.67387500e-08,-1.56937500e-02,2.51906250e-02,6.05562500e-02
8.67787500e-08,-1.57906250e-02,2.54390625e-02,6.03562500e-02
8.68187500e-08,-1.59593750e-02,2.56859375e-02,6.01156250e-02
8.68587500e-08,-1.61968750e-02,2.59187500e-02,5.98468750e-02
8.68987500e-08,-1.64812500e-02,2.61281250e-02,5.95593750e-02
8.69387500e-08,-1.68062500e-02,2.63015625e-02,5.92656250e-02
8.69787500e-08,-1.71468750e-02,2.64328125e-02,5.89812500e-02
8.70187500e-08,-1.74875000e-02,2.65125000e-02,5.87187500e-02
8.70587500e-08,-1.78093750e-02,2.65390625e-02,5.84875000e-02
8.70987500e-08,-1.80968750e-02,2.65109375e-02,5.83031250e-02
8.71387500e-08,-1.83312500e-02,2.64281250e-02,5.81718750e-02
8.71787500e-08,-1.85000000e-02,2.62968750e-02,5.81000000e-02
8.72187500e-08,-1.85937500e-02,2.61218750e-02,5.80875000e-02
8.72587500e-08,-1.86031250e-02,2.59125000e-02,5.81406250e-02
8.72987500e-08,-1.85281250e-02,2.56781250e-02,5.82531250e-02
8.73387500e-08,-1.83687500e-02,2.54312500e-02,5.84218750e-02
8.73787500e-08,-1.81312500e-02,2.51843750e-02,5.86343750e-02
8.74187500e-08,-1.78250000e-02,2.49468750e-02,5.88843750e-02
8.74587500e-08,-1.74625000e-02,2.47328125e-02,5.91562500e-02
8.74987500e-08,-1.70625000e-02,2.45515625e-02,5.94375000e-02
8.75387500e-08,-1.66406250e-02,2.44109375e-02,5.97156250e-02
8.75787500e-08,-1.62187500e-02,2.43171875e-02,5.99750000e-02
8.76187500e-08,-1.58093750e-02,2.42750000e-02,6.02031250e-02
8.76587500e-08,-1.54375000e-02,2.42875000e-02,6.03906250e-02
8.76987500e-08,-1.51156250e-02,2.43500000e-02,6.05218750e-02
8.77387500e-08,-1.48593750e-02,2.44593750e-02,6.05968750e-02
8.77787500e-08,-1.46812500e-02,2.46125000e-02,6.06062500e-02
8.78187500e-08,-1.45843750e-02,2.47968750e-02,6.05531250e-02
8.78587500e-08,-1.45781250e-02,2.50031250e-02,6.04343750e-02
8.78987500e-08,-1.46593750e-02,2.52218750e-02,6.02593750e-02
8.79387500e-08,-1.48218750e-02,2.54406250e-02,6.00375000e-02
8.79787500e-08,-1.50562500e-02,2.56453125e-02,5.97718750e-02
8.80187500e-08,-1.53562500e-02,2.58281250e-02,5.94812500e-02
8.80587500e-08,-1.57000000e-02,2.59765625e-02,5.91750000e-02
8.80987500e-08,-1.60718750e-02,2.60828125e-02,5.88687500e-02
8.81387500e-08,-1.64562500e-02,2.61421875e-02,5.85781250e-02
8.81787500e-08,-1.68312500e-02,2.61484375e-02,5.83156250e-02
8.82187500e-08,-1.71812500e-02,2.61015625e-02,5.80906250e-02
8.82587500e-08,-1.74875000e-02,2.60031250e-02,5.79125000e-02
8.82987500e-08,-1.77375000e-02,2.58562500e-02,5.77906250e-02
8.83387500e-08,-1.79187500e-02,2.56703125e-02,5.77281250e-02
8.83787500e-08,-1.80250000e-02,2.54500000e-02,5.77281250e-02
8.84187500e-08,-1.80500000e-02,2.52093750e-02,5.77875000e-02
8.84587500e-08,-1.79937500e-02,2.49578125e-02,5.79000000e-02
8.84987500e-08,-1.78625000e-02,2.47062500e-02,5.80562500e-02
8.85387500e-08,-1.76593750e-02,2.44703125e-02,5.82500000e-02
8.85787500e-08,-1.74000000e-02,2.42593750e-02,5.84687500e-02
8.86187500e-08,-1.70937500e-02,2.40828125e-02,5.86968750e-02
8.86587500e-08,-1.67625000e-02,2.39515625e-02,5.89218750e-02
8.86987500e-08,-1.64187500e-02,2.38687500e-02,5.91312500e-02
8.87387500e-08,-1.60781250e-02,2.38406250e-02,5.93125000e-02
8.87787500e-08,-1.57656250e-02,2.38671875e-02,5.94500000e-02
8.88187500e-08,-1.54875000e-02,2.39484375e-02,5.95406250e-02
8.88587500e-08,-1.52656250e-02,2.40781250e-02,5.95750000e-02
8.88987500e-08,-1.51062500e-02,2.42484375e-02,5.95531250e-02
8.89387500e-08,-1.50187500e-02,2.44531250e-02,5.94687500e-02
8.89787500e-08,-1.50062500e-02,2.46812500e-02,5.93281250e-02
8.90187500e-08,-1.50718750e-02,2.49187500e-02,5.91375000e-02
8.90587500e-08,-1.52125000e-02,2.51562500e-02,5.89062500e-02
8.90987500e-08,-1.54156250e-02,2.53781250e-02,5.86437500e-02
8.91387500e-08,-1.56781250e-02,2.55750000e-02,5.83625000e-02
8.91787500e-08,-1.59812500e-02,2.57359375e-02,5.80750000e-02
8.92187500e-08,-1.63125000e-02,2.58515625e-02,5.77968750e-02
8.92587500e-08,-1.66562500e-02,2.59171875e-02,5.75406250e-02
8.92987500e-08,-1.69937500e-02,2.59265625e-02,5.73218750e-02
8.93387500e-08,-1.73093750e-02,2.58781250e-02,5.71468750e-02
8.93787500e-08,-1.75906250e-02,2.57750000e-02,5.70250000e-02
8.94187500e-08,-1.78187500e-02,2.56218750e-02,5.69656250e-02
8.94587500e-08,-1.79843750e-02,2.54250000e-02,5.69656250e-02
8.94987500e-08,-1.80781250e-02,2.51921875e-02,5.70312500e-02
8.95387500e-08,-1.81000000e-02,2.49343750e-02,5.71531250e-02
8.95787500e-08,-1.80468750e-02,2.46656250e-02,5.73250000e-02
8.96187500e-08,-1.79156250e-02,2.43953125e-02,5.75406250e-02
8.96587500e-08,-1.77218750e-02,2.41390625e-02,5.77875000e-02
8.96987500e-08,-1.74656250e-02,2.39078125e-02,5.80500000e-02
8.97387500e-08,-1.71656250e-02,2.37109375e-02,5.83156250e-02
8.97787500e-08,-1.68312500e-02,2.35609375e-02,5.85718750e-02
8.98187500e-08,-1.64812500e-02,2.34609375e-02,5.88000000e-02
8.98587500e-08,-1.61281250e-02,2.34156250e-02,5.89937500e-02
8.98987500e-08,-1.57906250e-02,2.34296875e-02,5.91375000e-02
8.99387500e-08,-1.54843750e-02,2.35000000e-02,5.92250000e-02
8.99787500e-08,-1.52218750e-02,2.36218750e-02,5.92468750e-02
9.00187500e-08,-1.50156250e-02,2.37906250e-02,5.92093750e-02
9.00587500e-08,-1.48718750e-02,2.39968750e-02,5.91031250e-02
9.00987500e-08,-1.48000000e-02,2.42296875e-02,5.89375000e-02
9.01387500e-08,-1.48000000e-02,2.44781250e-02,5.87187500e-02
9.01787500e-08,-1.48687500e-02,2.47296875e-02,5.84593750e-02
9.02187500e-08,-1.50031250e-02,2.49703125e-02,5.81625000e-02
9.02587500e-08,-1.51937500e-02,2.51890625e-02,5.78500000e-02
9.02987500e-08,-1.54343750e-02,2.53750000e-02,5.75312500e-02
9.03387500e-08,-1.57093750e-02,2.55171875e-02,5.72250000e-02
9.03787500e-08,-1.60062500e-02,2.56125000e-02,5.69406250e-02
9.04187500e-08,-1.63093750e-02,2.56515625e-02,5.66906250e-02
9.04587500e-08,-1.66000000e-02,2.56343750e-02,5.64875000e-02
9.04987500e-08,-1.68687500e-02,2.55625000e-02,5.63406250e-02
9.05387500e-08,-1.71000000e-02,2.54390625e-02,5.62562500e-02
9.05787500e-08,-1.72812500e-02,2.52687500e-02,5.62343750e-02
9.06187500e-08,-1.74031250e-02,2.50609375e-02,5.62750000e-02
9.06587500e-08,-1.74656250e-02,2.48250000e-02,5.63750000e-02
9.06987500e-08,-1.74593750e-02,2.45734375e-02,5.65281250e-02
9.07387500e-08,-1.73875000e-02,2.43171875e-02,5.67281250e-02
9.07787500e-08,-1.72531250e-02,2.40703125e-02,5.69593750e-02
9.08187500e-08,-1.70625000e-02,2.38453125e-02,5.72156250e-02
9.08587500e-08,-1.68281250e-02,2.36515625e-02,5.74750000e-02
9.08987500e-08,-1.65562500e-02,2.34984375e-02,5.77343750e-02
9.09387500e-08,-1.62656250e-02,2.33937500e-02,5.79718750e-02
9.09787500e-08,-1.59687500e-02,2.33453125e-02,5.81781250e-02
9.10187500e-08,-1.56781250e-02,2.33515625e-02,5.83468750e-02
9.10587500e-08,-1.54093750e-02,2.34140625e-02,5.84656250e-02
9.10987500e-08,-1.51781250e-02,2.35296875e-02,5.85343750e-02
9.11387500e-08,-1.49906250e-02,2.36937500e-02,5.85437500e-02
9.11787500e-08,-1.48593750e-02,2.38968750e-02,5.85000000e-02
9.12187500e-08,-1.47906250e-02,2.41296875e-02,5.84000000e-02
9.12587500e-08,-1.47843750e-02,2.43796875e-02,5.82562500e-02
9.12987500e-08,-1.48437500e-02,2.46359375e-02,5.80750000e-02
9.13387500e-08,-1.49625000e-02,2.48843750e-02,5.78625000e-02
9.13787500e-08,-1.51375000e-02,2.51140625e-02,5.76343750e-02
9.14187500e-08,-1.53562500e-02,2.53140625e-02,5.74031250e-02
9.14587500e-08,-1.56093750e-02,2.54718750e-02,5.71750000e-02
9.14987500e-08,-1.58843750e-02,2.55812500e-02,5.69687500e-02
9.15387500e-08,-1.61625000e-02,2.56343750e-02,5.67906250e-02
9.15787500e-08,-1.64312500e-02,2.56296875e-02,5.66531250e-02
9.16187500e-08,-1.66781250e-02,2.55671875e-02,5.65593750e-02
9.16587500e-08,-1.68875000e-02,2.54484375e-02,5.65156250e-02
9.16987500e-08,-1.70468750e-02,2.52781250e-02,5.65218750e-02
9.17387500e-08,-1.71468750e-02,2.50640625e-02,5.65812500e-02
9.17787500e-08,-1.71781250e-02,2.48156250e-02,5.66906250e-02
9.18187500e-08,-1.71437500e-02,2.45453125e-02,5.68406250e-02
9.18587500e-08,-1.70375000e-02,2.42625000e-02,5.70250000e-02
9.18987500e-08,-1.68625000e-02,2.39828125e-02,5.72312500e-02
9.19387500e-08,-1.66250000e-02,2.37187500e-02,5.74531250e-02
9.19787500e-08,-1.63375000e-02,2.34812500e-02,5.76781250e-02
9.20187500e-08,-1.60062500e-02,2.32812500e-02,5.78937500e-02
9.20587500e-08,-1.56500000e-02,2.31281250e-02,5.80843750e-02
9.20987500e-08,-1.52781250e-02,2.30281250e-02,5.82468750e-02
9.21387500e-08,-1.49093750e-02,2.29859375e-02,5.83687500e-02
9.21787500e-08,-1.45593750e-02,2.30031250e-02,5.84468750e-02
9.22187500e-08,-1.42437500e-02,2.30765625e-02,5.84687500e-02
9.22587500e-08,-1.39718750e-02,2.32046875e-02,5.84406250e-02
9.22987500e-08,-1.37562500e-02,2.33796875e-02,5.83593750e-02
9.23387500e-08,-1.36062500e-02,2.35921875e-02,5.82312500e-02
9.23787500e-08,-1.35281250e-02,2.38312500e-02,5.80562500e-02
9.24187500e-08,-1.35218750e-02,2.40859375e-02,5.78437500e-02
9.24587500e-08,-1.35843750e-02,2.43421875e-02,5.76062500e-02
9.24987500e-08,-1.37125000e-02,2.45859375e-02,5.73531250e-02
9.25387500e-08,-1.38968750e-02,2.48078125e-02,5.70906250e-02
9.25787500e-08,-1.41281250e-02,2.49937500e-02,5.68375000e-02
9.26187500e-08,-1.43937500e-02,2.51343750e-02,5.66000000e-02
9.26587500e-08,-1.46781250e-02,2.52250000e-02,5.63906250e-02
9.26987500e-08,-1.49656250e-02,2.52562500e-02,5.62187500e-02
9.27387500e-08,-1.52406250e-02,2.52296875e-02,5.60906250e-02
9.27787500e-08,-1.54906250e-02,2.51437500e-02,5.60093750e-02
9.28187500e-08,-1.56968750e-02,2.50015625e-02,5.59812500e-02
9.28587500e-08,-1.58500000e-02,2.48125000e-02,5.60031250e-02
9.28987500e-08,-1.59437500e-02,2.45812500e-02,5.60781250e-02
9.29387500e-08,-1.59718750e-02,2.43218750e-02,5.61968750e-02
9.29787500e-08,-1.59281250e-02,2.40437500e-02,5.63531250e-02
9.30187500e-08,-1.58156250e-02,2.37625000e-02,5.65406250e-02
9.30587500e-08,-1.56406250e-02,2.34906250e-02,5.67500000e-02
9.30987500e-08,-1.54062500e-02,2.32406250e-02,5.69718750e-02
9.31387500e-08,-1.51281250e-02,2.30250000e-02,5.71906250e-02
9.31787500e-08,-1.48156250e-02,2.28546875e-02,5.74000000e-02
9.32187500e-08,-1.44843750e-02,2.27390625e-02,5.75843750e-02
9.32587500e-08,-1.41500000e-02,2.26843750e-02,5.77406250e-02
9.32987500e-08,-1.38312500e-02,2.26921875e-02,5.78593750e-02
9.33387500e-08,-1.35375000e-02,2.27640625e-02,5.79312500e-02
9.33787500e-08,-1.32843750e-02,2.28968750e-02,5.79562500e-02
9.34187500e-08,-1.30875000e-02,2.30843750e-02,5.79312500e-02
9.34587500e-08,-1.29531250e-02,2.33203125e-02,5.78593750e-02
9.34987500e-08,-1.28875000e-02,2.35937500e-02,5.77406250e-02
9.35387500e-08,-1.28968750e-02,2.38906250e-02,5.75812500e-02
9.35787500e-08,-1.29750000e-02,2.41984375e-02,5.73875000e-02
9.36187500e-08,-1.31218750e-02,2.45046875e-02,5.71718750e-02
9.36587500e-08,-1.33250000e-02,2.47937500e-02,5.69375000e-02
9.36987500e-08,-1.35812500e-02,2.50531250e-02,5.67000000e-02
9.37387500e-08,-1.38718750e-02,2.52703125e-02,5.64656250e-02
9.37787500e-08,-1.41843750e-02,2.54343750e-02,5.62468750e-02
9.38187500e-08,-1.45000000e-02,2.55406250e-02,5.60531250e-02
9.38587500e-08,-1.48062500e-02,2.55828125e-02,5.58906250e-02
9.38987500e-08,-1.50843750e-02,2.55578125e-02,5.57656250e-02
9.39387500e-08,-1.53218750e-02,2.54687500e-02,5.56843750e-02
9.39787500e-08,-1.55062500e-02,2.53203125e-02,5.56500000e-02
9.40187500e-08,-1.56250000e-02,2.51171875e-02,5.56593750e-02
9.40587500e-08,-1.56718750e-02,2.48687500e-02,5.57125000e-02
9.40987500e-08,-1.56468750e-02,2.45890625e-02,5.58031250e-02
9.41387500e-08,-1.55437500e-02,2.42890625e-02,5.59312500e-02
9.41787500e-08,-1.53718750e-02,2.39843750e-02,5.60843750e-02
9.42187500e-08,-1.51343750e-02,2.36859375e-02,5.62531250e-02
9.42587500e-08,-1.48468750e-02,2.34078125e-02,5.64312500e-02
9.42987500e-08,-1.45156250e-02,2.31656250e-02,5.66093750e-02
9.43387500e-08,-1.41593750e-02,2.29656250e-02,5.67718750e-02
9.43787500e-08,-1.37937500e-02,2.28187500e-02,5.69187500e-02
9.44187500e-08,-1.34343750e-02,2.27296875e-02,5.70343750e-02
9.44587500e-08,-1.31000000e-02,2.27015625e-02,5.71156250e-02
9.44987500e-08,-1.28031250e-02,2.27343750e-02,5.71562500e-02
9.45387500e-08,-1.25562500e-02,2.28265625e-02,5.71531250e-02
9.45787500e-08,-1.23718750e-02,2.29703125e-02,5.71093750e-02
9.46187500e-08,-1.22593750e-02,2.31593750e-02,5.70187500e-02
9.46587500e-08,-1.22187500e-02,2.33812500e-02,5.68906250e-02
9.46987500e-08,-1.22531250e-02,2.36265625e-02,5.67312500e-02
9.47387500e-08,-1.23593750e-02,2.38828125e-02,5.65406250e-02
9.47787500e-08,-1.25281250e-02,2.41343750e-02,5.63343750e-02
9.48187500e-08,-1.27531250e-02,2.43718750e-02,5.61187500e-02
9.48587500e-08,-1.30218750e-02,2.45812500e-02,5.59031250e-02
9.48987500e-08,-1.33187500e-02,2.47531250e-02,5.57000000e-02
9.49387500e-08,-1.36281250e-02,2.48812500e-02,5.55156250e-02
9.49787500e-08,-1.39312500e-02,2.49578125e-02,5.53593750e-02
9.50187500e-08,-1.42156250e-02,2.49796875e-02,5.52437500e-02
9.50587500e-08,-1.44656250e-02,2.49484375e-02,5.51656250e-02
9.50987500e-08,-1.46656250e-02,2.48671875e-02,5.51375000e-02
9.51387500e-08,-1.48062500e-02,2.47390625e-02,5.51531250e-02
9.51787500e-08,-1.48812500e-02,2.45718750e-02,5.52187500e-02
9.52187500e-08,-1.48812500e-02,2.43765625e-02,5.53250000e-02
9.52587500e-08,-1.48125000e-02,2.41625000e-02,5.54718750e-02
9.52987500e-08,-1.46718750e-02,2.39421875e-02,5.56531250e-02
9.53387500e-08,-1.44687500e-02,2.37296875e-02,5.58562500e-02
9.53787500e-08,-1.42093750e-02,2.35328125e-02,5.60718750e-02
9.54187500e-08,-1.39093750e-02,2.33640625e-02,5.62937500e-02
9.54587500e-08,-1.35812500e-02,2.32343750e-02,5.65062500e-02
9.54987500e-08,-1.32437500e-02,2.31484375e-02,5.67031250e-02
9.55387500e-08,-1.29093750e-02,2.31109375e-02,5.68750000e-02
9.55787500e-08,-1.25937500e-02,2.31250000e-02,5.70062500e-02
9.56187500e-08,-1.23156250e-02,2.31906250e-02,5.71000000e-02
9.56587500e-08,-1.20843750e-02,2.33046875e-02,5.71437500e-02
9.56987500e-08,-1.19156250e-02,2.34593750e-02,5.71375000e-02
9.57387500e-08,-1.18156250e-02,2.36484375e-02,5.70781250e-02
9.57787500e-08,-1.17875000e-02,2.38625000e-02,5.69718750e-02
9.58187500e-08,-1.18343750e-02,2.40890625e-02,5.68218750e-02
9.58587500e-08,-1.19500000e-02,2.43187500e-02,5.66312500e-02
9.58987500e-08,-1.21312500e-02,2.45359375e-02,5.64125000e-02
9.59387500e-08,-1.23718750e-02,2.47328125e-02,5.61718750e-02
9.59787500e-08,-1.26531250e-02,2.48953125e-02,5.59187500e-02
9.60187500e-08,-1.29656250e-02,2.50187500e-02,5.56687500e-02
9.60587500e-08,-1.32906250e-02,2.50921875e-02,5.54281250e-02
9.60987500e-08,-1.36125000e-02,2.51140625e-02,5.52125000e-02
9.61387500e-08,-1.39156250e-02,2.50828125e-02,5.50281250e-02
9.61787500e-08,-1.41843750e-02,2.49968750e-02,5.48843750e-02
9.62187500e-08,-1.44031250e-02,2.48625000e-02,5.47843750e-02
9.62587500e-08,-1.45625000e-02,2.46843750e-02,5.47375000e-02
9.62987500e-08,-1.46531250e-02,2.44703125e-02,5.47406250e-02
9.63387500e-08,-1.46656250e-02,2.42328125e-02,5.47937500e-02
9.63787500e-08,-1.46062500e-02,2.39812500e-02,5.48968750e-02
9.64187500e-08,-1.44687500e-02,2.37296875e-02,5.50406250e-02
9.64587500e-08,-1.42625000e-02,2.34890625e-02,5.52218750e-02
9.64987500e-08,-1.39937500e-02,2.32703125e-02,5.54281250e-02
9.65387500e-08,-1.36750000e-02,2.30875000e-02,5.56468750e-02
9.65787500e-08,-1.33218750e-02,2.29453125e-02,5.58718750e-02
9.66187500e-08,-1.29500000e-02,2.28531250e-02,5.60906250e-02
9.66587500e-08,-1.25718750e-02,2.28156250e-02,5.62906250e-02
9.66987500e-08,-1.22062500e-02,2.28343750e-02,5.64656250e-02
9.67387500e-08,-1.18687500e-02,2.29078125e-02,5.66031250e-02
9.67787500e-08,-1.15750000e-02,2.30328125e-02,5.66968750e-02
9.68187500e-08,-1.13343750e-02,2.32031250e-02,5.67437500e-02
9.68587500e-08,-1.11562500e-02,2.34109375e-02,5.67406250e-02
9.68987500e-08,-1.10500000e-02,2.36453125e-02,5.66843750e-02
9.69387500e-08,-1.10156250e-02,2.38953125e-02,5.65843750e-02
9.69787500e-08,-1.10562500e-02,2.41484375e-02,5.64406250e-02
9.70187500e-08,-1.11625000e-02,2.43906250e-02,5.62625000e-02
9.70587500e-08,-1.13281250e-02,2.46125000e-02,5.60562500e-02
9.70987500e-08,-1.15437500e-02,2.48000000e-02,5.58343750e-02
9.71387500e-08,-1.17968750e-02,2.49468750e-02,5.56062500e-02
9.71787500e-08,-1.20750000e-02,2.50437500e-02,5.53843750e-02
9.72187500e-08,-1.23562500e-02,2.50875000e-02,5.51781250e-02
9.72587500e-08,-1.26312500e-02,2.50734375e-02,5.49968750e-02
9.72987500e-08,-1.28843750e-02,2.50031250e-02,5.48500000e-02
9.73387500e-08,-1.30968750e-02,2.48796875e-02,5.47468750e-02
9.73787500e-08,-1.32625000e-02,2.47093750e-02,5.46875000e-02
9.74187500e-08,-1.33687500e-02,2.45000000e-02,5.46781250e-02
9.74587500e-08,-1.34093750e-02,2.42609375e-02,5.47187500e-02
9.74987500e-08,-1.33843750e-02,2.40031250e-02,5.48062500e-02
9.75387500e-08,-1.32906250e-02,2.37406250e-02,5.49343750e-02
9.75787500e-08,-1.31343750e-02,2.34859375e-02,5.50968750e-02
9.76187500e-08,-1.29218750e-02,2.32484375e-02,5.52843750e-02
9.76587500e-08,-1.26656250e-02,2.30406250e-02,5.54875000e-02
9.76987500e-08,-1.23750000e-02,2.28734375e-02,5.56937500e-02
9.77387500e-08,-1.20656250e-02,2.27531250e-02,5.58968750e-02
9.77787500e-08,-1.17500000e-02,2.26843750e-02,5.60812500e-02
9.78187500e-08,-1.14468750e-02,2.26718750e-02,5.62343750e-02
9.78587500e-08,-1.11718750e-02,2.27156250e-02,5.63531250e-02
9.78987500e-08,-1.09375000e-02,2.28109375e-02,5.64281250e-02
9.79387500e-08,-1.07531250e-02,2.29546875e-02,5.64531250e-02
9.79787500e-08,-1.06343750e-02,2.31375000e-02,5.64281250e-02
9.80187500e-08,-1.05812500e-02,2.33515625e-02,5.63500000e-02
9.80587500e-08,-1.05968750e-02,2.35843750e-02,5.62250000e-02
9.80987500e-08,-1.06875000e-02,2.38265625e-02,5.60562500e-02
9.81387500e-08,-1.08406250e-02,2.40640625e-02,5.58500000e-02
9.81787500e-08,-1.10562500e-02,2.42843750e-02,5.56156250e-02
9.82187500e-08,-1.13218750e-02,2.44796875e-02,5.53656250e-02
9.82587500e-08,-1.16218750e-02,2.46375000e-02,5.51093750e-02
9.82987500e-08,-1.19468750e-02,2.47500000e-02,5.48593750e-02
9.83387500e-08,-1.22781250e-02,2.48125000e-02,5.46250000e-02
9.83787500e-08,-1.26000000e-02,2.48234375e-02,5.44187500e-02
9.84187500e-08,-1.28968750e-02,2.47796875e-02,5.42500000e-02
9.84587500e-08,-1.31531250e-02,2.46859375e-02,5.41250000e-02
9.84987500e-08,-1.33593750e-02,2.45468750e-02,5.40500000e-02
9.85387500e-08,-1.35062500e-02,2.43671875e-02,5.40250000e-02
9.85787500e-08,-1.35812500e-02,2.41593750e-02,5.40531250e-02
9.86187500e-08,-1.35843750e-02,2.39328125e-02,5.41312500e-02
9.86587500e-08,-1.35156250e-02,2.36984375e-02,5.42531250e-02
9.86987500e-08,-1.33750000e-02,2.34671875e-02,5.44125000e-02
9.87387500e-08,-1.31750000e-02,2.32546875e-02,5.46000000e-02
9.87787500e-08,-1.29187500e-02,2.30687500e-02,5.48031250e-02
9.88187500e-08,-1.26218750e-02,2.29203125e-02,5.50125000e-02
9.88587500e-08,-1.23000000e-02,2.28156250e-02,5.52187500e-02
9.88987500e-08,-1.19687500e-02,2.27625000e-02,5.54062500e-02
9.89387500e-08,-1.16406250e-02,2.27640625e-02,5.55656250e-02
9.89787500e-08,-1.13343750e-02,2.28187500e-02,5.56875000e-02
9.90187500e-08,-1.10687500e-02,2.29265625e-02,5.57687500e-02
9.90587500e-08,-1.08500000e-02,2.30812500e-02,5.57968750e-02
9.90987500e-08,-1.06937500e-02,2.32765625e-02,5.57750000e-02
9.91387500e-08,-1.06093750e-02,2.35031250e-02,5.57000000e-02
9.91787500e-08,-1.06000000e-02,2.37484375e-02,5.55750000e-02
9.92187500e-08,-1.06656250e-02,2.40031250e-02,5.54062500e-02
9.92587500e-08,-1.08031250e-02,2.42546875e-02,5.52031250e-02
9.92987500e-08,-1.10093750e-02,2.44906250e-02,5.49718750e-02
9.93387500e-08,-1.12750000e-02,2.46984375e-02,5.47218750e-02
9.93787500e-08,-1.15875000e-02,2.48687500e-02,5.44718750e-02
9.94187500e-08,-1.19312500e-02,2.49921875e-02,5.42250000e-02
9.94587500e-08,-1.22906250e-02,2.50640625e-02,5.40000000e-02
9.94987500e-08,-1.26500000e-02,2.50812500e-02,5.38031250e-02
9.95387500e-08,-1.29937500e-02,2.50406250e-02,5.36437500e-02
9.95787500e-08,-1.33000000e-02,2.49453125e-02,5.35312500e-02
9.96187500e-08,-1.35625000e-02,2.48000000e-02,5.34687500e-02
9.96587500e-08,-1.37625000e-02,2.46093750e-02,5.34593750e-02
9.96987500e-08,-1.38937500e-02,2.43859375e-02,5.35062500e-02
9.97387500e-08,-1.39500000e-02,2.41375000e-02,5.36000000e-02
9.97787500e-08,-1.39281250e-02,2.38765625e-02,5.37375000e-02
9.98187500e-08,-1.38312500e-02,2.36171875e-02,5.39156250e-02
9.98587500e-08,-1.36593750e-02,2.33718750e-02,5.41187500e-02
9.98987500e-08,-1.34250000e-02,2.31500000e-02,5.43375000e-02
9.99387500e-08,-1.31375000e-02,2.29656250e-02,5.45625000e-02
9.99787500e-08,-1.28125000e-02,2.28250000e-02,5.47781250e-02
1.00018750e-07,-1.24625000e-02,2.27375000e-02,5.49750000e-02
1.00058750e-07,-1.21093750e-02,2.27046875e-02,5.51437500e-02
1.00098750e-07,-1.17625000e-02,2.27312500e-02,5.52718750e-02
1.00138750e-07,-1.14437500e-02,2.28140625e-02,5.53562500e-02
1.00178750e-07,-1.11687500e-02,2.29500000e-02,5.53906250e-02
1.00218750e-07,-1.09468750e-02,2.31328125e-02,5.53687500e-02
1.00258750e-07,-1.07906250e-02,2.33531250e-02,5.52968750e-02
1.00298750e-07,-1.07031250e-02,2.36000000e-02,5.51750000e-02
1.00338750e-07,-1.06937500e-02,2.38609375e-02,5.50062500e-02
1.00378750e-07,-1.07593750e-02,2.41250000e-02,5.48062500e-02
1.00418750e-07,-1.08968750e-02,2.43781250e-02,5.45781250e-02
1.00458750e-07,-1.10937500e-02,2.46078125e-02,5.43312500e-02
1.00498750e-07,-1.13468750e-02,2.48031250e-02,5.40843750e-02
1.00538750e-07,-1.16406250e-02,2.49546875e-02,5.38468750e-02
1.00578750e-07,-1.19562500e-02,2.50515625e-02,5.36281250e-02
1.00618750e-07,-1.22843750e-02,2.50921875e-02,5.34375000e-02
1.00658750e-07,-1.26000000e-02,2.50734375e-02,5.32875000e-02
1.00698750e-07,-1.28906250e-02,2.49937500e-02,5.31843750e-02
1.00738750e-07,-1.31437500e-02,2.48578125e-02,5.31312500e-02
1.00778750e-07,-1.33406250e-02,2.46703125e-02,5.31312500e-02
1.00818750e-07,-1.34718750e-02,2.44421875e-02,5.31812500e-02
1.00858750e-07,-1.35343750e-02,2.41796875e-02,5.32812500e-02
1.00898750e-07,-1.35187500e-02,2.38984375e-02,5.34218750e-02
1.00938750e-07,-1.34312500e-02,2.36093750e-02,5.35968750e-02
1.00978750e-07,-1.32687500e-02,2.33265625e-02,5.37968750e-02
1.01018750e-07,-1.30406250e-02,2.30625000e-02,5.40093750e-02
1.01058750e-07,-1.27562500e-02,2.28296875e-02,5.42218750e-02
1.01098750e-07,-1.24343750e-02,2.26375000e-02,5.44250000e-02
1.01138750e-07,-1.20843750e-02,2.24968750e-02,5.46031250e-02
1.01178750e-07,-1.17218750e-02,2.24125000e-02,5.47500000e-02
1.01218750e-07,-1.13687500e-02,2.23875000e-02,5.48562500e-02
1.01258750e-07,-1.10406250e-02,2.24234375e-02,5.49125000e-02
1.01298750e-07,-1.07531250e-02,2.25171875e-02,5.49156250e-02
1.01338750e-07,-1.05156250e-02,2.26656250e-02,5.48625000e-02
1.01378750e-07,-1.03468750e-02,2.28609375e-02,5.47562500e-02
1.01418750e-07,-1.02468750e-02,2.30906250e-02,5.46031250e-02
1.01458750e-07,-1.02281250e-02,2.33468750e-02,5.44031250e-02
1.01498750e-07,-1.02843750e-02,2.36156250e-02,5.41687500e-02
1.01538750e-07,-1.04156250e-02,2.38828125e-02,5.39125000e-02
1.01578750e-07,-1.06156250e-02,2.41375000e-02,5.36406250e-02
1.01618750e-07,-1.08687500e-02,2.43671875e-02,5.33687500e-02
1.01658750e-07,-1.11687500e-02,2.45593750e-02,5.31062500e-02
1.01698750e-07,-1.15000000e-02,2.47062500e-02,5.28718750e-02
1.01738750e-07,-1.18375000e-02,2.48000000e-02,5.26687500e-02
1.01778750e-07,-1.21750000e-02,2.48375000e-02,5.25125000e-02
1.01818750e-07,-1.24843750e-02,2.48156250e-02,5.24031250e-02
1.01858750e-07,-1.27562500e-02,2.47375000e-02,5.23531250e-02
1.01898750e-07,-1.29750000e-02,2.46062500e-02,5.23625000e-02
1.01938750e-07,-1.31281250e-02,2.44296875e-02,5.24281250e-02
1.01978750e-07,-1.32062500e-02,2.42156250e-02,5.25500000e-02
