Model,MSO64
Channel,CH1,,Channel,CH2,,Channel,CH3
Label,,,Label,,,Label,
Waveform Type,ANALOG,,Waveform Type,ANALOG,,Waveform Type,ANALOG
Digital Type,None,,Digital Type,None,,Digital Type,None
Horizontal Units,s,,Horizontal Units,s,,Horizontal Units,s
Sample Interval,4.00000000e-11,,Sample Interval,4.00000000e-11,,Sample Interval,4.00000000e-11
Record Length,5000,,Record Length,5000,,Record Length,5000
Zero Index,2449.53125000,,Zero Index,2449.53125000,,Zero Index,2449.53125000
Vertical Units,V,,Vertical Units,V,,Vertical Units,V
,,,,,,,
ANALOG_Thumbnail,,,ANALOG_Thumbnail,,,ANALOG_Thumbnail,
yOffset,0.000000,,yOffset,0.000000,,yOffset,0.000000
yPosition,-0.680000,,yPosition,-2.140000,,yPosition,0.000000

Labels,,,
TIME,CH1,CH2,CH3
-9.79812500e-08,-5.51875000e-03,3.04687500e-03,3.60625000e-03
-9.79412500e-08,-5.50000000e-03,3.05156250e-03,3.66875000e-03
-9.79012500e-08,-5.48750000e-03,3.05312500e-03,3.72812500e-03
-9.78612500e-08,-5.47812500e-03,3.05312500e-03,3.78125000e-03
-9.78212500e-08,-5.47500000e-03,3.05000000e-03,3.82812500e-03
-9.77812500e-08,-5.47500000e-03,3.04531250e-03,3.86250000e-03
-9.77412500e-08,-5.48437500e-03,3.03750000e-03,3.88750000e-03
-9.77012500e-08,-5.49687500e-03,3.02812500e-03,3.90000000e-03
-9.76612500e-08,-5.51562500e-03,3.01718750e-03,3.89687500e-03
-9.76212500e-08,-5.53750000e-03,3.00312500e-03,3.88437500e-03
-9.75812500e-08,-5.56250000e-03,2.98750000e-03,3.85625000e-03
-9.75412500e-08,-5.58750000e-03,2.97187500e-03,3.81562500e-03
-9.75012500e-08,-5.61562500e-03,2.95625000e-03,3.76562500e-03
-9.74612500e-08,-5.64062500e-03,2.93906250e-03,3.70312500e-03
-9.74212500e-08,-5.66250000e-03,2.92343750e-03,3.63125000e-03
-9.73812500e-08,-5.67812500e-03,2.90781250e-03,3.55312500e-03
-9.73412500e-08,-5.69062500e-03,2.89375000e-03,3.47187500e-03
-9.73012500e-08,-5.69375000e-03,2.88281250e-03,3.38750000e-03
-9.72612500e-08,-5.69062500e-03,2.87187500e-03,3.30312500e-03
-9.72212500e-08,-5.67812500e-03,2.86406250e-03,3.22187500e-03
-9.71812500e-08,-5.65625000e-03,2.85937500e-03,3.14375000e-03
-9.71412500e-08,-5.62500000e-03,2.85625000e-03,3.07500000e-03
-9.71012500e-08,-5.58750000e-03,2.85468750e-03,3.01562500e-03
-9.70612500e-08,-5.54062500e-03,2.85625000e-03,2.96562500e-03
-9.70212500e-08,-5.48437500e-03,2.85937500e-03,2.92812500e-03
-9.69812500e-08,-5.42500000e-03,2.86562500e-03,2.90312500e-03
-9.69412500e-08,-5.35937500e-03,2.87187500e-03,2.89062500e-03
-9.69012500e-08,-5.29062500e-03,2.87812500e-03,2.89062500e-03
-9.68612500e-08,-5.22187500e-03,2.88593750e-03,2.90312500e-03
-9.68212500e-08,-5.15000000e-03,2.89375000e-03,2.92500000e-03
-9.67812500e-08,-5.08125000e-03,2.90156250e-03,2.95625000e-03
-9.67412500e-08,-5.01562500e-03,2.90937500e-03,2.99375000e-03
-9.67012500e-08,-4.95000000e-03,2.91406250e-03,3.04062500e-03
-9.66612500e-08,-4.89375000e-03,2.91875000e-03,3.09062500e-03
-9.66212500e-08,-4.84062500e-03,2.92187500e-03,3.14375000e-03
-9.65812500e-08,-4.79062500e-03,2.92187500e-03,3.19687500e-03
-9.65412500e-08,-4.75312500e-03,2.92187500e-03,3.25000000e-03
-9.65012500e-08,-4.71875000e-03,2.91875000e-03,3.30000000e-03
-9.64612500e-08,-4.69062500e-03,2.91406250e-03,3.34687500e-03
-9.64212500e-08,-4.67187500e-03,2.90937500e-03,3.39062500e-03
-9.63812500e-08,-4.65937500e-03,2.90156250e-03,3.42812500e-03
-9.63412500e-08,-4.65312500e-03,2.89375000e-03,3.45937500e-03
-9.63012500e-08,-4.65312500e-03,2.88593750e-03,3.48437500e-03
-9.62612500e-08,-4.65625000e-03,2.87656250e-03,3.50312500e-03
-9.62212500e-08,-4.66562500e-03,2.86718750e-03,3.51875000e-03
-9.61812500e-08,-4.67812500e-03,2.85781250e-03,3.52812500e-03
-9.61412500e-08,-4.69375000e-03,2.85000000e-03,3.53125000e-03
-9.61012500e-08,-4.71250000e-03,2.84218750e-03,3.53437500e-03
-9.60612500e-08,-4.73125000e-03,2.83593750e-03,3.53125000e-03
-9.60212500e-08,-4.75000000e-03,2.82968750e-03,3.52812500e-03
-9.59812500e-08,-4.76875000e-03,2.82656250e-03,3.52187500e-03
-9.59412500e-08,-4.78750000e-03,2.82343750e-03,3.51562500e-03
-9.59012500e-08,-4.80312500e-03,2.82187500e-03,3.50937500e-03
-9.58612500e-08,-4.81562500e-03,2.82187500e-03,3.50312500e-03
-9.58212500e-08,-4.82500000e-03,2.82187500e-03,3.49687500e-03
-9.57812500e-08,-4.83125000e-03,2.82343750e-03,3.49062500e-03
-9.57412500e-08,-4.83437500e-03,2.82656250e-03,3.48437500e-03
-9.57012500e-08,-4.83125000e-03,2.82968750e-03,3.47500000e-03
-9.56612500e-08,-4.82500000e-03,2.83281250e-03,3.46875000e-03
-9.56212500e-08,-4.81562500e-03,2.83593750e-03,3.45937500e-03
-9.55812500e-08,-4.80000000e-03,2.83906250e-03,3.45000000e-03
-9.55412500e-08,-4.78437500e-03,2.84062500e-03,3.43750000e-03
-9.55012500e-08,-4.76562500e-03,2.84218750e-03,3.42187500e-03
-9.54612500e-08,-4.74687500e-03,2.84375000e-03,3.40625000e-03
-9.54212500e-08,-4.72812500e-03,2.84375000e-03,3.39062500e-03
-9.53812500e-08,-4.71250000e-03,2.84218750e-03,3.36875000e-03
-9.53412500e-08,-4.69687500e-03,2.83906250e-03,3.35000000e-03
-9.53012500e-08,-4.68437500e-03,2.83437500e-03,3.32500000e-03
-9.52612500e-08,-4.67812500e-03,2.82812500e-03,3.30312500e-03
-9.52212500e-08,-4.67500000e-03,2.82187500e-03,3.27812500e-03
-9.51812500e-08,-4.67812500e-03,2.81250000e-03,3.25312500e-03
-9.51412500e-08,-4.68750000e-03,2.80156250e-03,3.23125000e-03
-9.51012500e-08,-4.70000000e-03,2.79062500e-03,3.20937500e-03
-9.50612500e-08,-4.72187500e-03,2.77812500e-03,3.18750000e-03
-9.50212500e-08,-4.74375000e-03,2.76406250e-03,3.16875000e-03
-9.49812500e-08,-4.77187500e-03,2.75156250e-03,3.15625000e-03
-9.49412500e-08,-4.80312500e-03,2.73750000e-03,3.14375000e-03
-9.49012500e-08,-4.83125000e-03,2.72500000e-03,3.13750000e-03
-9.48612500e-08,-4.85937500e-03,2.71250000e-03,3.13125000e-03
-9.48212500e-08,-4.88437500e-03,2.70312500e-03,3.13125000e-03
-9.47812500e-08,-4.90312500e-03,2.69375000e-03,3.13437500e-03
-9.47412500e-08,-4.91562500e-03,2.68906250e-03,3.14062500e-03
-9.47012500e-08,-4.91875000e-03,2.68437500e-03,3.14687500e-03
-9.46612500e-08,-4.90937500e-03,2.68437500e-03,3.15937500e-03
-9.46212500e-08,-4.88750000e-03,2.68750000e-03,3.17187500e-03
-9.45812500e-08,-4.85625000e-03,2.69531250e-03,3.18750000e-03
-9.45412500e-08,-4.81250000e-03,2.70468750e-03,3.20312500e-03
-9.45012500e-08,-4.75625000e-03,2.71875000e-03,3.21875000e-03
-9.44612500e-08,-4.68750000e-03,2.73593750e-03,3.23750000e-03
-9.44212500e-08,-4.61250000e-03,2.75625000e-03,3.25312500e-03
-9.43812500e-08,-4.53125000e-03,2.77812500e-03,3.27187500e-03
-9.43412500e-08,-4.44375000e-03,2.80312500e-03,3.28750000e-03
-9.43012500e-08,-4.35937500e-03,2.82812500e-03,3.30312500e-03
-9.42612500e-08,-4.27500000e-03,2.85625000e-03,3.31875000e-03
-9.42212500e-08,-4.19687500e-03,2.88281250e-03,3.33437500e-03
-9.41812500e-08,-4.12500000e-03,2.90781250e-03,3.35000000e-03
-9.41412500e-08,-4.06875000e-03,2.93281250e-03,3.36250000e-03
-9.41012500e-08,-4.02500000e-03,2.95625000e-03,3.37812500e-03
-9.40612500e-08,-3.99687500e-03,2.97500000e-03,3.39062500e-03
-9.40212500e-08,-3.99062500e-03,2.99218750e-03,3.40312500e-03
-9.39812500e-08,-4.00000000e-03,3.00625000e-03,3.41562500e-03
-9.39412500e-08,-4.02812500e-03,3.01718750e-03,3.42812500e-03
-9.39012500e-08,-4.07500000e-03,3.02500000e-03,3.44062500e-03
-9.38612500e-08,-4.14062500e-03,3.02812500e-03,3.45000000e-03
-9.38212500e-08,-4.21562500e-03,3.02968750e-03,3.45937500e-03
-9.37812500e-08,-4.30625000e-03,3.02812500e-03,3.46562500e-03
-9.37412500e-08,-4.40312500e-03,3.02500000e-03,3.47187500e-03
-9.37012500e-08,-4.50312500e-03,3.01875000e-03,3.47812500e-03
-9.36612500e-08,-4.60312500e-03,3.01406250e-03,3.48125000e-03
-9.36212500e-08,-4.70000000e-03,3.00781250e-03,3.48437500e-03
-9.35812500e-08,-4.79062500e-03,3.00312500e-03,3.48437500e-03
-9.35412500e-08,-4.86875000e-03,2.99843750e-03,3.48125000e-03
-9.35012500e-08,-4.93437500e-03,2.99531250e-03,3.47812500e-03
-9.34612500e-08,-4.98437500e-03,2.99531250e-03,3.47500000e-03
-9.34212500e-08,-5.01562500e-03,2.99531250e-03,3.46875000e-03
-9.33812500e-08,-5.03125000e-03,2.99843750e-03,3.46250000e-03
-9.33412500e-08,-5.02500000e-03,3.00312500e-03,3.45312500e-03
-9.33012500e-08,-5.00625000e-03,3.00937500e-03,3.44687500e-03
-9.32612500e-08,-4.96875000e-03,3.01562500e-03,3.43750000e-03
-9.32212500e-08,-4.91875000e-03,3.02343750e-03,3.43125000e-03
-9.31812500e-08,-4.85625000e-03,3.02968750e-03,3.42187500e-03
-9.31412500e-08,-4.78750000e-03,3.03437500e-03,3.41562500e-03
-9.31012500e-08,-4.71562500e-03,3.03906250e-03,3.40937500e-03
-9.30612500e-08,-4.64062500e-03,3.03906250e-03,3.40312500e-03
-9.30212500e-08,-4.56875000e-03,3.03750000e-03,3.39687500e-03
-9.29812500e-08,-4.50312500e-03,3.03281250e-03,3.39062500e-03
-9.29412500e-08,-4.44375000e-03,3.02343750e-03,3.38437500e-03
-9.29012500e-08,-4.39687500e-03,3.00937500e-03,3.37812500e-03
-9.28612500e-08,-4.35937500e-03,2.99218750e-03,3.36875000e-03
-9.28212500e-08,-4.33125000e-03,2.97031250e-03,3.35937500e-03
-9.27812500e-08,-4.31875000e-03,2.94531250e-03,3.34687500e-03
-9.27412500e-08,-4.31250000e-03,2.91718750e-03,3.33437500e-03
-9.27012500e-08,-4.31875000e-03,2.88750000e-03,3.31875000e-03
-9.26612500e-08,-4.33125000e-03,2.85625000e-03,3.30000000e-03
-9.26212500e-08,-4.35000000e-03,2.82343750e-03,3.28125000e-03
-9.25812500e-08,-4.36875000e-03,2.79218750e-03,3.25937500e-03
-9.25412500e-08,-4.39062500e-03,2.76250000e-03,3.23750000e-03
-9.25012500e-08,-4.40937500e-03,2.73437500e-03,3.21562500e-03
-9.24612500e-08,-4.42500000e-03,2.70937500e-03,3.19062500e-03
-9.24212500e-08,-4.43437500e-03,2.68750000e-03,3.16875000e-03
-9.23812500e-08,-4.43437500e-03,2.67031250e-03,3.15000000e-03
-9.23412500e-08,-4.42500000e-03,2.65781250e-03,3.13437500e-03
-9.23012500e-08,-4.40625000e-03,2.64843750e-03,3.12187500e-03
-9.22612500e-08,-4.38125000e-03,2.64531250e-03,3.11250000e-03
-9.22212500e-08,-4.34687500e-03,2.64531250e-03,3.11250000e-03
-9.21812500e-08,-4.30312500e-03,2.64843750e-03,3.11562500e-03
-9.21412500e-08,-4.25312500e-03,2.65468750e-03,3.12812500e-03
-9.21012500e-08,-4.20000000e-03,2.66406250e-03,3.15000000e-03
-9.20612500e-08,-4.14375000e-03,2.67500000e-03,3.17500000e-03
-9.20212500e-08,-4.09062500e-03,2.68750000e-03,3.20937500e-03
-9.19812500e-08,-4.03437500e-03,2.70000000e-03,3.25000000e-03
-9.19412500e-08,-3.98437500e-03,2.71250000e-03,3.29375000e-03
-9.19012500e-08,-3.93750000e-03,2.72343750e-03,3.34375000e-03
-9.18612500e-08,-3.89687500e-03,2.73437500e-03,3.39375000e-03
-9.18212500e-08,-3.86250000e-03,2.74218750e-03,3.44687500e-03
-9.17812500e-08,-3.83750000e-03,2.75000000e-03,3.49687500e-03
-9.17412500e-08,-3.81562500e-03,2.75625000e-03,3.54375000e-03
-9.17012500e-08,-3.80000000e-03,2.76093750e-03,3.58437500e-03
-9.16612500e-08,-3.78750000e-03,2.76406250e-03,3.62187500e-03
-9.16212500e-08,-3.78125000e-03,2.76562500e-03,3.64687500e-03
-9.15812500e-08,-3.77500000e-03,2.76718750e-03,3.66562500e-03
-9.15412500e-08,-3.76875000e-03,2.76875000e-03,3.66875000e-03
-9.15012500e-08,-3.75937500e-03,2.77031250e-03,3.66562500e-03
-9.14612500e-08,-3.75000000e-03,2.77343750e-03,3.64687500e-03
-9.14212500e-08,-3.73750000e-03,2.77656250e-03,3.61875000e-03
-9.13812500e-08,-3.71875000e-03,2.78125000e-03,3.57812500e-03
-9.13412500e-08,-3.69687500e-03,2.78750000e-03,3.52812500e-03
-9.13012500e-08,-3.66875000e-03,2.79531250e-03,3.46875000e-03
-9.12612500e-08,-3.63437500e-03,2.80312500e-03,3.40312500e-03
-9.12212500e-08,-3.60000000e-03,2.81250000e-03,3.33437500e-03
-9.11812500e-08,-3.55937500e-03,2.82343750e-03,3.26250000e-03
-9.11412500e-08,-3.51875000e-03,2.83437500e-03,3.19062500e-03
-9.11012500e-08,-3.47500000e-03,2.84531250e-03,3.12187500e-03
-9.10612500e-08,-3.43437500e-03,2.85625000e-03,3.05625000e-03
-9.10212500e-08,-3.39687500e-03,2.86562500e-03,3.00000000e-03
-9.09812500e-08,-3.36250000e-03,2.87343750e-03,2.95312500e-03
-9.09412500e-08,-3.33437500e-03,2.88125000e-03,2.91562500e-03
-9.09012500e-08,-3.30937500e-03,2.88593750e-03,2.89062500e-03
-9.08612500e-08,-3.29062500e-03,2.88906250e-03,2.87812500e-03
-9.08212500e-08,-3.27500000e-03,2.89062500e-03,2.88125000e-03
-9.07812500e-08,-3.26562500e-03,2.88906250e-03,2.89687500e-03
-9.07412500e-08,-3.25937500e-03,2.88750000e-03,2.92187500e-03
-9.07012500e-08,-3.25312500e-03,2.88281250e-03,2.96250000e-03
-9.06612500e-08,-3.25000000e-03,2.87656250e-03,3.00937500e-03
-9.06212500e-08,-3.24687500e-03,2.87031250e-03,3.06562500e-03
-9.05812500e-08,-3.23750000e-03,2.86250000e-03,3.12812500e-03
-9.05412500e-08,-3.22500000e-03,2.85468750e-03,3.19375000e-03
-9.05012500e-08,-3.20625000e-03,2.84687500e-03,3.25937500e-03
-9.04612500e-08,-3.18125000e-03,2.83906250e-03,3.32500000e-03
-9.04212500e-08,-3.14687500e-03,2.83281250e-03,3.38750000e-03
-9.03812500e-08,-3.10625000e-03,2.82500000e-03,3.44062500e-03
-9.03412500e-08,-3.05312500e-03,2.81875000e-03,3.49062500e-03
-9.03012500e-08,-2.99687500e-03,2.81406250e-03,3.52812500e-03
-9.02612500e-08,-2.93125000e-03,2.80937500e-03,3.55937500e-03
-9.02212500e-08,-2.85937500e-03,2.80468750e-03,3.57500000e-03
-9.01812500e-08,-2.78750000e-03,2.80000000e-03,3.58437500e-03
-9.01412500e-08,-2.71250000e-03,2.79531250e-03,3.58125000e-03
-9.01012500e-08,-2.64062500e-03,2.79062500e-03,3.56875000e-03
-9.00612500e-08,-2.56875000e-03,2.78593750e-03,3.54687500e-03
-9.00212500e-08,-2.50625000e-03,2.78125000e-03,3.51875000e-03
-8.99812500e-08,-2.45000000e-03,2.77500000e-03,3.48437500e-03
-8.99412500e-08,-2.40000000e-03,2.76875000e-03,3.44687500e-03
-8.99012500e-08,-2.36250000e-03,2.76250000e-03,3.40625000e-03
-8.98612500e-08,-2.33750000e-03,2.75781250e-03,3.36562500e-03
-8.98212500e-08,-2.31875000e-03,2.75156250e-03,3.32812500e-03
-8.97812500e-08,-2.31250000e-03,2.74687500e-03,3.29375000e-03
-8.97412500e-08,-2.31250000e-03,2.74375000e-03,3.26250000e-03
-8.97012500e-08,-2.31875000e-03,2.74218750e-03,3.24062500e-03
-8.96612500e-08,-2.33125000e-03,2.74375000e-03,3.22187500e-03
-8.96212500e-08,-2.34687500e-03,2.74687500e-03,3.21250000e-03
-8.95812500e-08,-2.36250000e-03,2.75468750e-03,3.20937500e-03
-8.95412500e-08,-2.37187500e-03,2.76406250e-03,3.21250000e-03
-8.95012500e-08,-2.38125000e-03,2.77656250e-03,3.22187500e-03
-8.94612500e-08,-2.38125000e-03,2.79375000e-03,3.23437500e-03
-8.94212500e-08,-2.37187500e-03,2.81250000e-03,3.25312500e-03
-8.93812500e-08,-2.35625000e-03,2.83437500e-03,3.27187500e-03
-8.93412500e-08,-2.32812500e-03,2.85781250e-03,3.29375000e-03
-8.93012500e-08,-2.29062500e-03,2.88125000e-03,3.31562500e-03
-8.92612500e-08,-2.24375000e-03,2.90625000e-03,3.33437500e-03
-8.92212500e-08,-2.19062500e-03,2.92968750e-03,3.35000000e-03
-8.91812500e-08,-2.13125000e-03,2.95312500e-03,3.36250000e-03
-8.91412500e-08,-2.06562500e-03,2.97187500e-03,3.36875000e-03
-8.91012500e-08,-2.00312500e-03,2.98750000e-03,3.37187500e-03
-8.90612500e-08,-1.94062500e-03,3.00000000e-03,3.36562500e-03
-8.90212500e-08,-1.88125000e-03,3.00625000e-03,3.35937500e-03
-8.89812500e-08,-1.82812500e-03,3.00781250e-03,3.34375000e-03
-8.89412500e-08,-1.78437500e-03,3.00468750e-03,3.32500000e-03
-8.89012500e-08,-1.75312500e-03,2.99531250e-03,3.30312500e-03
-8.88612500e-08,-1.73437500e-03,2.97968750e-03,3.28125000e-03
-8.88212500e-08,-1.72500000e-03,2.96093750e-03,3.25625000e-03
-8.87812500e-08,-1.72812500e-03,2.93906250e-03,3.23125000e-03
-8.87412500e-08,-1.74687500e-03,2.91406250e-03,3.20625000e-03
-8.87012500e-08,-1.77187500e-03,2.88750000e-03,3.18437500e-03
-8.86612500e-08,-1.80625000e-03,2.85937500e-03,3.16562500e-03
-8.86212500e-08,-1.84687500e-03,2.83437500e-03,3.15312500e-03
-8.85812500e-08,-1.89062500e-03,2.80937500e-03,3.14062500e-03
-8.85412500e-08,-1.93750000e-03,2.78906250e-03,3.13437500e-03
-8.85012500e-08,-1.97812500e-03,2.77187500e-03,3.13437500e-03
-8.84612500e-08,-2.01562500e-03,2.75937500e-03,3.13750000e-03
-8.84212500e-08,-2.04062500e-03,2.75156250e-03,3.14375000e-03
-8.83812500e-08,-2.05937500e-03,2.75000000e-03,3.15625000e-03
-8.83412500e-08,-2.06250000e-03,2.75468750e-03,3.16875000e-03
-8.83012500e-08,-2.05625000e-03,2.76250000e-03,3.18125000e-03
-8.82612500e-08,-2.03125000e-03,2.77500000e-03,3.19687500e-03
-8.82212500e-08,-1.99375000e-03,2.79062500e-03,3.20937500e-03
-8.81812500e-08,-1.94375000e-03,2.80937500e-03,3.22187500e-03
-8.81412500e-08,-1.88125000e-03,2.82812500e-03,3.23125000e-03
-8.81012500e-08,-1.80625000e-03,2.84687500e-03,3.24062500e-03
-8.80612500e-08,-1.72500000e-03,2.86406250e-03,3.24375000e-03
-8.80212500e-08,-1.63437500e-03,2.87812500e-03,3.24687500e-03
-8.79812500e-08,-1.54375000e-03,2.89062500e-03,3.24375000e-03
-8.79412500e-08,-1.45312500e-03,2.89687500e-03,3.23750000e-03
-8.79012500e-08,-1.36250000e-03,2.89843750e-03,3.22812500e-03
-8.78612500e-08,-1.27500000e-03,2.89687500e-03,3.21875000e-03
-8.78212500e-08,-1.19375000e-03,2.88906250e-03,3.20625000e-03
-8.77812500e-08,-1.12187500e-03,2.87656250e-03,3.19375000e-03
-8.77412500e-08,-1.05625000e-03,2.85937500e-03,3.18437500e-03
-8.77012500e-08,-1.00000000e-03,2.84062500e-03,3.17187500e-03
-8.76612500e-08,-9.53125000e-04,2.82031250e-03,3.16250000e-03
-8.76212500e-08,-9.15625000e-04,2.80000000e-03,3.15625000e-03
-8.75812500e-08,-8.81250000e-04,2.77968750e-03,3.15000000e-03
-8.75412500e-08,-8.56250000e-04,2.76250000e-03,3.15000000e-03
-8.75012500e-08,-8.34375000e-04,2.74843750e-03,3.15000000e-03
-8.74612500e-08,-8.15625000e-04,2.73906250e-03,3.15625000e-03
-8.74212500e-08,-7.93750000e-04,2.73593750e-03,3.16250000e-03
-8.73812500e-08,-7.75000000e-04,2.73906250e-03,3.17187500e-03
-8.73412500e-08,-7.50000000e-04,2.74843750e-03,3.18125000e-03
-8.73012500e-08,-7.25000000e-04,2.76406250e-03,3.19375000e-03
-8.72612500e-08,-6.93750000e-04,2.78750000e-03,3.20625000e-03
-8.72212500e-08,-6.56250000e-04,2.81406250e-03,3.21562500e-03
-8.71812500e-08,-6.15625000e-04,2.84687500e-03,3.22500000e-03
-8.71412500e-08,-5.68750000e-04,2.88281250e-03,3.23437500e-03
-8.71012500e-08,-5.21875000e-04,2.92031250e-03,3.24062500e-03
-8.70612500e-08,-4.71875000e-04,2.95781250e-03,3.24687500e-03
-8.70212500e-08,-4.21875000e-04,2.99531250e-03,3.24687500e-03
-8.69812500e-08,-3.75000000e-04,3.02812500e-03,3.25000000e-03
-8.69412500e-08,-3.31250000e-04,3.05781250e-03,3.24687500e-03
-8.69012500e-08,-2.96875000e-04,3.08125000e-03,3.24687500e-03
-8.68612500e-08,-2.68750000e-04,3.09843750e-03,3.24375000e-03
-8.68212500e-08,-2.53125000e-04,3.10937500e-03,3.24375000e-03
-8.67812500e-08,-2.46875000e-04,3.11093750e-03,3.24687500e-03
-8.67412500e-08,-2.56250000e-04,3.10625000e-03,3.25000000e-03
-8.67012500e-08,-2.78125000e-04,3.09531250e-03,3.25625000e-03
-8.66612500e-08,-3.12500000e-04,3.07656250e-03,3.26875000e-03
-8.66212500e-08,-3.59375000e-04,3.05312500e-03,3.28437500e-03
-8.65812500e-08,-4.18750000e-04,3.02500000e-03,3.30312500e-03
-8.65412500e-08,-4.84375000e-04,2.99531250e-03,3.32812500e-03
-8.65012500e-08,-5.59375000e-04,2.96406250e-03,3.35625000e-03
-8.64612500e-08,-6.37500000e-04,2.93125000e-03,3.38437500e-03
-8.64212500e-08,-7.18750000e-04,2.90156250e-03,3.41875000e-03
-8.63812500e-08,-7.96875000e-04,2.87500000e-03,3.45000000e-03
-8.63412500e-08,-8.68750000e-04,2.85156250e-03,3.48125000e-03
-8.63012500e-08,-9.31250000e-04,2.83125000e-03,3.50937500e-03
-8.62612500e-08,-9.84375000e-04,2.81875000e-03,3.53437500e-03
-8.62212500e-08,-1.02187500e-03,2.80937500e-03,3.55625000e-03
-8.61812500e-08,-1.04062500e-03,2.80468750e-03,3.56562500e-03
-8.61412500e-08,-1.04375000e-03,2.80625000e-03,3.56875000e-03
-8.61012500e-08,-1.02500000e-03,2.81093750e-03,3.56250000e-03
-8.60612500e-08,-9.84375000e-04,2.81718750e-03,3.54687500e-03
-8.60212500e-08,-9.25000000e-04,2.82656250e-03,3.52187500e-03
-8.59812500e-08,-8.46875000e-04,2.83593750e-03,3.48750000e-03
-8.59412500e-08,-7.50000000e-04,2.84375000e-03,3.44062500e-03
-8.59012500e-08,-6.40625000e-04,2.85156250e-03,3.39062500e-03
-8.58612500e-08,-5.15625000e-04,2.85468750e-03,3.33125000e-03
-8.58212500e-08,-3.81250000e-04,2.85625000e-03,3.26875000e-03
-8.57812500e-08,-2.40625000e-04,2.85156250e-03,3.20625000e-03
-8.57412500e-08,-9.68750000e-05,2.84375000e-03,3.14062500e-03
-8.57012500e-08,4.68750000e-05,2.83125000e-03,3.07812500e-03
-8.56612500e-08,1.84375000e-04,2.81406250e-03,3.02500000e-03
-8.56212500e-08,3.15625000e-04,2.79218750e-03,2.97500000e-03
-8.55812500e-08,4.37500000e-04,2.76875000e-03,2.93437500e-03
-8.55412500e-08,5.46875000e-04,2.74218750e-03,2.90625000e-03
-8.55012500e-08,6.43750000e-04,2.71406250e-03,2.89062500e-03
-8.54612500e-08,7.25000000e-04,2.68750000e-03,2.88750000e-03
-8.54212500e-08,7.90625000e-04,2.66093750e-03,2.89687500e-03
-8.53812500e-08,8.40625000e-04,2.63593750e-03,2.91875000e-03
-8.53412500e-08,8.75000000e-04,2.61562500e-03,2.95312500e-03
-8.53012500e-08,8.96875000e-04,2.59843750e-03,3.00000000e-03
-8.52612500e-08,9.06250000e-04,2.58437500e-03,3.05312500e-03
-8.52212500e-08,9.09375000e-04,2.57500000e-03,3.11562500e-03
-8.51812500e-08,9.03125000e-04,2.57031250e-03,3.18125000e-03
-8.51412500e-08,8.93750000e-04,2.57031250e-03,3.25000000e-03
-8.51012500e-08,8.84375000e-04,2.57343750e-03,3.31875000e-03
-8.50612500e-08,8.75000000e-04,2.57968750e-03,3.38437500e-03
-8.50212500e-08,8.71875000e-04,2.58750000e-03,3.44375000e-03
-8.49812500e-08,8.75000000e-04,2.59531250e-03,3.49687500e-03
-8.49412500e-08,8.84375000e-04,2.60468750e-03,3.54375000e-03
-8.49012500e-08,9.03125000e-04,2.61250000e-03,3.57812500e-03
-8.48612500e-08,9.34375000e-04,2.61875000e-03,3.60312500e-03
-8.48212500e-08,9.75000000e-04,2.62343750e-03,3.61562500e-03
-8.47812500e-08,1.02500000e-03,2.62500000e-03,3.61562500e-03
-8.47412500e-08,1.08437500e-03,2.62187500e-03,3.60937500e-03
-8.47012500e-08,1.15312500e-03,2.61718750e-03,3.59062500e-03
-8.46612500e-08,1.22500000e-03,2.60937500e-03,3.56250000e-03
-8.46212500e-08,1.30625000e-03,2.60000000e-03,3.52812500e-03
-8.45812500e-08,1.38437500e-03,2.58750000e-03,3.48750000e-03
-8.45412500e-08,1.46562500e-03,2.57500000e-03,3.44375000e-03
-8.45012500e-08,1.54375000e-03,2.56406250e-03,3.39687500e-03
-8.44612500e-08,1.61562500e-03,2.55312500e-03,3.35000000e-03
-8.44212500e-08,1.68125000e-03,2.54531250e-03,3.30312500e-03
-8.43812500e-08,1.73437500e-03,2.54062500e-03,3.25937500e-03
-8.43412500e-08,1.78125000e-03,2.54218750e-03,3.21875000e-03
-8.43012500e-08,1.81562500e-03,2.54687500e-03,3.18125000e-03
-8.42612500e-08,1.83750000e-03,2.55781250e-03,3.15000000e-03
-8.42212500e-08,1.85000000e-03,2.57343750e-03,3.12187500e-03
-8.41812500e-08,1.84687500e-03,2.59531250e-03,3.10312500e-03
-8.41412500e-08,1.83750000e-03,2.62187500e-03,3.08750000e-03
-8.41012500e-08,1.81562500e-03,2.65312500e-03,3.07500000e-03
-8.40612500e-08,1.79062500e-03,2.68750000e-03,3.06562500e-03
-8.40212500e-08,1.75625000e-03,2.72343750e-03,3.06250000e-03
-8.39812500e-08,1.71875000e-03,2.75937500e-03,3.06250000e-03
-8.39412500e-08,1.68125000e-03,2.79531250e-03,3.06250000e-03
-8.39012500e-08,1.64687500e-03,2.82968750e-03,3.06250000e-03
-8.38612500e-08,1.61250000e-03,2.85937500e-03,3.06562500e-03
-8.38212500e-08,1.58437500e-03,2.88593750e-03,3.06875000e-03
-8.37812500e-08,1.56250000e-03,2.90625000e-03,3.06875000e-03
-8.37412500e-08,1.54687500e-03,2.92031250e-03,3.07187500e-03
-8.37012500e-08,1.54375000e-03,2.92812500e-03,3.07187500e-03
-8.36612500e-08,1.54687500e-03,2.92812500e-03,3.06875000e-03
-8.36212500e-08,1.56250000e-03,2.92343750e-03,3.06875000e-03
-8.35812500e-08,1.58437500e-03,2.91250000e-03,3.06562500e-03
-8.35412500e-08,1.61562500e-03,2.89687500e-03,3.06562500e-03
-8.35012500e-08,1.65625000e-03,2.87812500e-03,3.06250000e-03
-8.34612500e-08,1.70625000e-03,2.85625000e-03,3.06250000e-03
-8.34212500e-08,1.75937500e-03,2.83437500e-03,3.06250000e-03
-8.33812500e-08,1.81562500e-03,2.81250000e-03,3.06250000e-03
-8.33412500e-08,1.87812500e-03,2.79218750e-03,3.06875000e-03
-8.33012500e-08,1.94062500e-03,2.77500000e-03,3.07500000e-03
-8.32612500e-08,2.00625000e-03,2.76250000e-03,3.08125000e-03
-8.32212500e-08,2.07187500e-03,2.75312500e-03,3.09375000e-03
-8.31812500e-08,2.13437500e-03,2.75000000e-03,3.10625000e-03
-8.31412500e-08,2.19375000e-03,2.75312500e-03,3.12187500e-03
-8.31012500e-08,2.25625000e-03,2.76093750e-03,3.14062500e-03
-8.30612500e-08,2.31250000e-03,2.77187500e-03,3.15937500e-03
-8.30212500e-08,2.36875000e-03,2.78906250e-03,3.18125000e-03
-8.29812500e-08,2.42187500e-03,2.80781250e-03,3.20312500e-03
-8.29412500e-08,2.47500000e-03,2.82968750e-03,3.22187500e-03
-8.29012500e-08,2.52500000e-03,2.85156250e-03,3.24375000e-03
-8.28612500e-08,2.57812500e-03,2.87187500e-03,3.25937500e-03
-8.28212500e-08,2.62812500e-03,2.89218750e-03,3.27500000e-03
-8.27812500e-08,2.68125000e-03,2.90781250e-03,3.28750000e-03
-8.27412500e-08,2.73437500e-03,2.92031250e-03,3.29687500e-03
-8.27012500e-08,2.79062500e-03,2.92812500e-03,3.30000000e-03
-8.26612500e-08,2.84687500e-03,2.93125000e-03,3.30000000e-03
-8.26212500e-08,2.90625000e-03,2.92968750e-03,3.29375000e-03
-8.25812500e-08,2.96562500e-03,2.92187500e-03,3.28437500e-03
-8.25412500e-08,3.02500000e-03,2.91093750e-03,3.26875000e-03
-8.25012500e-08,3.08437500e-03,2.89687500e-03,3.25000000e-03
-8.24612500e-08,3.14375000e-03,2.87968750e-03,3.22812500e-03
-8.24212500e-08,3.20000000e-03,2.86093750e-03,3.20312500e-03
-8.23812500e-08,3.25312500e-03,2.84218750e-03,3.17500000e-03
-8.23412500e-08,3.30312500e-03,2.82500000e-03,3.14375000e-03
-8.23012500e-08,3.34687500e-03,2.81093750e-03,3.11562500e-03
-8.22612500e-08,3.38125000e-03,2.79843750e-03,3.08750000e-03
-8.22212500e-08,3.41250000e-03,2.79218750e-03,3.06250000e-03
-8.21812500e-08,3.43437500e-03,2.79062500e-03,3.04375000e-03
-8.21412500e-08,3.44375000e-03,2.79375000e-03,3.02812500e-03
-8.21012500e-08,3.44687500e-03,2.80312500e-03,3.01562500e-03
-8.20612500e-08,3.44375000e-03,2.81718750e-03,3.01250000e-03
-8.20212500e-08,3.42812500e-03,2.83593750e-03,3.01875000e-03
-8.19812500e-08,3.40312500e-03,2.85781250e-03,3.03125000e-03
-8.19412500e-08,3.37187500e-03,2.88437500e-03,3.05000000e-03
-8.19012500e-08,3.33437500e-03,2.91093750e-03,3.07812500e-03
-8.18612500e-08,3.29062500e-03,2.93750000e-03,3.11250000e-03
-8.18212500e-08,3.24375000e-03,2.96406250e-03,3.15000000e-03
-8.17812500e-08,3.19375000e-03,2.98750000e-03,3.19687500e-03
-8.17412500e-08,3.14375000e-03,3.00781250e-03,3.24375000e-03
-8.17012500e-08,3.09062500e-03,3.02343750e-03,3.29375000e-03
-8.16612500e-08,3.04062500e-03,3.03281250e-03,3.34375000e-03
-8.16212500e-08,2.99375000e-03,3.03750000e-03,3.39375000e-03
-8.15812500e-08,2.95312500e-03,3.03593750e-03,3.43750000e-03
-8.15412500e-08,2.91562500e-03,3.02812500e-03,3.47812500e-03
-8.15012500e-08,2.88125000e-03,3.01406250e-03,3.51250000e-03
-8.14612500e-08,2.85625000e-03,2.99687500e-03,3.53750000e-03
-8.14212500e-08,2.83750000e-03,2.97343750e-03,3.55312500e-03
-8.13812500e-08,2.82500000e-03,2.95000000e-03,3.55937500e-03
-8.13412500e-08,2.81875000e-03,2.92343750e-03,3.55625000e-03
-8.13012500e-08,2.81875000e-03,2.89687500e-03,3.54375000e-03
-8.12612500e-08,2.82812500e-03,2.87187500e-03,3.52187500e-03
-8.12212500e-08,2.84062500e-03,2.84843750e-03,3.49062500e-03
-8.11812500e-08,2.85625000e-03,2.82968750e-03,3.45312500e-03
-8.11412500e-08,2.87812500e-03,2.81250000e-03,3.40937500e-03
-8.11012500e-08,2.90625000e-03,2.80156250e-03,3.35937500e-03
-8.10612500e-08,2.93437500e-03,2.79375000e-03,3.30937500e-03
-8.10212500e-08,2.96562500e-03,2.79218750e-03,3.25937500e-03
-8.09812500e-08,3.00000000e-03,2.79375000e-03,3.21250000e-03
-8.09412500e-08,3.03750000e-03,2.79843750e-03,3.16562500e-03
-8.09012500e-08,3.07812500e-03,2.80625000e-03,3.12500000e-03
-8.08612500e-08,3.12187500e-03,2.81718750e-03,3.09375000e-03
-8.08212500e-08,3.16562500e-03,2.82656250e-03,3.06875000e-03
-8.07812500e-08,3.21562500e-03,2.83750000e-03,3.05000000e-03
-8.07412500e-08,3.26562500e-03,2.84531250e-03,3.04375000e-03
-8.07012500e-08,3.31875000e-03,2.85312500e-03,3.04375000e-03
-8.06612500e-08,3.37812500e-03,2.85625000e-03,3.05625000e-03
-8.06212500e-08,3.44062500e-03,2.85625000e-03,3.07187500e-03
-8.05812500e-08,3.50937500e-03,2.85312500e-03,3.10000000e-03
-8.05412500e-08,3.57812500e-03,2.84531250e-03,3.13125000e-03
-8.05012500e-08,3.65625000e-03,2.83437500e-03,3.16562500e-03
-8.04612500e-08,3.73437500e-03,2.82031250e-03,3.20625000e-03
-8.04212500e-08,3.81875000e-03,2.80312500e-03,3.24687500e-03
-8.03812500e-08,3.90625000e-03,2.78593750e-03,3.28750000e-03
-8.03412500e-08,3.99687500e-03,2.76718750e-03,3.32500000e-03
-8.03012500e-08,4.08750000e-03,2.74843750e-03,3.36250000e-03
-8.02612500e-08,4.17812500e-03,2.73125000e-03,3.39375000e-03
-8.02212500e-08,4.26875000e-03,2.71718750e-03,3.42187500e-03
-8.01812500e-08,4.35937500e-03,2.70625000e-03,3.44375000e-03
-8.01412500e-08,4.44687500e-03,2.69843750e-03,3.45937500e-03
-8.01012500e-08,4.52812500e-03,2.69531250e-03,3.47187500e-03
-8.00612500e-08,4.60312500e-03,2.69687500e-03,3.48125000e-03
-8.00212500e-08,4.67500000e-03,2.70156250e-03,3.48437500e-03
-7.99812500e-08,4.73750000e-03,2.71093750e-03,3.48125000e-03
-7.99412500e-08,4.79375000e-03,2.72343750e-03,3.47812500e-03
-7.99012500e-08,4.84062500e-03,2.73906250e-03,3.47500000e-03
-7.98612500e-08,4.87812500e-03,2.75625000e-03,3.46875000e-03
-7.98212500e-08,4.90937500e-03,2.77187500e-03,3.46250000e-03
-7.97812500e-08,4.93125000e-03,2.78906250e-03,3.45625000e-03
-7.97412500e-08,4.94375000e-03,2.80312500e-03,3.45312500e-03
-7.97012500e-08,4.95000000e-03,2.81406250e-03,3.45000000e-03
-7.96612500e-08,4.95312500e-03,2.82187500e-03,3.45312500e-03
-7.96212500e-08,4.95000000e-03,2.82500000e-03,3.45625000e-03
-7.95812500e-08,4.94062500e-03,2.82343750e-03,3.45937500e-03
-7.95412500e-08,4.93125000e-03,2.81875000e-03,3.46875000e-03
-7.95012500e-08,4.91875000e-03,2.80781250e-03,3.47812500e-03
-7.94612500e-08,4.90937500e-03,2.79218750e-03,3.49062500e-03
-7.94212500e-08,4.89687500e-03,2.77500000e-03,3.50000000e-03
-7.93812500e-08,4.88750000e-03,2.75312500e-03,3.51250000e-03
-7.93412500e-08,4.88125000e-03,2.73125000e-03,3.52187500e-03
-7.93012500e-08,4.87812500e-03,2.70937500e-03,3.53125000e-03
-7.92612500e-08,4.87500000e-03,2.68906250e-03,3.53750000e-03
-7.92212500e-08,4.87812500e-03,2.67031250e-03,3.54375000e-03
-7.91812500e-08,4.88125000e-03,2.65625000e-03,3.54687500e-03
-7.91412500e-08,4.88437500e-03,2.64687500e-03,3.54375000e-03
-7.91012500e-08,4.89062500e-03,2.64218750e-03,3.54062500e-03
-7.90612500e-08,4.89687500e-03,2.64375000e-03,3.53437500e-03
-7.90212500e-08,4.90312500e-03,2.65156250e-03,3.52500000e-03
-7.89812500e-08,4.90625000e-03,2.66562500e-03,3.51562500e-03
-7.89412500e-08,4.90625000e-03,2.68593750e-03,3.50312500e-03
-7.89012500e-08,4.90625000e-03,2.71250000e-03,3.49062500e-03
-7.88612500e-08,4.90312500e-03,2.74218750e-03,3.47500000e-03
-7.88212500e-08,4.89687500e-03,2.77656250e-03,3.46250000e-03
-7.87812500e-08,4.88750000e-03,2.81250000e-03,3.44687500e-03
-7.87412500e-08,4.87500000e-03,2.85000000e-03,3.43437500e-03
-7.87012500e-08,4.85937500e-03,2.88593750e-03,3.42187500e-03
-7.86612500e-08,4.84687500e-03,2.92031250e-03,3.41250000e-03
-7.86212500e-08,4.83125000e-03,2.95156250e-03,3.40312500e-03
-7.85812500e-08,4.82187500e-03,2.97812500e-03,3.39687500e-03
-7.85412500e-08,4.81250000e-03,3.00000000e-03,3.39062500e-03
-7.85012500e-08,4.81250000e-03,3.01406250e-03,3.38437500e-03
-7.84612500e-08,4.81875000e-03,3.02187500e-03,3.37812500e-03
-7.84212500e-08,4.83437500e-03,3.02343750e-03,3.37500000e-03
-7.83812500e-08,4.85937500e-03,3.01718750e-03,3.37187500e-03
-7.83412500e-08,4.89687500e-03,3.00625000e-03,3.36875000e-03
-7.83012500e-08,4.94687500e-03,2.98750000e-03,3.36875000e-03
-7.82612500e-08,5.01250000e-03,2.96562500e-03,3.36562500e-03
-7.82212500e-08,5.08750000e-03,2.93906250e-03,3.36562500e-03
-7.81812500e-08,5.17812500e-03,2.90937500e-03,3.36562500e-03
-7.81412500e-08,5.28125000e-03,2.87812500e-03,3.36562500e-03
-7.81012500e-08,5.39375000e-03,2.84687500e-03,3.36562500e-03
-7.80612500e-08,5.51562500e-03,2.81718750e-03,3.37187500e-03
-7.80212500e-08,5.64375000e-03,2.79062500e-03,3.37500000e-03
-7.79812500e-08,5.77500000e-03,2.76718750e-03,3.38437500e-03
-7.79412500e-08,5.90937500e-03,2.74687500e-03,3.39375000e-03
-7.79012500e-08,6.04062500e-03,2.73125000e-03,3.40937500e-03
-7.78612500e-08,6.16562500e-03,2.72187500e-03,3.42500000e-03
-7.78212500e-08,6.28437500e-03,2.71718750e-03,3.44375000e-03
-7.77812500e-08,6.39062500e-03,2.71718750e-03,3.46562500e-03
-7.77412500e-08,6.48750000e-03,2.72343750e-03,3.49062500e-03
-7.77012500e-08,6.56562500e-03,2.73281250e-03,3.51562500e-03
-7.76612500e-08,6.62812500e-03,2.74687500e-03,3.54062500e-03
-7.76212500e-08,6.67500000e-03,2.76250000e-03,3.56562500e-03
-7.75812500e-08,6.70000000e-03,2.78125000e-03,3.58750000e-03
-7.75412500e-08,6.70937500e-03,2.80000000e-03,3.60625000e-03
-7.75012500e-08,6.70000000e-03,2.81718750e-03,3.62187500e-03
-7.74612500e-08,6.67812500e-03,2.83437500e-03,3.63125000e-03
-7.74212500e-08,6.63750000e-03,2.84843750e-03,3.63437500e-03
-7.73812500e-08,6.58750000e-03,2.85937500e-03,3.62812500e-03
-7.73412500e-08,6.52812500e-03,2.86718750e-03,3.61562500e-03
-7.73012500e-08,6.45937500e-03,2.87031250e-03,3.59375000e-03
-7.72612500e-08,6.38750000e-03,2.86718750e-03,3.56250000e-03
-7.72212500e-08,6.31562500e-03,2.86093750e-03,3.52187500e-03
-7.71812500e-08,6.24375000e-03,2.85000000e-03,3.47500000e-03
-7.71412500e-08,6.17500000e-03,2.83437500e-03,3.42187500e-03
-7.71012500e-08,6.11250000e-03,2.81562500e-03,3.36562500e-03
-7.70612500e-08,6.05625000e-03,2.79375000e-03,3.30312500e-03
-7.70212500e-08,6.00625000e-03,2.77031250e-03,3.24062500e-03
-7.69812500e-08,5.96875000e-03,2.74531250e-03,3.18125000e-03
-7.69412500e-08,5.93750000e-03,2.72031250e-03,3.12187500e-03
-7.69012500e-08,5.91875000e-03,2.69687500e-03,3.07187500e-03
-7.68612500e-08,5.90312500e-03,2.67656250e-03,3.02812500e-03
-7.68212500e-08,5.89687500e-03,2.65937500e-03,2.99375000e-03
-7.67812500e-08,5.89687500e-03,2.64531250e-03,2.97187500e-03
-7.67412500e-08,5.90000000e-03,2.63750000e-03,2.95937500e-03
-7.67012500e-08,5.90625000e-03,2.63437500e-03,2.96250000e-03
-7.66612500e-08,5.91250000e-03,2.63750000e-03,2.97812500e-03
-7.66212500e-08,5.91562500e-03,2.64531250e-03,3.00937500e-03
-7.65812500e-08,5.91562500e-03,2.66093750e-03,3.05000000e-03
-7.65412500e-08,5.91250000e-03,2.67968750e-03,3.10312500e-03
-7.65012500e-08,5.90625000e-03,2.70468750e-03,3.16250000e-03
-7.64612500e-08,5.89062500e-03,2.73281250e-03,3.23125000e-03
-7.64212500e-08,5.86875000e-03,2.76406250e-03,3.30312500e-03
-7.63812500e-08,5.84375000e-03,2.79843750e-03,3.37500000e-03
-7.63412500e-08,5.81250000e-03,2.83281250e-03,3.44687500e-03
-7.63012500e-08,5.77500000e-03,2.86562500e-03,3.51562500e-03
-7.62612500e-08,5.73437500e-03,2.89843750e-03,3.57812500e-03
-7.62212500e-08,5.69375000e-03,2.92656250e-03,3.62812500e-03
-7.61812500e-08,5.65312500e-03,2.95312500e-03,3.66875000e-03
-7.61412500e-08,5.61562500e-03,2.97500000e-03,3.69687500e-03
-7.61012500e-08,5.58125000e-03,2.99218750e-03,3.70937500e-03
-7.60612500e-08,5.55000000e-03,3.00625000e-03,3.70937500e-03
-7.60212500e-08,5.52812500e-03,3.01406250e-03,3.69687500e-03
-7.59812500e-08,5.51562500e-03,3.01718750e-03,3.66875000e-03
-7.59412500e-08,5.51250000e-03,3.01562500e-03,3.63125000e-03
-7.59012500e-08,5.51875000e-03,3.01250000e-03,3.58125000e-03
-7.58612500e-08,5.53750000e-03,3.00625000e-03,3.52500000e-03
-7.58212500e-08,5.56562500e-03,2.99687500e-03,3.45937500e-03
-7.57812500e-08,5.60312500e-03,2.98906250e-03,3.39375000e-03
-7.57412500e-08,5.65000000e-03,2.98125000e-03,3.32812500e-03
-7.57012500e-08,5.70937500e-03,2.97500000e-03,3.26562500e-03
-7.56612500e-08,5.77187500e-03,2.97031250e-03,3.20937500e-03
-7.56212500e-08,5.84375000e-03,2.96875000e-03,3.15625000e-03
-7.55812500e-08,5.91875000e-03,2.97187500e-03,3.11562500e-03
-7.55412500e-08,5.99375000e-03,2.97656250e-03,3.08437500e-03
-7.55012500e-08,6.07187500e-03,2.98593750e-03,3.06250000e-03
-7.54612500e-08,6.15000000e-03,2.99687500e-03,3.05312500e-03
-7.54212500e-08,6.22187500e-03,3.01093750e-03,3.05625000e-03
-7.53812500e-08,6.29375000e-03,3.02656250e-03,3.06875000e-03
-7.53412500e-08,6.35937500e-03,3.04375000e-03,3.09062500e-03
-7.53012500e-08,6.41562500e-03,3.05781250e-03,3.12187500e-03
-7.52612500e-08,6.46875000e-03,3.07187500e-03,3.15625000e-03
-7.52212500e-08,6.51250000e-03,3.08281250e-03,3.19687500e-03
-7.51812500e-08,6.55000000e-03,3.08906250e-03,3.24062500e-03
-7.51412500e-08,6.57812500e-03,3.08906250e-03,3.28125000e-03
-7.51012500e-08,6.59687500e-03,3.08437500e-03,3.32187500e-03
-7.50612500e-08,6.60937500e-03,3.07187500e-03,3.35937500e-03
-7.50212500e-08,6.61250000e-03,3.05468750e-03,3.39062500e-03
-7.49812500e-08,6.60937500e-03,3.02968750e-03,3.41562500e-03
-7.49412500e-08,6.60000000e-03,3.00000000e-03,3.43125000e-03
-7.49012500e-08,6.58125000e-03,2.96562500e-03,3.44062500e-03
-7.48612500e-08,6.55937500e-03,2.92812500e-03,3.44375000e-03
-7.48212500e-08,6.53125000e-03,2.88750000e-03,3.43750000e-03
-7.47812500e-08,6.49687500e-03,2.84687500e-03,3.42500000e-03
-7.47412500e-08,6.45625000e-03,2.80781250e-03,3.40625000e-03
-7.47012500e-08,6.41250000e-03,2.77187500e-03,3.38125000e-03
-7.46612500e-08,6.36562500e-03,2.73906250e-03,3.35625000e-03
-7.46212500e-08,6.31250000e-03,2.71406250e-03,3.32500000e-03
-7.45812500e-08,6.25625000e-03,2.69687500e-03,3.29687500e-03
-7.45412500e-08,6.19687500e-03,2.68750000e-03,3.26562500e-03
-7.45012500e-08,6.13437500e-03,2.68750000e-03,3.23750000e-03
-7.44612500e-08,6.06875000e-03,2.69531250e-03,3.21250000e-03
-7.44212500e-08,6.00625000e-03,2.71250000e-03,3.19062500e-03
-7.43812500e-08,5.94062500e-03,2.73906250e-03,3.17187500e-03
-7.43412500e-08,5.87500000e-03,2.77187500e-03,3.15625000e-03
-7.43012500e-08,5.80937500e-03,2.80937500e-03,3.14687500e-03
-7.42612500e-08,5.74687500e-03,2.85156250e-03,3.13750000e-03
-7.42212500e-08,5.69062500e-03,2.89531250e-03,3.13437500e-03
-7.41812500e-08,5.63750000e-03,2.93906250e-03,3.13437500e-03
-7.41412500e-08,5.59062500e-03,2.97968750e-03,3.13750000e-03
-7.41012500e-08,5.55000000e-03,3.01718750e-03,3.14062500e-03
-7.40612500e-08,5.51562500e-03,3.04843750e-03,3.14687500e-03
-7.40212500e-08,5.49062500e-03,3.07187500e-03,3.15312500e-03
-7.39812500e-08,5.47500000e-03,3.08593750e-03,3.15937500e-03
-7.39412500e-08,5.46875000e-03,3.09218750e-03,3.16875000e-03
-7.39012500e-08,5.46875000e-03,3.08750000e-03,3.17500000e-03
-7.38612500e-08,5.48125000e-03,3.07500000e-03,3.18437500e-03
-7.38212500e-08,5.50000000e-03,3.05312500e-03,3.19062500e-03
-7.37812500e-08,5.52812500e-03,3.02343750e-03,3.19687500e-03
-7.37412500e-08,5.56250000e-03,2.98750000e-03,3.20312500e-03
-7.37012500e-08,5.60625000e-03,2.94531250e-03,3.20937500e-03
-7.36612500e-08,5.65312500e-03,2.90156250e-03,3.21875000e-03
-7.36212500e-08,5.70312500e-03,2.85625000e-03,3.22500000e-03
-7.35812500e-08,5.75625000e-03,2.81093750e-03,3.23125000e-03
-7.35412500e-08,5.81250000e-03,2.76875000e-03,3.23750000e-03
-7.35012500e-08,5.87187500e-03,2.73125000e-03,3.24687500e-03
-7.34612500e-08,5.92812500e-03,2.69843750e-03,3.25312500e-03
-7.34212500e-08,5.98750000e-03,2.67031250e-03,3.25937500e-03
-7.33812500e-08,6.04375000e-03,2.65156250e-03,3.26562500e-03
-7.33412500e-08,6.10000000e-03,2.63906250e-03,3.27187500e-03
-7.33012500e-08,6.15312500e-03,2.63437500e-03,3.27812500e-03
-7.32612500e-08,6.20937500e-03,2.63593750e-03,3.28125000e-03
-7.32212500e-08,6.26250000e-03,2.64531250e-03,3.28437500e-03
-7.31812500e-08,6.31562500e-03,2.65937500e-03,3.28437500e-03
-7.31412500e-08,6.37187500e-03,2.67812500e-03,3.28437500e-03
-7.31012500e-08,6.42812500e-03,2.70000000e-03,3.28437500e-03
-7.30612500e-08,6.48437500e-03,2.72500000e-03,3.28437500e-03
-7.30212500e-08,6.54687500e-03,2.75000000e-03,3.28437500e-03
-7.29812500e-08,6.61250000e-03,2.77500000e-03,3.28437500e-03
-7.29412500e-08,6.68125000e-03,2.80000000e-03,3.28750000e-03
-7.29012500e-08,6.75312500e-03,2.82187500e-03,3.29062500e-03
-7.28612500e-08,6.83125000e-03,2.84218750e-03,3.29687500e-03
-7.28212500e-08,6.90937500e-03,2.86093750e-03,3.30625000e-03
-7.27812500e-08,6.99375000e-03,2.87656250e-03,3.31875000e-03
-7.27412500e-08,7.08125000e-03,2.88906250e-03,3.33437500e-03
-7.27012500e-08,7.17187500e-03,2.89843750e-03,3.35312500e-03
-7.26612500e-08,7.25937500e-03,2.90625000e-03,3.37812500e-03
-7.26212500e-08,7.35000000e-03,2.91250000e-03,3.40312500e-03
-7.25812500e-08,7.43437500e-03,2.91718750e-03,3.43125000e-03
-7.25412500e-08,7.51875000e-03,2.92187500e-03,3.45937500e-03
-7.25012500e-08,7.59375000e-03,2.92500000e-03,3.48750000e-03
-7.24612500e-08,7.66562500e-03,2.92812500e-03,3.51562500e-03
-7.24212500e-08,7.72812500e-03,2.93125000e-03,3.54062500e-03
-7.23812500e-08,7.78125000e-03,2.93281250e-03,3.56250000e-03
-7.23412500e-08,7.82500000e-03,2.93593750e-03,3.57812500e-03
-7.23012500e-08,7.85937500e-03,2.93750000e-03,3.59062500e-03
-7.22612500e-08,7.88437500e-03,2.93750000e-03,3.59062500e-03
-7.22212500e-08,7.89687500e-03,2.93750000e-03,3.58437500e-03
-7.21812500e-08,7.89687500e-03,2.93593750e-03,3.57187500e-03
-7.21412500e-08,7.89062500e-03,2.93281250e-03,3.54687500e-03
-7.21012500e-08,7.87187500e-03,2.92812500e-03,3.51562500e-03
-7.20612500e-08,7.85000000e-03,2.92187500e-03,3.47500000e-03
-7.20212500e-08,7.81875000e-03,2.91406250e-03,3.43125000e-03
-7.19812500e-08,7.78125000e-03,2.90468750e-03,3.37812500e-03
-7.19412500e-08,7.74062500e-03,2.89375000e-03,3.32500000e-03
-7.19012500e-08,7.70000000e-03,2.88437500e-03,3.26875000e-03
-7.18612500e-08,7.65625000e-03,2.87343750e-03,3.21250000e-03
-7.18212500e-08,7.61562500e-03,2.86406250e-03,3.16250000e-03
-7.17812500e-08,7.57500000e-03,2.85781250e-03,3.11250000e-03
-7.17412500e-08,7.53750000e-03,2.85312500e-03,3.07187500e-03
-7.17012500e-08,7.50312500e-03,2.85312500e-03,3.03750000e-03
-7.16612500e-08,7.47187500e-03,2.85781250e-03,3.01250000e-03
-7.16212500e-08,7.44687500e-03,2.86562500e-03,2.99687500e-03
-7.15812500e-08,7.42500000e-03,2.87968750e-03,2.99062500e-03
-7.15412500e-08,7.40937500e-03,2.89843750e-03,2.99687500e-03
-7.15012500e-08,7.39375000e-03,2.92187500e-03,3.00937500e-03
-7.14612500e-08,7.38437500e-03,2.95000000e-03,3.03437500e-03
-7.14212500e-08,7.37812500e-03,2.98125000e-03,3.06562500e-03
-7.13812500e-08,7.37187500e-03,3.01562500e-03,3.10000000e-03
-7.13412500e-08,7.36875000e-03,3.05000000e-03,3.14062500e-03
-7.13012500e-08,7.36562500e-03,3.08281250e-03,3.18437500e-03
-7.12612500e-08,7.36250000e-03,3.11562500e-03,3.22500000e-03
-7.12212500e-08,7.35937500e-03,3.14375000e-03,3.26562500e-03
-7.11812500e-08,7.35625000e-03,3.16875000e-03,3.30312500e-03
-7.11412500e-08,7.35000000e-03,3.18750000e-03,3.33437500e-03
-7.11012500e-08,7.34062500e-03,3.19843750e-03,3.36250000e-03
-7.10612500e-08,7.33125000e-03,3.20156250e-03,3.38125000e-03
-7.10212500e-08,7.31875000e-03,3.19843750e-03,3.39062500e-03
-7.09812500e-08,7.30312500e-03,3.18750000e-03,3.39375000e-03
-7.09412500e-08,7.28750000e-03,3.16875000e-03,3.39062500e-03
-7.09012500e-08,7.27187500e-03,3.14218750e-03,3.38125000e-03
-7.08612500e-08,7.25625000e-03,3.11250000e-03,3.36250000e-03
-7.08212500e-08,7.23750000e-03,3.07812500e-03,3.34062500e-03
-7.07812500e-08,7.22187500e-03,3.04062500e-03,3.31562500e-03
-7.07412500e-08,7.20625000e-03,3.00312500e-03,3.29062500e-03
-7.07012500e-08,7.19375000e-03,2.96562500e-03,3.26250000e-03
-7.06612500e-08,7.18125000e-03,2.93281250e-03,3.23437500e-03
-7.06212500e-08,7.17500000e-03,2.90156250e-03,3.20937500e-03
-7.05812500e-08,7.16875000e-03,2.87812500e-03,3.18437500e-03
-7.05412500e-08,7.16875000e-03,2.85937500e-03,3.16562500e-03
-7.05012500e-08,7.17187500e-03,2.84843750e-03,3.15000000e-03
-7.04612500e-08,7.17812500e-03,2.84375000e-03,3.13750000e-03
-7.04212500e-08,7.18750000e-03,2.84687500e-03,3.12812500e-03
-7.03812500e-08,7.20000000e-03,2.85468750e-03,3.12500000e-03
-7.03412500e-08,7.21562500e-03,2.86875000e-03,3.12500000e-03
-7.03012500e-08,7.23437500e-03,2.88593750e-03,3.12812500e-03
-7.02612500e-08,7.25312500e-03,2.90468750e-03,3.13750000e-03
-7.02212500e-08,7.27187500e-03,2.92500000e-03,3.14687500e-03
-7.01812500e-08,7.29062500e-03,2.94375000e-03,3.15937500e-03
-7.01412500e-08,7.30937500e-03,2.95937500e-03,3.17187500e-03
-7.01012500e-08,7.32500000e-03,2.97031250e-03,3.18750000e-03
-7.00612500e-08,7.33750000e-03,2.97656250e-03,3.20312500e-03
-7.00212500e-08,7.34687500e-03,2.97500000e-03,3.22187500e-03
-6.99812500e-08,7.35000000e-03,2.96562500e-03,3.24062500e-03
-6.99412500e-08,7.34687500e-03,2.94843750e-03,3.26250000e-03
-6.99012500e-08,7.34062500e-03,2.92343750e-03,3.28437500e-03
-6.98612500e-08,7.32500000e-03,2.89218750e-03,3.30625000e-03
-6.98212500e-08,7.30625000e-03,2.85312500e-03,3.33125000e-03
-6.97812500e-08,7.27812500e-03,2.81093750e-03,3.35625000e-03
-6.97412500e-08,7.24375000e-03,2.76562500e-03,3.38437500e-03
-6.97012500e-08,7.20625000e-03,2.71875000e-03,3.41250000e-03
-6.96612500e-08,7.15937500e-03,2.67187500e-03,3.44375000e-03
-6.96212500e-08,7.11250000e-03,2.62812500e-03,3.47187500e-03
-6.95812500e-08,7.05937500e-03,2.58906250e-03,3.50312500e-03
-6.95412500e-08,7.00312500e-03,2.55625000e-03,3.53125000e-03
-6.95012500e-08,6.94375000e-03,2.52968750e-03,3.55625000e-03
-6.94612500e-08,6.88750000e-03,2.51250000e-03,3.58125000e-03
-6.94212500e-08,6.82812500e-03,2.50468750e-03,3.60000000e-03
-6.93812500e-08,6.76875000e-03,2.50625000e-03,3.61250000e-03
-6.93412500e-08,6.71250000e-03,2.51718750e-03,3.61875000e-03
-6.93012500e-08,6.65937500e-03,2.53750000e-03,3.61875000e-03
-6.92612500e-08,6.60937500e-03,2.56562500e-03,3.60937500e-03
-6.92212500e-08,6.56250000e-03,2.60000000e-03,3.59375000e-03
-6.91812500e-08,6.51875000e-03,2.64062500e-03,3.57187500e-03
-6.91412500e-08,6.47812500e-03,2.68437500e-03,3.54062500e-03
-6.91012500e-08,6.44062500e-03,2.73125000e-03,3.50625000e-03
-6.90612500e-08,6.40625000e-03,2.77656250e-03,3.46250000e-03
-6.90212500e-08,6.37812500e-03,2.82187500e-03,3.41562500e-03
-6.89812500e-08,6.35000000e-03,2.86406250e-03,3.36875000e-03
-6.89412500e-08,6.32500000e-03,2.90156250e-03,3.31875000e-03
-6.89012500e-08,6.30312500e-03,2.93437500e-03,3.26875000e-03
-6.88612500e-08,6.28437500e-03,2.95937500e-03,3.22187500e-03
-6.88212500e-08,6.26562500e-03,2.97968750e-03,3.17812500e-03
-6.87812500e-08,6.24687500e-03,2.99218750e-03,3.14375000e-03
-6.87412500e-08,6.23125000e-03,2.99843750e-03,3.11250000e-03
-6.87012500e-08,6.21875000e-03,2.99843750e-03,3.09375000e-03
-6.86612500e-08,6.20312500e-03,2.99375000e-03,3.08125000e-03
-6.86212500e-08,6.19375000e-03,2.98437500e-03,3.07812500e-03
-6.85812500e-08,6.18437500e-03,2.97031250e-03,3.08437500e-03
-6.85412500e-08,6.17500000e-03,2.95468750e-03,3.09687500e-03
-6.85012500e-08,6.17187500e-03,2.93750000e-03,3.12187500e-03
-6.84612500e-08,6.16875000e-03,2.92031250e-03,3.15000000e-03
-6.84212500e-08,6.17187500e-03,2.90468750e-03,3.18437500e-03
-6.83812500e-08,6.17812500e-03,2.88906250e-03,3.22187500e-03
-6.83412500e-08,6.18437500e-03,2.87656250e-03,3.26250000e-03
-6.83012500e-08,6.19687500e-03,2.86562500e-03,3.30312500e-03
-6.82612500e-08,6.21562500e-03,2.85937500e-03,3.34375000e-03
-6.82212500e-08,6.23437500e-03,2.85468750e-03,3.38125000e-03
-6.81812500e-08,6.25625000e-03,2.85312500e-03,3.41250000e-03
-6.81412500e-08,6.28125000e-03,2.85468750e-03,3.44062500e-03
-6.81012500e-08,6.30625000e-03,2.85937500e-03,3.46250000e-03
-6.80612500e-08,6.33437500e-03,2.86562500e-03,3.47812500e-03
-6.80212500e-08,6.36250000e-03,2.87187500e-03,3.48750000e-03
-6.79812500e-08,6.38750000e-03,2.87968750e-03,3.49062500e-03
-6.79412500e-08,6.41250000e-03,2.88906250e-03,3.48750000e-03
-6.79012500e-08,6.43750000e-03,2.89687500e-03,3.48125000e-03
-6.78612500e-08,6.45625000e-03,2.90468750e-03,3.46875000e-03
-6.78212500e-08,6.47187500e-03,2.91093750e-03,3.45625000e-03
-6.77812500e-08,6.48125000e-03,2.91562500e-03,3.44062500e-03
-6.77412500e-08,6.48750000e-03,2.91875000e-03,3.42500000e-03
-6.77012500e-08,6.49062500e-03,2.92187500e-03,3.40937500e-03
-6.76612500e-08,6.48750000e-03,2.92187500e-03,3.39687500e-03
-6.76212500e-08,6.47812500e-03,2.92031250e-03,3.38437500e-03
-6.75812500e-08,6.46875000e-03,2.91875000e-03,3.37500000e-03
-6.75412500e-08,6.45625000e-03,2.91406250e-03,3.36875000e-03
-6.75012500e-08,6.44062500e-03,2.91093750e-03,3.36562500e-03
-6.74612500e-08,6.42500000e-03,2.90468750e-03,3.36562500e-03
-6.74212500e-08,6.40937500e-03,2.90000000e-03,3.36562500e-03
-6.73812500e-08,6.39375000e-03,2.89531250e-03,3.37187500e-03
-6.73412500e-08,6.37812500e-03,2.89062500e-03,3.37500000e-03
-6.73012500e-08,6.36562500e-03,2.88593750e-03,3.38125000e-03
-6.72612500e-08,6.35625000e-03,2.88281250e-03,3.38750000e-03
-6.72212500e-08,6.35312500e-03,2.87968750e-03,3.39062500e-03
-6.71812500e-08,6.35000000e-03,2.87812500e-03,3.39062500e-03
-6.71412500e-08,6.35312500e-03,2.87812500e-03,3.39062500e-03
-6.71012500e-08,6.35937500e-03,2.87812500e-03,3.38750000e-03
-6.70612500e-08,6.36562500e-03,2.88125000e-03,3.37812500e-03
-6.70212500e-08,6.37812500e-03,2.88437500e-03,3.36875000e-03
-6.69812500e-08,6.39062500e-03,2.88906250e-03,3.35312500e-03
-6.69412500e-08,6.40312500e-03,2.89531250e-03,3.33750000e-03
-6.69012500e-08,6.41875000e-03,2.90156250e-03,3.31562500e-03
-6.68612500e-08,6.43125000e-03,2.91093750e-03,3.29375000e-03
-6.68212500e-08,6.44375000e-03,2.91875000e-03,3.27187500e-03
-6.67812500e-08,6.45312500e-03,2.92968750e-03,3.24687500e-03
-6.67412500e-08,6.46250000e-03,2.93906250e-03,3.22500000e-03
-6.67012500e-08,6.46562500e-03,2.95000000e-03,3.20312500e-03
-6.66612500e-08,6.46562500e-03,2.96093750e-03,3.18437500e-03
-6.66212500e-08,6.46250000e-03,2.97031250e-03,3.17187500e-03
-6.65812500e-08,6.45625000e-03,2.97968750e-03,3.15937500e-03
-6.65412500e-08,6.44687500e-03,2.98906250e-03,3.15625000e-03
-6.65012500e-08,6.43750000e-03,2.99687500e-03,3.15625000e-03
-6.64612500e-08,6.42187500e-03,3.00312500e-03,3.15937500e-03
-6.64212500e-08,6.40625000e-03,3.00625000e-03,3.17187500e-03
-6.63812500e-08,6.39375000e-03,3.00937500e-03,3.19062500e-03
-6.63412500e-08,6.37812500e-03,3.00937500e-03,3.21562500e-03
-6.63012500e-08,6.36250000e-03,3.00625000e-03,3.24375000e-03
-6.62612500e-08,6.35312500e-03,3.00156250e-03,3.28125000e-03
-6.62212500e-08,6.34375000e-03,2.99375000e-03,3.31875000e-03
-6.61812500e-08,6.33750000e-03,2.98437500e-03,3.36250000e-03
-6.61412500e-08,6.33437500e-03,2.97187500e-03,3.40937500e-03
-6.61012500e-08,6.33437500e-03,2.95781250e-03,3.45625000e-03
-6.60612500e-08,6.34062500e-03,2.94218750e-03,3.50625000e-03
-6.60212500e-08,6.35000000e-03,2.92656250e-03,3.55625000e-03
-6.59812500e-08,6.36250000e-03,2.90937500e-03,3.60312500e-03
-6.59412500e-08,6.38125000e-03,2.89375000e-03,3.64687500e-03
-6.59012500e-08,6.40000000e-03,2.87812500e-03,3.69062500e-03
-6.58612500e-08,6.42500000e-03,2.86406250e-03,3.72500000e-03
-6.58212500e-08,6.45312500e-03,2.85156250e-03,3.75625000e-03
-6.57812500e-08,6.48125000e-03,2.84218750e-03,3.78125000e-03
-6.57412500e-08,6.51562500e-03,2.83437500e-03,3.80000000e-03
-6.57012500e-08,6.55000000e-03,2.83125000e-03,3.80937500e-03
-6.56612500e-08,6.59062500e-03,2.83125000e-03,3.80937500e-03
-6.56212500e-08,6.63437500e-03,2.83437500e-03,3.80000000e-03
-6.55812500e-08,6.68125000e-03,2.84062500e-03,3.78437500e-03
-6.55412500e-08,6.73125000e-03,2.85000000e-03,3.75937500e-03
-6.55012500e-08,6.78437500e-03,2.86250000e-03,3.72812500e-03
-6.54612500e-08,6.84375000e-03,2.87812500e-03,3.68750000e-03
-6.54212500e-08,6.90625000e-03,2.89375000e-03,3.64375000e-03
-6.53812500e-08,6.97500000e-03,2.91250000e-03,3.59062500e-03
-6.53412500e-08,7.04687500e-03,2.93125000e-03,3.53750000e-03
-6.53012500e-08,7.12187500e-03,2.94843750e-03,3.48125000e-03
-6.52612500e-08,7.20000000e-03,2.96562500e-03,3.42187500e-03
-6.52212500e-08,7.28125000e-03,2.98125000e-03,3.36562500e-03
-6.51812500e-08,7.36250000e-03,2.99375000e-03,3.31250000e-03
-6.51412500e-08,7.44062500e-03,3.00468750e-03,3.26250000e-03
-6.51012500e-08,7.51875000e-03,3.01093750e-03,3.21875000e-03
-6.50612500e-08,7.59375000e-03,3.01562500e-03,3.18125000e-03
-6.50212500e-08,7.65937500e-03,3.01562500e-03,3.15000000e-03
-6.49812500e-08,7.71875000e-03,3.01093750e-03,3.12812500e-03
-6.49412500e-08,7.76875000e-03,3.00312500e-03,3.11562500e-03
-6.49012500e-08,7.80625000e-03,2.99218750e-03,3.11250000e-03
-6.48612500e-08,7.83125000e-03,2.97812500e-03,3.11875000e-03
-6.48212500e-08,7.84375000e-03,2.96093750e-03,3.13125000e-03
-6.47812500e-08,7.84375000e-03,2.94375000e-03,3.15312500e-03
-6.47412500e-08,7.82812500e-03,2.92343750e-03,3.18125000e-03
-6.47012500e-08,7.79687500e-03,2.90312500e-03,3.21562500e-03
-6.46612500e-08,7.75312500e-03,2.88281250e-03,3.25000000e-03
-6.46212500e-08,7.70000000e-03,2.86406250e-03,3.29062500e-03
-6.45812500e-08,7.63750000e-03,2.84531250e-03,3.32812500e-03
-6.45412500e-08,7.56875000e-03,2.82968750e-03,3.36875000e-03
-6.45012500e-08,7.49375000e-03,2.81562500e-03,3.40312500e-03
-6.44612500e-08,7.41875000e-03,2.80468750e-03,3.43750000e-03
-6.44212500e-08,7.34375000e-03,2.79687500e-03,3.46250000e-03
-6.43812500e-08,7.27500000e-03,2.79218750e-03,3.48437500e-03
-6.43412500e-08,7.20937500e-03,2.78906250e-03,3.50000000e-03
-6.43012500e-08,7.15625000e-03,2.79062500e-03,3.50937500e-03
-6.42612500e-08,7.11250000e-03,2.79375000e-03,3.51250000e-03
-6.42212500e-08,7.08125000e-03,2.79843750e-03,3.50937500e-03
-6.41812500e-08,7.06250000e-03,2.80625000e-03,3.50000000e-03
-6.41412500e-08,7.05625000e-03,2.81406250e-03,3.48750000e-03
-6.41012500e-08,7.06250000e-03,2.82343750e-03,3.47187500e-03
-6.40612500e-08,7.08125000e-03,2.83125000e-03,3.45312500e-03
-6.40212500e-08,7.10625000e-03,2.83906250e-03,3.43125000e-03
-6.39812500e-08,7.14062500e-03,2.84687500e-03,3.41250000e-03
-6.39412500e-08,7.18125000e-03,2.85156250e-03,3.39375000e-03
-6.39012500e-08,7.22187500e-03,2.85468750e-03,3.37500000e-03
-6.38612500e-08,7.26250000e-03,2.85625000e-03,3.35937500e-03
-6.38212500e-08,7.30000000e-03,2.85468750e-03,3.35000000e-03
-6.37812500e-08,7.33125000e-03,2.85156250e-03,3.34375000e-03
-6.37412500e-08,7.35312500e-03,2.84687500e-03,3.34062500e-03
-6.37012500e-08,7.36562500e-03,2.84062500e-03,3.34062500e-03
-6.36612500e-08,7.36875000e-03,2.83437500e-03,3.34687500e-03
-6.36212500e-08,7.35937500e-03,2.82656250e-03,3.35625000e-03
-6.35812500e-08,7.34062500e-03,2.81875000e-03,3.36875000e-03
-6.35412500e-08,7.30937500e-03,2.81250000e-03,3.38125000e-03
-6.35012500e-08,7.27187500e-03,2.80625000e-03,3.39687500e-03
-6.34612500e-08,7.23125000e-03,2.80468750e-03,3.41562500e-03
-6.34212500e-08,7.18437500e-03,2.80468750e-03,3.43125000e-03
-6.33812500e-08,7.13750000e-03,2.80781250e-03,3.44687500e-03
-6.33412500e-08,7.09687500e-03,2.81562500e-03,3.46250000e-03
-6.33012500e-08,7.05937500e-03,2.82812500e-03,3.47500000e-03
-6.32612500e-08,7.03437500e-03,2.84375000e-03,3.48750000e-03
-6.32212500e-08,7.01875000e-03,2.86250000e-03,3.49687500e-03
-6.31812500e-08,7.01562500e-03,2.88593750e-03,3.50625000e-03
-6.31412500e-08,7.03125000e-03,2.91250000e-03,3.51250000e-03
-6.31012500e-08,7.05937500e-03,2.93906250e-03,3.51562500e-03
-6.30612500e-08,7.10312500e-03,2.96875000e-03,3.51875000e-03
-6.30212500e-08,7.16250000e-03,2.99687500e-03,3.51875000e-03
-6.29812500e-08,7.23437500e-03,3.02500000e-03,3.52187500e-03
-6.29412500e-08,7.31875000e-03,3.05000000e-03,3.52187500e-03
-6.29012500e-08,7.40937500e-03,3.07187500e-03,3.51875000e-03
-6.28612500e-08,7.50312500e-03,3.08750000e-03,3.51875000e-03
-6.28212500e-08,7.60000000e-03,3.09843750e-03,3.51875000e-03
-6.27812500e-08,7.69062500e-03,3.10312500e-03,3.51875000e-03
-6.27412500e-08,7.77812500e-03,3.10000000e-03,3.51875000e-03
-6.27012500e-08,7.85312500e-03,3.08906250e-03,3.51562500e-03
-6.26612500e-08,7.91562500e-03,3.07031250e-03,3.51562500e-03
-6.26212500e-08,7.96250000e-03,3.04531250e-03,3.51875000e-03
-6.25812500e-08,7.99687500e-03,3.01250000e-03,3.51875000e-03
-6.25412500e-08,8.01250000e-03,2.97343750e-03,3.51875000e-03
-6.25012500e-08,8.00937500e-03,2.93125000e-03,3.51875000e-03
-6.24612500e-08,7.99375000e-03,2.88437500e-03,3.52187500e-03
-6.24212500e-08,7.96562500e-03,2.83593750e-03,3.52187500e-03
-6.23812500e-08,7.92187500e-03,2.78750000e-03,3.52500000e-03
-6.23412500e-08,7.87500000e-03,2.74062500e-03,3.52812500e-03
-6.23012500e-08,7.81875000e-03,2.69687500e-03,3.53437500e-03
-6.22612500e-08,7.76562500e-03,2.65781250e-03,3.54062500e-03
-6.22212500e-08,7.70937500e-03,2.62343750e-03,3.54687500e-03
-6.21812500e-08,7.66250000e-03,2.59843750e-03,3.55625000e-03
-6.21412500e-08,7.62187500e-03,2.57968750e-03,3.56875000e-03
-6.21012500e-08,7.59375000e-03,2.57031250e-03,3.58125000e-03
-6.20612500e-08,7.57812500e-03,2.56875000e-03,3.59375000e-03
-6.20212500e-08,7.57187500e-03,2.57656250e-03,3.60937500e-03
-6.19812500e-08,7.58125000e-03,2.59218750e-03,3.62500000e-03
-6.19412500e-08,7.60312500e-03,2.61406250e-03,3.63750000e-03
-6.19012500e-08,7.63750000e-03,2.64218750e-03,3.65312500e-03
-6.18612500e-08,7.67812500e-03,2.67500000e-03,3.66562500e-03
-6.18212500e-08,7.72500000e-03,2.71093750e-03,3.67500000e-03
-6.17812500e-08,7.77500000e-03,2.74843750e-03,3.67812500e-03
-6.17412500e-08,7.82500000e-03,2.78593750e-03,3.67812500e-03
-6.17012500e-08,7.86875000e-03,2.82187500e-03,3.67187500e-03
-6.16612500e-08,7.90937500e-03,2.85468750e-03,3.65937500e-03
-6.16212500e-08,7.93750000e-03,2.88281250e-03,3.64062500e-03
-6.15812500e-08,7.95312500e-03,2.90625000e-03,3.61562500e-03
-6.15412500e-08,7.95312500e-03,2.92343750e-03,3.58437500e-03
-6.15012500e-08,7.93750000e-03,2.93437500e-03,3.54375000e-03
-6.14612500e-08,7.90625000e-03,2.94062500e-03,3.50000000e-03
-6.14212500e-08,7.86250000e-03,2.94062500e-03,3.45000000e-03
-6.13812500e-08,7.80000000e-03,2.93437500e-03,3.39687500e-03
-6.13412500e-08,7.72812500e-03,2.92500000e-03,3.34375000e-03
-6.13012500e-08,7.64687500e-03,2.91250000e-03,3.29062500e-03
-6.12612500e-08,7.55937500e-03,2.89843750e-03,3.24062500e-03
-6.12212500e-08,7.46875000e-03,2.88281250e-03,3.19375000e-03
-6.11812500e-08,7.37500000e-03,2.86875000e-03,3.15312500e-03
-6.11412500e-08,7.28750000e-03,2.85625000e-03,3.12187500e-03
-6.11012500e-08,7.20937500e-03,2.84531250e-03,3.09687500e-03
-6.10612500e-08,7.13750000e-03,2.84062500e-03,3.08437500e-03
-6.10212500e-08,7.07812500e-03,2.83750000e-03,3.08125000e-03
-6.09812500e-08,7.03437500e-03,2.84062500e-03,3.09062500e-03
-6.09412500e-08,7.00625000e-03,2.84843750e-03,3.11250000e-03
-6.09012500e-08,6.99062500e-03,2.86093750e-03,3.14062500e-03
-6.08612500e-08,6.99062500e-03,2.87656250e-03,3.18125000e-03
-6.08212500e-08,7.00312500e-03,2.89687500e-03,3.22812500e-03
-6.07812500e-08,7.02812500e-03,2.91875000e-03,3.28125000e-03
-6.07412500e-08,7.06250000e-03,2.94218750e-03,3.34062500e-03
-6.07012500e-08,7.10625000e-03,2.96406250e-03,3.39687500e-03
-6.06612500e-08,7.15000000e-03,2.98750000e-03,3.45625000e-03
-6.06212500e-08,7.19687500e-03,3.00625000e-03,3.50937500e-03
-6.05812500e-08,7.24062500e-03,3.02343750e-03,3.55937500e-03
-6.05412500e-08,7.28125000e-03,3.03593750e-03,3.60000000e-03
-6.05012500e-08,7.31562500e-03,3.04218750e-03,3.63437500e-03
-6.04612500e-08,7.34062500e-03,3.04375000e-03,3.65937500e-03
-6.04212500e-08,7.35625000e-03,3.03906250e-03,3.67187500e-03
-6.03812500e-08,7.35937500e-03,3.02968750e-03,3.67812500e-03
-6.03412500e-08,7.35625000e-03,3.01406250e-03,3.67187500e-03
-6.03012500e-08,7.34375000e-03,2.99218750e-03,3.65937500e-03
-6.02612500e-08,7.32187500e-03,2.96718750e-03,3.63750000e-03
-6.02212500e-08,7.29375000e-03,2.93750000e-03,3.61250000e-03
-6.01812500e-08,7.25937500e-03,2.90625000e-03,3.58125000e-03
-6.01412500e-08,7.22500000e-03,2.87500000e-03,3.55000000e-03
-6.01012500e-08,7.19062500e-03,2.84218750e-03,3.52187500e-03
-6.00612500e-08,7.15937500e-03,2.80937500e-03,3.49062500e-03
-6.00212500e-08,7.13125000e-03,2.78125000e-03,3.46562500e-03
-5.99812500e-08,7.10625000e-03,2.75468750e-03,3.44687500e-03
-5.99412500e-08,7.09062500e-03,2.73281250e-03,3.43437500e-03
-5.99012500e-08,7.08437500e-03,2.71562500e-03,3.42812500e-03
-5.98612500e-08,7.08437500e-03,2.70312500e-03,3.42812500e-03
-5.98212500e-08,7.09375000e-03,2.69843750e-03,3.43437500e-03
-5.97812500e-08,7.10937500e-03,2.69687500e-03,3.44687500e-03
-5.97412500e-08,7.13125000e-03,2.70312500e-03,3.46250000e-03
-5.97012500e-08,7.15625000e-03,2.71406250e-03,3.48437500e-03
-5.96612500e-08,7.18750000e-03,2.72968750e-03,3.50625000e-03
-5.96212500e-08,7.21875000e-03,2.74843750e-03,3.52812500e-03
-5.95812500e-08,7.24687500e-03,2.77187500e-03,3.54687500e-03
-5.95412500e-08,7.27500000e-03,2.79687500e-03,3.56562500e-03
-5.95012500e-08,7.29687500e-03,2.82343750e-03,3.57812500e-03
-5.94612500e-08,7.31250000e-03,2.85000000e-03,3.58437500e-03
-5.94212500e-08,7.32187500e-03,2.87656250e-03,3.58437500e-03
-5.93812500e-08,7.32500000e-03,2.90156250e-03,3.57812500e-03
-5.93412500e-08,7.31875000e-03,2.92343750e-03,3.56562500e-03
-5.93012500e-08,7.30625000e-03,2.94375000e-03,3.55000000e-03
-5.92612500e-08,7.28437500e-03,2.95937500e-03,3.52500000e-03
-5.92212500e-08,7.25937500e-03,2.97187500e-03,3.50000000e-03
-5.91812500e-08,7.23125000e-03,2.97812500e-03,3.46875000e-03
-5.91412500e-08,7.20000000e-03,2.98125000e-03,3.43750000e-03
-5.91012500e-08,7.17187500e-03,2.97968750e-03,3.40937500e-03
-5.90612500e-08,7.14375000e-03,2.97343750e-03,3.38437500e-03
-5.90212500e-08,7.11875000e-03,2.96250000e-03,3.36250000e-03
-5.89812500e-08,7.10312500e-03,2.94843750e-03,3.34375000e-03
-5.89412500e-08,7.09062500e-03,2.93281250e-03,3.33437500e-03
-5.89012500e-08,7.08750000e-03,2.91250000e-03,3.33125000e-03
-5.88612500e-08,7.09375000e-03,2.89062500e-03,3.33437500e-03
-5.88212500e-08,7.10937500e-03,2.86875000e-03,3.34687500e-03
-5.87812500e-08,7.13125000e-03,2.84687500e-03,3.36562500e-03
-5.87412500e-08,7.16250000e-03,2.82656250e-03,3.39062500e-03
-5.87012500e-08,7.19375000e-03,2.80781250e-03,3.41875000e-03
-5.86612500e-08,7.23125000e-03,2.79218750e-03,3.45312500e-03
-5.86212500e-08,7.26875000e-03,2.77812500e-03,3.48437500e-03
-5.85812500e-08,7.30625000e-03,2.77031250e-03,3.51875000e-03
-5.85412500e-08,7.33750000e-03,2.76562500e-03,3.55000000e-03
-5.85012500e-08,7.35937500e-03,2.76718750e-03,3.57812500e-03
-5.84612500e-08,7.37500000e-03,2.77343750e-03,3.60000000e-03
-5.84212500e-08,7.37812500e-03,2.78437500e-03,3.61562500e-03
-5.83812500e-08,7.36875000e-03,2.80156250e-03,3.62500000e-03
-5.83412500e-08,7.34687500e-03,2.82343750e-03,3.62812500e-03
-5.83012500e-08,7.31250000e-03,2.84843750e-03,3.62187500e-03
-5.82612500e-08,7.25937500e-03,2.87812500e-03,3.60937500e-03
-5.82212500e-08,7.19687500e-03,2.90937500e-03,3.59062500e-03
-5.81812500e-08,7.12187500e-03,2.94218750e-03,3.56562500e-03
-5.81412500e-08,7.04062500e-03,2.97656250e-03,3.53437500e-03
-5.81012500e-08,6.95000000e-03,3.00937500e-03,3.50312500e-03
-5.80612500e-08,6.85625000e-03,3.04218750e-03,3.47187500e-03
-5.80212500e-08,6.75937500e-03,3.07031250e-03,3.43750000e-03
-5.79812500e-08,6.66562500e-03,3.09687500e-03,3.40625000e-03
-5.79412500e-08,6.57812500e-03,3.11718750e-03,3.37812500e-03
-5.79012500e-08,6.49687500e-03,3.13281250e-03,3.35312500e-03
-5.78612500e-08,6.42812500e-03,3.14218750e-03,3.33125000e-03
-5.78212500e-08,6.36875000e-03,3.14687500e-03,3.31562500e-03
-5.77812500e-08,6.32187500e-03,3.14375000e-03,3.30625000e-03
-5.77412500e-08,6.29062500e-03,3.13437500e-03,3.30312500e-03
-5.77012500e-08,6.27187500e-03,3.11875000e-03,3.30000000e-03
-5.76612500e-08,6.26562500e-03,3.09843750e-03,3.30312500e-03
-5.76212500e-08,6.27187500e-03,3.07500000e-03,3.30937500e-03
-5.75812500e-08,6.29062500e-03,3.04531250e-03,3.31875000e-03
-5.75412500e-08,6.31250000e-03,3.01406250e-03,3.32812500e-03
-5.75012500e-08,6.34375000e-03,2.98281250e-03,3.33437500e-03
-5.74612500e-08,6.37812500e-03,2.94843750e-03,3.34062500e-03
-5.74212500e-08,6.41250000e-03,2.91718750e-03,3.34687500e-03
-5.73812500e-08,6.44375000e-03,2.88593750e-03,3.34687500e-03
-5.73412500e-08,6.46875000e-03,2.85937500e-03,3.34062500e-03
-5.73012500e-08,6.49062500e-03,2.83437500e-03,3.33437500e-03
-5.72612500e-08,6.50312500e-03,2.81406250e-03,3.32187500e-03
-5.72212500e-08,6.50937500e-03,2.79843750e-03,3.30312500e-03
-5.71812500e-08,6.50312500e-03,2.78750000e-03,3.28125000e-03
-5.71412500e-08,6.48750000e-03,2.78125000e-03,3.25312500e-03
-5.71012500e-08,6.46562500e-03,2.77968750e-03,3.22500000e-03
-5.70612500e-08,6.43750000e-03,2.78125000e-03,3.19062500e-03
-5.70212500e-08,6.40000000e-03,2.78750000e-03,3.15937500e-03
-5.69812500e-08,6.35937500e-03,2.79531250e-03,3.12500000e-03
-5.69412500e-08,6.31562500e-03,2.80468750e-03,3.09062500e-03
-5.69012500e-08,6.27187500e-03,2.81562500e-03,3.05937500e-03
-5.68612500e-08,6.23125000e-03,2.82500000e-03,3.02812500e-03
-5.68212500e-08,6.19062500e-03,2.83437500e-03,3.00312500e-03
-5.67812500e-08,6.15625000e-03,2.84218750e-03,2.98125000e-03
-5.67412500e-08,6.12812500e-03,2.84687500e-03,2.96250000e-03
-5.67012500e-08,6.10312500e-03,2.84843750e-03,2.95000000e-03
-5.66612500e-08,6.08750000e-03,2.84687500e-03,2.94375000e-03
-5.66212500e-08,6.07500000e-03,2.84218750e-03,2.94375000e-03
-5.65812500e-08,6.06875000e-03,2.83437500e-03,2.95000000e-03
-5.65412500e-08,6.06875000e-03,2.82187500e-03,2.96250000e-03
-5.65012500e-08,6.06875000e-03,2.80625000e-03,2.98125000e-03
-5.64612500e-08,6.06875000e-03,2.78906250e-03,3.00312500e-03
-5.64212500e-08,6.06875000e-03,2.76875000e-03,3.03437500e-03
-5.63812500e-08,6.06875000e-03,2.74687500e-03,3.06875000e-03
-5.63412500e-08,6.06250000e-03,2.72500000e-03,3.10625000e-03
-5.63012500e-08,6.05312500e-03,2.70312500e-03,3.15000000e-03
-5.62612500e-08,6.03437500e-03,2.68281250e-03,3.19687500e-03
-5.62212500e-08,6.01250000e-03,2.66250000e-03,3.24687500e-03
-5.61812500e-08,5.98125000e-03,2.64375000e-03,3.29687500e-03
-5.61412500e-08,5.94687500e-03,2.62968750e-03,3.35000000e-03
-5.61012500e-08,5.90625000e-03,2.61718750e-03,3.40312500e-03
-5.60612500e-08,5.85937500e-03,2.60781250e-03,3.45312500e-03
-5.60212500e-08,5.81250000e-03,2.60000000e-03,3.50312500e-03
-5.59812500e-08,5.76250000e-03,2.59687500e-03,3.55000000e-03
-5.59412500e-08,5.71562500e-03,2.59687500e-03,3.59062500e-03
-5.59012500e-08,5.66875000e-03,2.60000000e-03,3.62812500e-03
-5.58612500e-08,5.62812500e-03,2.60468750e-03,3.65937500e-03
-5.58212500e-08,5.59375000e-03,2.61250000e-03,3.68125000e-03
-5.57812500e-08,5.56250000e-03,2.62187500e-03,3.70000000e-03
-5.57412500e-08,5.54375000e-03,2.63125000e-03,3.70937500e-03
-5.57012500e-08,5.53125000e-03,2.64375000e-03,3.71250000e-03
-5.56612500e-08,5.52500000e-03,2.65625000e-03,3.70625000e-03
-5.56212500e-08,5.52812500e-03,2.66875000e-03,3.69375000e-03
-5.55812500e-08,5.53750000e-03,2.68125000e-03,3.67187500e-03
-5.55412500e-08,5.55312500e-03,2.69375000e-03,3.64687500e-03
-5.55012500e-08,5.57187500e-03,2.70625000e-03,3.61875000e-03
-5.54612500e-08,5.59062500e-03,2.71875000e-03,3.58437500e-03
-5.54212500e-08,5.60937500e-03,2.73125000e-03,3.54687500e-03
-5.53812500e-08,5.62500000e-03,2.74375000e-03,3.51250000e-03
-5.53412500e-08,5.63750000e-03,2.75625000e-03,3.47812500e-03
-5.53012500e-08,5.64375000e-03,2.76718750e-03,3.44687500e-03
-5.52612500e-08,5.64375000e-03,2.77968750e-03,3.41562500e-03
-5.52212500e-08,5.63437500e-03,2.79062500e-03,3.39375000e-03
-5.51812500e-08,5.61875000e-03,2.80312500e-03,3.37812500e-03
-5.51412500e-08,5.59375000e-03,2.81406250e-03,3.36562500e-03
-5.51012500e-08,5.56250000e-03,2.82500000e-03,3.36250000e-03
-5.50612500e-08,5.52500000e-03,2.83593750e-03,3.36875000e-03
-5.50212500e-08,5.48125000e-03,2.84531250e-03,3.38125000e-03
-5.49812500e-08,5.43750000e-03,2.85312500e-03,3.39687500e-03
-5.49412500e-08,5.39062500e-03,2.85937500e-03,3.42187500e-03
-5.49012500e-08,5.34375000e-03,2.86562500e-03,3.45312500e-03
-5.48612500e-08,5.30000000e-03,2.86875000e-03,3.48437500e-03
-5.48212500e-08,5.25937500e-03,2.86875000e-03,3.51875000e-03
-5.47812500e-08,5.22500000e-03,2.86562500e-03,3.55625000e-03
-5.47412500e-08,5.19687500e-03,2.86093750e-03,3.59062500e-03
-5.47012500e-08,5.17500000e-03,2.85312500e-03,3.62187500e-03
-5.46612500e-08,5.16250000e-03,2.84218750e-03,3.65000000e-03
-5.46212500e-08,5.15312500e-03,2.82812500e-03,3.67500000e-03
-5.45812500e-08,5.15000000e-03,2.81093750e-03,3.69375000e-03
-5.45412500e-08,5.15312500e-03,2.79218750e-03,3.70625000e-03
-5.45012500e-08,5.15625000e-03,2.77031250e-03,3.71250000e-03
-5.44612500e-08,5.16250000e-03,2.74687500e-03,3.70937500e-03
-5.44212500e-08,5.16875000e-03,2.72343750e-03,3.70312500e-03
-5.43812500e-08,5.16875000e-03,2.69843750e-03,3.68750000e-03
-5.43412500e-08,5.16875000e-03,2.67343750e-03,3.66562500e-03
-5.43012500e-08,5.16250000e-03,2.64843750e-03,3.64062500e-03
-5.42612500e-08,5.15000000e-03,2.62656250e-03,3.61250000e-03
-5.42212500e-08,5.12812500e-03,2.60625000e-03,3.58125000e-03
-5.41812500e-08,5.10312500e-03,2.58906250e-03,3.54687500e-03
-5.41412500e-08,5.06875000e-03,2.57343750e-03,3.51250000e-03
-5.41012500e-08,5.02812500e-03,2.56250000e-03,3.47500000e-03
-5.40612500e-08,4.98437500e-03,2.55625000e-03,3.44062500e-03
-5.40212500e-08,4.93750000e-03,2.55312500e-03,3.40937500e-03
-5.39812500e-08,4.89062500e-03,2.55468750e-03,3.37812500e-03
-5.39412500e-08,4.84062500e-03,2.56093750e-03,3.35000000e-03
-5.39012500e-08,4.79687500e-03,2.57031250e-03,3.32812500e-03
-5.38612500e-08,4.75625000e-03,2.58437500e-03,3.30625000e-03
-5.38212500e-08,4.72187500e-03,2.60156250e-03,3.28750000e-03
-5.37812500e-08,4.69375000e-03,2.62187500e-03,3.27187500e-03
-5.37412500e-08,4.67812500e-03,2.64375000e-03,3.25625000e-03
-5.37012500e-08,4.66875000e-03,2.66875000e-03,3.24687500e-03
-5.36612500e-08,4.66562500e-03,2.69531250e-03,3.24062500e-03
-5.36212500e-08,4.67500000e-03,2.72187500e-03,3.23437500e-03
-5.35812500e-08,4.69062500e-03,2.75000000e-03,3.23125000e-03
-5.35412500e-08,4.71250000e-03,2.77656250e-03,3.22812500e-03
-5.35012500e-08,4.73437500e-03,2.80156250e-03,3.23125000e-03
-5.34612500e-08,4.76250000e-03,2.82656250e-03,3.23437500e-03
-5.34212500e-08,4.79062500e-03,2.84843750e-03,3.23750000e-03
-5.33812500e-08,4.81250000e-03,2.86718750e-03,3.24687500e-03
-5.33412500e-08,4.83125000e-03,2.88437500e-03,3.25625000e-03
-5.33012500e-08,4.84687500e-03,2.89687500e-03,3.26875000e-03
-5.32612500e-08,4.85000000e-03,2.90625000e-03,3.28437500e-03
-5.32212500e-08,4.84687500e-03,2.91250000e-03,3.30000000e-03
-5.31812500e-08,4.83437500e-03,2.91406250e-03,3.32187500e-03
-5.31412500e-08,4.81250000e-03,2.91250000e-03,3.34062500e-03
-5.31012500e-08,4.77812500e-03,2.90781250e-03,3.36562500e-03
-5.30612500e-08,4.74062500e-03,2.89843750e-03,3.38750000e-03
-5.30212500e-08,4.69375000e-03,2.88593750e-03,3.40937500e-03
-5.29812500e-08,4.64062500e-03,2.87187500e-03,3.43437500e-03
-5.29412500e-08,4.58437500e-03,2.85312500e-03,3.45625000e-03
-5.29012500e-08,4.53125000e-03,2.83281250e-03,3.47500000e-03
-5.28612500e-08,4.47500000e-03,2.80937500e-03,3.49062500e-03
-5.28212500e-08,4.42187500e-03,2.78593750e-03,3.50312500e-03
-5.27812500e-08,4.37500000e-03,2.76093750e-03,3.50937500e-03
-5.27412500e-08,4.33437500e-03,2.73437500e-03,3.51250000e-03
-5.27012500e-08,4.30312500e-03,2.70937500e-03,3.50937500e-03
-5.26612500e-08,4.27812500e-03,2.68437500e-03,3.50312500e-03
-5.26212500e-08,4.25937500e-03,2.66250000e-03,3.49062500e-03
-5.25812500e-08,4.25000000e-03,2.64062500e-03,3.47187500e-03
-5.25412500e-08,4.24687500e-03,2.62187500e-03,3.45000000e-03
-5.25012500e-08,4.25000000e-03,2.60781250e-03,3.42500000e-03
-5.24612500e-08,4.25625000e-03,2.59531250e-03,3.39687500e-03
-5.24212500e-08,4.26562500e-03,2.58906250e-03,3.36562500e-03
-5.23812500e-08,4.27500000e-03,2.58593750e-03,3.33750000e-03
-5.23412500e-08,4.28437500e-03,2.58750000e-03,3.30937500e-03
-5.23012500e-08,4.28750000e-03,2.59375000e-03,3.28125000e-03
-5.22612500e-08,4.28750000e-03,2.60468750e-03,3.25937500e-03
-5.22212500e-08,4.28125000e-03,2.62031250e-03,3.23750000e-03
-5.21812500e-08,4.26875000e-03,2.63906250e-03,3.22500000e-03
-5.21412500e-08,4.24687500e-03,2.66250000e-03,3.21562500e-03
-5.21012500e-08,4.21875000e-03,2.68906250e-03,3.21250000e-03
-5.20612500e-08,4.18437500e-03,2.71875000e-03,3.21562500e-03
-5.20212500e-08,4.14062500e-03,2.74843750e-03,3.22500000e-03
-5.19812500e-08,4.09375000e-03,2.77968750e-03,3.23750000e-03
-5.19412500e-08,4.04062500e-03,2.81093750e-03,3.25625000e-03
-5.19012500e-08,3.98750000e-03,2.83906250e-03,3.27812500e-03
-5.18612500e-08,3.93125000e-03,2.86718750e-03,3.30312500e-03
-5.18212500e-08,3.87812500e-03,2.89062500e-03,3.32500000e-03
-5.17812500e-08,3.82500000e-03,2.91093750e-03,3.35000000e-03
-5.17412500e-08,3.77812500e-03,2.92656250e-03,3.37500000e-03
-5.17012500e-08,3.73437500e-03,2.93750000e-03,3.39687500e-03
-5.16612500e-08,3.69687500e-03,2.94218750e-03,3.41562500e-03
-5.16212500e-08,3.66250000e-03,2.94375000e-03,3.42812500e-03
-5.15812500e-08,3.63750000e-03,2.93750000e-03,3.44062500e-03
-5.15412500e-08,3.61562500e-03,2.92812500e-03,3.44687500e-03
-5.15012500e-08,3.59687500e-03,2.91406250e-03,3.45000000e-03
-5.14612500e-08,3.58437500e-03,2.89687500e-03,3.44687500e-03
-5.14212500e-08,3.57187500e-03,2.87656250e-03,3.44375000e-03
-5.13812500e-08,3.55937500e-03,2.85468750e-03,3.43437500e-03
-5.13412500e-08,3.54687500e-03,2.83281250e-03,3.42812500e-03
-5.13012500e-08,3.53125000e-03,2.81093750e-03,3.41875000e-03
-5.12612500e-08,3.51250000e-03,2.79218750e-03,3.40937500e-03
-5.12212500e-08,3.48750000e-03,2.77343750e-03,3.40000000e-03
-5.11812500e-08,3.45937500e-03,2.75937500e-03,3.39375000e-03
-5.11412500e-08,3.42500000e-03,2.75000000e-03,3.39062500e-03
-5.11012500e-08,3.38125000e-03,2.74375000e-03,3.38750000e-03
-5.10612500e-08,3.33437500e-03,2.74375000e-03,3.39062500e-03
-5.10212500e-08,3.28437500e-03,2.74687500e-03,3.39375000e-03
-5.09812500e-08,3.22500000e-03,2.75625000e-03,3.40312500e-03
-5.09412500e-08,3.16562500e-03,2.76718750e-03,3.41250000e-03
-5.09012500e-08,3.10625000e-03,2.78281250e-03,3.42187500e-03
-5.08612500e-08,3.04375000e-03,2.80000000e-03,3.43125000e-03
-5.08212500e-08,2.98125000e-03,2.82031250e-03,3.44375000e-03
-5.07812500e-08,2.92500000e-03,2.83906250e-03,3.45000000e-03
-5.07412500e-08,2.87187500e-03,2.85625000e-03,3.45625000e-03
-5.07012500e-08,2.82187500e-03,2.87187500e-03,3.45937500e-03
-5.06612500e-08,2.77812500e-03,2.88437500e-03,3.45625000e-03
-5.06212500e-08,2.74062500e-03,2.89375000e-03,3.45000000e-03
-5.05812500e-08,2.71250000e-03,2.89843750e-03,3.43750000e-03
-5.05412500e-08,2.68750000e-03,2.89843750e-03,3.41875000e-03
-5.05012500e-08,2.66875000e-03,2.89375000e-03,3.39687500e-03
-5.04612500e-08,2.65625000e-03,2.88281250e-03,3.36875000e-03
-5.04212500e-08,2.64687500e-03,2.87031250e-03,3.33750000e-03
-5.03812500e-08,2.64062500e-03,2.85156250e-03,3.30312500e-03
-5.03412500e-08,2.63125000e-03,2.83281250e-03,3.26875000e-03
-5.03012500e-08,2.62500000e-03,2.81093750e-03,3.23125000e-03
-5.02612500e-08,2.61562500e-03,2.79062500e-03,3.19375000e-03
-5.02212500e-08,2.60312500e-03,2.77031250e-03,3.16250000e-03
-5.01812500e-08,2.58437500e-03,2.75156250e-03,3.13125000e-03
-5.01412500e-08,2.55937500e-03,2.73750000e-03,3.10625000e-03
-5.01012500e-08,2.53125000e-03,2.72812500e-03,3.08750000e-03
-5.00612500e-08,2.49062500e-03,2.72343750e-03,3.07500000e-03
-5.00212500e-08,2.44687500e-03,2.72343750e-03,3.06875000e-03
-4.99812500e-08,2.39375000e-03,2.73125000e-03,3.07187500e-03
-4.99412500e-08,2.33125000e-03,2.74375000e-03,3.08125000e-03
-4.99012500e-08,2.26562500e-03,2.76093750e-03,3.09687500e-03
-4.98612500e-08,2.19687500e-03,2.78281250e-03,3.11875000e-03
-4.98212500e-08,2.12187500e-03,2.80937500e-03,3.15000000e-03
-4.97812500e-08,2.04375000e-03,2.83593750e-03,3.18437500e-03
-4.97412500e-08,1.96562500e-03,2.86406250e-03,3.22187500e-03
-4.97012500e-08,1.88750000e-03,2.89062500e-03,3.26250000e-03
-4.96612500e-08,1.81562500e-03,2.91406250e-03,3.30312500e-03
-4.96212500e-08,1.74375000e-03,2.93437500e-03,3.34687500e-03
-4.95812500e-08,1.67812500e-03,2.94843750e-03,3.38750000e-03
-4.95412500e-08,1.61562500e-03,2.95625000e-03,3.42812500e-03
-4.95012500e-08,1.56250000e-03,2.95625000e-03,3.46250000e-03
-4.94612500e-08,1.51875000e-03,2.94843750e-03,3.49687500e-03
-4.94212500e-08,1.48125000e-03,2.93281250e-03,3.52500000e-03
-4.93812500e-08,1.45312500e-03,2.91093750e-03,3.54687500e-03
-4.93412500e-08,1.43437500e-03,2.88281250e-03,3.56875000e-03
-4.93012500e-08,1.42187500e-03,2.84687500e-03,3.58437500e-03
-4.92612500e-08,1.41875000e-03,2.80937500e-03,3.59375000e-03
-4.92212500e-08,1.42187500e-03,2.76875000e-03,3.60000000e-03
-4.91812500e-08,1.43125000e-03,2.72656250e-03,3.60625000e-03
-4.91412500e-08,1.44687500e-03,2.68750000e-03,3.60625000e-03
-4.91012500e-08,1.46562500e-03,2.65000000e-03,3.60312500e-03
-4.90612500e-08,1.48750000e-03,2.61875000e-03,3.60000000e-03
-4.90212500e-08,1.51250000e-03,2.59218750e-03,3.59375000e-03
-4.89812500e-08,1.53750000e-03,2.57500000e-03,3.58750000e-03
-4.89412500e-08,1.56250000e-03,2.56562500e-03,3.58125000e-03
-4.89012500e-08,1.58437500e-03,2.56562500e-03,3.57187500e-03
-4.88612500e-08,1.60312500e-03,2.57500000e-03,3.56250000e-03
-4.88212500e-08,1.61875000e-03,2.59375000e-03,3.55625000e-03
-4.87812500e-08,1.63125000e-03,2.62031250e-03,3.54375000e-03
-4.87412500e-08,1.63437500e-03,2.65312500e-03,3.53437500e-03
-4.87012500e-08,1.63125000e-03,2.69218750e-03,3.52500000e-03
-4.86612500e-08,1.62187500e-03,2.73437500e-03,3.51562500e-03
-4.86212500e-08,1.60625000e-03,2.77812500e-03,3.50312500e-03
-4.85812500e-08,1.58437500e-03,2.82187500e-03,3.49375000e-03
-4.85412500e-08,1.55312500e-03,2.86406250e-03,3.48125000e-03
-4.85012500e-08,1.51250000e-03,2.90312500e-03,3.46875000e-03
-4.84612500e-08,1.46875000e-03,2.93593750e-03,3.45937500e-03
-4.84212500e-08,1.41875000e-03,2.96093750e-03,3.44687500e-03
-4.83812500e-08,1.36562500e-03,2.97968750e-03,3.43750000e-03
-4.83412500e-08,1.30625000e-03,2.98906250e-03,3.43125000e-03
-4.83012500e-08,1.24687500e-03,2.99062500e-03,3.42187500e-03
-4.82612500e-08,1.18437500e-03,2.98281250e-03,3.41875000e-03
-4.82212500e-08,1.12500000e-03,2.96718750e-03,3.41562500e-03
-4.81812500e-08,1.06562500e-03,2.94375000e-03,3.41250000e-03
-4.81412500e-08,1.00937500e-03,2.91562500e-03,3.41250000e-03
-4.81012500e-08,9.56250000e-04,2.88125000e-03,3.41562500e-03
-4.80612500e-08,9.12500000e-04,2.84531250e-03,3.41875000e-03
-4.80212500e-08,8.71875000e-04,2.80625000e-03,3.42187500e-03
-4.79812500e-08,8.40625000e-04,2.76875000e-03,3.42500000e-03
-4.79412500e-08,8.15625000e-04,2.73281250e-03,3.43125000e-03
-4.79012500e-08,8.00000000e-04,2.69843750e-03,3.43437500e-03
-4.78612500e-08,7.90625000e-04,2.66875000e-03,3.43750000e-03
-4.78212500e-08,7.87500000e-04,2.64531250e-03,3.44062500e-03
-4.77812500e-08,7.93750000e-04,2.62656250e-03,3.43750000e-03
-4.77412500e-08,8.09375000e-04,2.61406250e-03,3.43437500e-03
-4.77012500e-08,8.25000000e-04,2.60781250e-03,3.42812500e-03
-4.76612500e-08,8.50000000e-04,2.60625000e-03,3.41562500e-03
-4.76212500e-08,8.75000000e-04,2.61093750e-03,3.40312500e-03
-4.75812500e-08,9.03125000e-04,2.62031250e-03,3.38750000e-03
-4.75412500e-08,9.34375000e-04,2.63281250e-03,3.36875000e-03
-4.75012500e-08,9.62500000e-04,2.64843750e-03,3.35000000e-03
-4.74612500e-08,9.90625000e-04,2.66562500e-03,3.32812500e-03
-4.74212500e-08,1.01875000e-03,2.68437500e-03,3.30625000e-03
-4.73812500e-08,1.04062500e-03,2.70156250e-03,3.28437500e-03
-4.73412500e-08,1.06250000e-03,2.72031250e-03,3.26562500e-03
-4.73012500e-08,1.07812500e-03,2.73593750e-03,3.24687500e-03
-4.72612500e-08,1.09062500e-03,2.75000000e-03,3.23437500e-03
-4.72212500e-08,1.09687500e-03,2.76093750e-03,3.22500000e-03
-4.71812500e-08,1.10000000e-03,2.77031250e-03,3.21875000e-03
-4.71412500e-08,1.10000000e-03,2.77812500e-03,3.21562500e-03
-4.71012500e-08,1.09375000e-03,2.78281250e-03,3.21875000e-03
-4.70612500e-08,1.08125000e-03,2.78593750e-03,3.22500000e-03
-4.70212500e-08,1.06875000e-03,2.78750000e-03,3.23437500e-03
-4.69812500e-08,1.05000000e-03,2.78750000e-03,3.24687500e-03
-4.69412500e-08,1.02500000e-03,2.78750000e-03,3.25937500e-03
-4.69012500e-08,1.00000000e-03,2.78593750e-03,3.27187500e-03
-4.68612500e-08,9.65625000e-04,2.78593750e-03,3.28437500e-03
-4.68212500e-08,9.31250000e-04,2.78593750e-03,3.29375000e-03
-4.67812500e-08,8.90625000e-04,2.78750000e-03,3.30000000e-03
-4.67412500e-08,8.43750000e-04,2.78906250e-03,3.30000000e-03
-4.67012500e-08,7.93750000e-04,2.79218750e-03,3.29687500e-03
-4.66612500e-08,7.40625000e-04,2.79531250e-03,3.28437500e-03
-4.66212500e-08,6.81250000e-04,2.80000000e-03,3.26875000e-03
-4.65812500e-08,6.18750000e-04,2.80312500e-03,3.24687500e-03
-4.65412500e-08,5.50000000e-04,2.80781250e-03,3.21875000e-03
-4.65012500e-08,4.81250000e-04,2.81250000e-03,3.18437500e-03
-4.64612500e-08,4.09375000e-04,2.81562500e-03,3.15000000e-03
-4.64212500e-08,3.34375000e-04,2.81875000e-03,3.11562500e-03
-4.63812500e-08,2.62500000e-04,2.82031250e-03,3.07812500e-03
-4.63412500e-08,1.93750000e-04,2.82187500e-03,3.04687500e-03
-4.63012500e-08,1.25000000e-04,2.82187500e-03,3.01875000e-03
-4.62612500e-08,6.25000000e-05,2.82031250e-03,2.99687500e-03
-4.62212500e-08,6.25000000e-06,2.81718750e-03,2.98437500e-03
-4.61812500e-08,-4.06250000e-05,2.81250000e-03,2.98437500e-03
-4.61412500e-08,-8.12500000e-05,2.80781250e-03,2.99375000e-03
-4.61012500e-08,-1.12500000e-04,2.80156250e-03,3.01875000e-03
-4.60612500e-08,-1.34375000e-04,2.79687500e-03,3.05312500e-03
-4.60212500e-08,-1.43750000e-04,2.79062500e-03,3.10312500e-03
-4.59812500e-08,-1.43750000e-04,2.78593750e-03,3.16562500e-03
-4.59412500e-08,-1.37500000e-04,2.78125000e-03,3.23437500e-03
-4.59012500e-08,-1.21875000e-04,2.77812500e-03,3.31562500e-03
-4.58612500e-08,-1.00000000e-04,2.77500000e-03,3.40000000e-03
-4.58212500e-08,-7.50000000e-05,2.77343750e-03,3.48750000e-03
-4.57812500e-08,-4.68750000e-05,2.77343750e-03,3.57500000e-03
-4.57412500e-08,-2.18750000e-05,2.77500000e-03,3.65937500e-03
-4.57012500e-08,3.12500000e-06,2.77812500e-03,3.73750000e-03
-4.56612500e-08,1.87500000e-05,2.78125000e-03,3.80625000e-03
-4.56212500e-08,2.81250000e-05,2.78593750e-03,3.85937500e-03
-4.55812500e-08,2.81250000e-05,2.79218750e-03,3.90000000e-03
-4.55412500e-08,1.87500000e-05,2.79843750e-03,3.92187500e-03
-4.55012500e-08,-3.12500000e-06,2.80312500e-03,3.92500000e-03
-4.54612500e-08,-4.06250000e-05,2.80937500e-03,3.91250000e-03
-4.54212500e-08,-8.75000000e-05,2.81406250e-03,3.87812500e-03
-4.53812500e-08,-1.46875000e-04,2.81875000e-03,3.82500000e-03
-4.53412500e-08,-2.18750000e-04,2.82187500e-03,3.75937500e-03
-4.53012500e-08,-2.93750000e-04,2.82343750e-03,3.67500000e-03
-4.52612500e-08,-3.78125000e-04,2.82500000e-03,3.58125000e-03
-4.52212500e-08,-4.65625000e-04,2.82343750e-03,3.48125000e-03
-4.51812500e-08,-5.53125000e-04,2.82187500e-03,3.37500000e-03
-4.51412500e-08,-6.40625000e-04,2.81875000e-03,3.26562500e-03
-4.51012500e-08,-7.18750000e-04,2.81406250e-03,3.16250000e-03
-4.50612500e-08,-7.93750000e-04,2.80781250e-03,3.06250000e-03
-4.50212500e-08,-8.56250000e-04,2.80156250e-03,2.97187500e-03
-4.49812500e-08,-9.06250000e-04,2.79218750e-03,2.89375000e-03
-4.49412500e-08,-9.43750000e-04,2.78437500e-03,2.82812500e-03
-4.49012500e-08,-9.65625000e-04,2.77500000e-03,2.78125000e-03
-4.48612500e-08,-9.78125000e-04,2.76406250e-03,2.74687500e-03
-4.48212500e-08,-9.78125000e-04,2.75468750e-03,2.72812500e-03
-4.47812500e-08,-9.65625000e-04,2.74531250e-03,2.72812500e-03
-4.47412500e-08,-9.43750000e-04,2.73437500e-03,2.74062500e-03
-4.47012500e-08,-9.18750000e-04,2.72500000e-03,2.76562500e-03
-4.46612500e-08,-8.87500000e-04,2.71562500e-03,2.80312500e-03
-4.46212500e-08,-8.59375000e-04,2.70781250e-03,2.84687500e-03
-4.45812500e-08,-8.31250000e-04,2.70000000e-03,2.89687500e-03
-4.45412500e-08,-8.12500000e-04,2.69375000e-03,2.95000000e-03
-4.45012500e-08,-8.03125000e-04,2.68750000e-03,3.00312500e-03
-4.44612500e-08,-8.03125000e-04,2.68281250e-03,3.05312500e-03
-4.44212500e-08,-8.15625000e-04,2.67968750e-03,3.09687500e-03
-4.43812500e-08,-8.43750000e-04,2.67812500e-03,3.13750000e-03
-4.43412500e-08,-8.87500000e-04,2.67656250e-03,3.17187500e-03
-4.43012500e-08,-9.46875000e-04,2.67812500e-03,3.19687500e-03
-4.42612500e-08,-1.01875000e-03,2.68125000e-03,3.21250000e-03
-4.42212500e-08,-1.10000000e-03,2.68437500e-03,3.22187500e-03
-4.41812500e-08,-1.19375000e-03,2.69062500e-03,3.22500000e-03
-4.41412500e-08,-1.29375000e-03,2.69687500e-03,3.22187500e-03
-4.41012500e-08,-1.39687500e-03,2.70468750e-03,3.21562500e-03
-4.40612500e-08,-1.50000000e-03,2.71406250e-03,3.20625000e-03
-4.40212500e-08,-1.60000000e-03,2.72343750e-03,3.19375000e-03
-4.39812500e-08,-1.69687500e-03,2.73437500e-03,3.18437500e-03
-4.39412500e-08,-1.78125000e-03,2.74687500e-03,3.17500000e-03
-4.39012500e-08,-1.85625000e-03,2.75937500e-03,3.16875000e-03
-4.38612500e-08,-1.91875000e-03,2.77187500e-03,3.16562500e-03
-4.38212500e-08,-1.96875000e-03,2.78437500e-03,3.16562500e-03
-4.37812500e-08,-2.00000000e-03,2.79843750e-03,3.17187500e-03
-4.37412500e-08,-2.01875000e-03,2.81093750e-03,3.18125000e-03
-4.37012500e-08,-2.02500000e-03,2.82343750e-03,3.19375000e-03
-4.36612500e-08,-2.02187500e-03,2.83750000e-03,3.20937500e-03
-4.36212500e-08,-2.00625000e-03,2.85000000e-03,3.22187500e-03
-4.35812500e-08,-1.98437500e-03,2.86250000e-03,3.23750000e-03
-4.35412500e-08,-1.95937500e-03,2.87500000e-03,3.25000000e-03
-4.35012500e-08,-1.93125000e-03,2.88593750e-03,3.25937500e-03
-4.34612500e-08,-1.90937500e-03,2.89843750e-03,3.26250000e-03
-4.34212500e-08,-1.88750000e-03,2.90937500e-03,3.26250000e-03
-4.33812500e-08,-1.87812500e-03,2.92031250e-03,3.25625000e-03
-4.33412500e-08,-1.87500000e-03,2.93125000e-03,3.24375000e-03
-4.33012500e-08,-1.88437500e-03,2.94062500e-03,3.22812500e-03
-4.32612500e-08,-1.90625000e-03,2.95000000e-03,3.20625000e-03
-4.32212500e-08,-1.93750000e-03,2.95937500e-03,3.18125000e-03
-4.31812500e-08,-1.98437500e-03,2.96875000e-03,3.15312500e-03
-4.31412500e-08,-2.03750000e-03,2.97500000e-03,3.12812500e-03
-4.31012500e-08,-2.10312500e-03,2.98281250e-03,3.10312500e-03
-4.30612500e-08,-2.17187500e-03,2.98750000e-03,3.08437500e-03
-4.30212500e-08,-2.24687500e-03,2.99218750e-03,3.07187500e-03
-4.29812500e-08,-2.32187500e-03,2.99531250e-03,3.06562500e-03
-4.29412500e-08,-2.39375000e-03,2.99687500e-03,3.07187500e-03
-4.29012500e-08,-2.46250000e-03,2.99687500e-03,3.08750000e-03
-4.28612500e-08,-2.52187500e-03,2.99687500e-03,3.11250000e-03
-4.28212500e-08,-2.56875000e-03,2.99531250e-03,3.15000000e-03
-4.27812500e-08,-2.60625000e-03,2.99375000e-03,3.19687500e-03
-4.27412500e-08,-2.63125000e-03,2.99062500e-03,3.25312500e-03
-4.27012500e-08,-2.64062500e-03,2.98593750e-03,3.31562500e-03
-4.26612500e-08,-2.63437500e-03,2.98281250e-03,3.38437500e-03
-4.26212500e-08,-2.61562500e-03,2.97968750e-03,3.45312500e-03
-4.25812500e-08,-2.58125000e-03,2.97812500e-03,3.52187500e-03
-4.25412500e-08,-2.53750000e-03,2.97656250e-03,3.58750000e-03
-4.25012500e-08,-2.48437500e-03,2.97656250e-03,3.64687500e-03
-4.24612500e-08,-2.42500000e-03,2.97656250e-03,3.69375000e-03
-4.24212500e-08,-2.36250000e-03,2.97968750e-03,3.73125000e-03
-4.23812500e-08,-2.29687500e-03,2.98437500e-03,3.75625000e-03
-4.23412500e-08,-2.23437500e-03,2.99062500e-03,3.76250000e-03
-4.23012500e-08,-2.17500000e-03,2.99843750e-03,3.75625000e-03
-4.22612500e-08,-2.12187500e-03,3.00625000e-03,3.73437500e-03
-4.22212500e-08,-2.07812500e-03,3.01562500e-03,3.69375000e-03
-4.21812500e-08,-2.04062500e-03,3.02500000e-03,3.64375000e-03
-4.21412500e-08,-2.01875000e-03,3.03437500e-03,3.58125000e-03
-4.21012500e-08,-2.00625000e-03,3.04375000e-03,3.51250000e-03
-4.20612500e-08,-2.00625000e-03,3.05000000e-03,3.43437500e-03
-4.20212500e-08,-2.01875000e-03,3.05625000e-03,3.35625000e-03
-4.19812500e-08,-2.03750000e-03,3.05937500e-03,3.28125000e-03
-4.19412500e-08,-2.06875000e-03,3.05937500e-03,3.20625000e-03
-4.19012500e-08,-2.10625000e-03,3.05625000e-03,3.14062500e-03
-4.18612500e-08,-2.15000000e-03,3.05156250e-03,3.08437500e-03
-4.18212500e-08,-2.19687500e-03,3.04218750e-03,3.03750000e-03
-4.17812500e-08,-2.24687500e-03,3.02968750e-03,3.00625000e-03
-4.17412500e-08,-2.29687500e-03,3.01562500e-03,2.98437500e-03
-4.17012500e-08,-2.34687500e-03,2.99843750e-03,2.98125000e-03
-4.16612500e-08,-2.39375000e-03,2.97968750e-03,2.98750000e-03
-4.16212500e-08,-2.43750000e-03,2.95937500e-03,3.00625000e-03
-4.15812500e-08,-2.48125000e-03,2.93906250e-03,3.03750000e-03
-4.15412500e-08,-2.51875000e-03,2.91875000e-03,3.07187500e-03
-4.15012500e-08,-2.55625000e-03,2.89843750e-03,3.11562500e-03
-4.14612500e-08,-2.59062500e-03,2.88125000e-03,3.15937500e-03
-4.14212500e-08,-2.62500000e-03,2.86718750e-03,3.20312500e-03
-4.13812500e-08,-2.65625000e-03,2.85468750e-03,3.24687500e-03
-4.13412500e-08,-2.69062500e-03,2.84531250e-03,3.28437500e-03
-4.13012500e-08,-2.72500000e-03,2.83906250e-03,3.31875000e-03
-4.12612500e-08,-2.76562500e-03,2.83437500e-03,3.34375000e-03
-4.12212500e-08,-2.80937500e-03,2.83437500e-03,3.36250000e-03
-4.11812500e-08,-2.85625000e-03,2.83750000e-03,3.37500000e-03
-4.11412500e-08,-2.90937500e-03,2.84062500e-03,3.38125000e-03
-4.11012500e-08,-2.96875000e-03,2.84687500e-03,3.38125000e-03
-4.10612500e-08,-3.03125000e-03,2.85312500e-03,3.37812500e-03
-4.10212500e-08,-3.09687500e-03,2.86093750e-03,3.37187500e-03
-4.09812500e-08,-3.16875000e-03,2.86562500e-03,3.36875000e-03
-4.09412500e-08,-3.24375000e-03,2.87187500e-03,3.36562500e-03
-4.09012500e-08,-3.31875000e-03,2.87500000e-03,3.36875000e-03
-4.08612500e-08,-3.39375000e-03,2.87656250e-03,3.38125000e-03
-4.08212500e-08,-3.46875000e-03,2.87656250e-03,3.40000000e-03
-4.07812500e-08,-3.53750000e-03,2.87343750e-03,3.42812500e-03
-4.07412500e-08,-3.60312500e-03,2.87031250e-03,3.46562500e-03
-4.07012500e-08,-3.66562500e-03,2.86406250e-03,3.51562500e-03
-4.06612500e-08,-3.72187500e-03,2.85781250e-03,3.57187500e-03
-4.06212500e-08,-3.76875000e-03,2.85156250e-03,3.63750000e-03
-4.05812500e-08,-3.80937500e-03,2.84687500e-03,3.70625000e-03
-4.05412500e-08,-3.84375000e-03,2.84218750e-03,3.78125000e-03
-4.05012500e-08,-3.87187500e-03,2.83906250e-03,3.85625000e-03
-4.04612500e-08,-3.89375000e-03,2.83906250e-03,3.92812500e-03
-4.04212500e-08,-3.90937500e-03,2.84218750e-03,3.99375000e-03
-4.03812500e-08,-3.92187500e-03,2.84843750e-03,4.05312500e-03
-4.03412500e-08,-3.93125000e-03,2.85937500e-03,4.10000000e-03
-4.03012500e-08,-3.93750000e-03,2.87187500e-03,4.13437500e-03
-4.02612500e-08,-3.94375000e-03,2.88750000e-03,4.15625000e-03
-4.02212500e-08,-3.95000000e-03,2.90468750e-03,4.15937500e-03
-4.01812500e-08,-3.95937500e-03,2.92343750e-03,4.14375000e-03
-4.01412500e-08,-3.96875000e-03,2.94218750e-03,4.11562500e-03
-4.01012500e-08,-3.98437500e-03,2.96093750e-03,4.06875000e-03
-4.00612500e-08,-3.99687500e-03,2.97812500e-03,4.00937500e-03
-4.00212500e-08,-4.01562500e-03,2.99062500e-03,3.93750000e-03
-3.99812500e-08,-4.03437500e-03,3.00000000e-03,3.85312500e-03
-3.99412500e-08,-4.05625000e-03,3.00312500e-03,3.76250000e-03
-3.99012500e-08,-4.07500000e-03,3.00156250e-03,3.66875000e-03
-3.98612500e-08,-4.09375000e-03,2.99375000e-03,3.57187500e-03
-3.98212500e-08,-4.11250000e-03,2.97968750e-03,3.47812500e-03
-3.97812500e-08,-4.12500000e-03,2.95937500e-03,3.38750000e-03
-3.97412500e-08,-4.13437500e-03,2.93281250e-03,3.30625000e-03
-3.97012500e-08,-4.13750000e-03,2.90312500e-03,3.23437500e-03
-3.96612500e-08,-4.13750000e-03,2.86875000e-03,3.17187500e-03
-3.96212500e-08,-4.12812500e-03,2.83437500e-03,3.12187500e-03
-3.95812500e-08,-4.11562500e-03,2.79843750e-03,3.08437500e-03
-3.95412500e-08,-4.10000000e-03,2.76250000e-03,3.06250000e-03
-3.95012500e-08,-4.07812500e-03,2.73125000e-03,3.05312500e-03
-3.94612500e-08,-4.05312500e-03,2.70468750e-03,3.05625000e-03
-3.94212500e-08,-4.02812500e-03,2.68437500e-03,3.07187500e-03
-3.93812500e-08,-4.00312500e-03,2.67187500e-03,3.09687500e-03
-3.93412500e-08,-3.98125000e-03,2.66718750e-03,3.13125000e-03
-3.93012500e-08,-3.96562500e-03,2.67187500e-03,3.17187500e-03
-3.92612500e-08,-3.95625000e-03,2.68437500e-03,3.21562500e-03
-3.92212500e-08,-3.95625000e-03,2.70625000e-03,3.26562500e-03
-3.91812500e-08,-3.96875000e-03,2.73593750e-03,3.31562500e-03
-3.91412500e-08,-3.99375000e-03,2.77187500e-03,3.36562500e-03
-3.91012500e-08,-4.03437500e-03,2.81406250e-03,3.41562500e-03
-3.90612500e-08,-4.08750000e-03,2.85781250e-03,3.46250000e-03
-3.90212500e-08,-4.15625000e-03,2.90468750e-03,3.50625000e-03
-3.89812500e-08,-4.24062500e-03,2.95000000e-03,3.54375000e-03
-3.89412500e-08,-4.33750000e-03,2.99375000e-03,3.57812500e-03
-3.89012500e-08,-4.44687500e-03,3.03281250e-03,3.60625000e-03
-3.88612500e-08,-4.56562500e-03,3.06562500e-03,3.62812500e-03
-3.88212500e-08,-4.69375000e-03,3.08906250e-03,3.64375000e-03
-3.87812500e-08,-4.82812500e-03,3.10625000e-03,3.65312500e-03
-3.87412500e-08,-4.96562500e-03,3.11250000e-03,3.65625000e-03
-3.87012500e-08,-5.10312500e-03,3.10937500e-03,3.65000000e-03
-3.86612500e-08,-5.23750000e-03,3.09687500e-03,3.64062500e-03
-3.86212500e-08,-5.36875000e-03,3.07500000e-03,3.62500000e-03
-3.85812500e-08,-5.49375000e-03,3.04531250e-03,3.60312500e-03
-3.85412500e-08,-5.60937500e-03,3.01093750e-03,3.57500000e-03
-3.85012500e-08,-5.71562500e-03,2.97031250e-03,3.54062500e-03
-3.84612500e-08,-5.80937500e-03,2.92812500e-03,3.50625000e-03
-3.84212500e-08,-5.88750000e-03,2.88593750e-03,3.46562500e-03
-3.83812500e-08,-5.95625000e-03,2.84375000e-03,3.42187500e-03
-3.83412500e-08,-6.01250000e-03,2.80625000e-03,3.37500000e-03
-3.83012500e-08,-6.05312500e-03,2.77343750e-03,3.33125000e-03
-3.82612500e-08,-6.08750000e-03,2.74687500e-03,3.28750000e-03
-3.82212500e-08,-6.10937500e-03,2.72812500e-03,3.24375000e-03
-3.81812500e-08,-6.12187500e-03,2.71718750e-03,3.20625000e-03
-3.81412500e-08,-6.13125000e-03,2.71562500e-03,3.17187500e-03
-3.81012500e-08,-6.13125000e-03,2.72187500e-03,3.14375000e-03
-3.80612500e-08,-6.13125000e-03,2.73593750e-03,3.12500000e-03
-3.80212500e-08,-6.12812500e-03,2.75781250e-03,3.11250000e-03
-3.79812500e-08,-6.12187500e-03,2.78437500e-03,3.11250000e-03
-3.79412500e-08,-6.11875000e-03,2.81718750e-03,3.11875000e-03
-3.79012500e-08,-6.11875000e-03,2.85000000e-03,3.13437500e-03
-3.78612500e-08,-6.11875000e-03,2.88593750e-03,3.15937500e-03
-3.78212500e-08,-6.12187500e-03,2.92031250e-03,3.19062500e-03
-3.77812500e-08,-6.12812500e-03,2.95312500e-03,3.23125000e-03
-3.77412500e-08,-6.13750000e-03,2.98125000e-03,3.27500000e-03
-3.77012500e-08,-6.15000000e-03,3.00468750e-03,3.32500000e-03
-3.76612500e-08,-6.16250000e-03,3.02343750e-03,3.37500000e-03
-3.76212500e-08,-6.17500000e-03,3.03593750e-03,3.42500000e-03
-3.75812500e-08,-6.19062500e-03,3.04062500e-03,3.47500000e-03
-3.75412500e-08,-6.20625000e-03,3.04062500e-03,3.51875000e-03
-3.75012500e-08,-6.22187500e-03,3.03593750e-03,3.55625000e-03
-3.74612500e-08,-6.23437500e-03,3.02500000e-03,3.59062500e-03
-3.74212500e-08,-6.24375000e-03,3.00937500e-03,3.61562500e-03
-3.73812500e-08,-6.25312500e-03,2.99218750e-03,3.63125000e-03
-3.73412500e-08,-6.25937500e-03,2.97343750e-03,3.64062500e-03
-3.73012500e-08,-6.26250000e-03,2.95468750e-03,3.64062500e-03
-3.72612500e-08,-6.26250000e-03,2.93750000e-03,3.63437500e-03
-3.72212500e-08,-6.25937500e-03,2.92343750e-03,3.62187500e-03
-3.71812500e-08,-6.25625000e-03,2.91093750e-03,3.60312500e-03
-3.71412500e-08,-6.25000000e-03,2.90312500e-03,3.58437500e-03
-3.71012500e-08,-6.24062500e-03,2.90156250e-03,3.56250000e-03
-3.70612500e-08,-6.23437500e-03,2.90312500e-03,3.54375000e-03
-3.70212500e-08,-6.22500000e-03,2.90937500e-03,3.52500000e-03
-3.69812500e-08,-6.21562500e-03,2.92187500e-03,3.51250000e-03
-3.69412500e-08,-6.20937500e-03,2.93750000e-03,3.50625000e-03
-3.69012500e-08,-6.20312500e-03,2.95468750e-03,3.50312500e-03
-3.68612500e-08,-6.20000000e-03,2.97656250e-03,3.50937500e-03
-3.68212500e-08,-6.20000000e-03,2.99843750e-03,3.52500000e-03
-3.67812500e-08,-6.20312500e-03,3.01875000e-03,3.54375000e-03
-3.67412500e-08,-6.20937500e-03,3.03906250e-03,3.56562500e-03
-3.67012500e-08,-6.22187500e-03,3.05781250e-03,3.59375000e-03
-3.66612500e-08,-6.24062500e-03,3.07187500e-03,3.62187500e-03
-3.66212500e-08,-6.26250000e-03,3.08125000e-03,3.65000000e-03
-3.65812500e-08,-6.28750000e-03,3.08593750e-03,3.67500000e-03
-3.65412500e-08,-6.32187500e-03,3.08437500e-03,3.69062500e-03
-3.65012500e-08,-6.35937500e-03,3.07656250e-03,3.70312500e-03
-3.64612500e-08,-6.40000000e-03,3.06406250e-03,3.70000000e-03
-3.64212500e-08,-6.44687500e-03,3.04531250e-03,3.68750000e-03
-3.63812500e-08,-6.49687500e-03,3.02031250e-03,3.66250000e-03
-3.63412500e-08,-6.55312500e-03,2.99218750e-03,3.62500000e-03
-3.63012500e-08,-6.60937500e-03,2.95937500e-03,3.57187500e-03
-3.62612500e-08,-6.66562500e-03,2.92500000e-03,3.50937500e-03
-3.62212500e-08,-6.72812500e-03,2.88750000e-03,3.43437500e-03
-3.61812500e-08,-6.78750000e-03,2.85156250e-03,3.35000000e-03
-3.61412500e-08,-6.84687500e-03,2.81562500e-03,3.26250000e-03
-3.61012500e-08,-6.90312500e-03,2.78281250e-03,3.17187500e-03
-3.60612500e-08,-6.95937500e-03,2.75156250e-03,3.08125000e-03
-3.60212500e-08,-7.01250000e-03,2.72656250e-03,2.99687500e-03
-3.59812500e-08,-7.05937500e-03,2.70468750e-03,2.92187500e-03
-3.59412500e-08,-7.10312500e-03,2.68906250e-03,2.85625000e-03
-3.59012500e-08,-7.14375000e-03,2.67968750e-03,2.80625000e-03
-3.58612500e-08,-7.18125000e-03,2.67656250e-03,2.77500000e-03
-3.58212500e-08,-7.21250000e-03,2.67968750e-03,2.76250000e-03
-3.57812500e-08,-7.24062500e-03,2.68906250e-03,2.76875000e-03
-3.57412500e-08,-7.26562500e-03,2.70312500e-03,2.79375000e-03
-3.57012500e-08,-7.28750000e-03,2.72343750e-03,2.83750000e-03
-3.56612500e-08,-7.30625000e-03,2.74843750e-03,2.90000000e-03
-3.56212500e-08,-7.32187500e-03,2.77500000e-03,2.97812500e-03
-3.55812500e-08,-7.34062500e-03,2.80468750e-03,3.06562500e-03
-3.55412500e-08,-7.35937500e-03,2.83593750e-03,3.15937500e-03
-3.55012500e-08,-7.37812500e-03,2.86718750e-03,3.25937500e-03
-3.54612500e-08,-7.40000000e-03,2.89687500e-03,3.35625000e-03
-3.54212500e-08,-7.42187500e-03,2.92343750e-03,3.45000000e-03
-3.53812500e-08,-7.45000000e-03,2.94843750e-03,3.53437500e-03
-3.53412500e-08,-7.47812500e-03,2.97031250e-03,3.60312500e-03
-3.53012500e-08,-7.50937500e-03,2.98593750e-03,3.65937500e-03
-3.52612500e-08,-7.54375000e-03,2.99687500e-03,3.69687500e-03
-3.52212500e-08,-7.57812500e-03,3.00312500e-03,3.71250000e-03
-3.51812500e-08,-7.61562500e-03,3.00312500e-03,3.70937500e-03
-3.51412500e-08,-7.65000000e-03,2.99843750e-03,3.68750000e-03
-3.51012500e-08,-7.68437500e-03,2.98750000e-03,3.64687500e-03
-3.50612500e-08,-7.71562500e-03,2.97343750e-03,3.58750000e-03
-3.50212500e-08,-7.74687500e-03,2.95468750e-03,3.51875000e-03
-3.49812500e-08,-7.76875000e-03,2.93125000e-03,3.43750000e-03
-3.49412500e-08,-7.79062500e-03,2.90781250e-03,3.35312500e-03
-3.49012500e-08,-7.80312500e-03,2.88281250e-03,3.26562500e-03
-3.48612500e-08,-7.81250000e-03,2.85625000e-03,3.18437500e-03
-3.48212500e-08,-7.81562500e-03,2.83125000e-03,3.10625000e-03
-3.47812500e-08,-7.81250000e-03,2.80781250e-03,3.04375000e-03
-3.47412500e-08,-7.80312500e-03,2.78750000e-03,2.99062500e-03
-3.47012500e-08,-7.79062500e-03,2.77031250e-03,2.95625000e-03
-3.46612500e-08,-7.77500000e-03,2.75781250e-03,2.94062500e-03
-3.46212500e-08,-7.75937500e-03,2.74843750e-03,2.94375000e-03
-3.45812500e-08,-7.74062500e-03,2.74375000e-03,2.96562500e-03
-3.45412500e-08,-7.72500000e-03,2.74531250e-03,3.00625000e-03
-3.45012500e-08,-7.70937500e-03,2.75000000e-03,3.06250000e-03
-3.44612500e-08,-7.70000000e-03,2.75781250e-03,3.13437500e-03
-3.44212500e-08,-7.69375000e-03,2.77031250e-03,3.21562500e-03
-3.43812500e-08,-7.69375000e-03,2.78593750e-03,3.30312500e-03
-3.43412500e-08,-7.70000000e-03,2.80312500e-03,3.39062500e-03
-3.43012500e-08,-7.70937500e-03,2.82187500e-03,3.48125000e-03
-3.42612500e-08,-7.72812500e-03,2.84062500e-03,3.56562500e-03
-3.42212500e-08,-7.75312500e-03,2.85781250e-03,3.64062500e-03
-3.41812500e-08,-7.78125000e-03,2.87500000e-03,3.70312500e-03
-3.41412500e-08,-7.81250000e-03,2.88906250e-03,3.75000000e-03
-3.41012500e-08,-7.84687500e-03,2.90156250e-03,3.78437500e-03
-3.40612500e-08,-7.88437500e-03,2.90937500e-03,3.79687500e-03
-3.40212500e-08,-7.91875000e-03,2.91406250e-03,3.79375000e-03
-3.39812500e-08,-7.95625000e-03,2.91562500e-03,3.77500000e-03
-3.39412500e-08,-7.99062500e-03,2.91406250e-03,3.73750000e-03
-3.39012500e-08,-8.02500000e-03,2.90937500e-03,3.68750000e-03
-3.38612500e-08,-8.05312500e-03,2.90000000e-03,3.62812500e-03
-3.38212500e-08,-8.08125000e-03,2.89062500e-03,3.55625000e-03
-3.37812500e-08,-8.10625000e-03,2.87812500e-03,3.48125000e-03
-3.37412500e-08,-8.13125000e-03,2.86562500e-03,3.40312500e-03
-3.37012500e-08,-8.15312500e-03,2.85312500e-03,3.32500000e-03
-3.36612500e-08,-8.17500000e-03,2.83906250e-03,3.25312500e-03
-3.36212500e-08,-8.20000000e-03,2.82812500e-03,3.18750000e-03
-3.35812500e-08,-8.22500000e-03,2.81875000e-03,3.13125000e-03
-3.35412500e-08,-8.25625000e-03,2.81093750e-03,3.08437500e-03
-3.35012500e-08,-8.29687500e-03,2.80625000e-03,3.05000000e-03
-3.34612500e-08,-8.34062500e-03,2.80312500e-03,3.03125000e-03
-3.34212500e-08,-8.39375000e-03,2.80468750e-03,3.02187500e-03
-3.33812500e-08,-8.45625000e-03,2.80625000e-03,3.02500000e-03
-3.33412500e-08,-8.52500000e-03,2.81093750e-03,3.04062500e-03
-3.33012500e-08,-8.60312500e-03,2.81875000e-03,3.06562500e-03
-3.32612500e-08,-8.69062500e-03,2.82656250e-03,3.09687500e-03
-3.32212500e-08,-8.78437500e-03,2.83437500e-03,3.13750000e-03
-3.31812500e-08,-8.88437500e-03,2.84218750e-03,3.17812500e-03
-3.31412500e-08,-8.98750000e-03,2.85000000e-03,3.22187500e-03
-3.31012500e-08,-9.09375000e-03,2.85625000e-03,3.26562500e-03
-3.30612500e-08,-9.19687500e-03,2.86250000e-03,3.30625000e-03
-3.30212500e-08,-9.29687500e-03,2.86562500e-03,3.34375000e-03
-3.29812500e-08,-9.39062500e-03,2.86562500e-03,3.37500000e-03
-3.29412500e-08,-9.47812500e-03,2.86406250e-03,3.40000000e-03
-3.29012500e-08,-9.55625000e-03,2.86093750e-03,3.41875000e-03
-3.28612500e-08,-9.62500000e-03,2.85468750e-03,3.43125000e-03
-3.28212500e-08,-9.68125000e-03,2.84843750e-03,3.43437500e-03
-3.27812500e-08,-9.72500000e-03,2.83906250e-03,3.43437500e-03
-3.27412500e-08,-9.75937500e-03,2.82968750e-03,3.42812500e-03
-3.27012500e-08,-9.77812500e-03,2.82187500e-03,3.41562500e-03
-3.26612500e-08,-9.78750000e-03,2.81250000e-03,3.39687500e-03
-3.26212500e-08,-9.79062500e-03,2.80625000e-03,3.37812500e-03
-3.25812500e-08,-9.78125000e-03,2.80000000e-03,3.35625000e-03
-3.25412500e-08,-9.76875000e-03,2.79843750e-03,3.33437500e-03
-3.25012500e-08,-9.75312500e-03,2.79843750e-03,3.31250000e-03
-3.24612500e-08,-9.73437500e-03,2.80000000e-03,3.29062500e-03
-3.24212500e-08,-9.71562500e-03,2.80625000e-03,3.26562500e-03
-3.23812500e-08,-9.69687500e-03,2.81562500e-03,3.24687500e-03
-3.23412500e-08,-9.68125000e-03,2.82812500e-03,3.22812500e-03
-3.23012500e-08,-9.66875000e-03,2.84218750e-03,3.20937500e-03
-3.22612500e-08,-9.66250000e-03,2.85937500e-03,3.19375000e-03
-3.22212500e-08,-9.66250000e-03,2.87656250e-03,3.18125000e-03
-3.21812500e-08,-9.66250000e-03,2.89687500e-03,3.16875000e-03
-3.21412500e-08,-9.66875000e-03,2.91562500e-03,3.15937500e-03
-3.21012500e-08,-9.67812500e-03,2.93437500e-03,3.15312500e-03
-3.20612500e-08,-9.68750000e-03,2.95156250e-03,3.15000000e-03
-3.20212500e-08,-9.70000000e-03,2.96718750e-03,3.15000000e-03
-3.19812500e-08,-9.70937500e-03,2.97968750e-03,3.15000000e-03
-3.19412500e-08,-9.71875000e-03,2.98906250e-03,3.15625000e-03
-3.19012500e-08,-9.72500000e-03,2.99531250e-03,3.16562500e-03
-3.18612500e-08,-9.72812500e-03,2.99843750e-03,3.17812500e-03
-3.18212500e-08,-9.72812500e-03,2.99687500e-03,3.19375000e-03
-3.17812500e-08,-9.72187500e-03,2.99218750e-03,3.21562500e-03
-3.17412500e-08,-9.71250000e-03,2.98281250e-03,3.24062500e-03
-3.17012500e-08,-9.69687500e-03,2.97187500e-03,3.26875000e-03
-3.16612500e-08,-9.68125000e-03,2.95781250e-03,3.30000000e-03
-3.16212500e-08,-9.66562500e-03,2.94062500e-03,3.33437500e-03
-3.15812500e-08,-9.64687500e-03,2.92187500e-03,3.36875000e-03
-3.15412500e-08,-9.63125000e-03,2.90156250e-03,3.40625000e-03
-3.15012500e-08,-9.61562500e-03,2.88125000e-03,3.44062500e-03
-3.14612500e-08,-9.60625000e-03,2.86250000e-03,3.47500000e-03
-3.14212500e-08,-9.60312500e-03,2.84218750e-03,3.50312500e-03
-3.13812500e-08,-9.60625000e-03,2.82500000e-03,3.53125000e-03
-3.13412500e-08,-9.61562500e-03,2.80781250e-03,3.55000000e-03
-3.13012500e-08,-9.63437500e-03,2.79375000e-03,3.56250000e-03
-3.12612500e-08,-9.65937500e-03,2.78281250e-03,3.57187500e-03
-3.12212500e-08,-9.69062500e-03,2.77343750e-03,3.56875000e-03
-3.11812500e-08,-9.73125000e-03,2.76718750e-03,3.55937500e-03
-3.11412500e-08,-9.77500000e-03,2.76562500e-03,3.54375000e-03
-3.11012500e-08,-9.82187500e-03,2.76562500e-03,3.52187500e-03
-3.10612500e-08,-9.87500000e-03,2.76875000e-03,3.49375000e-03
-3.10212500e-08,-9.92500000e-03,2.77343750e-03,3.46250000e-03
-3.09812500e-08,-9.97812500e-03,2.78125000e-03,3.42812500e-03
-3.09412500e-08,-1.00250000e-02,2.79062500e-03,3.39687500e-03
-3.09012500e-08,-1.00718750e-02,2.80156250e-03,3.36562500e-03
-3.08612500e-08,-1.01156250e-02,2.81250000e-03,3.34062500e-03
-3.08212500e-08,-1.01531250e-02,2.82500000e-03,3.32187500e-03
-3.07812500e-08,-1.01843750e-02,2.83593750e-03,3.31250000e-03
-3.07412500e-08,-1.02125000e-02,2.84687500e-03,3.31250000e-03
-3.07012500e-08,-1.02343750e-02,2.85625000e-03,3.32500000e-03
-3.06612500e-08,-1.02531250e-02,2.86406250e-03,3.34687500e-03
-3.06212500e-08,-1.02687500e-02,2.86875000e-03,3.38125000e-03
-3.05812500e-08,-1.02843750e-02,2.87187500e-03,3.42812500e-03
-3.05412500e-08,-1.03000000e-02,2.87187500e-03,3.48437500e-03
-3.05012500e-08,-1.03187500e-02,2.86718750e-03,3.55000000e-03
-3.04612500e-08,-1.03375000e-02,2.86093750e-03,3.61875000e-03
-3.04212500e-08,-1.03625000e-02,2.85156250e-03,3.69375000e-03
-3.03812500e-08,-1.03906250e-02,2.83750000e-03,3.76875000e-03
-3.03412500e-08,-1.04250000e-02,2.82187500e-03,3.84062500e-03
-3.03012500e-08,-1.04625000e-02,2.80312500e-03,3.90625000e-03
-3.02612500e-08,-1.05031250e-02,2.78281250e-03,3.96562500e-03
-3.02212500e-08,-1.05500000e-02,2.75937500e-03,4.01250000e-03
-3.01812500e-08,-1.06000000e-02,2.73750000e-03,4.04375000e-03
-3.01412500e-08,-1.06468750e-02,2.71406250e-03,4.06250000e-03
-3.01012500e-08,-1.06937500e-02,2.69218750e-03,4.06250000e-03
-3.00612500e-08,-1.07375000e-02,2.67031250e-03,4.04687500e-03
-3.00212500e-08,-1.07781250e-02,2.65156250e-03,4.01562500e-03
-2.99812500e-08,-1.08093750e-02,2.63593750e-03,3.96562500e-03
-2.99412500e-08,-1.08312500e-02,2.62343750e-03,3.90312500e-03
-2.99012500e-08,-1.08437500e-02,2.61562500e-03,3.83125000e-03
-2.98612500e-08,-1.08468750e-02,2.61093750e-03,3.74687500e-03
-2.98212500e-08,-1.08343750e-02,2.61250000e-03,3.65625000e-03
-2.97812500e-08,-1.08125000e-02,2.61718750e-03,3.56562500e-03
-2.97412500e-08,-1.07812500e-02,2.62812500e-03,3.47187500e-03
-2.97012500e-08,-1.07375000e-02,2.64218750e-03,3.38437500e-03
-2.96612500e-08,-1.06875000e-02,2.65937500e-03,3.30312500e-03
-2.96212500e-08,-1.06312500e-02,2.68125000e-03,3.23125000e-03
-2.95812500e-08,-1.05718750e-02,2.70468750e-03,3.17187500e-03
-2.95412500e-08,-1.05125000e-02,2.72968750e-03,3.12500000e-03
-2.95012500e-08,-1.04562500e-02,2.75625000e-03,3.09062500e-03
-2.94612500e-08,-1.04031250e-02,2.78125000e-03,3.07500000e-03
-2.94212500e-08,-1.03593750e-02,2.80625000e-03,3.07187500e-03
-2.93812500e-08,-1.03218750e-02,2.82968750e-03,3.08125000e-03
-2.93412500e-08,-1.03000000e-02,2.85000000e-03,3.10625000e-03
-2.93012500e-08,-1.02875000e-02,2.86562500e-03,3.14062500e-03
-2.92612500e-08,-1.02906250e-02,2.87812500e-03,3.18437500e-03
-2.92212500e-08,-1.03093750e-02,2.88750000e-03,3.23437500e-03
-2.91812500e-08,-1.03375000e-02,2.89062500e-03,3.28750000e-03
-2.91412500e-08,-1.03812500e-02,2.89062500e-03,3.34375000e-03
-2.91012500e-08,-1.04343750e-02,2.88437500e-03,3.40000000e-03
-2.90612500e-08,-1.04968750e-02,2.87500000e-03,3.45000000e-03
-2.90212500e-08,-1.05656250e-02,2.86250000e-03,3.49687500e-03
-2.89812500e-08,-1.06375000e-02,2.84687500e-03,3.54062500e-03
-2.89412500e-08,-1.07125000e-02,2.82968750e-03,3.57500000e-03
-2.89012500e-08,-1.07875000e-02,2.81093750e-03,3.60000000e-03
-2.88612500e-08,-1.08593750e-02,2.79218750e-03,3.61875000e-03
-2.88212500e-08,-1.09250000e-02,2.77343750e-03,3.63125000e-03
-2.87812500e-08,-1.09875000e-02,2.75625000e-03,3.63437500e-03
-2.87412500e-08,-1.10437500e-02,2.74218750e-03,3.63125000e-03
-2.87012500e-08,-1.10906250e-02,2.72968750e-03,3.62187500e-03
-2.86612500e-08,-1.11312500e-02,2.72187500e-03,3.60625000e-03
-2.86212500e-08,-1.11625000e-02,2.71718750e-03,3.59062500e-03
-2.85812500e-08,-1.11906250e-02,2.71718750e-03,3.56875000e-03
-2.85412500e-08,-1.12125000e-02,2.72031250e-03,3.54375000e-03
-2.85012500e-08,-1.12312500e-02,2.72812500e-03,3.51875000e-03
-2.84612500e-08,-1.12500000e-02,2.73906250e-03,3.49375000e-03
-2.84212500e-08,-1.12687500e-02,2.75156250e-03,3.46875000e-03
-2.83812500e-08,-1.12875000e-02,2.76875000e-03,3.44375000e-03
-2.83412500e-08,-1.13093750e-02,2.78750000e-03,3.41875000e-03
-2.83012500e-08,-1.13343750e-02,2.80625000e-03,3.39062500e-03
-2.82612500e-08,-1.13656250e-02,2.82656250e-03,3.36875000e-03
-2.82212500e-08,-1.14031250e-02,2.84687500e-03,3.34375000e-03
-2.81812500e-08,-1.14437500e-02,2.86406250e-03,3.31875000e-03
-2.81412500e-08,-1.14906250e-02,2.88125000e-03,3.29687500e-03
-2.81012500e-08,-1.15406250e-02,2.89531250e-03,3.27500000e-03
-2.80612500e-08,-1.15937500e-02,2.90625000e-03,3.25625000e-03
-2.80212500e-08,-1.16468750e-02,2.91562500e-03,3.23750000e-03
-2.79812500e-08,-1.17000000e-02,2.92187500e-03,3.22500000e-03
-2.79412500e-08,-1.17468750e-02,2.92343750e-03,3.21250000e-03
-2.79012500e-08,-1.17937500e-02,2.92343750e-03,3.20312500e-03
-2.78612500e-08,-1.18312500e-02,2.92187500e-03,3.20000000e-03
-2.78212500e-08,-1.18625000e-02,2.91718750e-03,3.20000000e-03
-2.77812500e-08,-1.18812500e-02,2.91250000e-03,3.20625000e-03
-2.77412500e-08,-1.18906250e-02,2.90625000e-03,3.21875000e-03
-2.77012500e-08,-1.18906250e-02,2.90000000e-03,3.23437500e-03
-2.76612500e-08,-1.18781250e-02,2.89531250e-03,3.25937500e-03
-2.76212500e-08,-1.18562500e-02,2.89218750e-03,3.28750000e-03
-2.75812500e-08,-1.18218750e-02,2.89062500e-03,3.31875000e-03
-2.75412500e-08,-1.17781250e-02,2.89218750e-03,3.35625000e-03
-2.75012500e-08,-1.17281250e-02,2.89687500e-03,3.39375000e-03
-2.74612500e-08,-1.16687500e-02,2.90468750e-03,3.43125000e-03
-2.74212500e-08,-1.16062500e-02,2.91562500e-03,3.47187500e-03
-2.73812500e-08,-1.15375000e-02,2.92968750e-03,3.50937500e-03
-2.73412500e-08,-1.14718750e-02,2.94843750e-03,3.54375000e-03
-2.73012500e-08,-1.14062500e-02,2.96718750e-03,3.57500000e-03
-2.72612500e-08,-1.13406250e-02,2.99062500e-03,3.59687500e-03
-2.72212500e-08,-1.12812500e-02,3.01250000e-03,3.61562500e-03
-2.71812500e-08,-1.12281250e-02,3.03750000e-03,3.62812500e-03
-2.71412500e-08,-1.11812500e-02,3.05937500e-03,3.63125000e-03
-2.71012500e-08,-1.11437500e-02,3.08125000e-03,3.62812500e-03
-2.70612500e-08,-1.11156250e-02,3.10156250e-03,3.61875000e-03
-2.70212500e-08,-1.10968750e-02,3.11875000e-03,3.60000000e-03
-2.69812500e-08,-1.10875000e-02,3.13125000e-03,3.58125000e-03
-2.69412500e-08,-1.10875000e-02,3.14062500e-03,3.55625000e-03
-2.69012500e-08,-1.11000000e-02,3.14375000e-03,3.52812500e-03
-2.68612500e-08,-1.11218750e-02,3.14218750e-03,3.50000000e-03
-2.68212500e-08,-1.11531250e-02,3.13593750e-03,3.47500000e-03
-2.67812500e-08,-1.11937500e-02,3.12500000e-03,3.45000000e-03
-2.67412500e-08,-1.12406250e-02,3.10781250e-03,3.42812500e-03
-2.67012500e-08,-1.12968750e-02,3.08750000e-03,3.41250000e-03
-2.66612500e-08,-1.13593750e-02,3.06406250e-03,3.40000000e-03
-2.66212500e-08,-1.14281250e-02,3.03750000e-03,3.39375000e-03
-2.65812500e-08,-1.15031250e-02,3.00781250e-03,3.39375000e-03
-2.65412500e-08,-1.15812500e-02,2.97812500e-03,3.40000000e-03
-2.65012500e-08,-1.16625000e-02,2.94843750e-03,3.40937500e-03
-2.64612500e-08,-1.17437500e-02,2.91875000e-03,3.42500000e-03
-2.64212500e-08,-1.18281250e-02,2.89062500e-03,3.44062500e-03
-2.63812500e-08,-1.19093750e-02,2.86406250e-03,3.45937500e-03
-2.63412500e-08,-1.19906250e-02,2.84062500e-03,3.47812500e-03
-2.63012500e-08,-1.20687500e-02,2.82031250e-03,3.49375000e-03
-2.62612500e-08,-1.21406250e-02,2.80468750e-03,3.50937500e-03
-2.62212500e-08,-1.22093750e-02,2.79062500e-03,3.52187500e-03
-2.61812500e-08,-1.22687500e-02,2.78125000e-03,3.52812500e-03
-2.61412500e-08,-1.23218750e-02,2.77500000e-03,3.52812500e-03
-2.61012500e-08,-1.23656250e-02,2.77187500e-03,3.52500000e-03
-2.60612500e-08,-1.24000000e-02,2.77187500e-03,3.51562500e-03
-2.60212500e-08,-1.24281250e-02,2.77343750e-03,3.50312500e-03
-2.59812500e-08,-1.24437500e-02,2.77656250e-03,3.48750000e-03
-2.59412500e-08,-1.24500000e-02,2.77968750e-03,3.46562500e-03
-2.59012500e-08,-1.24500000e-02,2.78281250e-03,3.44375000e-03
-2.58612500e-08,-1.24406250e-02,2.78750000e-03,3.42187500e-03
-2.58212500e-08,-1.24218750e-02,2.79062500e-03,3.39687500e-03
-2.57812500e-08,-1.23968750e-02,2.79218750e-03,3.37812500e-03
-2.57412500e-08,-1.23687500e-02,2.79375000e-03,3.36250000e-03
-2.57012500e-08,-1.23343750e-02,2.79375000e-03,3.35000000e-03
-2.56612500e-08,-1.22968750e-02,2.79218750e-03,3.34062500e-03
-2.56212500e-08,-1.22593750e-02,2.79062500e-03,3.34062500e-03
-2.55812500e-08,-1.22187500e-02,2.78750000e-03,3.34375000e-03
-2.55412500e-08,-1.21812500e-02,2.78437500e-03,3.35625000e-03
-2.55012500e-08,-1.21437500e-02,2.78281250e-03,3.37187500e-03
-2.54612500e-08,-1.21125000e-02,2.77968750e-03,3.39062500e-03
-2.54212500e-08,-1.20812500e-02,2.77968750e-03,3.41562500e-03
-2.53812500e-08,-1.20531250e-02,2.77968750e-03,3.44375000e-03
-2.53412500e-08,-1.20312500e-02,2.78281250e-03,3.47187500e-03
-2.53012500e-08,-1.20125000e-02,2.78593750e-03,3.50312500e-03
-2.52612500e-08,-1.20000000e-02,2.79218750e-03,3.53125000e-03
-2.52212500e-08,-1.19906250e-02,2.80000000e-03,3.55625000e-03
-2.51812500e-08,-1.19843750e-02,2.81093750e-03,3.57812500e-03
-2.51412500e-08,-1.19843750e-02,2.82187500e-03,3.59687500e-03
-2.51012500e-08,-1.19843750e-02,2.83437500e-03,3.61250000e-03
-2.50612500e-08,-1.19875000e-02,2.84687500e-03,3.62187500e-03
-2.50212500e-08,-1.19937500e-02,2.85937500e-03,3.62500000e-03
-2.49812500e-08,-1.20000000e-02,2.87187500e-03,3.62500000e-03
-2.49412500e-08,-1.20093750e-02,2.88281250e-03,3.61875000e-03
-2.49012500e-08,-1.20187500e-02,2.89375000e-03,3.60937500e-03
-2.48612500e-08,-1.20281250e-02,2.90156250e-03,3.59687500e-03
-2.48212500e-08,-1.20406250e-02,2.90625000e-03,3.58437500e-03
-2.47812500e-08,-1.20500000e-02,2.90937500e-03,3.56875000e-03
-2.47412500e-08,-1.20625000e-02,2.90937500e-03,3.55312500e-03
-2.47012500e-08,-1.20718750e-02,2.90625000e-03,3.53750000e-03
-2.46612500e-08,-1.20843750e-02,2.90000000e-03,3.52500000e-03
-2.46212500e-08,-1.20937500e-02,2.89375000e-03,3.51562500e-03
-2.45812500e-08,-1.21000000e-02,2.88437500e-03,3.50937500e-03
-2.45412500e-08,-1.21062500e-02,2.87343750e-03,3.50625000e-03
-2.45012500e-08,-1.21125000e-02,2.86250000e-03,3.50312500e-03
-2.44612500e-08,-1.21156250e-02,2.85156250e-03,3.50625000e-03
-2.44212500e-08,-1.21156250e-02,2.84218750e-03,3.51250000e-03
-2.43812500e-08,-1.21125000e-02,2.83281250e-03,3.51875000e-03
-2.43412500e-08,-1.21062500e-02,2.82656250e-03,3.52812500e-03
-2.43012500e-08,-1.20968750e-02,2.82187500e-03,3.53750000e-03
-2.42612500e-08,-1.20843750e-02,2.82031250e-03,3.54687500e-03
-2.42212500e-08,-1.20687500e-02,2.82031250e-03,3.55625000e-03
-2.41812500e-08,-1.20500000e-02,2.82343750e-03,3.56250000e-03
-2.41412500e-08,-1.20312500e-02,2.82812500e-03,3.56875000e-03
-2.41012500e-08,-1.20093750e-02,2.83593750e-03,3.56875000e-03
-2.40612500e-08,-1.19906250e-02,2.84531250e-03,3.56875000e-03
-2.40212500e-08,-1.19718750e-02,2.85625000e-03,3.56562500e-03
-2.39812500e-08,-1.19531250e-02,2.86718750e-03,3.55625000e-03
-2.39412500e-08,-1.19406250e-02,2.87812500e-03,3.54687500e-03
-2.39012500e-08,-1.19312500e-02,2.88750000e-03,3.53437500e-03
-2.38612500e-08,-1.19281250e-02,2.89531250e-03,3.51562500e-03
-2.38212500e-08,-1.19343750e-02,2.90312500e-03,3.49687500e-03
-2.37812500e-08,-1.19437500e-02,2.90625000e-03,3.47812500e-03
-2.37412500e-08,-1.19625000e-02,2.90937500e-03,3.45625000e-03
-2.37012500e-08,-1.19906250e-02,2.90781250e-03,3.43125000e-03
-2.36612500e-08,-1.20250000e-02,2.90468750e-03,3.40937500e-03
-2.36212500e-08,-1.20687500e-02,2.89843750e-03,3.38437500e-03
-2.35812500e-08,-1.21156250e-02,2.89062500e-03,3.36250000e-03
-2.35412500e-08,-1.21656250e-02,2.88125000e-03,3.34062500e-03
-2.35012500e-08,-1.22218750e-02,2.87187500e-03,3.31875000e-03
-2.34612500e-08,-1.22750000e-02,2.86093750e-03,3.30000000e-03
-2.34212500e-08,-1.23281250e-02,2.85156250e-03,3.28125000e-03
-2.33812500e-08,-1.23750000e-02,2.84375000e-03,3.26562500e-03
-2.33412500e-08,-1.24187500e-02,2.83750000e-03,3.25000000e-03
-2.33012500e-08,-1.24531250e-02,2.83437500e-03,3.23437500e-03
-2.32612500e-08,-1.24781250e-02,2.83437500e-03,3.22187500e-03
-2.32212500e-08,-1.24906250e-02,2.83750000e-03,3.21250000e-03
-2.31812500e-08,-1.24937500e-02,2.84531250e-03,3.20312500e-03
-2.31412500e-08,-1.24843750e-02,2.85625000e-03,3.19375000e-03
-2.31012500e-08,-1.24625000e-02,2.87187500e-03,3.18750000e-03
-2.30612500e-08,-1.24312500e-02,2.88906250e-03,3.18437500e-03
-2.30212500e-08,-1.23906250e-02,2.91093750e-03,3.18125000e-03
-2.29812500e-08,-1.23406250e-02,2.93437500e-03,3.18125000e-03
-2.29412500e-08,-1.22875000e-02,2.95781250e-03,3.18125000e-03
-2.29012500e-08,-1.22281250e-02,2.98281250e-03,3.18750000e-03
-2.28612500e-08,-1.21718750e-02,3.00781250e-03,3.19375000e-03
-2.28212500e-08,-1.21156250e-02,3.02968750e-03,3.20312500e-03
-2.27812500e-08,-1.20625000e-02,3.05000000e-03,3.21562500e-03
-2.27412500e-08,-1.20156250e-02,3.06562500e-03,3.23125000e-03
-2.27012500e-08,-1.19781250e-02,3.07812500e-03,3.25000000e-03
-2.26612500e-08,-1.19531250e-02,3.08593750e-03,3.26875000e-03
-2.26212500e-08,-1.19343750e-02,3.08906250e-03,3.29062500e-03
-2.25812500e-08,-1.19281250e-02,3.08750000e-03,3.31562500e-03
-2.25412500e-08,-1.19312500e-02,3.07968750e-03,3.34062500e-03
-2.25012500e-08,-1.19437500e-02,3.06718750e-03,3.36562500e-03
-2.24612500e-08,-1.19625000e-02,3.05156250e-03,3.39062500e-03
-2.24212500e-08,-1.19875000e-02,3.03125000e-03,3.41562500e-03
-2.23812500e-08,-1.20156250e-02,3.00781250e-03,3.44062500e-03
-2.23412500e-08,-1.20468750e-02,2.98125000e-03,3.45937500e-03
-2.23012500e-08,-1.20750000e-02,2.95468750e-03,3.47812500e-03
-2.22612500e-08,-1.20968750e-02,2.92812500e-03,3.49687500e-03
-2.22212500e-08,-1.21156250e-02,2.90156250e-03,3.50937500e-03
-2.21812500e-08,-1.21250000e-02,2.87656250e-03,3.51875000e-03
-2.21412500e-08,-1.21281250e-02,2.85468750e-03,3.52500000e-03
-2.21012500e-08,-1.21187500e-02,2.83437500e-03,3.52812500e-03
-2.20612500e-08,-1.21000000e-02,2.81875000e-03,3.53125000e-03
-2.20212500e-08,-1.20750000e-02,2.80625000e-03,3.52812500e-03
-2.19812500e-08,-1.20375000e-02,2.79687500e-03,3.52500000e-03
-2.19412500e-08,-1.19968750e-02,2.79375000e-03,3.52187500e-03
-2.19012500e-08,-1.19468750e-02,2.79218750e-03,3.51562500e-03
-2.18612500e-08,-1.19000000e-02,2.79375000e-03,3.51250000e-03
-2.18212500e-08,-1.18500000e-02,2.79843750e-03,3.50937500e-03
-2.17812500e-08,-1.18031250e-02,2.80625000e-03,3.50625000e-03
-2.17412500e-08,-1.17625000e-02,2.81406250e-03,3.50625000e-03
-2.17012500e-08,-1.17281250e-02,2.82343750e-03,3.50937500e-03
-2.16612500e-08,-1.17031250e-02,2.83125000e-03,3.51250000e-03
-2.16212500e-08,-1.16875000e-02,2.83906250e-03,3.51875000e-03
-2.15812500e-08,-1.16843750e-02,2.84531250e-03,3.53125000e-03
-2.15412500e-08,-1.16906250e-02,2.85000000e-03,3.54375000e-03
-2.15012500e-08,-1.17093750e-02,2.85156250e-03,3.55625000e-03
-2.14612500e-08,-1.17375000e-02,2.85156250e-03,3.57187500e-03
-2.14212500e-08,-1.17718750e-02,2.84687500e-03,3.58750000e-03
-2.13812500e-08,-1.18156250e-02,2.84062500e-03,3.60625000e-03
-2.13412500e-08,-1.18625000e-02,2.82968750e-03,3.62187500e-03
-2.13012500e-08,-1.19093750e-02,2.81718750e-03,3.63750000e-03
-2.12612500e-08,-1.19562500e-02,2.80312500e-03,3.65000000e-03
-2.12212500e-08,-1.19968750e-02,2.78593750e-03,3.65937500e-03
-2.11812500e-08,-1.20343750e-02,2.76875000e-03,3.66562500e-03
-2.11412500e-08,-1.20656250e-02,2.75000000e-03,3.66875000e-03
-2.11012500e-08,-1.20875000e-02,2.72968750e-03,3.66562500e-03
-2.10612500e-08,-1.21000000e-02,2.71093750e-03,3.66250000e-03
-2.10212500e-08,-1.21000000e-02,2.69218750e-03,3.65312500e-03
-2.09812500e-08,-1.20968750e-02,2.67500000e-03,3.64062500e-03
-2.09412500e-08,-1.20812500e-02,2.65781250e-03,3.62500000e-03
-2.09012500e-08,-1.20625000e-02,2.64375000e-03,3.60625000e-03
-2.08612500e-08,-1.20406250e-02,2.62968750e-03,3.58437500e-03
-2.08212500e-08,-1.20125000e-02,2.61875000e-03,3.56250000e-03
-2.07812500e-08,-1.19875000e-02,2.60937500e-03,3.54062500e-03
-2.07412500e-08,-1.19656250e-02,2.60156250e-03,3.51875000e-03
-2.07012500e-08,-1.19468750e-02,2.59531250e-03,3.49687500e-03
-2.06612500e-08,-1.19343750e-02,2.59062500e-03,3.47812500e-03
-2.06212500e-08,-1.19312500e-02,2.58906250e-03,3.46250000e-03
-2.05812500e-08,-1.19375000e-02,2.58750000e-03,3.44687500e-03
-2.05412500e-08,-1.19531250e-02,2.58750000e-03,3.43750000e-03
-2.05012500e-08,-1.19812500e-02,2.59062500e-03,3.43125000e-03
-2.04612500e-08,-1.20156250e-02,2.59375000e-03,3.43125000e-03
-2.04212500e-08,-1.20562500e-02,2.60000000e-03,3.43125000e-03
-2.03812500e-08,-1.21062500e-02,2.60625000e-03,3.43750000e-03
-2.03412500e-08,-1.21593750e-02,2.61562500e-03,3.45000000e-03
-2.03012500e-08,-1.22125000e-02,2.62656250e-03,3.46250000e-03
-2.02612500e-08,-1.22656250e-02,2.63906250e-03,3.47812500e-03
-2.02212500e-08,-1.23187500e-02,2.65312500e-03,3.49687500e-03
-2.01812500e-08,-1.23625000e-02,2.66875000e-03,3.51562500e-03
-2.01412500e-08,-1.24000000e-02,2.68750000e-03,3.53750000e-03
-2.01012500e-08,-1.24312500e-02,2.70625000e-03,3.55937500e-03
-2.00612500e-08,-1.24500000e-02,2.72812500e-03,3.58125000e-03
-2.00212500e-08,-1.24593750e-02,2.75000000e-03,3.60312500e-03
-1.99812500e-08,-1.24562500e-02,2.77343750e-03,3.62187500e-03
-1.99412500e-08,-1.24437500e-02,2.79531250e-03,3.64062500e-03
-1.99012500e-08,-1.24187500e-02,2.81875000e-03,3.65937500e-03
-1.98612500e-08,-1.23875000e-02,2.84062500e-03,3.67500000e-03
-1.98212500e-08,-1.23500000e-02,2.85937500e-03,3.68750000e-03
-1.97812500e-08,-1.23062500e-02,2.87812500e-03,3.69687500e-03
-1.97412500e-08,-1.22562500e-02,2.89375000e-03,3.70312500e-03
-1.97012500e-08,-1.22062500e-02,2.90468750e-03,3.70625000e-03
-1.96612500e-08,-1.21593750e-02,2.91406250e-03,3.70625000e-03
-1.96212500e-08,-1.21125000e-02,2.91875000e-03,3.70000000e-03
-1.95812500e-08,-1.20687500e-02,2.91875000e-03,3.69375000e-03
-1.95412500e-08,-1.20312500e-02,2.91562500e-03,3.68125000e-03
-1.95012500e-08,-1.19968750e-02,2.90937500e-03,3.66562500e-03
-1.94612500e-08,-1.19718750e-02,2.89843750e-03,3.64375000e-03
-1.94212500e-08,-1.19500000e-02,2.88593750e-03,3.61875000e-03
-1.93812500e-08,-1.19343750e-02,2.86875000e-03,3.59062500e-03
-1.93412500e-08,-1.19250000e-02,2.85156250e-03,3.55937500e-03
-1.93012500e-08,-1.19187500e-02,2.83281250e-03,3.52187500e-03
-1.92612500e-08,-1.19156250e-02,2.81250000e-03,3.48437500e-03
-1.92212500e-08,-1.19187500e-02,2.79375000e-03,3.44375000e-03
-1.91812500e-08,-1.19218750e-02,2.77500000e-03,3.40000000e-03
-1.91412500e-08,-1.19281250e-02,2.75781250e-03,3.35937500e-03
-1.91012500e-08,-1.19343750e-02,2.74375000e-03,3.31562500e-03
-1.90612500e-08,-1.19406250e-02,2.73125000e-03,3.27187500e-03
-1.90212500e-08,-1.19468750e-02,2.72031250e-03,3.23125000e-03
-1.89812500e-08,-1.19562500e-02,2.71250000e-03,3.19687500e-03
-1.89412500e-08,-1.19656250e-02,2.70781250e-03,3.16250000e-03
-1.89012500e-08,-1.19781250e-02,2.70312500e-03,3.13437500e-03
-1.88612500e-08,-1.19937500e-02,2.70156250e-03,3.11250000e-03
-1.88212500e-08,-1.20125000e-02,2.70156250e-03,3.09687500e-03
-1.87812500e-08,-1.20343750e-02,2.70156250e-03,3.08750000e-03
-1.87412500e-08,-1.20593750e-02,2.70156250e-03,3.08437500e-03
-1.87012500e-08,-1.20906250e-02,2.70156250e-03,3.08750000e-03
-1.86612500e-08,-1.21281250e-02,2.70000000e-03,3.10000000e-03
-1.86212500e-08,-1.21687500e-02,2.69687500e-03,3.11562500e-03
-1.85812500e-08,-1.22125000e-02,2.69218750e-03,3.13437500e-03
-1.85412500e-08,-1.22625000e-02,2.68750000e-03,3.15937500e-03
-1.85012500e-08,-1.23125000e-02,2.67968750e-03,3.18750000e-03
-1.84612500e-08,-1.23625000e-02,2.67031250e-03,3.21250000e-03
-1.84212500e-08,-1.24125000e-02,2.66093750e-03,3.23750000e-03
-1.83812500e-08,-1.24625000e-02,2.65000000e-03,3.26250000e-03
-1.83412500e-08,-1.25031250e-02,2.64062500e-03,3.28125000e-03
-1.83012500e-08,-1.25406250e-02,2.63125000e-03,3.29375000e-03
-1.82612500e-08,-1.25687500e-02,2.62343750e-03,3.29687500e-03
-1.82212500e-08,-1.25875000e-02,2.61718750e-03,3.29375000e-03
-1.81812500e-08,-1.25968750e-02,2.61562500e-03,3.28125000e-03
-1.81412500e-08,-1.25937500e-02,2.61718750e-03,3.25937500e-03
-1.81012500e-08,-1.25781250e-02,2.62343750e-03,3.23125000e-03
-1.80612500e-08,-1.25500000e-02,2.63281250e-03,3.19062500e-03
-1.80212500e-08,-1.25125000e-02,2.64843750e-03,3.14687500e-03
-1.79812500e-08,-1.24625000e-02,2.66875000e-03,3.09375000e-03
-1.79412500e-08,-1.24062500e-02,2.69375000e-03,3.03750000e-03
-1.79012500e-08,-1.23406250e-02,2.72343750e-03,2.97812500e-03
-1.78612500e-08,-1.22718750e-02,2.75625000e-03,2.92187500e-03
-1.78212500e-08,-1.21968750e-02,2.79062500e-03,2.86562500e-03
-1.77812500e-08,-1.21218750e-02,2.82812500e-03,2.81562500e-03
-1.77412500e-08,-1.20500000e-02,2.86562500e-03,2.77500000e-03
-1.77012500e-08,-1.19812500e-02,2.90312500e-03,2.74062500e-03
-1.76612500e-08,-1.19156250e-02,2.93906250e-03,2.72187500e-03
-1.76212500e-08,-1.18593750e-02,2.97187500e-03,2.71250000e-03
-1.75812500e-08,-1.18093750e-02,3.00156250e-03,2.71875000e-03
-1.75412500e-08,-1.17656250e-02,3.02656250e-03,2.73750000e-03
-1.75012500e-08,-1.17312500e-02,3.04843750e-03,2.77500000e-03
-1.74612500e-08,-1.17062500e-02,3.06250000e-03,2.82187500e-03
-1.74212500e-08,-1.16906250e-02,3.07187500e-03,2.88437500e-03
-1.73812500e-08,-1.16812500e-02,3.07656250e-03,2.95937500e-03
-1.73412500e-08,-1.16781250e-02,3.07343750e-03,3.04062500e-03
-1.73012500e-08,-1.16781250e-02,3.06562500e-03,3.13125000e-03
-1.72612500e-08,-1.16812500e-02,3.05312500e-03,3.22500000e-03
-1.72212500e-08,-1.16906250e-02,3.03750000e-03,3.31875000e-03
-1.71812500e-08,-1.16968750e-02,3.01718750e-03,3.41250000e-03
-1.71412500e-08,-1.17031250e-02,2.99375000e-03,3.50000000e-03
-1.71012500e-08,-1.17093750e-02,2.96718750e-03,3.58125000e-03
-1.70612500e-08,-1.17156250e-02,2.94062500e-03,3.65625000e-03
-1.70212500e-08,-1.17156250e-02,2.91406250e-03,3.71562500e-03
-1.69812500e-08,-1.17156250e-02,2.88750000e-03,3.76562500e-03
-1.69412500e-08,-1.17125000e-02,2.86250000e-03,3.80000000e-03
-1.69012500e-08,-1.17062500e-02,2.83906250e-03,3.82187500e-03
-1.68612500e-08,-1.17000000e-02,2.81718750e-03,3.82812500e-03
-1.68212500e-08,-1.16937500e-02,2.79843750e-03,3.81875000e-03
-1.67812500e-08,-1.16875000e-02,2.78125000e-03,3.80000000e-03
-1.67412500e-08,-1.16812500e-02,2.76875000e-03,3.76875000e-03
-1.67012500e-08,-1.16781250e-02,2.75781250e-03,3.72812500e-03
-1.66612500e-08,-1.16750000e-02,2.75000000e-03,3.67812500e-03
-1.66212500e-08,-1.16781250e-02,2.74531250e-03,3.62500000e-03
-1.65812500e-08,-1.16812500e-02,2.74218750e-03,3.57187500e-03
-1.65412500e-08,-1.16906250e-02,2.74218750e-03,3.51250000e-03
-1.65012500e-08,-1.17062500e-02,2.74531250e-03,3.45937500e-03
-1.64612500e-08,-1.17218750e-02,2.74843750e-03,3.40625000e-03
-1.64212500e-08,-1.17437500e-02,2.75312500e-03,3.35937500e-03
-1.63812500e-08,-1.17656250e-02,2.76093750e-03,3.31562500e-03
-1.63412500e-08,-1.17906250e-02,2.76718750e-03,3.28125000e-03
-1.63012500e-08,-1.18187500e-02,2.77656250e-03,3.25625000e-03
-1.62612500e-08,-1.18468750e-02,2.78437500e-03,3.23750000e-03
-1.62212500e-08,-1.18750000e-02,2.79375000e-03,3.22500000e-03
-1.61812500e-08,-1.19000000e-02,2.80156250e-03,3.21875000e-03
-1.61412500e-08,-1.19250000e-02,2.81093750e-03,3.22187500e-03
-1.61012500e-08,-1.19468750e-02,2.81875000e-03,3.22812500e-03
-1.60612500e-08,-1.19687500e-02,2.82500000e-03,3.24062500e-03
-1.60212500e-08,-1.19843750e-02,2.83125000e-03,3.25625000e-03
-1.59812500e-08,-1.20000000e-02,2.83593750e-03,3.27500000e-03
-1.59412500e-08,-1.20125000e-02,2.83906250e-03,3.29687500e-03
-1.59012500e-08,-1.20218750e-02,2.84218750e-03,3.31562500e-03
-1.58612500e-08,-1.20312500e-02,2.84218750e-03,3.33750000e-03
-1.58212500e-08,-1.20375000e-02,2.84062500e-03,3.35937500e-03
-1.57812500e-08,-1.20406250e-02,2.83906250e-03,3.37812500e-03
-1.57412500e-08,-1.20437500e-02,2.83437500e-03,3.40000000e-03
-1.57012500e-08,-1.20468750e-02,2.82968750e-03,3.41875000e-03
-1.56612500e-08,-1.20500000e-02,2.82187500e-03,3.43437500e-03
-1.56212500e-08,-1.20531250e-02,2.81406250e-03,3.45312500e-03
-1.55812500e-08,-1.20531250e-02,2.80625000e-03,3.47187500e-03
-1.55412500e-08,-1.20562500e-02,2.79687500e-03,3.48750000e-03
-1.55012500e-08,-1.20562500e-02,2.78906250e-03,3.50625000e-03
-1.54612500e-08,-1.20562500e-02,2.77968750e-03,3.52500000e-03
-1.54212500e-08,-1.20531250e-02,2.77187500e-03,3.54062500e-03
-1.53812500e-08,-1.20500000e-02,2.76562500e-03,3.55937500e-03
-1.53412500e-08,-1.20437500e-02,2.75937500e-03,3.57812500e-03
-1.53012500e-08,-1.20343750e-02,2.75468750e-03,3.59687500e-03
-1.52612500e-08,-1.20218750e-02,2.75312500e-03,3.61562500e-03
-1.52212500e-08,-1.20062500e-02,2.75312500e-03,3.63125000e-03
-1.51812500e-08,-1.19843750e-02,2.75468750e-03,3.64687500e-03
-1.51412500e-08,-1.19625000e-02,2.75937500e-03,3.65937500e-03
-1.51012500e-08,-1.19375000e-02,2.76562500e-03,3.66562500e-03
-1.50612500e-08,-1.19062500e-02,2.77343750e-03,3.67187500e-03
-1.50212500e-08,-1.18750000e-02,2.78281250e-03,3.67187500e-03
-1.49812500e-08,-1.18437500e-02,2.79218750e-03,3.66875000e-03
-1.49412500e-08,-1.18093750e-02,2.80468750e-03,3.66250000e-03
-1.49012500e-08,-1.17750000e-02,2.81562500e-03,3.65000000e-03
-1.48612500e-08,-1.17406250e-02,2.82812500e-03,3.63125000e-03
-1.48212500e-08,-1.17093750e-02,2.84062500e-03,3.61250000e-03
-1.47812500e-08,-1.16781250e-02,2.85156250e-03,3.58750000e-03
-1.47412500e-08,-1.16500000e-02,2.86093750e-03,3.56250000e-03
-1.47012500e-08,-1.16281250e-02,2.87031250e-03,3.53750000e-03
-1.46612500e-08,-1.16093750e-02,2.87812500e-03,3.50937500e-03
-1.46212500e-08,-1.15937500e-02,2.88437500e-03,3.48437500e-03
-1.45812500e-08,-1.15812500e-02,2.88906250e-03,3.46250000e-03
-1.45412500e-08,-1.15750000e-02,2.89218750e-03,3.44375000e-03
-1.45012500e-08,-1.15718750e-02,2.89375000e-03,3.42812500e-03
-1.44612500e-08,-1.15718750e-02,2.89375000e-03,3.42187500e-03
-1.44212500e-08,-1.15781250e-02,2.89062500e-03,3.41875000e-03
-1.43812500e-08,-1.15843750e-02,2.88750000e-03,3.41875000e-03
-1.43412500e-08,-1.15937500e-02,2.88281250e-03,3.42812500e-03
-1.43012500e-08,-1.16031250e-02,2.87656250e-03,3.44375000e-03
-1.42612500e-08,-1.16156250e-02,2.86718750e-03,3.46250000e-03
-1.42212500e-08,-1.16312500e-02,2.85781250e-03,3.48750000e-03
-1.41812500e-08,-1.16437500e-02,2.84687500e-03,3.51562500e-03
-1.41412500e-08,-1.16562500e-02,2.83437500e-03,3.54375000e-03
-1.41012500e-08,-1.16718750e-02,2.81875000e-03,3.57500000e-03
-1.40612500e-08,-1.16875000e-02,2.80312500e-03,3.60312500e-03
-1.40212500e-08,-1.17000000e-02,2.78593750e-03,3.63125000e-03
-1.39812500e-08,-1.17187500e-02,2.76562500e-03,3.65625000e-03
-1.39412500e-08,-1.17343750e-02,2.74531250e-03,3.67500000e-03
-1.39012500e-08,-1.17562500e-02,2.72187500e-03,3.69062500e-03
-1.38612500e-08,-1.17781250e-02,2.69843750e-03,3.69687500e-03
-1.38212500e-08,-1.18031250e-02,2.67500000e-03,3.69687500e-03
-1.37812500e-08,-1.18312500e-02,2.65000000e-03,3.69062500e-03
-1.37412500e-08,-1.18625000e-02,2.62500000e-03,3.67812500e-03
-1.37012500e-08,-1.19000000e-02,2.60000000e-03,3.65625000e-03
-1.36612500e-08,-1.19406250e-02,2.57656250e-03,3.63125000e-03
-1.36212500e-08,-1.19875000e-02,2.55468750e-03,3.60000000e-03
-1.35812500e-08,-1.20375000e-02,2.53593750e-03,3.56250000e-03
-1.35412500e-08,-1.20937500e-02,2.52031250e-03,3.52500000e-03
-1.35012500e-08,-1.21531250e-02,2.50937500e-03,3.48125000e-03
-1.34612500e-08,-1.22187500e-02,2.50156250e-03,3.44062500e-03
-1.34212500e-08,-1.22875000e-02,2.50000000e-03,3.39687500e-03
-1.33812500e-08,-1.23593750e-02,2.50156250e-03,3.35625000e-03
-1.33412500e-08,-1.24312500e-02,2.50937500e-03,3.31562500e-03
-1.33012500e-08,-1.25031250e-02,2.52343750e-03,3.27812500e-03
-1.32612500e-08,-1.25781250e-02,2.54062500e-03,3.24375000e-03
-1.32212500e-08,-1.26500000e-02,2.56250000e-03,3.21250000e-03
-1.31812500e-08,-1.27187500e-02,2.58750000e-03,3.18437500e-03
-1.31412500e-08,-1.27843750e-02,2.61562500e-03,3.16250000e-03
-1.31012500e-08,-1.28437500e-02,2.64687500e-03,3.14375000e-03
-1.30612500e-08,-1.29000000e-02,2.67656250e-03,3.12812500e-03
-1.30212500e-08,-1.29437500e-02,2.70781250e-03,3.11562500e-03
-1.29812500e-08,-1.29812500e-02,2.73750000e-03,3.10625000e-03
-1.29412500e-08,-1.30093750e-02,2.76250000e-03,3.10000000e-03
-1.29012500e-08,-1.30281250e-02,2.78593750e-03,3.09687500e-03
-1.28612500e-08,-1.30343750e-02,2.80468750e-03,3.09687500e-03
-1.28212500e-08,-1.30312500e-02,2.81875000e-03,3.10000000e-03
-1.27812500e-08,-1.30156250e-02,2.82656250e-03,3.10625000e-03
-1.27412500e-08,-1.29906250e-02,2.82968750e-03,3.11875000e-03
-1.27012500e-08,-1.29562500e-02,2.82812500e-03,3.13125000e-03
-1.26612500e-08,-1.29093750e-02,2.82031250e-03,3.15000000e-03
-1.26212500e-08,-1.28562500e-02,2.80937500e-03,3.17500000e-03
-1.25812500e-08,-1.27937500e-02,2.79375000e-03,3.20312500e-03
-1.25412500e-08,-1.27250000e-02,2.77656250e-03,3.23437500e-03
-1.25012500e-08,-1.26531250e-02,2.75781250e-03,3.27500000e-03
-1.24612500e-08,-1.25812500e-02,2.73906250e-03,3.31562500e-03
-1.24212500e-08,-1.25062500e-02,2.72187500e-03,3.36250000e-03
-1.23812500e-08,-1.24312500e-02,2.70625000e-03,3.41250000e-03
-1.23412500e-08,-1.23625000e-02,2.69375000e-03,3.46562500e-03
-1.23012500e-08,-1.22968750e-02,2.68437500e-03,3.51875000e-03
-1.22612500e-08,-1.22406250e-02,2.68125000e-03,3.57500000e-03
-1.22212500e-08,-1.21906250e-02,2.68125000e-03,3.62500000e-03
-1.21812500e-08,-1.21468750e-02,2.68750000e-03,3.67500000e-03
-1.21412500e-08,-1.21156250e-02,2.70000000e-03,3.71875000e-03
-1.21012500e-08,-1.20906250e-02,2.71562500e-03,3.75937500e-03
-1.20612500e-08,-1.20781250e-02,2.73437500e-03,3.79062500e-03
-1.20212500e-08,-1.20718750e-02,2.75781250e-03,3.81250000e-03
-1.19812500e-08,-1.20750000e-02,2.78125000e-03,3.82187500e-03
-1.19412500e-08,-1.20843750e-02,2.80781250e-03,3.82500000e-03
-1.19012500e-08,-1.21000000e-02,2.83281250e-03,3.81562500e-03
-1.18612500e-08,-1.21187500e-02,2.85625000e-03,3.79687500e-03
-1.18212500e-08,-1.21375000e-02,2.87812500e-03,3.76562500e-03
-1.17812500e-08,-1.21562500e-02,2.89531250e-03,3.72812500e-03
-1.17412500e-08,-1.21750000e-02,2.90937500e-03,3.68125000e-03
-1.17012500e-08,-1.21906250e-02,2.91718750e-03,3.63125000e-03
-1.16612500e-08,-1.22031250e-02,2.92187500e-03,3.57812500e-03
-1.16212500e-08,-1.22093750e-02,2.92031250e-03,3.52187500e-03
-1.15812500e-08,-1.22125000e-02,2.91406250e-03,3.46562500e-03
-1.15412500e-08,-1.22093750e-02,2.90468750e-03,3.41250000e-03
-1.15012500e-08,-1.22000000e-02,2.89218750e-03,3.36875000e-03
-1.14612500e-08,-1.21875000e-02,2.87656250e-03,3.32812500e-03
-1.14212500e-08,-1.21687500e-02,2.85937500e-03,3.29687500e-03
-1.13812500e-08,-1.21500000e-02,2.84218750e-03,3.27812500e-03
-1.13412500e-08,-1.21312500e-02,2.82500000e-03,3.26875000e-03
-1.13012500e-08,-1.21156250e-02,2.81093750e-03,3.27187500e-03
-1.12612500e-08,-1.21000000e-02,2.79843750e-03,3.28437500e-03
-1.12212500e-08,-1.20875000e-02,2.78906250e-03,3.30625000e-03
-1.11812500e-08,-1.20843750e-02,2.78437500e-03,3.33750000e-03
-1.11412500e-08,-1.20875000e-02,2.78281250e-03,3.37812500e-03
-1.11012500e-08,-1.20968750e-02,2.78750000e-03,3.42187500e-03
-1.10612500e-08,-1.21156250e-02,2.79375000e-03,3.46875000e-03
-1.10212500e-08,-1.21406250e-02,2.80625000e-03,3.51562500e-03
-1.09812500e-08,-1.21750000e-02,2.82031250e-03,3.56250000e-03
-1.09412500e-08,-1.22156250e-02,2.83593750e-03,3.60625000e-03
-1.09012500e-08,-1.22625000e-02,2.85468750e-03,3.64375000e-03
-1.08612500e-08,-1.23093750e-02,2.87343750e-03,3.67187500e-03
-1.08212500e-08,-1.23593750e-02,2.89062500e-03,3.69375000e-03
-1.07812500e-08,-1.24062500e-02,2.90781250e-03,3.70625000e-03
-1.07412500e-08,-1.24531250e-02,2.92187500e-03,3.70937500e-03
-1.07012500e-08,-1.24906250e-02,2.93437500e-03,3.70312500e-03
-1.06612500e-08,-1.25250000e-02,2.94375000e-03,3.68750000e-03
-1.06212500e-08,-1.25468750e-02,2.95000000e-03,3.66562500e-03
-1.05812500e-08,-1.25593750e-02,2.95312500e-03,3.63437500e-03
-1.05412500e-08,-1.25593750e-02,2.95312500e-03,3.60000000e-03
-1.05012500e-08,-1.25468750e-02,2.95156250e-03,3.55937500e-03
-1.04612500e-08,-1.25250000e-02,2.94843750e-03,3.52187500e-03
-1.04212500e-08,-1.24906250e-02,2.94375000e-03,3.48125000e-03
-1.03812500e-08,-1.24468750e-02,2.93906250e-03,3.44375000e-03
-1.03412500e-08,-1.23968750e-02,2.93593750e-03,3.40937500e-03
-1.03012500e-08,-1.23375000e-02,2.93437500e-03,3.38125000e-03
-1.02612500e-08,-1.22750000e-02,2.93437500e-03,3.35937500e-03
-1.02212500e-08,-1.22093750e-02,2.93593750e-03,3.34375000e-03
-1.01812500e-08,-1.21437500e-02,2.94218750e-03,3.33750000e-03
-1.01412500e-08,-1.20843750e-02,2.95000000e-03,3.33437500e-03
-1.01012500e-08,-1.20281250e-02,2.96093750e-03,3.34062500e-03
-1.00612500e-08,-1.19750000e-02,2.97500000e-03,3.35312500e-03
-1.00212500e-08,-1.19343750e-02,2.99062500e-03,3.37187500e-03
-9.98125000e-09,-1.19000000e-02,3.00625000e-03,3.39062500e-03
-9.94125000e-09,-1.18750000e-02,3.02187500e-03,3.41562500e-03
-9.90125000e-09,-1.18593750e-02,3.03750000e-03,3.43750000e-03
-9.86125000e-09,-1.18531250e-02,3.05000000e-03,3.46250000e-03
-9.82125000e-09,-1.18562500e-02,3.05781250e-03,3.48437500e-03
-9.78125000e-09,-1.18625000e-02,3.06250000e-03,3.50625000e-03
-9.74125000e-09,-1.18781250e-02,3.06250000e-03,3.52187500e-03
-9.70125000e-09,-1.18937500e-02,3.05781250e-03,3.53437500e-03
-9.66125000e-09,-1.19125000e-02,3.04531250e-03,3.54062500e-03
-9.62125000e-09,-1.19312500e-02,3.02812500e-03,3.54062500e-03
-9.58125000e-09,-1.19500000e-02,3.00625000e-03,3.53750000e-03
-9.54125000e-09,-1.19656250e-02,2.97968750e-03,3.52812500e-03
-9.50125000e-09,-1.19781250e-02,2.95000000e-03,3.51562500e-03
-9.46125000e-09,-1.19843750e-02,2.91718750e-03,3.49687500e-03
-9.42125000e-09,-1.19906250e-02,2.88593750e-03,3.47500000e-03
-9.38125000e-09,-1.19906250e-02,2.85312500e-03,3.45000000e-03
-9.34125000e-09,-1.19875000e-02,2.82343750e-03,3.42500000e-03
-9.30125000e-09,-1.19843750e-02,2.79843750e-03,3.39687500e-03
-9.26125000e-09,-1.19781250e-02,2.77968750e-03,3.36875000e-03
-9.22125000e-09,-1.19750000e-02,2.76562500e-03,3.34062500e-03
-9.18125000e-09,-1.19750000e-02,2.76093750e-03,3.31562500e-03
-9.14125000e-09,-1.19750000e-02,2.76406250e-03,3.29062500e-03
-9.10125000e-09,-1.19843750e-02,2.77500000e-03,3.26562500e-03
-9.06125000e-09,-1.20000000e-02,2.79375000e-03,3.24375000e-03
-9.02125000e-09,-1.20250000e-02,2.82031250e-03,3.22500000e-03
-8.98125000e-09,-1.20593750e-02,2.85312500e-03,3.20937500e-03
-8.94125000e-09,-1.21062500e-02,2.89218750e-03,3.19687500e-03
-8.90125000e-09,-1.21625000e-02,2.93437500e-03,3.18750000e-03
-8.86125000e-09,-1.22312500e-02,2.97812500e-03,3.17812500e-03
-8.82125000e-09,-1.23093750e-02,3.02187500e-03,3.17187500e-03
-8.78125000e-09,-1.24000000e-02,3.06250000e-03,3.16875000e-03
-8.74125000e-09,-1.25000000e-02,3.10156250e-03,3.16562500e-03
-8.70125000e-09,-1.26093750e-02,3.13281250e-03,3.16562500e-03
-8.66125000e-09,-1.27250000e-02,3.15937500e-03,3.16562500e-03
-8.62125000e-09,-1.28500000e-02,3.17812500e-03,3.16562500e-03
-8.58125000e-09,-1.29781250e-02,3.18750000e-03,3.16875000e-03
-8.54125000e-09,-1.31125000e-02,3.18906250e-03,3.17187500e-03
-8.50125000e-09,-1.32531250e-02,3.18281250e-03,3.17500000e-03
-8.46125000e-09,-1.33937500e-02,3.17031250e-03,3.17812500e-03
-8.42125000e-09,-1.35375000e-02,3.15156250e-03,3.17812500e-03
-8.38125000e-09,-1.36875000e-02,3.12812500e-03,3.18125000e-03
-8.34125000e-09,-1.38375000e-02,3.10156250e-03,3.18125000e-03
-8.30125000e-09,-1.39906250e-02,3.07500000e-03,3.17812500e-03
-8.26125000e-09,-1.41500000e-02,3.05156250e-03,3.17500000e-03
-8.22125000e-09,-1.43125000e-02,3.02968750e-03,3.17187500e-03
-8.18125000e-09,-1.44843750e-02,3.01406250e-03,3.16250000e-03
-8.14125000e-09,-1.46593750e-02,3.00625000e-03,3.15625000e-03
-8.10125000e-09,-1.48437500e-02,3.00625000e-03,3.14687500e-03
-8.06125000e-09,-1.50343750e-02,3.01718750e-03,3.13437500e-03
-8.02125000e-09,-1.52375000e-02,3.03750000e-03,3.12500000e-03
-7.98125000e-09,-1.54500000e-02,3.07031250e-03,3.11250000e-03
-7.94125000e-09,-1.56750000e-02,3.11250000e-03,3.10312500e-03
-7.90125000e-09,-1.59093750e-02,3.16406250e-03,3.09687500e-03
-7.86125000e-09,-1.61531250e-02,3.22656250e-03,3.09062500e-03
-7.82125000e-09,-1.64125000e-02,3.29531250e-03,3.08750000e-03
-7.78125000e-09,-1.66812500e-02,3.37031250e-03,3.09062500e-03
-7.74125000e-09,-1.69593750e-02,3.45156250e-03,3.09687500e-03
-7.70125000e-09,-1.72500000e-02,3.53437500e-03,3.10937500e-03
-7.66125000e-09,-1.75531250e-02,3.61875000e-03,3.12812500e-03
-7.62125000e-09,-1.78625000e-02,3.70156250e-03,3.15312500e-03
-7.58125000e-09,-1.81843750e-02,3.78437500e-03,3.18125000e-03
-7.54125000e-09,-1.85156250e-02,3.86250000e-03,3.21875000e-03
-7.50125000e-09,-1.88531250e-02,3.93750000e-03,3.25937500e-03
-7.46125000e-09,-1.92000000e-02,4.00937500e-03,3.30312500e-03
-7.42125000e-09,-1.95562500e-02,4.07500000e-03,3.35000000e-03
-7.38125000e-09,-1.99218750e-02,4.13906250e-03,3.40000000e-03
-7.34125000e-09,-2.02968750e-02,4.19687500e-03,3.45000000e-03
-7.30125000e-09,-2.06812500e-02,4.25312500e-03,3.49687500e-03
-7.26125000e-09,-2.10750000e-02,4.30781250e-03,3.54375000e-03
-7.22125000e-09,-2.14781250e-02,4.36093750e-03,3.58437500e-03
-7.18125000e-09,-2.18937500e-02,4.41562500e-03,3.61875000e-03
-7.14125000e-09,-2.23187500e-02,4.47031250e-03,3.64687500e-03
-7.10125000e-09,-2.27531250e-02,4.52812500e-03,3.66875000e-03
-7.06125000e-09,-2.31968750e-02,4.58906250e-03,3.68125000e-03
-7.02125000e-09,-2.36500000e-02,4.65468750e-03,3.68437500e-03
-6.98125000e-09,-2.41156250e-02,4.72500000e-03,3.68125000e-03
-6.94125000e-09,-2.45875000e-02,4.79843750e-03,3.66875000e-03
-6.90125000e-09,-2.50656250e-02,4.87812500e-03,3.64687500e-03
-6.86125000e-09,-2.55500000e-02,4.96250000e-03,3.62187500e-03
-6.82125000e-09,-2.60375000e-02,5.05000000e-03,3.59062500e-03
-6.78125000e-09,-2.65281250e-02,5.14062500e-03,3.55937500e-03
-6.74125000e-09,-2.70218750e-02,5.23437500e-03,3.52187500e-03
-6.70125000e-09,-2.75125000e-02,5.32968750e-03,3.48750000e-03
-6.66125000e-09,-2.80000000e-02,5.42656250e-03,3.45625000e-03
-6.62125000e-09,-2.84843750e-02,5.52343750e-03,3.42500000e-03
-6.58125000e-09,-2.89625000e-02,5.62031250e-03,3.40000000e-03
-6.54125000e-09,-2.94343750e-02,5.71562500e-03,3.38125000e-03
-6.50125000e-09,-2.98968750e-02,5.81093750e-03,3.36562500e-03
-6.46125000e-09,-3.03531250e-02,5.90312500e-03,3.35937500e-03
-6.42125000e-09,-3.08000000e-02,5.99531250e-03,3.35937500e-03
-6.38125000e-09,-3.12406250e-02,6.08750000e-03,3.36250000e-03
-6.34125000e-09,-3.16718750e-02,6.17812500e-03,3.37500000e-03
-6.30125000e-09,-3.20937500e-02,6.27031250e-03,3.38750000e-03
-6.26125000e-09,-3.25125000e-02,6.36250000e-03,3.40625000e-03
-6.22125000e-09,-3.29250000e-02,6.45625000e-03,3.42500000e-03
-6.18125000e-09,-3.33343750e-02,6.55312500e-03,3.44375000e-03
-6.14125000e-09,-3.37437500e-02,6.65156250e-03,3.46250000e-03
-6.10125000e-09,-3.41500000e-02,6.75468750e-03,3.47500000e-03
-6.06125000e-09,-3.45562500e-02,6.86093750e-03,3.48750000e-03
-6.02125000e-09,-3.49656250e-02,6.97031250e-03,3.49375000e-03
-5.98125000e-09,-3.53750000e-02,7.08437500e-03,3.49375000e-03
-5.94125000e-09,-3.57875000e-02,7.20156250e-03,3.49062500e-03
-5.90125000e-09,-3.62031250e-02,7.32187500e-03,3.47812500e-03
-5.86125000e-09,-3.66218750e-02,7.44375000e-03,3.46250000e-03
-5.82125000e-09,-3.70406250e-02,7.56718750e-03,3.44375000e-03
-5.78125000e-09,-3.74593750e-02,7.69062500e-03,3.41875000e-03
-5.74125000e-09,-3.78812500e-02,7.81250000e-03,3.39062500e-03
-5.70125000e-09,-3.82968750e-02,7.93437500e-03,3.36250000e-03
-5.66125000e-09,-3.87125000e-02,8.05312500e-03,3.33437500e-03
-5.62125000e-09,-3.91187500e-02,8.17031250e-03,3.30937500e-03
-5.58125000e-09,-3.95218750e-02,8.28281250e-03,3.28437500e-03
-5.54125000e-09,-3.99125000e-02,8.39218750e-03,3.26562500e-03
-5.50125000e-09,-4.02968750e-02,8.49687500e-03,3.25000000e-03
-5.46125000e-09,-4.06656250e-02,8.59843750e-03,3.24062500e-03
-5.42125000e-09,-4.10250000e-02,8.69687500e-03,3.23750000e-03
-5.38125000e-09,-4.13718750e-02,8.79218750e-03,3.23750000e-03
-5.34125000e-09,-4.17031250e-02,8.88593750e-03,3.24687500e-03
-5.30125000e-09,-4.20218750e-02,8.97812500e-03,3.25937500e-03
-5.26125000e-09,-4.23312500e-02,9.07187500e-03,3.27500000e-03
-5.22125000e-09,-4.26250000e-02,9.16718750e-03,3.29375000e-03
-5.18125000e-09,-4.29093750e-02,9.26250000e-03,3.31562500e-03
-5.14125000e-09,-4.31875000e-02,9.36250000e-03,3.34062500e-03
-5.10125000e-09,-4.34562500e-02,9.46562500e-03,3.36250000e-03
-5.06125000e-09,-4.37187500e-02,9.57343750e-03,3.38437500e-03
-5.02125000e-09,-4.39781250e-02,9.68593750e-03,3.40312500e-03
-4.98125000e-09,-4.42343750e-02,9.80156250e-03,3.41875000e-03
-4.94125000e-09,-4.44906250e-02,9.92187500e-03,3.43125000e-03
-4.90125000e-09,-4.47468750e-02,1.00468750e-02,3.43750000e-03
-4.86125000e-09,-4.50031250e-02,1.01734375e-02,3.44062500e-03
-4.82125000e-09,-4.52625000e-02,1.03000000e-02,3.43750000e-03
-4.78125000e-09,-4.55250000e-02,1.04296875e-02,3.43125000e-03
-4.74125000e-09,-4.57906250e-02,1.05562500e-02,3.42187500e-03
-4.70125000e-09,-4.60562500e-02,1.06828125e-02,3.40625000e-03
-4.66125000e-09,-4.63250000e-02,1.08046875e-02,3.39062500e-03
-4.62125000e-09,-4.65937500e-02,1.09218750e-02,3.37187500e-03
-4.58125000e-09,-4.68625000e-02,1.10359375e-02,3.35000000e-03
-4.54125000e-09,-4.71281250e-02,1.11421875e-02,3.32812500e-03
-4.50125000e-09,-4.73937500e-02,1.12421875e-02,3.30625000e-03
-4.46125000e-09,-4.76562500e-02,1.13375000e-02,3.28437500e-03
-4.42125000e-09,-4.79125000e-02,1.14250000e-02,3.26562500e-03
-4.38125000e-09,-4.81625000e-02,1.15078125e-02,3.24375000e-03
-4.34125000e-09,-4.84093750e-02,1.15843750e-02,3.22812500e-03
-4.30125000e-09,-4.86468750e-02,1.16593750e-02,3.21250000e-03
-4.26125000e-09,-4.88750000e-02,1.17296875e-02,3.19687500e-03
-4.22125000e-09,-4.90968750e-02,1.18000000e-02,3.18437500e-03
-4.18125000e-09,-4.93125000e-02,1.18687500e-02,3.17500000e-03
-4.14125000e-09,-4.95218750e-02,1.19390625e-02,3.16562500e-03
-4.10125000e-09,-4.97218750e-02,1.20125000e-02,3.15937500e-03
-4.06125000e-09,-4.99156250e-02,1.20890625e-02,3.15312500e-03
-4.02125000e-09,-5.01031250e-02,1.21687500e-02,3.15000000e-03
-3.98125000e-09,-5.02875000e-02,1.22546875e-02,3.14687500e-03
-3.94125000e-09,-5.04656250e-02,1.23468750e-02,3.15000000e-03
-3.90125000e-09,-5.06406250e-02,1.24421875e-02,3.15312500e-03
-3.86125000e-09,-5.08125000e-02,1.25437500e-02,3.15937500e-03
-3.82125000e-09,-5.09781250e-02,1.26500000e-02,3.16875000e-03
-3.78125000e-09,-5.11437500e-02,1.27609375e-02,3.18125000e-03
-3.74125000e-09,-5.13062500e-02,1.28734375e-02,3.19687500e-03
-3.70125000e-09,-5.14656250e-02,1.29890625e-02,3.21875000e-03
-3.66125000e-09,-5.16250000e-02,1.31046875e-02,3.24687500e-03
-3.62125000e-09,-5.17781250e-02,1.32203125e-02,3.27812500e-03
-3.58125000e-09,-5.19312500e-02,1.33343750e-02,3.31875000e-03
-3.54125000e-09,-5.20812500e-02,1.34468750e-02,3.36250000e-03
-3.50125000e-09,-5.22312500e-02,1.35562500e-02,3.41250000e-03
-3.46125000e-09,-5.23750000e-02,1.36609375e-02,3.46875000e-03
-3.42125000e-09,-5.25187500e-02,1.37609375e-02,3.53125000e-03
-3.38125000e-09,-5.26593750e-02,1.38562500e-02,3.60000000e-03
-3.34125000e-09,-5.28000000e-02,1.39468750e-02,3.67500000e-03
-3.30125000e-09,-5.29375000e-02,1.40328125e-02,3.75937500e-03
-3.26125000e-09,-5.30750000e-02,1.41156250e-02,3.85000000e-03
-3.22125000e-09,-5.32093750e-02,1.41937500e-02,3.95312500e-03
-3.18125000e-09,-5.33468750e-02,1.42687500e-02,4.06250000e-03
-3.14125000e-09,-5.34812500e-02,1.43421875e-02,4.18437500e-03
-3.10125000e-09,-5.36156250e-02,1.44156250e-02,4.32187500e-03
-3.06125000e-09,-5.37500000e-02,1.44875000e-02,4.46875000e-03
-3.02125000e-09,-5.38843750e-02,1.45593750e-02,4.63437500e-03
-2.98125000e-09,-5.40156250e-02,1.46328125e-02,4.81875000e-03
-2.94125000e-09,-5.41437500e-02,1.47078125e-02,5.02187500e-03
-2.90125000e-09,-5.42687500e-02,1.47859375e-02,5.24687500e-03
-2.86125000e-09,-5.43906250e-02,1.48656250e-02,5.49687500e-03
-2.82125000e-09,-5.45031250e-02,1.49484375e-02,5.76875000e-03
-2.78125000e-09,-5.46093750e-02,1.50328125e-02,6.07187500e-03
-2.74125000e-09,-5.47062500e-02,1.51187500e-02,6.40000000e-03
-2.70125000e-09,-5.47937500e-02,1.52078125e-02,6.75625000e-03
-2.66125000e-09,-5.48687500e-02,1.52968750e-02,7.14062500e-03
-2.62125000e-09,-5.49281250e-02,1.53875000e-02,7.55000000e-03
-2.58125000e-09,-5.49781250e-02,1.54765625e-02,7.99062500e-03
-2.54125000e-09,-5.50125000e-02,1.55656250e-02,8.45312500e-03
-2.50125000e-09,-5.50343750e-02,1.56546875e-02,8.94375000e-03
-2.46125000e-09,-5.50406250e-02,1.57390625e-02,9.45312500e-03
-2.42125000e-09,-5.50375000e-02,1.58218750e-02,9.98125000e-03
-2.38125000e-09,-5.50250000e-02,1.59015625e-02,1.05281250e-02
-2.34125000e-09,-5.50062500e-02,1.59781250e-02,1.10906250e-02
-2.30125000e-09,-5.49781250e-02,1.60500000e-02,1.16656250e-02
-2.26125000e-09,-5.49500000e-02,1.61187500e-02,1.22500000e-02
-2.22125000e-09,-5.49218750e-02,1.61828125e-02,1.28468750e-02
-2.18125000e-09,-5.48937500e-02,1.62421875e-02,1.34468750e-02
-2.14125000e-09,-5.48750000e-02,1.62984375e-02,1.40562500e-02
-2.10125000e-09,-5.48593750e-02,1.63500000e-02,1.46718750e-02
-2.06125000e-09,-5.48562500e-02,1.64000000e-02,1.52937500e-02
-2.02125000e-09,-5.48625000e-02,1.64453125e-02,1.59250000e-02
-1.98125000e-09,-5.48812500e-02,1.64875000e-02,1.65625000e-02
-1.94125000e-09,-5.49125000e-02,1.65281250e-02,1.72125000e-02
-1.90125000e-09,-5.49562500e-02,1.65671875e-02,1.78718750e-02
-1.86125000e-09,-5.50062500e-02,1.66046875e-02,1.85468750e-02
-1.82125000e-09,-5.50687500e-02,1.66406250e-02,1.92406250e-02
-1.78125000e-09,-5.51375000e-02,1.66750000e-02,1.99500000e-02
-1.74125000e-09,-5.52093750e-02,1.67109375e-02,2.06812500e-02
-1.70125000e-09,-5.52812500e-02,1.67453125e-02,2.14312500e-02
-1.66125000e-09,-5.53531250e-02,1.67812500e-02,2.22062500e-02
-1.62125000e-09,-5.54187500e-02,1.68187500e-02,2.30031250e-02
-1.58125000e-09,-5.54781250e-02,1.68562500e-02,2.38218750e-02
-1.54125000e-09,-5.55250000e-02,1.68968750e-02,2.46656250e-02
-1.50125000e-09,-5.55562500e-02,1.69390625e-02,2.55281250e-02
-1.46125000e-09,-5.55781250e-02,1.69843750e-02,2.64093750e-02
-1.42125000e-09,-5.55812500e-02,1.70328125e-02,2.73062500e-02
-1.38125000e-09,-5.55687500e-02,1.70828125e-02,2.82187500e-02
-1.34125000e-09,-5.55406250e-02,1.71359375e-02,2.91406250e-02
-1.30125000e-09,-5.54968750e-02,1.71921875e-02,3.00718750e-02
-1.26125000e-09,-5.54406250e-02,1.72515625e-02,3.10062500e-02
-1.22125000e-09,-5.53750000e-02,1.73140625e-02,3.19437500e-02
-1.18125000e-09,-5.53031250e-02,1.73781250e-02,3.28812500e-02
-1.14125000e-09,-5.52250000e-02,1.74437500e-02,3.38156250e-02
-1.10125000e-09,-5.51437500e-02,1.75109375e-02,3.47500000e-02
-1.06125000e-09,-5.50625000e-02,1.75796875e-02,3.56750000e-02
-1.02125000e-09,-5.49906250e-02,1.76468750e-02,3.65968750e-02
-9.81250000e-10,-5.49218750e-02,1.77140625e-02,3.75125000e-02
-9.41250000e-10,-5.48625000e-02,1.77796875e-02,3.84250000e-02
-9.01250000e-10,-5.48125000e-02,1.78437500e-02,3.93343750e-02
-8.61250000e-10,-5.47750000e-02,1.79031250e-02,4.02375000e-02
-8.21250000e-10,-5.47500000e-02,1.79609375e-02,4.11437500e-02
-7.81250000e-10,-5.47343750e-02,1.80140625e-02,4.20468750e-02
-7.41250000e-10,-5.47312500e-02,1.80625000e-02,4.29531250e-02
-7.01250000e-10,-5.47375000e-02,1.81062500e-02,4.38593750e-02
-6.61250000e-10,-5.47500000e-02,1.81468750e-02,4.47718750e-02
-6.21250000e-10,-5.47656250e-02,1.81828125e-02,4.56875000e-02
-5.81250000e-10,-5.47875000e-02,1.82156250e-02,4.66062500e-02
-5.41250000e-10,-5.48062500e-02,1.82437500e-02,4.75281250e-02
-5.01250000e-10,-5.48218750e-02,1.82703125e-02,4.84531250e-02
-4.61250000e-10,-5.48343750e-02,1.82953125e-02,4.93812500e-02
-4.21250000e-10,-5.48406250e-02,1.83187500e-02,5.03062500e-02
-3.81250000e-10,-5.48375000e-02,1.83421875e-02,5.12312500e-02
-3.41250000e-10,-5.48250000e-02,1.83656250e-02,5.21500000e-02
-3.01250000e-10,-5.48000000e-02,1.83890625e-02,5.30625000e-02
-2.61250000e-10,-5.47656250e-02,1.84156250e-02,5.39687500e-02
-2.21250000e-10,-5.47187500e-02,1.84453125e-02,5.48687500e-02
-1.81250000e-10,-5.46656250e-02,1.84765625e-02,5.57562500e-02
-1.41250000e-10,-5.46000000e-02,1.85093750e-02,5.66343750e-02
-1.01250000e-10,-5.45250000e-02,1.85453125e-02,5.75062500e-02
-6.12500000e-11,-5.44468750e-02,1.85843750e-02,5.83687500e-02
-2.12500000e-11,-5.43593750e-02,1.86234375e-02,5.92250000e-02
1.87500000e-11,-5.42718750e-02,1.86640625e-02,6.00781250e-02
5.87500000e-11,-5.41781250e-02,1.87046875e-02,6.09281250e-02
9.87500000e-11,-5.40843750e-02,1.87453125e-02,6.17781250e-02
1.38750000e-10,-5.39906250e-02,1.87843750e-02,6.26312500e-02
1.78750000e-10,-5.38968750e-02,1.88203125e-02,6.34937500e-02
2.18750000e-10,-5.38031250e-02,1.88546875e-02,6.43625000e-02
2.58750000e-10,-5.37125000e-02,1.88828125e-02,6.52437500e-02
2.98750000e-10,-5.36218750e-02,1.89078125e-02,6.61406250e-02
3.38750000e-10,-5.35312500e-02,1.89296875e-02,6.70500000e-02
3.78750000e-10,-5.34437500e-02,1.89453125e-02,6.79718750e-02
4.18750000e-10,-5.33562500e-02,1.89562500e-02,6.89062500e-02
4.58750000e-10,-5.32687500e-02,1.89625000e-02,6.98562500e-02
4.98750000e-10,-5.31812500e-02,1.89656250e-02,7.08156250e-02
5.38750000e-10,-5.30937500e-02,1.89656250e-02,7.17812500e-02
5.78750000e-10,-5.30062500e-02,1.89640625e-02,7.27500000e-02
6.18750000e-10,-5.29156250e-02,1.89609375e-02,7.37187500e-02
6.58750000e-10,-5.28281250e-02,1.89578125e-02,7.46875000e-02
6.98750000e-10,-5.27406250e-02,1.89562500e-02,7.56468750e-02
7.38750000e-10,-5.26531250e-02,1.89578125e-02,7.65968750e-02
7.78750000e-10,-5.25687500e-02,1.89609375e-02,7.75312500e-02
8.18750000e-10,-5.24843750e-02,1.89703125e-02,7.84531250e-02
8.58750000e-10,-5.24031250e-02,1.89828125e-02,7.93625000e-02
8.98750000e-10,-5.23218750e-02,1.90000000e-02,8.02531250e-02
9.38750000e-10,-5.22468750e-02,1.90234375e-02,8.11281250e-02
9.78750000e-10,-5.21750000e-02,1.90531250e-02,8.19906250e-02
1.01875000e-09,-5.21062500e-02,1.90859375e-02,8.28437500e-02
1.05875000e-09,-5.20406250e-02,1.91250000e-02,8.36875000e-02
1.09875000e-09,-5.19781250e-02,1.91671875e-02,8.45281250e-02
1.13875000e-09,-5.19156250e-02,1.92125000e-02,8.53718750e-02
1.17875000e-09,-5.18531250e-02,1.92609375e-02,8.62218750e-02
1.21875000e-09,-5.17906250e-02,1.93093750e-02,8.70781250e-02
1.25875000e-09,-5.17281250e-02,1.93578125e-02,8.79468750e-02
1.29875000e-09,-5.16625000e-02,1.94062500e-02,8.88343750e-02
1.33875000e-09,-5.15906250e-02,1.94515625e-02,8.97343750e-02
1.37875000e-09,-5.15156250e-02,1.94937500e-02,9.06531250e-02
1.41875000e-09,-5.14343750e-02,1.95343750e-02,9.15843750e-02
1.45875000e-09,-5.13437500e-02,1.95687500e-02,9.25281250e-02
1.49875000e-09,-5.12500000e-02,1.95984375e-02,9.34781250e-02
1.53875000e-09,-5.11437500e-02,1.96250000e-02,9.44312500e-02
1.57875000e-09,-5.10343750e-02,1.96453125e-02,9.53781250e-02
1.61875000e-09,-5.09156250e-02,1.96609375e-02,9.63093750e-02
1.65875000e-09,-5.07937500e-02,1.96703125e-02,9.72187500e-02
1.69875000e-09,-5.06656250e-02,1.96781250e-02,9.80937500e-02
1.73875000e-09,-5.05343750e-02,1.96796875e-02,9.89281250e-02
1.77875000e-09,-5.04000000e-02,1.96796875e-02,9.97093750e-02
1.81875000e-09,-5.02625000e-02,1.96765625e-02,1.00434375e-01
1.85875000e-09,-5.01281250e-02,1.96718750e-02,1.01090625e-01
1.89875000e-09,-4.99968750e-02,1.96656250e-02,1.01675000e-01
1.93875000e-09,-4.98656250e-02,1.96593750e-02,1.02181250e-01
1.97875000e-09,-4.97375000e-02,1.96531250e-02,inf
2.01875000e-09,-4.96125000e-02,1.96484375e-02,inf
2.05875000e-09,-4.94906250e-02,1.96437500e-02,inf
2.09875000e-09,-4.93687500e-02,1.96421875e-02,inf
2.13875000e-09,-4.92531250e-02,1.96437500e-02,inf
2.17875000e-09,-4.91375000e-02,1.96484375e-02,inf
2.21875000e-09,-4.90218750e-02,1.96562500e-02,inf
2.25875000e-09,-4.89031250e-02,1.96671875e-02,inf
2.29875000e-09,-4.87843750e-02,1.96812500e-02,inf
2.33875000e-09,-4.86593750e-02,1.97000000e-02,inf
2.37875000e-09,-4.85281250e-02,1.97218750e-02,inf
2.41875000e-09,-4.83906250e-02,1.97484375e-02,inf
2.45875000e-09,-4.82468750e-02,1.97765625e-02,inf
2.49875000e-09,-4.80968750e-02,1.98093750e-02,inf
2.53875000e-09,-4.79375000e-02,1.98453125e-02,inf
2.57875000e-09,-4.77687500e-02,1.98828125e-02,inf
2.61875000e-09,-4.75968750e-02,1.99218750e-02,inf
2.65875000e-09,-4.74187500e-02,1.99625000e-02,inf
2.69875000e-09,-4.72343750e-02,2.00031250e-02,inf
2.73875000e-09,-4.70500000e-02,2.00453125e-02,inf
2.77875000e-09,-4.68625000e-02,2.00843750e-02,inf
2.81875000e-09,-4.66812500e-02,2.01234375e-02,inf
2.85875000e-09,-4.65000000e-02,2.01593750e-02,inf
2.89875000e-09,-4.63250000e-02,2.01921875e-02,inf
2.93875000e-09,-4.61562500e-02,2.02218750e-02,inf
2.97875000e-09,-4.59937500e-02,2.02484375e-02,inf
3.01875000e-09,-4.58437500e-02,2.02703125e-02,inf
3.05875000e-09,-4.57000000e-02,2.02875000e-02,inf
3.09875000e-09,-4.55656250e-02,2.03015625e-02,inf
3.13875000e-09,-4.54437500e-02,2.03109375e-02,inf
3.17875000e-09,-4.53281250e-02,2.03171875e-02,inf
3.21875000e-09,-4.52218750e-02,2.03203125e-02,inf
3.25875000e-09,-4.51218750e-02,2.03218750e-02,inf
3.29875000e-09,-4.50250000e-02,2.03203125e-02,inf
3.33875000e-09,-4.49312500e-02,2.03187500e-02,inf
3.37875000e-09,-4.48406250e-02,2.03171875e-02,inf
3.41875000e-09,-4.47468750e-02,2.03171875e-02,inf
3.45875000e-09,-4.46562500e-02,2.03187500e-02,inf
3.49875000e-09,-4.45593750e-02,2.03234375e-02,inf
3.53875000e-09,-4.44562500e-02,2.03296875e-02,inf
3.57875000e-09,-4.43531250e-02,2.03390625e-02,inf
3.61875000e-09,-4.42406250e-02,2.03531250e-02,inf
3.65875000e-09,-4.41250000e-02,2.03687500e-02,inf
3.69875000e-09,-4.40000000e-02,2.03890625e-02,inf
3.73875000e-09,-4.38718750e-02,2.04109375e-02,inf
3.77875000e-09,-4.37375000e-02,2.04343750e-02,inf
3.81875000e-09,-4.36000000e-02,2.04609375e-02,inf
3.85875000e-09,-4.34562500e-02,2.04859375e-02,inf
3.89875000e-09,-4.33125000e-02,2.05109375e-02,inf
3.93875000e-09,-4.31625000e-02,2.05328125e-02,inf
3.97875000e-09,-4.30125000e-02,2.05546875e-02,inf
4.01875000e-09,-4.28593750e-02,2.05718750e-02,inf
4.05875000e-09,-4.27062500e-02,2.05859375e-02,inf
4.09875000e-09,-4.25531250e-02,2.05968750e-02,inf
4.13875000e-09,-4.23968750e-02,2.06031250e-02,inf
4.17875000e-09,-4.22406250e-02,2.06046875e-02,inf
4.21875000e-09,-4.20843750e-02,2.06046875e-02,inf
4.25875000e-09,-4.19281250e-02,2.06000000e-02,inf
4.29875000e-09,-4.17687500e-02,2.05953125e-02,inf
4.33875000e-09,-4.16062500e-02,2.05890625e-02,inf
4.37875000e-09,-4.14468750e-02,2.05828125e-02,inf
4.41875000e-09,-4.12812500e-02,2.05796875e-02,inf
4.45875000e-09,-4.11187500e-02,2.05781250e-02,inf
4.49875000e-09,-4.09531250e-02,2.05812500e-02,inf
4.53875000e-09,-4.07843750e-02,2.05890625e-02,inf
4.57875000e-09,-4.06187500e-02,2.06015625e-02,inf
4.61875000e-09,-4.04562500e-02,2.06218750e-02,inf
4.65875000e-09,-4.02906250e-02,2.06500000e-02,inf
4.69875000e-09,-4.01312500e-02,2.06828125e-02,inf
4.73875000e-09,-3.99750000e-02,2.07234375e-02,inf
4.77875000e-09,-3.98218750e-02,2.07687500e-02,inf
4.81875000e-09,-3.96718750e-02,2.08203125e-02,inf
4.85875000e-09,-3.95281250e-02,2.08750000e-02,inf
4.89875000e-09,-3.93906250e-02,2.09312500e-02,inf
4.93875000e-09,-3.92593750e-02,2.09890625e-02,inf
4.97875000e-09,-3.91312500e-02,2.10468750e-02,inf
5.01875000e-09,-3.90093750e-02,2.11031250e-02,inf
5.05875000e-09,-3.88937500e-02,2.11562500e-02,inf
5.09875000e-09,-3.87781250e-02,2.12046875e-02,inf
5.13875000e-09,-3.86687500e-02,2.12468750e-02,inf
5.17875000e-09,-3.85593750e-02,2.12828125e-02,inf
5.21875000e-09,-3.84500000e-02,2.13109375e-02,inf
5.25875000e-09,-3.83406250e-02,2.13328125e-02,inf
5.29875000e-09,-3.82312500e-02,2.13468750e-02,inf
5.33875000e-09,-3.81187500e-02,2.13562500e-02,inf
5.37875000e-09,-3.80031250e-02,2.13578125e-02,1.02378125e-01
5.41875000e-09,-3.78843750e-02,2.13546875e-02,1.02359375e-01
5.45875000e-09,-3.77625000e-02,2.13484375e-02,1.02343750e-01
5.49875000e-09,-3.76375000e-02,2.13375000e-02,1.02328125e-01
5.53875000e-09,-3.75093750e-02,2.13265625e-02,1.02312500e-01
5.57875000e-09,-3.73812500e-02,2.13156250e-02,1.02303125e-01
5.61875000e-09,-3.72531250e-02,2.13046875e-02,1.02296875e-01
5.65875000e-09,-3.71250000e-02,2.12968750e-02,1.02290625e-01
5.69875000e-09,-3.69968750e-02,2.12906250e-02,1.02290625e-01
5.73875000e-09,-3.68718750e-02,2.12890625e-02,1.02290625e-01
5.77875000e-09,-3.67531250e-02,2.12906250e-02,1.02293750e-01
5.81875000e-09,-3.66375000e-02,2.12968750e-02,1.02296875e-01
5.85875000e-09,-3.65281250e-02,2.13062500e-02,1.02300000e-01
5.89875000e-09,-3.64250000e-02,2.13203125e-02,1.02306250e-01
5.93875000e-09,-3.63312500e-02,2.13390625e-02,1.02309375e-01
5.97875000e-09,-3.62437500e-02,2.13593750e-02,1.02312500e-01
6.01875000e-09,-3.61625000e-02,2.13812500e-02,1.02312500e-01
6.05875000e-09,-3.60875000e-02,2.14046875e-02,1.02312500e-01
6.09875000e-09,-3.60218750e-02,2.14296875e-02,1.02309375e-01
6.13875000e-09,-3.59593750e-02,2.14531250e-02,1.02306250e-01
6.17875000e-09,-3.59000000e-02,2.14734375e-02,1.02296875e-01
6.21875000e-09,-3.58406250e-02,2.14937500e-02,1.02287500e-01
6.25875000e-09,-3.57843750e-02,2.15109375e-02,1.02275000e-01
6.29875000e-09,-3.57281250e-02,2.15234375e-02,1.02262500e-01
6.33875000e-09,-3.56718750e-02,2.15328125e-02,1.02250000e-01
6.37875000e-09,-3.56125000e-02,2.15390625e-02,1.02237500e-01
6.41875000e-09,-3.55468750e-02,2.15421875e-02,1.02225000e-01
6.45875000e-09,-3.54781250e-02,2.15406250e-02,1.02212500e-01
6.49875000e-09,-3.54062500e-02,2.15359375e-02,1.02200000e-01
6.53875000e-09,-3.53281250e-02,2.15296875e-02,1.02193750e-01
6.57875000e-09,-3.52468750e-02,2.15203125e-02,1.02184375e-01
6.61875000e-09,-3.51593750e-02,2.15093750e-02,1.02181250e-01
6.65875000e-09,-3.50687500e-02,2.14984375e-02,1.02175000e-01
6.69875000e-09,-3.49750000e-02,2.14859375e-02,1.02175000e-01
6.73875000e-09,-3.48781250e-02,2.14750000e-02,1.02175000e-01
6.77875000e-09,-3.47812500e-02,2.14640625e-02,1.02175000e-01
6.81875000e-09,-3.46812500e-02,2.14531250e-02,1.02178125e-01
6.85875000e-09,-3.45843750e-02,2.14453125e-02,1.02181250e-01
6.89875000e-09,-3.44875000e-02,2.14390625e-02,1.02184375e-01
6.93875000e-09,-3.43906250e-02,2.14343750e-02,1.02184375e-01
6.97875000e-09,-3.42968750e-02,2.14312500e-02,1.02187500e-01
7.01875000e-09,-3.42093750e-02,2.14312500e-02,1.02187500e-01
7.05875000e-09,-3.41187500e-02,2.14328125e-02,1.02184375e-01
7.09875000e-09,-3.40343750e-02,2.14375000e-02,1.02181250e-01
7.13875000e-09,-3.39531250e-02,2.14421875e-02,1.02178125e-01
7.17875000e-09,-3.38718750e-02,2.14500000e-02,1.02171875e-01
7.21875000e-09,-3.37906250e-02,2.14578125e-02,1.02165625e-01
7.25875000e-09,-3.37125000e-02,2.14671875e-02,1.02159375e-01
7.29875000e-09,-3.36343750e-02,2.14781250e-02,1.02150000e-01
7.33875000e-09,-3.35562500e-02,2.14890625e-02,1.02143750e-01
7.37875000e-09,-3.34750000e-02,2.15000000e-02,1.02134375e-01
7.41875000e-09,-3.33937500e-02,2.15093750e-02,1.02128125e-01
7.45875000e-09,-3.33125000e-02,2.15187500e-02,1.02121875e-01
7.49875000e-09,-3.32281250e-02,2.15281250e-02,1.02115625e-01
7.53875000e-09,-3.31406250e-02,2.15343750e-02,1.02112500e-01
7.57875000e-09,-3.30531250e-02,2.15406250e-02,1.02109375e-01
7.61875000e-09,-3.29625000e-02,2.15437500e-02,1.02106250e-01
7.65875000e-09,-3.28687500e-02,2.15437500e-02,1.02106250e-01
7.69875000e-09,-3.27750000e-02,2.15421875e-02,1.02106250e-01
7.73875000e-09,-3.26812500e-02,2.15375000e-02,1.02109375e-01
7.77875000e-09,-3.25843750e-02,2.15312500e-02,1.02109375e-01
7.81875000e-09,-3.24875000e-02,2.15203125e-02,1.02112500e-01
7.85875000e-09,-3.23906250e-02,2.15078125e-02,1.02115625e-01
7.89875000e-09,-3.22937500e-02,2.14921875e-02,1.02115625e-01
7.93875000e-09,-3.21968750e-02,2.14750000e-02,1.02118750e-01
7.97875000e-09,-3.21000000e-02,2.14546875e-02,1.02118750e-01
8.01875000e-09,-3.20031250e-02,2.14343750e-02,1.02118750e-01
8.05875000e-09,-3.19093750e-02,2.14125000e-02,1.02115625e-01
8.09875000e-09,-3.18125000e-02,2.13906250e-02,1.02112500e-01
8.13875000e-09,-3.17156250e-02,2.13703125e-02,1.02109375e-01
8.17875000e-09,-3.16218750e-02,2.13515625e-02,1.02106250e-01
8.21875000e-09,-3.15218750e-02,2.13359375e-02,1.02100000e-01
8.25875000e-09,-3.14250000e-02,2.13218750e-02,1.02093750e-01
8.29875000e-09,-3.13250000e-02,2.13140625e-02,1.02087500e-01
8.33875000e-09,-3.12218750e-02,2.13093750e-02,1.02081250e-01
8.37875000e-09,-3.11187500e-02,2.13109375e-02,1.02075000e-01
8.41875000e-09,-3.10125000e-02,2.13171875e-02,1.02068750e-01
8.45875000e-09,-3.09031250e-02,2.13281250e-02,1.02062500e-01
8.49875000e-09,-3.07906250e-02,2.13453125e-02,1.02056250e-01
8.53875000e-09,-3.06781250e-02,2.13671875e-02,1.02053125e-01
8.57875000e-09,-3.05625000e-02,2.13953125e-02,1.02050000e-01
8.61875000e-09,-3.04437500e-02,2.14250000e-02,1.02046875e-01
8.65875000e-09,-3.03250000e-02,2.14593750e-02,1.02046875e-01
8.69875000e-09,-3.02031250e-02,2.14937500e-02,1.02046875e-01
8.73875000e-09,-3.00812500e-02,2.15296875e-02,1.02046875e-01
8.77875000e-09,-2.99593750e-02,2.15656250e-02,1.02046875e-01
8.81875000e-09,-2.98375000e-02,2.15984375e-02,1.02046875e-01
8.85875000e-09,-2.97156250e-02,2.16296875e-02,1.02046875e-01
8.89875000e-09,-2.95937500e-02,2.16546875e-02,1.02050000e-01
8.93875000e-09,-2.94718750e-02,2.16765625e-02,1.02050000e-01
8.97875000e-09,-2.93531250e-02,2.16906250e-02,1.02046875e-01
9.01875000e-09,-2.92343750e-02,2.16984375e-02,1.02046875e-01
9.05875000e-09,-2.91156250e-02,2.17000000e-02,1.02043750e-01
9.09875000e-09,-2.90000000e-02,2.16937500e-02,1.02043750e-01
9.13875000e-09,-2.88843750e-02,2.16812500e-02,1.02040625e-01
9.17875000e-09,-2.87718750e-02,2.16609375e-02,1.02034375e-01
9.21875000e-09,-2.86562500e-02,2.16359375e-02,1.02031250e-01
9.25875000e-09,-2.85437500e-02,2.16062500e-02,1.02025000e-01
9.29875000e-09,-2.84312500e-02,2.15718750e-02,1.02018750e-01
9.33875000e-09,-2.83156250e-02,2.15343750e-02,1.02015625e-01
9.37875000e-09,-2.82000000e-02,2.14953125e-02,1.02009375e-01
9.41875000e-09,-2.80843750e-02,2.14578125e-02,1.02003125e-01
9.45875000e-09,-2.79656250e-02,2.14203125e-02,1.02000000e-01
9.49875000e-09,-2.78437500e-02,2.13859375e-02,1.01996875e-01
9.53875000e-09,-2.77187500e-02,2.13546875e-02,1.01993750e-01
9.57875000e-09,-2.75906250e-02,2.13281250e-02,1.01990625e-01
9.61875000e-09,-2.74593750e-02,2.13078125e-02,1.01987500e-01
9.65875000e-09,-2.73250000e-02,2.12937500e-02,1.01984375e-01
9.69875000e-09,-2.71875000e-02,2.12859375e-02,1.01984375e-01
9.73875000e-09,-2.70437500e-02,2.12859375e-02,1.01984375e-01
9.77875000e-09,-2.68968750e-02,2.12921875e-02,1.01984375e-01
9.81875000e-09,-2.67500000e-02,2.13046875e-02,1.01981250e-01
9.85875000e-09,-2.66000000e-02,2.13234375e-02,1.01981250e-01
9.89875000e-09,-2.64468750e-02,2.13484375e-02,1.01981250e-01
9.93875000e-09,-2.62937500e-02,2.13781250e-02,1.01981250e-01
9.97875000e-09,-2.61406250e-02,2.14125000e-02,1.01978125e-01
1.00187500e-08,-2.59875000e-02,2.14500000e-02,1.01978125e-01
1.00587500e-08,-2.58375000e-02,2.14906250e-02,1.01975000e-01
1.00987500e-08,-2.56906250e-02,2.15312500e-02,1.01971875e-01
1.01387500e-08,-2.55500000e-02,2.15734375e-02,1.01968750e-01
1.01787500e-08,-2.54156250e-02,2.16156250e-02,1.01965625e-01
1.02187500e-08,-2.52875000e-02,2.16562500e-02,1.01962500e-01
1.02587500e-08,-2.51687500e-02,2.16953125e-02,1.01956250e-01
1.02987500e-08,-2.50562500e-02,2.17312500e-02,1.01953125e-01
1.03387500e-08,-2.49562500e-02,2.17656250e-02,1.01946875e-01
1.03787500e-08,-2.48656250e-02,2.17953125e-02,1.01943750e-01
1.04187500e-08,-2.47843750e-02,2.18218750e-02,1.01940625e-01
1.04587500e-08,-2.47156250e-02,2.18437500e-02,1.01937500e-01
1.04987500e-08,-2.46531250e-02,2.18625000e-02,1.01934375e-01
1.05387500e-08,-2.46000000e-02,2.18765625e-02,1.01931250e-01
1.05787500e-08,-2.45562500e-02,2.18875000e-02,1.01928125e-01
1.06187500e-08,-2.45187500e-02,2.18937500e-02,1.01925000e-01
1.06587500e-08,-2.44843750e-02,2.18953125e-02,1.01925000e-01
1.06987500e-08,-2.44531250e-02,2.18937500e-02,1.01921875e-01
1.07387500e-08,-2.44250000e-02,2.18890625e-02,1.01921875e-01
1.07787500e-08,-2.43968750e-02,2.18796875e-02,1.01921875e-01
1.08187500e-08,-2.43656250e-02,2.18687500e-02,1.01921875e-01
1.08587500e-08,-2.43312500e-02,2.18531250e-02,1.01918750e-01
1.08987500e-08,-2.42906250e-02,2.18375000e-02,1.01918750e-01
1.09387500e-08,-2.42437500e-02,2.18171875e-02,1.01918750e-01
1.09787500e-08,-2.41906250e-02,2.17968750e-02,1.01918750e-01
1.10187500e-08,-2.41281250e-02,2.17765625e-02,1.01915625e-01
1.10587500e-08,-2.40562500e-02,2.17531250e-02,1.01912500e-01
1.10987500e-08,-2.39812500e-02,2.17312500e-02,1.01912500e-01
1.11387500e-08,-2.38937500e-02,2.17093750e-02,1.01909375e-01
1.11787500e-08,-2.38031250e-02,2.16875000e-02,1.01906250e-01
1.12187500e-08,-2.37062500e-02,2.16687500e-02,1.01903125e-01
1.12587500e-08,-2.36062500e-02,2.16500000e-02,1.01900000e-01
1.12987500e-08,-2.35031250e-02,2.16343750e-02,1.01896875e-01
1.13387500e-08,-2.34000000e-02,2.16218750e-02,1.01893750e-01
1.13787500e-08,-2.32968750e-02,2.16125000e-02,1.01890625e-01
1.14187500e-08,-2.31968750e-02,2.16046875e-02,1.01887500e-01
1.14587500e-08,-2.31000000e-02,2.16015625e-02,1.01884375e-01
1.14987500e-08,-2.30093750e-02,2.16015625e-02,1.01881250e-01
1.15387500e-08,-2.29250000e-02,2.16046875e-02,1.01881250e-01
1.15787500e-08,-2.28468750e-02,2.16109375e-02,1.01878125e-01
1.16187500e-08,-2.27750000e-02,2.16218750e-02,1.01878125e-01
1.16587500e-08,-2.27062500e-02,2.16343750e-02,1.01875000e-01
1.16987500e-08,-2.26437500e-02,2.16484375e-02,1.01875000e-01
1.17387500e-08,-2.25843750e-02,2.16656250e-02,1.01875000e-01
1.17787500e-08,-2.25281250e-02,2.16843750e-02,1.01871875e-01
1.18187500e-08,-2.24687500e-02,2.17046875e-02,1.01871875e-01
1.18587500e-08,-2.24093750e-02,2.17250000e-02,1.01871875e-01
1.18987500e-08,-2.23437500e-02,2.17453125e-02,1.01868750e-01
1.19387500e-08,-2.22718750e-02,2.17656250e-02,1.01868750e-01
1.19787500e-08,-2.21906250e-02,2.17843750e-02,1.01868750e-01
1.20187500e-08,-2.21000000e-02,2.18015625e-02,1.01865625e-01
1.20587500e-08,-2.20000000e-02,2.18171875e-02,1.01865625e-01
1.20987500e-08,-2.18843750e-02,2.18296875e-02,1.01862500e-01
1.21387500e-08,-2.17593750e-02,2.18406250e-02,1.01859375e-01
1.21787500e-08,-2.16187500e-02,2.18500000e-02,1.01856250e-01
1.22187500e-08,-2.14656250e-02,2.18546875e-02,1.01856250e-01
1.22587500e-08,-2.13062500e-02,2.18562500e-02,1.01853125e-01
1.22987500e-08,-2.11343750e-02,2.18562500e-02,1.01850000e-01
1.23387500e-08,-2.09593750e-02,2.18531250e-02,1.01846875e-01
1.23787500e-08,-2.07781250e-02,2.18468750e-02,1.01843750e-01
1.24187500e-08,-2.06000000e-02,2.18390625e-02,1.01840625e-01
1.24587500e-08,-2.04218750e-02,2.18281250e-02,1.01840625e-01
1.24987500e-08,-2.02500000e-02,2.18156250e-02,1.01837500e-01
1.25387500e-08,-2.00875000e-02,2.18015625e-02,1.01834375e-01
1.25787500e-08,-1.99343750e-02,2.17859375e-02,1.01834375e-01
1.26187500e-08,-1.97968750e-02,2.17703125e-02,1.01831250e-01
1.26587500e-08,-1.96718750e-02,2.17531250e-02,1.01831250e-01
1.26987500e-08,-1.95656250e-02,2.17359375e-02,1.01831250e-01
1.27387500e-08,-1.94750000e-02,2.17187500e-02,1.01828125e-01
1.27787500e-08,-1.94031250e-02,2.17015625e-02,1.01828125e-01
1.28187500e-08,-1.93468750e-02,2.16859375e-02,1.01828125e-01
1.28587500e-08,-1.93062500e-02,2.16718750e-02,1.01825000e-01
1.28987500e-08,-1.92750000e-02,2.16593750e-02,1.01825000e-01
1.29387500e-08,-1.92562500e-02,2.16484375e-02,1.01825000e-01
1.29787500e-08,-1.92468750e-02,2.16390625e-02,1.01821875e-01
1.30187500e-08,-1.92406250e-02,2.16312500e-02,1.01821875e-01
1.30587500e-08,-1.92375000e-02,2.16281250e-02,1.01818750e-01
1.30987500e-08,-1.92312500e-02,2.16265625e-02,1.01818750e-01
1.31387500e-08,-1.92218750e-02,2.16265625e-02,1.01815625e-01
1.31787500e-08,-1.92062500e-02,2.16296875e-02,1.01812500e-01
1.32187500e-08,-1.91843750e-02,2.16359375e-02,1.01812500e-01
1.32587500e-08,-1.91500000e-02,2.16437500e-02,1.01809375e-01
1.32987500e-08,-1.91031250e-02,2.16546875e-02,1.01809375e-01
1.33387500e-08,-1.90468750e-02,2.16671875e-02,1.01806250e-01
1.33787500e-08,-1.89812500e-02,2.16812500e-02,1.01803125e-01
1.34187500e-08,-1.89031250e-02,2.16968750e-02,1.01803125e-01
1.34587500e-08,-1.88156250e-02,2.17140625e-02,1.01800000e-01
1.34987500e-08,-1.87187500e-02,2.17312500e-02,1.01796875e-01
1.35387500e-08,-1.86156250e-02,2.17484375e-02,1.01796875e-01
1.35787500e-08,-1.85093750e-02,2.17656250e-02,1.01793750e-01
1.36187500e-08,-1.84000000e-02,2.17812500e-02,1.01793750e-01
1.36587500e-08,-1.82875000e-02,2.17968750e-02,1.01793750e-01
1.36987500e-08,-1.81781250e-02,2.18109375e-02,1.01790625e-01
1.37387500e-08,-1.80718750e-02,2.18234375e-02,1.01790625e-01
1.37787500e-08,-1.79656250e-02,2.18343750e-02,1.01790625e-01
1.38187500e-08,-1.78656250e-02,2.18421875e-02,1.01787500e-01
1.38587500e-08,-1.77718750e-02,2.18484375e-02,1.01787500e-01
1.38987500e-08,-1.76781250e-02,2.18515625e-02,1.01787500e-01
1.39387500e-08,-1.75906250e-02,2.18515625e-02,1.01784375e-01
1.39787500e-08,-1.75062500e-02,2.18500000e-02,1.01784375e-01
1.40187500e-08,-1.74218750e-02,2.18453125e-02,1.01784375e-01
1.40587500e-08,-1.73375000e-02,2.18375000e-02,1.01781250e-01
1.40987500e-08,-1.72500000e-02,2.18281250e-02,1.01781250e-01
1.41387500e-08,-1.71625000e-02,2.18156250e-02,1.01778125e-01
1.41787500e-08,-1.70687500e-02,2.18015625e-02,1.01778125e-01
1.42187500e-08,-1.69718750e-02,2.17859375e-02,1.01775000e-01
1.42587500e-08,-1.68687500e-02,2.17671875e-02,1.01775000e-01
1.42987500e-08,-1.67593750e-02,2.17468750e-02,1.01771875e-01
1.43387500e-08,-1.66437500e-02,2.17234375e-02,1.01771875e-01
1.43787500e-08,-1.65218750e-02,2.17000000e-02,1.01768750e-01
1.44187500e-08,-1.63968750e-02,2.16750000e-02,1.01768750e-01
1.44587500e-08,-1.62656250e-02,2.16484375e-02,1.01765625e-01
1.44987500e-08,-1.61343750e-02,2.16203125e-02,1.01765625e-01
1.45387500e-08,-1.60000000e-02,2.15921875e-02,1.01762500e-01
1.45787500e-08,-1.58687500e-02,2.15640625e-02,1.01762500e-01
1.46187500e-08,-1.57406250e-02,2.15343750e-02,1.01762500e-01
1.46587500e-08,-1.56156250e-02,2.15062500e-02,1.01759375e-01
1.46987500e-08,-1.54937500e-02,2.14781250e-02,1.01759375e-01
1.47387500e-08,-1.53812500e-02,2.14515625e-02,1.01759375e-01
1.47787500e-08,-1.52781250e-02,2.14281250e-02,1.01756250e-01
1.48187500e-08,-1.51781250e-02,2.14062500e-02,1.01756250e-01
1.48587500e-08,-1.50906250e-02,2.13890625e-02,1.01756250e-01
1.48987500e-08,-1.50062500e-02,2.13750000e-02,1.01756250e-01
1.49387500e-08,-1.49312500e-02,2.13656250e-02,1.01753125e-01
1.49787500e-08,-1.48593750e-02,2.13609375e-02,1.01753125e-01
1.50187500e-08,-1.47937500e-02,2.13625000e-02,1.01753125e-01
1.50587500e-08,-1.47281250e-02,2.13703125e-02,1.01750000e-01
1.50987500e-08,-1.46656250e-02,2.13828125e-02,1.01750000e-01
1.51387500e-08,-1.46000000e-02,2.14031250e-02,1.01746875e-01
1.51787500e-08,-1.45312500e-02,2.14281250e-02,1.01746875e-01
1.52187500e-08,-1.44593750e-02,2.14578125e-02,1.01746875e-01
1.52587500e-08,-1.43843750e-02,2.14937500e-02,1.01743750e-01
1.52987500e-08,-1.43062500e-02,2.15328125e-02,1.01743750e-01
1.53387500e-08,-1.42218750e-02,2.15750000e-02,1.01740625e-01
1.53787500e-08,-1.41312500e-02,2.16171875e-02,1.01740625e-01
1.54187500e-08,-1.40406250e-02,2.16609375e-02,1.01740625e-01
1.54587500e-08,-1.39468750e-02,2.17031250e-02,1.01737500e-01
1.54987500e-08,-1.38562500e-02,2.17437500e-02,1.01737500e-01
1.55387500e-08,-1.37625000e-02,2.17781250e-02,1.01737500e-01
1.55787500e-08,-1.36781250e-02,2.18093750e-02,1.01734375e-01
1.56187500e-08,-1.35968750e-02,2.18328125e-02,1.01734375e-01
1.56587500e-08,-1.35218750e-02,2.18500000e-02,1.01734375e-01
1.56987500e-08,-1.34593750e-02,2.18593750e-02,1.01731250e-01
1.57387500e-08,-1.34062500e-02,2.18593750e-02,1.01731250e-01
1.57787500e-08,-1.33625000e-02,2.18515625e-02,1.01731250e-01
1.58187500e-08,-1.33343750e-02,2.18359375e-02,1.01731250e-01
1.58587500e-08,-1.33156250e-02,2.18125000e-02,1.01728125e-01
1.58987500e-08,-1.33093750e-02,2.17812500e-02,1.01728125e-01
1.59387500e-08,-1.33125000e-02,2.17437500e-02,1.01728125e-01
1.59787500e-08,-1.33218750e-02,2.17015625e-02,1.01728125e-01
1.60187500e-08,-1.33375000e-02,2.16562500e-02,1.01725000e-01
1.60587500e-08,-1.33562500e-02,2.16093750e-02,1.01725000e-01
1.60987500e-08,-1.33718750e-02,2.15625000e-02,1.01725000e-01
1.61387500e-08,-1.33875000e-02,2.15171875e-02,1.01721875e-01
1.61787500e-08,-1.33968750e-02,2.14734375e-02,1.01721875e-01
1.62187500e-08,-1.33968750e-02,2.14343750e-02,1.01721875e-01
1.62587500e-08,-1.33875000e-02,2.14015625e-02,1.01718750e-01
1.62987500e-08,-1.33625000e-02,2.13734375e-02,1.01718750e-01
1.63387500e-08,-1.33250000e-02,2.13515625e-02,1.01715625e-01
1.63787500e-08,-1.32750000e-02,2.13375000e-02,1.01715625e-01
1.64187500e-08,-1.32062500e-02,2.13312500e-02,1.01715625e-01
1.64587500e-08,-1.31250000e-02,2.13296875e-02,1.01715625e-01
1.64987500e-08,-1.30312500e-02,2.13359375e-02,1.01712500e-01
1.65387500e-08,-1.29218750e-02,2.13468750e-02,1.01712500e-01
1.65787500e-08,-1.28062500e-02,2.13625000e-02,1.01712500e-01
1.66187500e-08,-1.26812500e-02,2.13812500e-02,1.01709375e-01
1.66587500e-08,-1.25531250e-02,2.14031250e-02,1.01709375e-01
1.66987500e-08,-1.24218750e-02,2.14265625e-02,1.01709375e-01
1.67387500e-08,-1.22906250e-02,2.14500000e-02,1.01709375e-01
1.67787500e-08,-1.21625000e-02,2.14718750e-02,1.01709375e-01
1.68187500e-08,-1.20375000e-02,2.14937500e-02,1.01706250e-01
1.68587500e-08,-1.19218750e-02,2.15125000e-02,1.01706250e-01
1.68987500e-08,-1.18156250e-02,2.15296875e-02,1.01706250e-01
1.69387500e-08,-1.17187500e-02,2.15437500e-02,1.01706250e-01
1.69787500e-08,-1.16312500e-02,2.15546875e-02,1.01703125e-01
1.70187500e-08,-1.15531250e-02,2.15625000e-02,1.01703125e-01
1.70587500e-08,-1.14875000e-02,2.15687500e-02,1.01703125e-01
1.70987500e-08,-1.14281250e-02,2.15734375e-02,1.01703125e-01
1.71387500e-08,-1.13812500e-02,2.15750000e-02,1.01700000e-01
1.71787500e-08,-1.13375000e-02,2.15781250e-02,1.01700000e-01
1.72187500e-08,-1.13000000e-02,2.15781250e-02,1.01700000e-01
1.72587500e-08,-1.12656250e-02,2.15796875e-02,1.01700000e-01
1.72987500e-08,-1.12312500e-02,2.15828125e-02,1.01696875e-01
1.73387500e-08,-1.12000000e-02,2.15859375e-02,1.01696875e-01
1.73787500e-08,-1.11656250e-02,2.15906250e-02,1.01696875e-01
1.74187500e-08,-1.11281250e-02,2.15953125e-02,1.01693750e-01
1.74587500e-08,-1.10875000e-02,2.16031250e-02,1.01693750e-01
1.74987500e-08,-1.10437500e-02,2.16109375e-02,1.01693750e-01
1.75387500e-08,-1.09968750e-02,2.16187500e-02,1.01693750e-01
1.75787500e-08,-1.09437500e-02,2.16281250e-02,1.01690625e-01
1.76187500e-08,-1.08875000e-02,2.16375000e-02,1.01690625e-01
1.76587500e-08,-1.08281250e-02,2.16468750e-02,1.01690625e-01
1.76987500e-08,-1.07625000e-02,2.16531250e-02,1.01690625e-01
1.77387500e-08,-1.06968750e-02,2.16593750e-02,1.01690625e-01
1.77787500e-08,-1.06281250e-02,2.16640625e-02,1.01690625e-01
1.78187500e-08,-1.05593750e-02,2.16656250e-02,1.01687500e-01
1.78587500e-08,-1.04875000e-02,2.16640625e-02,1.01687500e-01
1.78987500e-08,-1.04187500e-02,2.16609375e-02,1.01687500e-01
1.79387500e-08,-1.03531250e-02,2.16546875e-02,1.01687500e-01
1.79787500e-08,-1.02875000e-02,2.16468750e-02,1.01687500e-01
1.80187500e-08,-1.02250000e-02,2.16359375e-02,1.01684375e-01
1.80587500e-08,-1.01656250e-02,2.16234375e-02,1.01684375e-01
1.80987500e-08,-1.01093750e-02,2.16109375e-02,1.01684375e-01
1.81387500e-08,-1.00562500e-02,2.15968750e-02,1.01684375e-01
1.81787500e-08,-1.00062500e-02,2.15812500e-02,1.01681250e-01
1.82187500e-08,-9.96250000e-03,2.15687500e-02,1.01681250e-01
1.82587500e-08,-9.91875000e-03,2.15546875e-02,1.01681250e-01
1.82987500e-08,-9.88125000e-03,2.15437500e-02,1.01681250e-01
1.83387500e-08,-9.84687500e-03,2.15328125e-02,1.01681250e-01
1.83787500e-08,-9.81250000e-03,2.15250000e-02,1.01678125e-01
1.84187500e-08,-9.78437500e-03,2.15187500e-02,1.01678125e-01
1.84587500e-08,-9.75625000e-03,2.15156250e-02,1.01678125e-01
1.84987500e-08,-9.73437500e-03,2.15125000e-02,1.01678125e-01
1.85387500e-08,-9.71250000e-03,2.15125000e-02,1.01678125e-01
1.85787500e-08,-9.69062500e-03,2.15140625e-02,1.01675000e-01
1.86187500e-08,-9.67187500e-03,2.15156250e-02,1.01675000e-01
1.86587500e-08,-9.65312500e-03,2.15187500e-02,1.01675000e-01
1.86987500e-08,-9.63437500e-03,2.15218750e-02,1.01675000e-01
1.87387500e-08,-9.61250000e-03,2.15250000e-02,1.01675000e-01
1.87787500e-08,-9.59375000e-03,2.15281250e-02,1.01675000e-01
1.88187500e-08,-9.56875000e-03,2.15312500e-02,1.01671875e-01
1.88587500e-08,-9.54375000e-03,2.15328125e-02,1.01671875e-01
1.88987500e-08,-9.51250000e-03,2.15328125e-02,1.01671875e-01
1.89387500e-08,-9.47812500e-03,2.15312500e-02,1.01671875e-01
1.89787500e-08,-9.43750000e-03,2.15296875e-02,1.01671875e-01
1.90187500e-08,-9.39375000e-03,2.15265625e-02,1.01668750e-01
1.90587500e-08,-9.34375000e-03,2.15218750e-02,1.01668750e-01
1.90987500e-08,-9.28750000e-03,2.15171875e-02,1.01668750e-01
1.91387500e-08,-9.22500000e-03,2.15125000e-02,1.01668750e-01
1.91787500e-08,-9.15937500e-03,2.15062500e-02,1.01668750e-01
1.92187500e-08,-9.08750000e-03,2.15000000e-02,1.01668750e-01
1.92587500e-08,-9.01250000e-03,2.14937500e-02,1.01665625e-01
1.92987500e-08,-8.93750000e-03,2.14875000e-02,1.01665625e-01
1.93387500e-08,-8.85625000e-03,2.14812500e-02,1.01665625e-01
1.93787500e-08,-8.77812500e-03,2.14765625e-02,1.01665625e-01
1.94187500e-08,-8.70312500e-03,2.14703125e-02,1.01665625e-01
1.94587500e-08,-8.62812500e-03,2.14656250e-02,1.01662500e-01
1.94987500e-08,-8.55625000e-03,2.14609375e-02,1.01662500e-01
1.95387500e-08,-8.49062500e-03,2.14562500e-02,1.01662500e-01
1.95787500e-08,-8.42812500e-03,2.14515625e-02,1.01662500e-01
1.96187500e-08,-8.37500000e-03,2.14453125e-02,1.01662500e-01
1.96587500e-08,-8.32500000e-03,2.14390625e-02,1.01662500e-01
1.96987500e-08,-8.28437500e-03,2.14328125e-02,1.01662500e-01
1.97387500e-08,-8.24687500e-03,2.14250000e-02,1.01659375e-01
1.97787500e-08,-8.21562500e-03,2.14171875e-02,1.01659375e-01
1.98187500e-08,-8.18437500e-03,2.14093750e-02,1.01659375e-01
1.98587500e-08,-8.15937500e-03,2.14000000e-02,1.01659375e-01
1.98987500e-08,-8.13125000e-03,2.13906250e-02,1.01659375e-01
1.99387500e-08,-8.10312500e-03,2.13812500e-02,1.01659375e-01
1.99787500e-08,-8.07187500e-03,2.13718750e-02,1.01659375e-01
2.00187500e-08,-8.03750000e-03,2.13640625e-02,1.01656250e-01
2.00587500e-08,-8.00000000e-03,2.13562500e-02,1.01656250e-01
2.00987500e-08,-7.95312500e-03,2.13515625e-02,1.01656250e-01
2.01387500e-08,-7.90000000e-03,2.13484375e-02,1.01656250e-01
2.01787500e-08,-7.83750000e-03,2.13468750e-02,1.01656250e-01
2.02187500e-08,-7.77187500e-03,2.13500000e-02,1.01656250e-01
2.02587500e-08,-7.69687500e-03,2.13546875e-02,1.01653125e-01
2.02987500e-08,-7.61875000e-03,2.13640625e-02,1.01653125e-01
2.03387500e-08,-7.53437500e-03,2.13765625e-02,1.01653125e-01
2.03787500e-08,-7.45000000e-03,2.13921875e-02,1.01653125e-01
2.04187500e-08,-7.36250000e-03,2.14109375e-02,1.01653125e-01
2.04587500e-08,-7.27812500e-03,2.14328125e-02,1.01653125e-01
2.04987500e-08,-7.20000000e-03,2.14562500e-02,1.01653125e-01
2.05387500e-08,-7.12812500e-03,2.14828125e-02,1.01650000e-01
2.05787500e-08,-7.06250000e-03,2.15093750e-02,1.01650000e-01
2.06187500e-08,-7.00625000e-03,2.15375000e-02,1.01650000e-01
2.06587500e-08,-6.96250000e-03,2.15656250e-02,1.01650000e-01
2.06987500e-08,-6.93125000e-03,2.15921875e-02,1.01650000e-01
2.07387500e-08,-6.90937500e-03,2.16171875e-02,1.01650000e-01
2.07787500e-08,-6.90000000e-03,2.16390625e-02,1.01650000e-01
2.08187500e-08,-6.90312500e-03,2.16593750e-02,1.01650000e-01
2.08587500e-08,-6.91562500e-03,2.16750000e-02,1.01646875e-01
2.08987500e-08,-6.93437500e-03,2.16859375e-02,1.01646875e-01
2.09387500e-08,-6.95625000e-03,2.16921875e-02,1.01646875e-01
2.09787500e-08,-6.98437500e-03,2.16937500e-02,1.01646875e-01
2.10187500e-08,-7.01250000e-03,2.16906250e-02,1.01646875e-01
2.10587500e-08,-7.04062500e-03,2.16812500e-02,1.01646875e-01
2.10987500e-08,-7.06250000e-03,2.16671875e-02,1.01646875e-01
2.11387500e-08,-7.07812500e-03,2.16484375e-02,1.01646875e-01
2.11787500e-08,-7.08750000e-03,2.16265625e-02,1.01646875e-01
2.12187500e-08,-7.08750000e-03,2.16000000e-02,1.01643750e-01
2.12587500e-08,-7.07500000e-03,2.15703125e-02,1.01643750e-01
2.12987500e-08,-7.05312500e-03,2.15390625e-02,1.01643750e-01
2.13387500e-08,-7.02187500e-03,2.15046875e-02,1.01643750e-01
2.13787500e-08,-6.97812500e-03,2.14703125e-02,1.01643750e-01
2.14187500e-08,-6.92812500e-03,2.14375000e-02,1.01643750e-01
2.14587500e-08,-6.87187500e-03,2.14046875e-02,1.01643750e-01
2.14987500e-08,-6.80937500e-03,2.13734375e-02,1.01643750e-01
2.15387500e-08,-6.74062500e-03,2.13453125e-02,1.01640625e-01
2.15787500e-08,-6.67187500e-03,2.13203125e-02,1.01640625e-01
2.16187500e-08,-6.60625000e-03,2.13000000e-02,1.01640625e-01
2.16587500e-08,-6.53750000e-03,2.12828125e-02,1.01640625e-01
2.16987500e-08,-6.47500000e-03,2.12718750e-02,1.01640625e-01
2.17387500e-08,-6.41875000e-03,2.12656250e-02,1.01640625e-01
2.17787500e-08,-6.36250000e-03,2.12640625e-02,1.01640625e-01
2.18187500e-08,-6.31562500e-03,2.12687500e-02,1.01640625e-01
2.18587500e-08,-6.27187500e-03,2.12765625e-02,1.01640625e-01
2.18987500e-08,-6.23437500e-03,2.12906250e-02,1.01640625e-01
2.19387500e-08,-6.19687500e-03,2.13078125e-02,1.01637500e-01
2.19787500e-08,-6.16562500e-03,2.13281250e-02,1.01637500e-01
2.20187500e-08,-6.13125000e-03,2.13515625e-02,1.01637500e-01
2.20587500e-08,-6.10000000e-03,2.13765625e-02,1.01637500e-01
2.20987500e-08,-6.06562500e-03,2.14015625e-02,1.01637500e-01
2.21387500e-08,-6.02500000e-03,2.14265625e-02,1.01637500e-01
2.21787500e-08,-5.98437500e-03,2.14500000e-02,1.01637500e-01
2.22187500e-08,-5.93750000e-03,2.14718750e-02,1.01637500e-01
2.22587500e-08,-5.88437500e-03,2.14921875e-02,1.01637500e-01
2.22987500e-08,-5.82812500e-03,2.15078125e-02,1.01637500e-01
2.23387500e-08,-5.76562500e-03,2.15187500e-02,1.01634375e-01
2.23787500e-08,-5.70000000e-03,2.15265625e-02,1.01634375e-01
2.24187500e-08,-5.63437500e-03,2.15281250e-02,1.01634375e-01
2.24587500e-08,-5.56562500e-03,2.15265625e-02,1.01634375e-01
2.24987500e-08,-5.50000000e-03,2.15203125e-02,1.01634375e-01
2.25387500e-08,-5.43750000e-03,2.15093750e-02,1.01634375e-01
2.25787500e-08,-5.38125000e-03,2.14953125e-02,1.01634375e-01
2.26187500e-08,-5.33125000e-03,2.14796875e-02,1.01634375e-01
2.26587500e-08,-5.28750000e-03,2.14609375e-02,1.01634375e-01
2.26987500e-08,-5.25625000e-03,2.14406250e-02,1.01634375e-01
2.27387500e-08,-5.23437500e-03,2.14203125e-02,1.01634375e-01
2.27787500e-08,-5.22187500e-03,2.14015625e-02,1.01631250e-01
2.28187500e-08,-5.22187500e-03,2.13843750e-02,1.01631250e-01
2.28587500e-08,-5.23125000e-03,2.13703125e-02,1.01631250e-01
2.28987500e-08,-5.24687500e-03,2.13593750e-02,1.01631250e-01
2.29387500e-08,-5.26875000e-03,2.13531250e-02,1.01631250e-01
2.29787500e-08,-5.29375000e-03,2.13500000e-02,1.01631250e-01
2.30187500e-08,-5.32187500e-03,2.13531250e-02,1.01631250e-01
2.30587500e-08,-5.35000000e-03,2.13593750e-02,1.01631250e-01
2.30987500e-08,-5.37187500e-03,2.13687500e-02,1.01631250e-01
2.31387500e-08,-5.39062500e-03,2.13828125e-02,1.01631250e-01
2.31787500e-08,-5.40000000e-03,2.14000000e-02,1.01631250e-01
2.32187500e-08,-5.40000000e-03,2.14187500e-02,1.01631250e-01
2.32587500e-08,-5.39062500e-03,2.14390625e-02,1.01628125e-01
2.32987500e-08,-5.37187500e-03,2.14593750e-02,1.01628125e-01
2.33387500e-08,-5.34062500e-03,2.14781250e-02,1.01628125e-01
2.33787500e-08,-5.30312500e-03,2.14953125e-02,1.01628125e-01
2.34187500e-08,-5.25312500e-03,2.15093750e-02,1.01628125e-01
2.34587500e-08,-5.19687500e-03,2.15203125e-02,1.01628125e-01
2.34987500e-08,-5.13750000e-03,2.15265625e-02,1.01628125e-01
2.35387500e-08,-5.07812500e-03,2.15265625e-02,1.01628125e-01
2.35787500e-08,-5.01562500e-03,2.15234375e-02,1.01628125e-01
2.36187500e-08,-4.95937500e-03,2.15140625e-02,1.01628125e-01
2.36587500e-08,-4.90625000e-03,2.14984375e-02,1.01628125e-01
2.36987500e-08,-4.86250000e-03,2.14796875e-02,1.01628125e-01
2.37387500e-08,-4.83125000e-03,2.14562500e-02,1.01628125e-01
2.37787500e-08,-4.80625000e-03,2.14296875e-02,1.01625000e-01
2.38187500e-08,-4.79375000e-03,2.14015625e-02,1.01625000e-01
2.38587500e-08,-4.79375000e-03,2.13718750e-02,1.01625000e-01
2.38987500e-08,-4.80625000e-03,2.13437500e-02,1.01625000e-01
2.39387500e-08,-4.82500000e-03,2.13140625e-02,1.01625000e-01
2.39787500e-08,-4.85312500e-03,2.12890625e-02,1.01625000e-01
2.40187500e-08,-4.88750000e-03,2.12656250e-02,1.01625000e-01
2.40587500e-08,-4.92500000e-03,2.12468750e-02,1.01625000e-01
2.40987500e-08,-4.95937500e-03,2.12312500e-02,1.01625000e-01
2.41387500e-08,-4.99375000e-03,2.12218750e-02,1.01625000e-01
2.41787500e-08,-5.02187500e-03,2.12187500e-02,1.01625000e-01
2.42187500e-08,-5.04062500e-03,2.12203125e-02,1.01625000e-01
2.42587500e-08,-5.05000000e-03,2.12265625e-02,1.01625000e-01
2.42987500e-08,-5.04687500e-03,2.12375000e-02,1.01625000e-01
2.43387500e-08,-5.03437500e-03,2.12546875e-02,1.01621875e-01
2.43787500e-08,-5.00312500e-03,2.12734375e-02,1.01621875e-01
2.44187500e-08,-4.96250000e-03,2.12953125e-02,1.01621875e-01
2.44587500e-08,-4.90937500e-03,2.13203125e-02,1.01621875e-01
2.44987500e-08,-4.84375000e-03,2.13437500e-02,1.01621875e-01
2.45387500e-08,-4.77187500e-03,2.13687500e-02,1.01621875e-01
2.45787500e-08,-4.69062500e-03,2.13921875e-02,1.01621875e-01
2.46187500e-08,-4.60937500e-03,2.14140625e-02,1.01621875e-01
2.46587500e-08,-4.52500000e-03,2.14328125e-02,1.01621875e-01
2.46987500e-08,-4.44375000e-03,2.14484375e-02,1.01621875e-01
2.47387500e-08,-4.36875000e-03,2.14609375e-02,1.01621875e-01
2.47787500e-08,-4.30000000e-03,2.14687500e-02,1.01621875e-01
2.48187500e-08,-4.24062500e-03,2.14734375e-02,1.01621875e-01
2.48587500e-08,-4.19062500e-03,2.14718750e-02,1.01621875e-01
2.48987500e-08,-4.15312500e-03,2.14687500e-02,1.01621875e-01
2.49387500e-08,-4.12812500e-03,2.14609375e-02,1.01621875e-01
2.49787500e-08,-4.11250000e-03,2.14515625e-02,1.01618750e-01
2.50187500e-08,-4.10625000e-03,2.14390625e-02,1.01618750e-01
2.50587500e-08,-4.10937500e-03,2.14250000e-02,1.01618750e-01
2.50987500e-08,-4.11875000e-03,2.14093750e-02,1.01618750e-01
2.51387500e-08,-4.13125000e-03,2.13953125e-02,1.01618750e-01
2.51787500e-08,-4.14375000e-03,2.13812500e-02,1.01618750e-01
2.52187500e-08,-4.15937500e-03,2.13671875e-02,1.01618750e-01
2.52587500e-08,-4.16875000e-03,2.13562500e-02,1.01618750e-01
2.52987500e-08,-4.17187500e-03,2.13484375e-02,1.01618750e-01
2.53387500e-08,-4.16875000e-03,2.13421875e-02,1.01618750e-01
2.53787500e-08,-4.15937500e-03,2.13406250e-02,1.01618750e-01
2.54187500e-08,-4.13750000e-03,2.13406250e-02,1.01618750e-01
2.54587500e-08,-4.10937500e-03,2.13453125e-02,1.01618750e-01
2.54987500e-08,-4.06875000e-03,2.13515625e-02,1.01618750e-01
2.55387500e-08,-4.02187500e-03,2.13609375e-02,1.01618750e-01
2.55787500e-08,-3.97187500e-03,2.13734375e-02,1.01618750e-01
2.56187500e-08,-3.91562500e-03,2.13890625e-02,1.01618750e-01
2.56587500e-08,-3.85937500e-03,2.14046875e-02,1.01618750e-01
2.56987500e-08,-3.80312500e-03,2.14203125e-02,1.01615625e-01
2.57387500e-08,-3.75312500e-03,2.14375000e-02,1.01615625e-01
2.57787500e-08,-3.70937500e-03,2.14531250e-02,1.01615625e-01
2.58187500e-08,-3.67500000e-03,2.14671875e-02,1.01615625e-01
2.58587500e-08,-3.65312500e-03,2.14796875e-02,1.01615625e-01
2.58987500e-08,-3.64375000e-03,2.14906250e-02,1.01615625e-01
2.59387500e-08,-3.65000000e-03,2.14968750e-02,1.01615625e-01
2.59787500e-08,-3.67187500e-03,2.15000000e-02,1.01615625e-01
2.60187500e-08,-3.70937500e-03,2.15000000e-02,1.01615625e-01
2.60587500e-08,-3.75937500e-03,2.14968750e-02,1.01615625e-01
2.60987500e-08,-3.82500000e-03,2.14906250e-02,1.01615625e-01
2.61387500e-08,-3.90000000e-03,2.14796875e-02,1.01615625e-01
2.61787500e-08,-3.98437500e-03,2.14656250e-02,1.01615625e-01
2.62187500e-08,-4.07500000e-03,2.14484375e-02,1.01615625e-01
2.62587500e-08,-4.16562500e-03,2.14296875e-02,1.01615625e-01
2.62987500e-08,-4.25625000e-03,2.14093750e-02,1.01615625e-01
2.63387500e-08,-4.34062500e-03,2.13875000e-02,1.01615625e-01
2.63787500e-08,-4.41875000e-03,2.13656250e-02,1.01615625e-01
2.64187500e-08,-4.48750000e-03,2.13437500e-02,1.01615625e-01
2.64587500e-08,-4.53750000e-03,2.13234375e-02,1.01615625e-01
2.64987500e-08,-4.57500000e-03,2.13031250e-02,1.01612500e-01
2.65387500e-08,-4.59375000e-03,2.12859375e-02,1.01612500e-01
2.65787500e-08,-4.59375000e-03,2.12718750e-02,1.01612500e-01
2.66187500e-08,-4.57500000e-03,2.12578125e-02,1.01612500e-01
2.66587500e-08,-4.53437500e-03,2.12484375e-02,1.01612500e-01
2.66987500e-08,-4.47812500e-03,2.12406250e-02,1.01612500e-01
2.67387500e-08,-4.40312500e-03,2.12359375e-02,1.01612500e-01
2.67787500e-08,-4.31250000e-03,2.12328125e-02,1.01612500e-01
2.68187500e-08,-4.20937500e-03,2.12328125e-02,1.01612500e-01
2.68587500e-08,-4.09687500e-03,2.12328125e-02,1.01612500e-01
2.68987500e-08,-3.97812500e-03,2.12343750e-02,1.01612500e-01
2.69387500e-08,-3.85000000e-03,2.12359375e-02,1.01612500e-01
2.69787500e-08,-3.72500000e-03,2.12375000e-02,1.01612500e-01
2.70187500e-08,-3.60000000e-03,2.12390625e-02,1.01612500e-01
2.70587500e-08,-3.47812500e-03,2.12390625e-02,1.01612500e-01
2.70987500e-08,-3.36562500e-03,2.12375000e-02,1.01612500e-01
2.71387500e-08,-3.25937500e-03,2.12359375e-02,1.01612500e-01
2.71787500e-08,-3.16562500e-03,2.12312500e-02,1.01612500e-01
2.72187500e-08,-3.08437500e-03,2.12250000e-02,1.01612500e-01
2.72587500e-08,-3.01562500e-03,2.12171875e-02,1.01612500e-01
2.72987500e-08,-2.96250000e-03,2.12078125e-02,1.01612500e-01
2.73387500e-08,-2.92187500e-03,2.11984375e-02,1.01612500e-01
2.73787500e-08,-2.89687500e-03,2.11875000e-02,1.01612500e-01
2.74187500e-08,-2.88437500e-03,2.11781250e-02,1.01609375e-01
2.74587500e-08,-2.88750000e-03,2.11671875e-02,1.01609375e-01
2.74987500e-08,-2.89687500e-03,2.11593750e-02,1.01609375e-01
2.75387500e-08,-2.91875000e-03,2.11515625e-02,1.01609375e-01
2.75787500e-08,-2.95000000e-03,2.11468750e-02,1.01609375e-01
2.76187500e-08,-2.98437500e-03,2.11437500e-02,1.01609375e-01
2.76587500e-08,-3.02187500e-03,2.11437500e-02,1.01609375e-01
2.76987500e-08,-3.06250000e-03,2.11468750e-02,1.01609375e-01
2.77387500e-08,-3.10312500e-03,2.11546875e-02,1.01609375e-01
2.77787500e-08,-3.14062500e-03,2.11640625e-02,1.01609375e-01
2.78187500e-08,-3.17187500e-03,2.11781250e-02,1.01609375e-01
2.78587500e-08,-3.20000000e-03,2.11937500e-02,1.01609375e-01
2.78987500e-08,-3.21875000e-03,2.12125000e-02,1.01609375e-01
2.79387500e-08,-3.23125000e-03,2.12343750e-02,1.01609375e-01
2.79787500e-08,-3.23437500e-03,2.12578125e-02,1.01609375e-01
2.80187500e-08,-3.22812500e-03,2.12812500e-02,1.01609375e-01
2.80587500e-08,-3.21562500e-03,2.13062500e-02,1.01609375e-01
2.80987500e-08,-3.19375000e-03,2.13312500e-02,1.01609375e-01
2.81387500e-08,-3.16250000e-03,2.13546875e-02,1.01609375e-01
2.81787500e-08,-3.12812500e-03,2.13781250e-02,1.01609375e-01
2.82187500e-08,-3.09062500e-03,2.14000000e-02,1.01609375e-01
2.82587500e-08,-3.05000000e-03,2.14203125e-02,1.01609375e-01
2.82987500e-08,-3.00937500e-03,2.14375000e-02,1.01609375e-01
2.83387500e-08,-2.97187500e-03,2.14515625e-02,1.01609375e-01
2.83787500e-08,-2.94062500e-03,2.14625000e-02,1.01609375e-01
2.84187500e-08,-2.91562500e-03,2.14718750e-02,1.01609375e-01
2.84587500e-08,-2.90000000e-03,2.14781250e-02,1.01609375e-01
2.84987500e-08,-2.89687500e-03,2.14796875e-02,1.01609375e-01
2.85387500e-08,-2.90312500e-03,2.14796875e-02,1.01609375e-01
2.85787500e-08,-2.92500000e-03,2.14765625e-02,1.01609375e-01
2.86187500e-08,-2.95937500e-03,2.14703125e-02,1.01606250e-01
2.86587500e-08,-3.00625000e-03,2.14625000e-02,1.01606250e-01
2.86987500e-08,-3.06562500e-03,2.14515625e-02,1.01606250e-01
2.87387500e-08,-3.13437500e-03,2.14375000e-02,1.01606250e-01
2.87787500e-08,-3.21250000e-03,2.14218750e-02,1.01606250e-01
2.88187500e-08,-3.29687500e-03,2.14046875e-02,1.01606250e-01
2.88587500e-08,-3.38125000e-03,2.13859375e-02,1.01606250e-01
2.88987500e-08,-3.46562500e-03,2.13656250e-02,1.01606250e-01
2.89387500e-08,-3.54375000e-03,2.13421875e-02,1.01606250e-01
2.89787500e-08,-3.61562500e-03,2.13203125e-02,1.01606250e-01
2.90187500e-08,-3.67500000e-03,2.12968750e-02,1.01606250e-01
2.90587500e-08,-3.72187500e-03,2.12718750e-02,1.01606250e-01
2.90987500e-08,-3.75000000e-03,2.12484375e-02,1.01606250e-01
2.91387500e-08,-3.75937500e-03,2.12250000e-02,1.01606250e-01
2.91787500e-08,-3.74687500e-03,2.12015625e-02,1.01606250e-01
2.92187500e-08,-3.71250000e-03,2.11781250e-02,1.01606250e-01
2.92587500e-08,-3.65937500e-03,2.11578125e-02,1.01606250e-01
2.92987500e-08,-3.58125000e-03,2.11375000e-02,1.01606250e-01
2.93387500e-08,-3.48750000e-03,2.11203125e-02,1.01606250e-01
2.93787500e-08,-3.37500000e-03,2.11046875e-02,1.01606250e-01
2.94187500e-08,-3.25000000e-03,2.10906250e-02,1.01606250e-01
2.94587500e-08,-3.11562500e-03,2.10796875e-02,1.01606250e-01
2.94987500e-08,-2.97187500e-03,2.10703125e-02,1.01606250e-01
2.95387500e-08,-2.82500000e-03,2.10640625e-02,1.01606250e-01
2.95787500e-08,-2.68125000e-03,2.10593750e-02,1.01606250e-01
2.96187500e-08,-2.54062500e-03,2.10562500e-02,1.01606250e-01
2.96587500e-08,-2.40625000e-03,2.10546875e-02,1.01606250e-01
2.96987500e-08,-2.28437500e-03,2.10546875e-02,1.01606250e-01
2.97387500e-08,-2.17187500e-03,2.10562500e-02,1.01606250e-01
2.97787500e-08,-2.07500000e-03,2.10562500e-02,1.01606250e-01
2.98187500e-08,-1.99375000e-03,2.10578125e-02,1.01606250e-01
2.98587500e-08,-1.92812500e-03,2.10578125e-02,1.01606250e-01
2.98987500e-08,-1.87812500e-03,2.10578125e-02,1.01606250e-01
2.99387500e-08,-1.84062500e-03,2.10546875e-02,1.01606250e-01
2.99787500e-08,-1.81562500e-03,2.10515625e-02,1.01606250e-01
3.00187500e-08,-1.80000000e-03,2.10468750e-02,1.01606250e-01
3.00587500e-08,-1.79062500e-03,2.10406250e-02,1.01606250e-01
3.00987500e-08,-1.79062500e-03,2.10328125e-02,1.01606250e-01
3.01387500e-08,-1.79062500e-03,2.10250000e-02,1.01606250e-01
3.01787500e-08,-1.79375000e-03,2.10140625e-02,1.01606250e-01
3.02187500e-08,-1.79687500e-03,2.10031250e-02,1.01603125e-01
3.02587500e-08,-1.79687500e-03,2.09921875e-02,1.01603125e-01
3.02987500e-08,-1.79375000e-03,2.09828125e-02,1.01603125e-01
3.03387500e-08,-1.78750000e-03,2.09718750e-02,1.01603125e-01
3.03787500e-08,-1.77812500e-03,2.09625000e-02,1.01603125e-01
3.04187500e-08,-1.76562500e-03,2.09546875e-02,1.01603125e-01
3.04587500e-08,-1.75312500e-03,2.09500000e-02,1.01603125e-01
3.04987500e-08,-1.73750000e-03,2.09453125e-02,1.01603125e-01
3.05387500e-08,-1.72500000e-03,2.09437500e-02,1.01603125e-01
3.05787500e-08,-1.71562500e-03,2.09453125e-02,1.01603125e-01
3.06187500e-08,-1.71250000e-03,2.09484375e-02,1.01603125e-01
3.06587500e-08,-1.71562500e-03,2.09531250e-02,1.01603125e-01
3.06987500e-08,-1.72812500e-03,2.09593750e-02,1.01603125e-01
3.07387500e-08,-1.75000000e-03,2.09671875e-02,1.01603125e-01
3.07787500e-08,-1.78125000e-03,2.09765625e-02,1.01603125e-01
3.08187500e-08,-1.82187500e-03,2.09859375e-02,1.01603125e-01
3.08587500e-08,-1.87500000e-03,2.09937500e-02,1.01603125e-01
3.08987500e-08,-1.93750000e-03,2.10031250e-02,1.01603125e-01
3.09387500e-08,-2.00937500e-03,2.10109375e-02,1.01603125e-01
3.09787500e-08,-2.08437500e-03,2.10156250e-02,1.01603125e-01
3.10187500e-08,-2.16562500e-03,2.10203125e-02,1.01603125e-01
3.10587500e-08,-2.24687500e-03,2.10218750e-02,1.01603125e-01
3.10987500e-08,-2.33125000e-03,2.10218750e-02,1.01603125e-01
3.11387500e-08,-2.40937500e-03,2.10187500e-02,1.01603125e-01
3.11787500e-08,-2.48437500e-03,2.10156250e-02,1.01603125e-01
3.12187500e-08,-2.55000000e-03,2.10093750e-02,1.01603125e-01
3.12587500e-08,-2.60625000e-03,2.10015625e-02,1.01603125e-01
3.12987500e-08,-2.65000000e-03,2.09921875e-02,1.01603125e-01
3.13387500e-08,-2.68437500e-03,2.09828125e-02,1.01603125e-01
3.13787500e-08,-2.70312500e-03,2.09734375e-02,1.01603125e-01
3.14187500e-08,-2.70937500e-03,2.09640625e-02,1.01603125e-01
3.14587500e-08,-2.70312500e-03,2.09562500e-02,1.01603125e-01
3.14987500e-08,-2.68750000e-03,2.09484375e-02,1.01603125e-01
3.15387500e-08,-2.65937500e-03,2.09421875e-02,1.01603125e-01
3.15787500e-08,-2.62187500e-03,2.09359375e-02,1.01603125e-01
3.16187500e-08,-2.57812500e-03,2.09328125e-02,1.01603125e-01
3.16587500e-08,-2.52812500e-03,2.09312500e-02,1.01603125e-01
3.16987500e-08,-2.47187500e-03,2.09296875e-02,1.01603125e-01
3.17387500e-08,-2.41562500e-03,2.09296875e-02,1.01603125e-01
3.17787500e-08,-2.35625000e-03,2.09312500e-02,1.01603125e-01
3.18187500e-08,-2.29687500e-03,2.09328125e-02,1.01603125e-01
3.18587500e-08,-2.23750000e-03,2.09328125e-02,1.01603125e-01
3.18987500e-08,-2.18125000e-03,2.09328125e-02,1.01603125e-01
3.19387500e-08,-2.12187500e-03,2.09328125e-02,1.01603125e-01
3.19787500e-08,-2.06562500e-03,2.09296875e-02,1.01603125e-01
3.20187500e-08,-2.00937500e-03,2.09265625e-02,1.01603125e-01
3.20587500e-08,-1.95312500e-03,2.09203125e-02,1.01603125e-01
3.20987500e-08,-1.89687500e-03,2.09109375e-02,1.01603125e-01
3.21387500e-08,-1.83750000e-03,2.09015625e-02,1.01603125e-01
3.21787500e-08,-1.77812500e-03,2.08890625e-02,1.01603125e-01
3.22187500e-08,-1.71562500e-03,2.08734375e-02,1.01603125e-01
3.22587500e-08,-1.65000000e-03,2.08578125e-02,1.01603125e-01
3.22987500e-08,-1.58125000e-03,2.08406250e-02,1.01603125e-01
3.23387500e-08,-1.51250000e-03,2.08218750e-02,1.01603125e-01
3.23787500e-08,-1.44062500e-03,2.08031250e-02,1.01603125e-01
3.24187500e-08,-1.36562500e-03,2.07859375e-02,1.01603125e-01
3.24587500e-08,-1.29375000e-03,2.07687500e-02,1.01603125e-01
3.24987500e-08,-1.22187500e-03,2.07531250e-02,1.01603125e-01
3.25387500e-08,-1.15625000e-03,2.07390625e-02,1.01603125e-01
3.25787500e-08,-1.09375000e-03,2.07265625e-02,1.01603125e-01
3.26187500e-08,-1.03750000e-03,2.07171875e-02,1.01603125e-01
3.26587500e-08,-9.90625000e-04,2.07109375e-02,1.01603125e-01
3.26987500e-08,-9.53125000e-04,2.07062500e-02,1.01603125e-01
3.27387500e-08,-9.28125000e-04,2.07046875e-02,1.01603125e-01
3.27787500e-08,-9.12500000e-04,2.07062500e-02,1.01603125e-01
3.28187500e-08,-9.12500000e-04,2.07093750e-02,1.01603125e-01
3.28587500e-08,-9.25000000e-04,2.07156250e-02,1.01603125e-01
3.28987500e-08,-9.50000000e-04,2.07218750e-02,1.01603125e-01
3.29387500e-08,-9.90625000e-04,2.07296875e-02,1.01603125e-01
3.29787500e-08,-1.04062500e-03,2.07390625e-02,1.01603125e-01
3.30187500e-08,-1.10312500e-03,2.07484375e-02,1.01600000e-01
3.30587500e-08,-1.17500000e-03,2.07578125e-02,1.01600000e-01
3.30987500e-08,-1.25312500e-03,2.07656250e-02,1.01600000e-01
3.31387500e-08,-1.33750000e-03,2.07734375e-02,1.01600000e-01
3.31787500e-08,-1.42812500e-03,2.07812500e-02,1.01600000e-01
3.32187500e-08,-1.51875000e-03,2.07859375e-02,1.01600000e-01
3.32587500e-08,-1.60937500e-03,2.07906250e-02,1.01600000e-01
3.32987500e-08,-1.69687500e-03,2.07937500e-02,1.01600000e-01
3.33387500e-08,-1.78437500e-03,2.07937500e-02,1.01600000e-01
3.33787500e-08,-1.86250000e-03,2.07937500e-02,1.01600000e-01
3.34187500e-08,-1.93437500e-03,2.07937500e-02,1.01600000e-01
3.34587500e-08,-2.00000000e-03,2.07906250e-02,1.01600000e-01
3.34987500e-08,-2.05625000e-03,2.07875000e-02,1.01600000e-01
3.35387500e-08,-2.10312500e-03,2.07828125e-02,1.01600000e-01
3.35787500e-08,-2.13750000e-03,2.07765625e-02,1.01600000e-01
3.36187500e-08,-2.16562500e-03,2.07703125e-02,1.01600000e-01
3.36587500e-08,-2.18125000e-03,2.07625000e-02,1.01600000e-01
3.36987500e-08,-2.18750000e-03,2.07546875e-02,1.01600000e-01
3.37387500e-08,-2.18750000e-03,2.07453125e-02,1.01600000e-01
3.37787500e-08,-2.17500000e-03,2.07343750e-02,1.01600000e-01
3.38187500e-08,-2.15625000e-03,2.07234375e-02,1.01600000e-01
3.38587500e-08,-2.13125000e-03,2.07109375e-02,1.01600000e-01
3.38987500e-08,-2.10000000e-03,2.06984375e-02,1.01600000e-01
3.39387500e-08,-2.06250000e-03,2.06828125e-02,1.01600000e-01
3.39787500e-08,-2.02187500e-03,2.06671875e-02,1.01600000e-01
3.40187500e-08,-1.97500000e-03,2.06500000e-02,1.01600000e-01
3.40587500e-08,-1.92500000e-03,2.06312500e-02,1.01600000e-01
3.40987500e-08,-1.87500000e-03,2.06125000e-02,1.01600000e-01
3.41387500e-08,-1.82187500e-03,2.05921875e-02,1.01600000e-01
3.41787500e-08,-1.76562500e-03,2.05703125e-02,1.01600000e-01
3.42187500e-08,-1.70937500e-03,2.05484375e-02,1.01600000e-01
3.42587500e-08,-1.65312500e-03,2.05265625e-02,1.01600000e-01
3.42987500e-08,-1.59375000e-03,2.05046875e-02,1.01600000e-01
3.43387500e-08,-1.53437500e-03,2.04828125e-02,1.01600000e-01
3.43787500e-08,-1.47500000e-03,2.04625000e-02,1.01600000e-01
3.44187500e-08,-1.41562500e-03,2.04421875e-02,1.01600000e-01
3.44587500e-08,-1.35312500e-03,2.04234375e-02,1.01600000e-01
3.44987500e-08,-1.29062500e-03,2.04046875e-02,1.01600000e-01
3.45387500e-08,-1.22812500e-03,2.03890625e-02,1.01600000e-01
3.45787500e-08,-1.16250000e-03,2.03750000e-02,1.01600000e-01
3.46187500e-08,-1.09687500e-03,2.03640625e-02,1.01600000e-01
3.46587500e-08,-1.02812500e-03,2.03546875e-02,1.01600000e-01
3.46987500e-08,-9.56250000e-04,2.03468750e-02,1.01600000e-01
3.47387500e-08,-8.84375000e-04,2.03421875e-02,1.01600000e-01
3.47787500e-08,-8.12500000e-04,2.03375000e-02,1.01600000e-01
3.48187500e-08,-7.37500000e-04,2.03375000e-02,1.01600000e-01
3.48587500e-08,-6.65625000e-04,2.03375000e-02,1.01600000e-01
3.48987500e-08,-5.90625000e-04,2.03390625e-02,1.01600000e-01
3.49387500e-08,-5.15625000e-04,2.03421875e-02,1.01600000e-01
3.49787500e-08,-4.46875000e-04,2.03484375e-02,1.01600000e-01
3.50187500e-08,-3.78125000e-04,2.03531250e-02,1.01600000e-01
3.50587500e-08,-3.15625000e-04,2.03609375e-02,1.01600000e-01
3.50987500e-08,-2.59375000e-04,2.03687500e-02,1.01600000e-01
3.51387500e-08,-2.09375000e-04,2.03765625e-02,1.01600000e-01
3.51787500e-08,-1.65625000e-04,2.03859375e-02,1.01600000e-01
3.52187500e-08,-1.34375000e-04,2.03953125e-02,1.01600000e-01
3.52587500e-08,-1.09375000e-04,2.04031250e-02,1.01600000e-01
3.52987500e-08,-1.00000000e-04,2.04125000e-02,1.01600000e-01
3.53387500e-08,-1.00000000e-04,2.04218750e-02,1.01600000e-01
3.53787500e-08,-1.12500000e-04,2.04296875e-02,1.01600000e-01
3.54187500e-08,-1.37500000e-04,2.04375000e-02,1.01600000e-01
3.54587500e-08,-1.71875000e-04,2.04437500e-02,1.01600000e-01
3.54987500e-08,-2.18750000e-04,2.04484375e-02,1.01600000e-01
3.55387500e-08,-2.75000000e-04,2.04515625e-02,1.01600000e-01
3.55787500e-08,-3.40625000e-04,2.04531250e-02,1.01600000e-01
3.56187500e-08,-4.12500000e-04,2.04531250e-02,1.01600000e-01
3.56587500e-08,-4.87500000e-04,2.04500000e-02,1.01600000e-01
3.56987500e-08,-5.68750000e-04,2.04453125e-02,1.01600000e-01
3.57387500e-08,-6.50000000e-04,2.04375000e-02,1.01600000e-01
3.57787500e-08,-7.31250000e-04,2.04265625e-02,1.01600000e-01
3.58187500e-08,-8.12500000e-04,2.04125000e-02,1.01600000e-01
3.58587500e-08,-8.87500000e-04,2.03968750e-02,1.01600000e-01
3.58987500e-08,-9.59375000e-04,2.03781250e-02,1.01600000e-01
3.59387500e-08,-1.02187500e-03,2.03593750e-02,1.01600000e-01
3.59787500e-08,-1.07812500e-03,2.03375000e-02,1.01600000e-01
3.60187500e-08,-1.12812500e-03,2.03156250e-02,1.01600000e-01
3.60587500e-08,-1.16875000e-03,2.02921875e-02,1.01600000e-01
3.60987500e-08,-1.20000000e-03,2.02703125e-02,1.01600000e-01
3.61387500e-08,-1.22500000e-03,2.02500000e-02,1.01600000e-01
3.61787500e-08,-1.24375000e-03,2.02312500e-02,1.01600000e-01
3.62187500e-08,-1.25625000e-03,2.02156250e-02,1.01600000e-01
3.62587500e-08,-1.26250000e-03,2.02031250e-02,1.01600000e-01
3.62987500e-08,-1.26562500e-03,2.01953125e-02,1.01600000e-01
3.63387500e-08,-1.26562500e-03,2.01906250e-02,1.01600000e-01
3.63787500e-08,-1.26250000e-03,2.01921875e-02,1.01600000e-01
3.64187500e-08,-1.25625000e-03,2.01968750e-02,1.01600000e-01
3.64587500e-08,-1.25000000e-03,2.02062500e-02,1.01600000e-01
3.64987500e-08,-1.24375000e-03,2.02203125e-02,1.01600000e-01
3.65387500e-08,-1.23750000e-03,2.02390625e-02,1.01600000e-01
3.65787500e-08,-1.22812500e-03,2.02609375e-02,1.01600000e-01
3.66187500e-08,-1.21562500e-03,2.02859375e-02,1.01600000e-01
3.66587500e-08,-1.20312500e-03,2.03109375e-02,1.01600000e-01
3.66987500e-08,-1.18750000e-03,2.03390625e-02,1.01600000e-01
3.67387500e-08,-1.16875000e-03,2.03656250e-02,1.01600000e-01
3.67787500e-08,-1.14375000e-03,2.03906250e-02,1.01600000e-01
3.68187500e-08,-1.11250000e-03,2.04140625e-02,1.01600000e-01
3.68587500e-08,-1.07500000e-03,2.04328125e-02,1.01600000e-01
3.68987500e-08,-1.03125000e-03,2.04500000e-02,1.01600000e-01
3.69387500e-08,-9.78125000e-04,2.04609375e-02,1.01600000e-01
3.69787500e-08,-9.15625000e-04,2.04671875e-02,1.01600000e-01
3.70187500e-08,-8.46875000e-04,2.04687500e-02,1.01600000e-01
3.70587500e-08,-7.71875000e-04,2.04640625e-02,1.01600000e-01
3.70987500e-08,-6.93750000e-04,2.04546875e-02,1.01600000e-01
3.71387500e-08,-6.09375000e-04,2.04406250e-02,1.01600000e-01
3.71787500e-08,-5.21875000e-04,2.04218750e-02,1.01600000e-01
3.72187500e-08,-4.34375000e-04,2.04000000e-02,1.01600000e-01
3.72587500e-08,-3.46875000e-04,2.03750000e-02,1.01600000e-01
3.72987500e-08,-2.65625000e-04,2.03484375e-02,1.01600000e-01
3.73387500e-08,-1.87500000e-04,2.03203125e-02,1.01600000e-01
3.73787500e-08,-1.18750000e-04,2.02906250e-02,1.01600000e-01
3.74187500e-08,-5.93750000e-05,2.02640625e-02,1.01600000e-01
3.74587500e-08,-1.25000000e-05,2.02375000e-02,1.01600000e-01
3.74987500e-08,2.18750000e-05,2.02125000e-02,1.01600000e-01
3.75387500e-08,4.37500000e-05,2.01921875e-02,1.01600000e-01
3.75787500e-08,5.00000000e-05,2.01734375e-02,1.01600000e-01
3.76187500e-08,4.37500000e-05,2.01593750e-02,1.01600000e-01
3.76587500e-08,2.50000000e-05,2.01484375e-02,1.01600000e-01
3.76987500e-08,-6.25000000e-06,2.01421875e-02,1.01600000e-01
3.77387500e-08,-4.68750000e-05,2.01390625e-02,1.01600000e-01
3.77787500e-08,-1.00000000e-04,2.01375000e-02,1.01600000e-01
3.78187500e-08,-1.56250000e-04,2.01406250e-02,1.01600000e-01
3.78587500e-08,-2.18750000e-04,2.01437500e-02,1.01600000e-01
3.78987500e-08,-2.87500000e-04,2.01500000e-02,1.01600000e-01
3.79387500e-08,-3.53125000e-04,2.01578125e-02,1.01600000e-01
3.79787500e-08,-4.18750000e-04,2.01656250e-02,1.01600000e-01
3.80187500e-08,-4.81250000e-04,2.01734375e-02,1.01600000e-01
3.80587500e-08,-5.40625000e-04,2.01812500e-02,1.01600000e-01
3.80987500e-08,-5.96875000e-04,2.01890625e-02,1.01600000e-01
3.81387500e-08,-6.43750000e-04,2.01953125e-02,1.01600000e-01
3.81787500e-08,-6.84375000e-04,2.02000000e-02,1.01600000e-01
3.82187500e-08,-7.21875000e-04,2.02046875e-02,1.01600000e-01
3.82587500e-08,-7.50000000e-04,2.02078125e-02,1.01600000e-01
3.82987500e-08,-7.75000000e-04,2.02093750e-02,1.01600000e-01
3.83387500e-08,-7.93750000e-04,2.02109375e-02,1.01600000e-01
3.83787500e-08,-8.06250000e-04,2.02109375e-02,1.01600000e-01
3.84187500e-08,-8.18750000e-04,2.02093750e-02,1.01600000e-01
3.84587500e-08,-8.25000000e-04,2.02093750e-02,1.01600000e-01
3.84987500e-08,-8.31250000e-04,2.02078125e-02,1.01600000e-01
3.85387500e-08,-8.34375000e-04,2.02062500e-02,1.01600000e-01
3.85787500e-08,-8.37500000e-04,2.02046875e-02,1.01600000e-01
3.86187500e-08,-8.37500000e-04,2.02015625e-02,1.01600000e-01
3.86587500e-08,-8.37500000e-04,2.02000000e-02,1.01600000e-01
3.86987500e-08,-8.34375000e-04,2.01984375e-02,1.01600000e-01
3.87387500e-08,-8.25000000e-04,2.01968750e-02,1.01600000e-01
3.87787500e-08,-8.15625000e-04,2.01937500e-02,1.01600000e-01
3.88187500e-08,-7.96875000e-04,2.01906250e-02,1.01600000e-01
3.88587500e-08,-7.75000000e-04,2.01875000e-02,1.01600000e-01
3.88987500e-08,-7.43750000e-04,2.01828125e-02,1.01600000e-01
3.89387500e-08,-7.06250000e-04,2.01765625e-02,1.01600000e-01
3.89787500e-08,-6.59375000e-04,2.01703125e-02,1.01600000e-01
3.90187500e-08,-6.03125000e-04,2.01625000e-02,1.01600000e-01
3.90587500e-08,-5.37500000e-04,2.01531250e-02,1.01600000e-01
3.90987500e-08,-4.62500000e-04,2.01421875e-02,1.01600000e-01
3.91387500e-08,-3.78125000e-04,2.01296875e-02,1.01600000e-01
3.91787500e-08,-2.87500000e-04,2.01156250e-02,1.01600000e-01
3.92187500e-08,-1.90625000e-04,2.01015625e-02,1.01600000e-01
3.92587500e-08,-9.06250000e-05,2.00843750e-02,1.01600000e-01
3.92987500e-08,1.25000000e-05,2.00687500e-02,1.01600000e-01
3.93387500e-08,1.15625000e-04,2.00500000e-02,1.01600000e-01
3.93787500e-08,2.15625000e-04,2.00328125e-02,1.01600000e-01
3.94187500e-08,3.15625000e-04,2.00140625e-02,1.01600000e-01
3.94587500e-08,4.06250000e-04,1.99953125e-02,1.01600000e-01
3.94987500e-08,4.93750000e-04,1.99781250e-02,1.01600000e-01
3.95387500e-08,5.68750000e-04,1.99609375e-02,1.01600000e-01
3.95787500e-08,6.37500000e-04,1.99437500e-02,1.01600000e-01
3.96187500e-08,6.93750000e-04,1.99265625e-02,1.01600000e-01
3.96587500e-08,7.40625000e-04,1.99125000e-02,1.01600000e-01
3.96987500e-08,7.81250000e-04,1.98984375e-02,1.01600000e-01
3.97387500e-08,8.09375000e-04,1.98843750e-02,1.01600000e-01
3.97787500e-08,8.31250000e-04,1.98718750e-02,1.01600000e-01
3.98187500e-08,8.46875000e-04,1.98609375e-02,1.01600000e-01
3.98587500e-08,8.59375000e-04,1.98500000e-02,1.01600000e-01
3.98987500e-08,8.68750000e-04,1.98406250e-02,1.01600000e-01
3.99387500e-08,8.75000000e-04,1.98328125e-02,1.01600000e-01
3.99787500e-08,8.84375000e-04,1.98234375e-02,1.01600000e-01
4.00187500e-08,8.93750000e-04,1.98171875e-02,1.01600000e-01
4.00587500e-08,9.06250000e-04,1.98109375e-02,1.01600000e-01
4.00987500e-08,9.25000000e-04,1.98046875e-02,1.01600000e-01
4.01387500e-08,9.43750000e-04,1.97984375e-02,1.01600000e-01
4.01787500e-08,9.68750000e-04,1.97937500e-02,1.01600000e-01
4.02187500e-08,9.96875000e-04,1.97890625e-02,1.01600000e-01
4.02587500e-08,1.02812500e-03,1.97843750e-02,1.01600000e-01
4.02987500e-08,1.05937500e-03,1.97796875e-02,1.01600000e-01
4.03387500e-08,1.09062500e-03,1.97765625e-02,1.01600000e-01
4.03787500e-08,1.12187500e-03,1.97734375e-02,1.01600000e-01
4.04187500e-08,1.14687500e-03,1.97703125e-02,1.01600000e-01
4.04587500e-08,1.16562500e-03,1.97687500e-02,1.01600000e-01
4.04987500e-08,1.17812500e-03,1.97671875e-02,1.01600000e-01
4.05387500e-08,1.18437500e-03,1.97656250e-02,1.01600000e-01
4.05787500e-08,1.17812500e-03,1.97640625e-02,1.01600000e-01
4.06187500e-08,1.16250000e-03,1.97640625e-02,1.01600000e-01
4.06587500e-08,1.13750000e-03,1.97656250e-02,1.01600000e-01
4.06987500e-08,1.10312500e-03,1.97656250e-02,1.01600000e-01
4.07387500e-08,1.06250000e-03,1.97687500e-02,1.01600000e-01
4.07787500e-08,1.01250000e-03,1.97703125e-02,1.01600000e-01
4.08187500e-08,9.59375000e-04,1.97734375e-02,1.01600000e-01
4.08587500e-08,9.03125000e-04,1.97781250e-02,1.01600000e-01
4.08987500e-08,8.46875000e-04,1.97812500e-02,1.01600000e-01
4.09387500e-08,7.90625000e-04,1.97859375e-02,1.01600000e-01
4.09787500e-08,7.43750000e-04,1.97906250e-02,1.01600000e-01
4.10187500e-08,7.03125000e-04,1.97953125e-02,1.01600000e-01
4.10587500e-08,6.71875000e-04,1.98000000e-02,1.01600000e-01
4.10987500e-08,6.53125000e-04,1.98046875e-02,1.01600000e-01
4.11387500e-08,6.46875000e-04,1.98093750e-02,1.01600000e-01
4.11787500e-08,6.56250000e-04,1.98125000e-02,1.01600000e-01
4.12187500e-08,6.81250000e-04,1.98156250e-02,1.01600000e-01
4.12587500e-08,7.18750000e-04,1.98171875e-02,1.01600000e-01
4.12987500e-08,7.68750000e-04,1.98171875e-02,1.01600000e-01
4.13387500e-08,8.31250000e-04,1.98156250e-02,1.01600000e-01
4.13787500e-08,9.03125000e-04,1.98125000e-02,1.01600000e-01
4.14187500e-08,9.81250000e-04,1.98078125e-02,1.01600000e-01
4.14587500e-08,1.06562500e-03,1.98000000e-02,1.01600000e-01
4.14987500e-08,1.15312500e-03,1.97921875e-02,1.01600000e-01
4.15387500e-08,1.24062500e-03,1.97812500e-02,1.01600000e-01
4.15787500e-08,1.32500000e-03,1.97687500e-02,1.01600000e-01
4.16187500e-08,1.40312500e-03,1.97546875e-02,1.01600000e-01
4.16587500e-08,1.47500000e-03,1.97406250e-02,1.01600000e-01
4.16987500e-08,1.54062500e-03,1.97234375e-02,1.01600000e-01
4.17387500e-08,1.59375000e-03,1.97062500e-02,1.01600000e-01
4.17787500e-08,1.63750000e-03,1.96890625e-02,1.01600000e-01
4.18187500e-08,1.66875000e-03,1.96718750e-02,1.01600000e-01
4.18587500e-08,1.69375000e-03,1.96546875e-02,1.01600000e-01
4.18987500e-08,1.70625000e-03,1.96390625e-02,1.01600000e-01
4.19387500e-08,1.71250000e-03,1.96234375e-02,1.01600000e-01
4.19787500e-08,1.71250000e-03,1.96109375e-02,1.01600000e-01
4.20187500e-08,1.70625000e-03,1.95984375e-02,1.01600000e-01
4.20587500e-08,1.69687500e-03,1.95890625e-02,1.01600000e-01
4.20987500e-08,1.68437500e-03,1.95812500e-02,1.01600000e-01
4.21387500e-08,1.67187500e-03,1.95765625e-02,1.01600000e-01
4.21787500e-08,1.66250000e-03,1.95734375e-02,1.01600000e-01
4.22187500e-08,1.65625000e-03,1.95734375e-02,1.01600000e-01
4.22587500e-08,1.65000000e-03,1.95734375e-02,1.01600000e-01
4.22987500e-08,1.65000000e-03,1.95765625e-02,1.01600000e-01
4.23387500e-08,1.65000000e-03,1.95812500e-02,1.01600000e-01
4.23787500e-08,1.65625000e-03,1.95859375e-02,1.01600000e-01
4.24187500e-08,1.66250000e-03,1.95906250e-02,1.01600000e-01
4.24587500e-08,1.67187500e-03,1.95968750e-02,1.01600000e-01
4.24987500e-08,1.68125000e-03,1.96015625e-02,1.01600000e-01
4.25387500e-08,1.69062500e-03,1.96078125e-02,1.01600000e-01
4.25787500e-08,1.69687500e-03,1.96109375e-02,1.01600000e-01
4.26187500e-08,1.70312500e-03,1.96140625e-02,1.01600000e-01
4.26587500e-08,1.70312500e-03,1.96156250e-02,1.01600000e-01
4.26987500e-08,1.70000000e-03,1.96156250e-02,1.01600000e-01
4.27387500e-08,1.69062500e-03,1.96140625e-02,1.01600000e-01
4.27787500e-08,1.67812500e-03,1.96109375e-02,1.01600000e-01
4.28187500e-08,1.66250000e-03,1.96062500e-02,1.01600000e-01
4.28587500e-08,1.63750000e-03,1.96000000e-02,1.01600000e-01
4.28987500e-08,1.61250000e-03,1.95937500e-02,1.01600000e-01
4.29387500e-08,1.58437500e-03,1.95859375e-02,1.01600000e-01
4.29787500e-08,1.55000000e-03,1.95765625e-02,1.01600000e-01
4.30187500e-08,1.51875000e-03,1.95671875e-02,1.01600000e-01
4.30587500e-08,1.48437500e-03,1.95593750e-02,1.01600000e-01
4.30987500e-08,1.45000000e-03,1.95500000e-02,1.01600000e-01
4.31387500e-08,1.41875000e-03,1.95406250e-02,1.01600000e-01
4.31787500e-08,1.38750000e-03,1.95328125e-02,1.01600000e-01
4.32187500e-08,1.35937500e-03,1.95234375e-02,1.01600000e-01
4.32587500e-08,1.33437500e-03,1.95156250e-02,1.01600000e-01
4.32987500e-08,1.30937500e-03,1.95078125e-02,1.01600000e-01
4.33387500e-08,1.29062500e-03,1.95000000e-02,1.01600000e-01
4.33787500e-08,1.27187500e-03,1.94921875e-02,1.01600000e-01
4.34187500e-08,1.25312500e-03,1.94843750e-02,1.01600000e-01
4.34587500e-08,1.23750000e-03,1.94765625e-02,1.01600000e-01
4.34987500e-08,1.22500000e-03,1.94687500e-02,1.01600000e-01
4.35387500e-08,1.20937500e-03,1.94593750e-02,1.01600000e-01
4.35787500e-08,1.19687500e-03,1.94500000e-02,1.01600000e-01
4.36187500e-08,1.18125000e-03,1.94390625e-02,1.01600000e-01
4.36587500e-08,1.16875000e-03,1.94296875e-02,1.01600000e-01
4.36987500e-08,1.15625000e-03,1.94187500e-02,1.01600000e-01
4.37387500e-08,1.14375000e-03,1.94062500e-02,1.01600000e-01
4.37787500e-08,1.13125000e-03,1.93953125e-02,1.01600000e-01
4.38187500e-08,1.12500000e-03,1.93843750e-02,1.01600000e-01
4.38587500e-08,1.11875000e-03,1.93750000e-02,1.01600000e-01
4.38987500e-08,1.11875000e-03,1.93656250e-02,1.01600000e-01
4.39387500e-08,1.12187500e-03,1.93578125e-02,1.01600000e-01
4.39787500e-08,1.13437500e-03,1.93515625e-02,1.01600000e-01
4.40187500e-08,1.15312500e-03,1.93484375e-02,1.01600000e-01
4.40587500e-08,1.18125000e-03,1.93468750e-02,1.01600000e-01
4.40987500e-08,1.21562500e-03,1.93468750e-02,1.01600000e-01
4.41387500e-08,1.25937500e-03,1.93500000e-02,1.01600000e-01
4.41787500e-08,1.30937500e-03,1.93546875e-02,1.01600000e-01
4.42187500e-08,1.36875000e-03,1.93625000e-02,1.01600000e-01
4.42587500e-08,1.43437500e-03,1.93718750e-02,1.01600000e-01
4.42987500e-08,1.50312500e-03,1.93812500e-02,1.01600000e-01
4.43387500e-08,1.57812500e-03,1.93921875e-02,1.01600000e-01
4.43787500e-08,1.65312500e-03,1.94031250e-02,1.01600000e-01
4.44187500e-08,1.72812500e-03,1.94140625e-02,1.01600000e-01
4.44587500e-08,1.80000000e-03,1.94234375e-02,1.01600000e-01
4.44987500e-08,1.86875000e-03,1.94296875e-02,1.01600000e-01
4.45387500e-08,1.93437500e-03,1.94343750e-02,1.01600000e-01
4.45787500e-08,1.99062500e-03,1.94359375e-02,1.01600000e-01
4.46187500e-08,2.03750000e-03,1.94343750e-02,1.01600000e-01
4.46587500e-08,2.07812500e-03,1.94296875e-02,1.01600000e-01
4.46987500e-08,2.10625000e-03,1.94218750e-02,1.01600000e-01
4.47387500e-08,2.12812500e-03,1.94093750e-02,1.01600000e-01
4.47787500e-08,2.14062500e-03,1.93937500e-02,1.01600000e-01
4.48187500e-08,2.14687500e-03,1.93750000e-02,1.01600000e-01
4.48587500e-08,2.14687500e-03,1.93546875e-02,1.01600000e-01
4.48987500e-08,2.14062500e-03,1.93328125e-02,1.01600000e-01
4.49387500e-08,2.13437500e-03,1.93093750e-02,1.01600000e-01
4.49787500e-08,2.12500000e-03,1.92875000e-02,1.01600000e-01
4.50187500e-08,2.11875000e-03,1.92671875e-02,1.01600000e-01
4.50587500e-08,2.11250000e-03,1.92500000e-02,1.01600000e-01
4.50987500e-08,2.10937500e-03,1.92343750e-02,1.01600000e-01
4.51387500e-08,2.11250000e-03,1.92250000e-02,1.01600000e-01
4.51787500e-08,2.12187500e-03,1.92187500e-02,1.01600000e-01
4.52187500e-08,2.13437500e-03,1.92203125e-02,1.01600000e-01
4.52587500e-08,2.15312500e-03,1.92265625e-02,1.01600000e-01
4.52987500e-08,2.17500000e-03,1.92375000e-02,1.01600000e-01
4.53387500e-08,2.20000000e-03,1.92562500e-02,1.01600000e-01
4.53787500e-08,2.23125000e-03,1.92796875e-02,1.01600000e-01
4.54187500e-08,2.25937500e-03,1.93078125e-02,1.01600000e-01
4.54587500e-08,2.29062500e-03,1.93406250e-02,1.01600000e-01
4.54987500e-08,2.31562500e-03,1.93750000e-02,1.01600000e-01
4.55387500e-08,2.34062500e-03,1.94125000e-02,1.01600000e-01
4.55787500e-08,2.35625000e-03,1.94500000e-02,1.01600000e-01
4.56187500e-08,2.36875000e-03,1.94859375e-02,1.01600000e-01
4.56587500e-08,2.37187500e-03,1.95203125e-02,1.01600000e-01
4.56987500e-08,2.36562500e-03,1.95515625e-02,1.01600000e-01
4.57387500e-08,2.35312500e-03,1.95781250e-02,1.01600000e-01
4.57787500e-08,2.33125000e-03,1.96000000e-02,1.01600000e-01
4.58187500e-08,2.30312500e-03,1.96140625e-02,1.01600000e-01
4.58587500e-08,2.27187500e-03,1.96234375e-02,1.01600000e-01
4.58987500e-08,2.23437500e-03,1.96234375e-02,1.01600000e-01
4.59387500e-08,2.19375000e-03,1.96187500e-02,1.01600000e-01
4.59787500e-08,2.15312500e-03,1.96062500e-02,1.01600000e-01
4.60187500e-08,2.11562500e-03,1.95859375e-02,1.01600000e-01
4.60587500e-08,2.07812500e-03,1.95625000e-02,1.01600000e-01
4.60987500e-08,2.05000000e-03,1.95328125e-02,1.01600000e-01
4.61387500e-08,2.03125000e-03,1.95000000e-02,1.01600000e-01
4.61787500e-08,2.01875000e-03,1.94656250e-02,1.01600000e-01
4.62187500e-08,2.01562500e-03,1.94296875e-02,1.01600000e-01
4.62587500e-08,2.02812500e-03,1.93953125e-02,1.01600000e-01
4.62987500e-08,2.05000000e-03,1.93609375e-02,1.01600000e-01
4.63387500e-08,2.08437500e-03,1.93296875e-02,1.01600000e-01
4.63787500e-08,2.12812500e-03,1.93031250e-02,1.01600000e-01
4.64187500e-08,2.18437500e-03,1.92796875e-02,1.01600000e-01
4.64587500e-08,2.25000000e-03,1.92609375e-02,1.01600000e-01
4.64987500e-08,2.32500000e-03,1.92484375e-02,1.01600000e-01
4.65387500e-08,2.40625000e-03,1.92421875e-02,1.01600000e-01
4.65787500e-08,2.49375000e-03,1.92390625e-02,1.01600000e-01
4.66187500e-08,2.58437500e-03,1.92406250e-02,1.01600000e-01
4.66587500e-08,2.67500000e-03,1.92468750e-02,1.01600000e-01
4.66987500e-08,2.76562500e-03,1.92546875e-02,1.01600000e-01
4.67387500e-08,2.85312500e-03,1.92656250e-02,1.01600000e-01
4.67787500e-08,2.94062500e-03,1.92765625e-02,1.01600000e-01
4.68187500e-08,3.01875000e-03,1.92859375e-02,1.01600000e-01
4.68587500e-08,3.09375000e-03,1.92937500e-02,1.01600000e-01
4.68987500e-08,3.16250000e-03,1.93000000e-02,1.01600000e-01
4.69387500e-08,3.22187500e-03,1.93015625e-02,1.01600000e-01
4.69787500e-08,3.27187500e-03,1.92984375e-02,1.01600000e-01
4.70187500e-08,3.31562500e-03,1.92906250e-02,1.01600000e-01
4.70587500e-08,3.35000000e-03,1.92781250e-02,1.01600000e-01
4.70987500e-08,3.37500000e-03,1.92593750e-02,1.01600000e-01
4.71387500e-08,3.39062500e-03,1.92359375e-02,1.01600000e-01
4.71787500e-08,3.39687500e-03,1.92078125e-02,1.01600000e-01
4.72187500e-08,3.39375000e-03,1.91765625e-02,1.01600000e-01
4.72587500e-08,3.38125000e-03,1.91437500e-02,1.01600000e-01
4.72987500e-08,3.36250000e-03,1.91078125e-02,1.01600000e-01
4.73387500e-08,3.33750000e-03,1.90718750e-02,1.01600000e-01
4.73787500e-08,3.30000000e-03,1.90390625e-02,1.01600000e-01
4.74187500e-08,3.25937500e-03,1.90078125e-02,1.01600000e-01
4.74587500e-08,3.21250000e-03,1.89796875e-02,1.01600000e-01
4.74987500e-08,3.15937500e-03,1.89562500e-02,1.01600000e-01
4.75387500e-08,3.10000000e-03,1.89406250e-02,1.01600000e-01
4.75787500e-08,3.03750000e-03,1.89296875e-02,1.01600000e-01
4.76187500e-08,2.97187500e-03,1.89250000e-02,1.01600000e-01
4.76587500e-08,2.90625000e-03,1.89281250e-02,1.01600000e-01
4.76987500e-08,2.83750000e-03,1.89375000e-02,1.01600000e-01
4.77387500e-08,2.76875000e-03,1.89531250e-02,1.01600000e-01
4.77787500e-08,2.70312500e-03,1.89718750e-02,1.01600000e-01
4.78187500e-08,2.64062500e-03,1.89968750e-02,1.01600000e-01
4.78587500e-08,2.58125000e-03,1.90234375e-02,1.01600000e-01
4.78987500e-08,2.52500000e-03,1.90500000e-02,1.01600000e-01
4.79387500e-08,2.47812500e-03,1.90781250e-02,1.01600000e-01
4.79787500e-08,2.43437500e-03,1.91046875e-02,1.01600000e-01
4.80187500e-08,2.40000000e-03,1.91265625e-02,1.01600000e-01
4.80587500e-08,2.36875000e-03,1.91453125e-02,1.01600000e-01
4.80987500e-08,2.35000000e-03,1.91593750e-02,1.01600000e-01
4.81387500e-08,2.33437500e-03,1.91656250e-02,1.01600000e-01
4.81787500e-08,2.32812500e-03,1.91671875e-02,1.01600000e-01
4.82187500e-08,2.32812500e-03,1.91625000e-02,1.01600000e-01
4.82587500e-08,2.33125000e-03,1.91500000e-02,1.01600000e-01
4.82987500e-08,2.34062500e-03,1.91343750e-02,1.01600000e-01
4.83387500e-08,2.35312500e-03,1.91125000e-02,1.01600000e-01
4.83787500e-08,2.37187500e-03,1.90875000e-02,1.01600000e-01
4.84187500e-08,2.38750000e-03,1.90593750e-02,1.01600000e-01
4.84587500e-08,2.40625000e-03,1.90312500e-02,1.01600000e-01
4.84987500e-08,2.42187500e-03,1.90046875e-02,1.01600000e-01
4.85387500e-08,2.44062500e-03,1.89781250e-02,1.01600000e-01
4.85787500e-08,2.45312500e-03,1.89562500e-02,1.01600000e-01
4.86187500e-08,2.46562500e-03,1.89390625e-02,1.01600000e-01
4.86587500e-08,2.47187500e-03,1.89265625e-02,1.01600000e-01
4.86987500e-08,2.47812500e-03,1.89218750e-02,1.01600000e-01
4.87387500e-08,2.48125000e-03,1.89218750e-02,1.01600000e-01
4.87787500e-08,2.47812500e-03,1.89281250e-02,1.01600000e-01
4.88187500e-08,2.47500000e-03,1.89421875e-02,1.01600000e-01
4.88587500e-08,2.46875000e-03,1.89593750e-02,1.01600000e-01
4.88987500e-08,2.45937500e-03,1.89812500e-02,1.01600000e-01
4.89387500e-08,2.45000000e-03,1.90062500e-02,1.01600000e-01
4.89787500e-08,2.43750000e-03,1.90328125e-02,1.01600000e-01
4.90187500e-08,2.42812500e-03,1.90593750e-02,1.01600000e-01
4.90587500e-08,2.41875000e-03,1.90843750e-02,1.01600000e-01
4.90987500e-08,2.40937500e-03,1.91062500e-02,1.01600000e-01
4.91387500e-08,2.40000000e-03,1.91234375e-02,1.01600000e-01
4.91787500e-08,2.39375000e-03,1.91343750e-02,1.01600000e-01
4.92187500e-08,2.39062500e-03,1.91390625e-02,1.01600000e-01
4.92587500e-08,2.38750000e-03,1.91375000e-02,1.01600000e-01
4.92987500e-08,2.38750000e-03,1.91281250e-02,1.01600000e-01
4.93387500e-08,2.38750000e-03,1.91109375e-02,1.01600000e-01
4.93787500e-08,2.39062500e-03,1.90875000e-02,1.01600000e-01
4.94187500e-08,2.39375000e-03,1.90593750e-02,1.01600000e-01
4.94587500e-08,2.40000000e-03,1.90250000e-02,1.01600000e-01
4.94987500e-08,2.40625000e-03,1.89890625e-02,1.01600000e-01
4.95387500e-08,2.41250000e-03,1.89500000e-02,1.01600000e-01
4.95787500e-08,2.41875000e-03,1.89109375e-02,1.01600000e-01
4.96187500e-08,2.42500000e-03,1.88750000e-02,1.01600000e-01
4.96587500e-08,2.43125000e-03,1.88406250e-02,1.01600000e-01
4.96987500e-08,2.43437500e-03,1.88109375e-02,1.01600000e-01
4.97387500e-08,2.44062500e-03,1.87875000e-02,1.01600000e-01
4.97787500e-08,2.44375000e-03,1.87703125e-02,1.01600000e-01
4.98187500e-08,2.44375000e-03,1.87609375e-02,1.01600000e-01
4.98587500e-08,2.44375000e-03,1.87578125e-02,1.01600000e-01
4.98987500e-08,2.44375000e-03,1.87625000e-02,1.01600000e-01
4.99387500e-08,2.44375000e-03,1.87750000e-02,1.01600000e-01
4.99787500e-08,2.44062500e-03,1.87937500e-02,1.01600000e-01
5.00187500e-08,2.43750000e-03,1.88171875e-02,1.01600000e-01
5.00587500e-08,2.43437500e-03,1.88453125e-02,1.01600000e-01
5.00987500e-08,2.42812500e-03,1.88750000e-02,1.01600000e-01
5.01387500e-08,2.42187500e-03,1.89062500e-02,1.01600000e-01
5.01787500e-08,2.41875000e-03,1.89390625e-02,1.01600000e-01
5.02187500e-08,2.41250000e-03,1.89687500e-02,1.01600000e-01
5.02587500e-08,2.40625000e-03,1.89953125e-02,1.01600000e-01
5.02987500e-08,2.40312500e-03,1.90171875e-02,1.01600000e-01
5.03387500e-08,2.39687500e-03,1.90359375e-02,1.01600000e-01
5.03787500e-08,2.39375000e-03,1.90484375e-02,1.01600000e-01
5.04187500e-08,2.39062500e-03,1.90546875e-02,1.01600000e-01
5.04587500e-08,2.38750000e-03,1.90562500e-02,1.01600000e-01
5.04987500e-08,2.38750000e-03,1.90531250e-02,1.01600000e-01
5.05387500e-08,2.38437500e-03,1.90453125e-02,1.01600000e-01
5.05787500e-08,2.38750000e-03,1.90328125e-02,1.01600000e-01
5.06187500e-08,2.38750000e-03,1.90187500e-02,1.01600000e-01
5.06587500e-08,2.39062500e-03,1.90015625e-02,1.01600000e-01
5.06987500e-08,2.39687500e-03,1.89843750e-02,1.01600000e-01
5.07387500e-08,2.40000000e-03,1.89687500e-02,1.01600000e-01
5.07787500e-08,2.40937500e-03,1.89531250e-02,1.01600000e-01
5.08187500e-08,2.41875000e-03,1.89406250e-02,1.01600000e-01
5.08587500e-08,2.42812500e-03,1.89312500e-02,1.01600000e-01
5.08987500e-08,2.44062500e-03,1.89265625e-02,1.01600000e-01
5.09387500e-08,2.45312500e-03,1.89250000e-02,1.01600000e-01
5.09787500e-08,2.46875000e-03,1.89281250e-02,1.01600000e-01
5.10187500e-08,2.48437500e-03,1.89343750e-02,1.01600000e-01
5.10587500e-08,2.50000000e-03,1.89453125e-02,1.01600000e-01
5.10987500e-08,2.51875000e-03,1.89578125e-02,1.01600000e-01
5.11387500e-08,2.54062500e-03,1.89734375e-02,1.01600000e-01
5.11787500e-08,2.55937500e-03,1.89906250e-02,1.01600000e-01
5.12187500e-08,2.58125000e-03,1.90062500e-02,1.01600000e-01
5.12587500e-08,2.60625000e-03,1.90234375e-02,1.01600000e-01
5.12987500e-08,2.63125000e-03,1.90375000e-02,1.01600000e-01
5.13387500e-08,2.65625000e-03,1.90500000e-02,1.01600000e-01
5.13787500e-08,2.68437500e-03,1.90593750e-02,1.01600000e-01
5.14187500e-08,2.71250000e-03,1.90640625e-02,1.01600000e-01
5.14587500e-08,2.74062500e-03,1.90671875e-02,1.01600000e-01
5.14987500e-08,2.77187500e-03,1.90640625e-02,1.01600000e-01
5.15387500e-08,2.80312500e-03,1.90578125e-02,1.01600000e-01
5.15787500e-08,2.83437500e-03,1.90468750e-02,1.01600000e-01
5.16187500e-08,2.86875000e-03,1.90328125e-02,1.01600000e-01
5.16587500e-08,2.90000000e-03,1.90156250e-02,1.01600000e-01
5.16987500e-08,2.93437500e-03,1.89968750e-02,1.01600000e-01
5.17387500e-08,2.96875000e-03,1.89750000e-02,1.01600000e-01
5.17787500e-08,3.00000000e-03,1.89531250e-02,1.01600000e-01
5.18187500e-08,3.03437500e-03,1.89312500e-02,1.01600000e-01
5.18587500e-08,3.06562500e-03,1.89078125e-02,1.01600000e-01
5.18987500e-08,3.09375000e-03,1.88875000e-02,1.01600000e-01
5.19387500e-08,3.12187500e-03,1.88671875e-02,1.01600000e-01
5.19787500e-08,3.15000000e-03,1.88484375e-02,1.01600000e-01
5.20187500e-08,3.17187500e-03,1.88312500e-02,1.01600000e-01
5.20587500e-08,3.19375000e-03,1.88156250e-02,1.01600000e-01
5.20987500e-08,3.21250000e-03,1.88031250e-02,1.01600000e-01
5.21387500e-08,3.22812500e-03,1.87921875e-02,1.01600000e-01
5.21787500e-08,3.24062500e-03,1.87828125e-02,1.01600000e-01
5.22187500e-08,3.25000000e-03,1.87734375e-02,1.01600000e-01
5.22587500e-08,3.25937500e-03,1.87671875e-02,1.01600000e-01
5.22987500e-08,3.26250000e-03,1.87609375e-02,1.01600000e-01
5.23387500e-08,3.26562500e-03,1.87546875e-02,1.01600000e-01
5.23787500e-08,3.26562500e-03,1.87484375e-02,1.01600000e-01
5.24187500e-08,3.26562500e-03,1.87437500e-02,1.01600000e-01
5.24587500e-08,3.26250000e-03,1.87375000e-02,1.01600000e-01
5.24987500e-08,3.25937500e-03,1.87328125e-02,1.01600000e-01
5.25387500e-08,3.25625000e-03,1.87265625e-02,1.01600000e-01
5.25787500e-08,3.25312500e-03,1.87218750e-02,1.01600000e-01
5.26187500e-08,3.24687500e-03,1.87156250e-02,1.01600000e-01
5.26587500e-08,3.24375000e-03,1.87093750e-02,1.01600000e-01
5.26987500e-08,3.23750000e-03,1.87046875e-02,1.01600000e-01
5.27387500e-08,3.23437500e-03,1.86984375e-02,1.01600000e-01
5.27787500e-08,3.23125000e-03,1.86921875e-02,1.01600000e-01
5.28187500e-08,3.22500000e-03,1.86875000e-02,1.01600000e-01
5.28587500e-08,3.22187500e-03,1.86812500e-02,1.01600000e-01
5.28987500e-08,3.22187500e-03,1.86765625e-02,1.01600000e-01
5.29387500e-08,3.21875000e-03,1.86703125e-02,1.01600000e-01
5.29787500e-08,3.21562500e-03,1.86640625e-02,1.01600000e-01
5.30187500e-08,3.21562500e-03,1.86562500e-02,1.01600000e-01
5.30587500e-08,3.21250000e-03,1.86484375e-02,1.01600000e-01
5.30987500e-08,3.21250000e-03,1.86390625e-02,1.01600000e-01
5.31387500e-08,3.21250000e-03,1.86281250e-02,1.01600000e-01
5.31787500e-08,3.21250000e-03,1.86156250e-02,1.01600000e-01
5.32187500e-08,3.21250000e-03,1.86015625e-02,1.01600000e-01
5.32587500e-08,3.21250000e-03,1.85875000e-02,1.01600000e-01
5.32987500e-08,3.21562500e-03,1.85703125e-02,1.01600000e-01
5.33387500e-08,3.21562500e-03,1.85546875e-02,1.01600000e-01
5.33787500e-08,3.21875000e-03,1.85390625e-02,1.01600000e-01
5.34187500e-08,3.22187500e-03,1.85234375e-02,1.01600000e-01
5.34587500e-08,3.22500000e-03,1.85093750e-02,1.01600000e-01
5.34987500e-08,3.23125000e-03,1.84984375e-02,1.01600000e-01
5.35387500e-08,3.23437500e-03,1.84906250e-02,1.01600000e-01
5.35787500e-08,3.24062500e-03,1.84875000e-02,1.01600000e-01
5.36187500e-08,3.24375000e-03,1.84890625e-02,1.01600000e-01
5.36587500e-08,3.24687500e-03,1.84968750e-02,1.01600000e-01
5.36987500e-08,3.25000000e-03,1.85093750e-02,1.01600000e-01
5.37387500e-08,3.25000000e-03,1.85296875e-02,1.01600000e-01
5.37787500e-08,3.25000000e-03,1.85562500e-02,1.01600000e-01
5.38187500e-08,3.25000000e-03,1.85875000e-02,1.01600000e-01
5.38587500e-08,3.24687500e-03,1.86265625e-02,1.01600000e-01
5.38987500e-08,3.24375000e-03,1.86687500e-02,1.01600000e-01
5.39387500e-08,3.23750000e-03,1.87140625e-02,1.01600000e-01
5.39787500e-08,3.22812500e-03,1.87625000e-02,1.01600000e-01
5.40187500e-08,3.22187500e-03,1.88109375e-02,1.01600000e-01
5.40587500e-08,3.21250000e-03,1.88578125e-02,1.01600000e-01
5.40987500e-08,3.20312500e-03,1.89031250e-02,1.01600000e-01
5.41387500e-08,3.19375000e-03,1.89437500e-02,1.01600000e-01
5.41787500e-08,3.18437500e-03,1.89765625e-02,1.01600000e-01
5.42187500e-08,3.17812500e-03,1.90046875e-02,1.01600000e-01
5.42587500e-08,3.17500000e-03,1.90234375e-02,1.01600000e-01
5.42987500e-08,3.17187500e-03,1.90328125e-02,1.01600000e-01
5.43387500e-08,3.17500000e-03,1.90312500e-02,1.01600000e-01
5.43787500e-08,3.17812500e-03,1.90218750e-02,1.01600000e-01
5.44187500e-08,3.18750000e-03,1.90031250e-02,1.01600000e-01
5.44587500e-08,3.19687500e-03,1.89750000e-02,1.01600000e-01
5.44987500e-08,3.21250000e-03,1.89390625e-02,1.01600000e-01
5.45387500e-08,3.22812500e-03,1.88984375e-02,1.01600000e-01
5.45787500e-08,3.24375000e-03,1.88531250e-02,1.01600000e-01
5.46187500e-08,3.26250000e-03,1.88046875e-02,1.01600000e-01
5.46587500e-08,3.28125000e-03,1.87546875e-02,1.01600000e-01
5.46987500e-08,3.29687500e-03,1.87062500e-02,1.01600000e-01
5.47387500e-08,3.30937500e-03,1.86609375e-02,1.01600000e-01
5.47787500e-08,3.31875000e-03,1.86203125e-02,1.01600000e-01
5.48187500e-08,3.32187500e-03,1.85859375e-02,1.01600000e-01
5.48587500e-08,3.31875000e-03,1.85578125e-02,1.01600000e-01
5.48987500e-08,3.30937500e-03,1.85375000e-02,1.01600000e-01
5.49387500e-08,3.29062500e-03,1.85250000e-02,1.01600000e-01
5.49787500e-08,3.26562500e-03,1.85187500e-02,1.01600000e-01
5.50187500e-08,3.23125000e-03,1.85218750e-02,1.01600000e-01
5.50587500e-08,3.18750000e-03,1.85296875e-02,1.01600000e-01
5.50987500e-08,3.13750000e-03,1.85437500e-02,1.01600000e-01
5.51387500e-08,3.07812500e-03,1.85625000e-02,1.01600000e-01
5.51787500e-08,3.01562500e-03,1.85828125e-02,1.01600000e-01
5.52187500e-08,2.95000000e-03,1.86046875e-02,1.01600000e-01
5.52587500e-08,2.87812500e-03,1.86265625e-02,1.01600000e-01
5.52987500e-08,2.80625000e-03,1.86468750e-02,1.01600000e-01
5.53387500e-08,2.73437500e-03,1.86625000e-02,1.01600000e-01
5.53787500e-08,2.66250000e-03,1.86765625e-02,1.01600000e-01
5.54187500e-08,2.59687500e-03,1.86843750e-02,1.01600000e-01
5.54587500e-08,2.53437500e-03,1.86875000e-02,1.01600000e-01
5.54987500e-08,2.47812500e-03,1.86859375e-02,1.01600000e-01
5.55387500e-08,2.42812500e-03,1.86796875e-02,1.01600000e-01
5.55787500e-08,2.38437500e-03,1.86687500e-02,1.01600000e-01
5.56187500e-08,2.35312500e-03,1.86546875e-02,1.01600000e-01
5.56587500e-08,2.32500000e-03,1.86390625e-02,1.01600000e-01
5.56987500e-08,2.30937500e-03,1.86203125e-02,1.01600000e-01
5.57387500e-08,2.30000000e-03,1.86015625e-02,1.01600000e-01
5.57787500e-08,2.29687500e-03,1.85843750e-02,1.01600000e-01
5.58187500e-08,2.30000000e-03,1.85687500e-02,1.01600000e-01
5.58587500e-08,2.30625000e-03,1.85562500e-02,1.01600000e-01
5.58987500e-08,2.31875000e-03,1.85468750e-02,1.01600000e-01
5.59387500e-08,2.33437500e-03,1.85406250e-02,1.01600000e-01
5.59787500e-08,2.35000000e-03,1.85390625e-02,1.01600000e-01
5.60187500e-08,2.36875000e-03,1.85421875e-02,1.01600000e-01
5.60587500e-08,2.38437500e-03,1.85468750e-02,1.01600000e-01
5.60987500e-08,2.40000000e-03,1.85562500e-02,1.01600000e-01
5.61387500e-08,2.41250000e-03,1.85671875e-02,1.01600000e-01
5.61787500e-08,2.42500000e-03,1.85796875e-02,1.01600000e-01
5.62187500e-08,2.43437500e-03,1.85921875e-02,1.01600000e-01
5.62587500e-08,2.44062500e-03,1.86046875e-02,1.01600000e-01
5.62987500e-08,2.44062500e-03,1.86140625e-02,1.01600000e-01
5.63387500e-08,2.44062500e-03,1.86218750e-02,1.01600000e-01
5.63787500e-08,2.43750000e-03,1.86250000e-02,1.01600000e-01
5.64187500e-08,2.43437500e-03,1.86250000e-02,1.01600000e-01
5.64587500e-08,2.42812500e-03,1.86218750e-02,1.01600000e-01
5.64987500e-08,2.41875000e-03,1.86140625e-02,1.01600000e-01
5.65387500e-08,2.41250000e-03,1.86015625e-02,1.01600000e-01
5.65787500e-08,2.40312500e-03,1.85859375e-02,1.01600000e-01
5.66187500e-08,2.39375000e-03,1.85687500e-02,1.01600000e-01
5.66587500e-08,2.38437500e-03,1.85484375e-02,1.01600000e-01
5.66987500e-08,2.37812500e-03,1.85281250e-02,1.01600000e-01
5.67387500e-08,2.37187500e-03,1.85078125e-02,1.01600000e-01
5.67787500e-08,2.36875000e-03,1.84875000e-02,1.01600000e-01
5.68187500e-08,2.36562500e-03,1.84703125e-02,1.01600000e-01
5.68587500e-08,2.36250000e-03,1.84562500e-02,1.01600000e-01
5.68987500e-08,2.36250000e-03,1.84453125e-02,1.01600000e-01
5.69387500e-08,2.36250000e-03,1.84375000e-02,1.01600000e-01
5.69787500e-08,2.36562500e-03,1.84343750e-02,1.01600000e-01
5.70187500e-08,2.37187500e-03,1.84343750e-02,1.01600000e-01
5.70587500e-08,2.37500000e-03,1.84390625e-02,1.01600000e-01
5.70987500e-08,2.38125000e-03,1.84468750e-02,1.01600000e-01
5.71387500e-08,2.39062500e-03,1.84562500e-02,1.01600000e-01
5.71787500e-08,2.39687500e-03,1.84671875e-02,1.01600000e-01
5.72187500e-08,2.40312500e-03,1.84781250e-02,1.01600000e-01
5.72587500e-08,2.41250000e-03,1.84875000e-02,1.01600000e-01
5.72987500e-08,2.41875000e-03,1.84968750e-02,1.01600000e-01
5.73387500e-08,2.42187500e-03,1.85015625e-02,1.01600000e-01
5.73787500e-08,2.42812500e-03,1.85015625e-02,1.01600000e-01
5.74187500e-08,2.43125000e-03,1.84984375e-02,1.01600000e-01
5.74587500e-08,2.43125000e-03,1.84890625e-02,1.01600000e-01
5.74987500e-08,2.43125000e-03,1.84734375e-02,1.01600000e-01
5.75387500e-08,2.42812500e-03,1.84546875e-02,1.01600000e-01
5.75787500e-08,2.42187500e-03,1.84296875e-02,1.01600000e-01
5.76187500e-08,2.41250000e-03,1.84000000e-02,1.01600000e-01
5.76587500e-08,2.40312500e-03,1.83687500e-02,1.01600000e-01
5.76987500e-08,2.39062500e-03,1.83343750e-02,1.01600000e-01
5.77387500e-08,2.37812500e-03,1.82984375e-02,1.01600000e-01
5.77787500e-08,2.36250000e-03,1.82625000e-02,1.01600000e-01
5.78187500e-08,2.35000000e-03,1.82281250e-02,1.01600000e-01
5.78587500e-08,2.33750000e-03,1.81984375e-02,1.01600000e-01
5.78987500e-08,2.32500000e-03,1.81703125e-02,1.01600000e-01
5.79387500e-08,2.31562500e-03,1.81500000e-02,1.01600000e-01
5.79787500e-08,2.31250000e-03,1.81343750e-02,1.01600000e-01
5.80187500e-08,2.31562500e-03,1.81250000e-02,1.01600000e-01
5.80587500e-08,2.32500000e-03,1.81218750e-02,1.01600000e-01
5.80987500e-08,2.34062500e-03,1.81281250e-02,1.01600000e-01
5.81387500e-08,2.36562500e-03,1.81390625e-02,1.01600000e-01
5.81787500e-08,2.39687500e-03,1.81562500e-02,1.01600000e-01
5.82187500e-08,2.44062500e-03,1.81796875e-02,1.01600000e-01
5.82587500e-08,2.49062500e-03,1.82078125e-02,1.01600000e-01
5.82987500e-08,2.55000000e-03,1.82390625e-02,1.01600000e-01
5.83387500e-08,2.61562500e-03,1.82718750e-02,1.01600000e-01
5.83787500e-08,2.69062500e-03,1.83062500e-02,1.01600000e-01
5.84187500e-08,2.76562500e-03,1.83406250e-02,1.01600000e-01
5.84587500e-08,2.84687500e-03,1.83734375e-02,1.01600000e-01
5.84987500e-08,2.93125000e-03,1.84031250e-02,1.01600000e-01
5.85387500e-08,3.01250000e-03,1.84296875e-02,1.01600000e-01
5.85787500e-08,3.08750000e-03,1.84531250e-02,1.01600000e-01
5.86187500e-08,3.15937500e-03,1.84703125e-02,1.01600000e-01
5.86587500e-08,3.22500000e-03,1.84843750e-02,1.01600000e-01
5.86987500e-08,3.28125000e-03,1.84921875e-02,1.01600000e-01
5.87387500e-08,3.32500000e-03,1.84968750e-02,1.01600000e-01
5.87787500e-08,3.35937500e-03,1.84968750e-02,1.01600000e-01
5.88187500e-08,3.37812500e-03,1.84921875e-02,1.01600000e-01
5.88587500e-08,3.38750000e-03,1.84859375e-02,1.01600000e-01
5.88987500e-08,3.38125000e-03,1.84765625e-02,1.01600000e-01
5.89387500e-08,3.36562500e-03,1.84656250e-02,1.01600000e-01
5.89787500e-08,3.34062500e-03,1.84546875e-02,1.01600000e-01
5.90187500e-08,3.30937500e-03,1.84437500e-02,1.01600000e-01
5.90587500e-08,3.26875000e-03,1.84328125e-02,1.01600000e-01
5.90987500e-08,3.22812500e-03,1.84234375e-02,1.01600000e-01
5.91387500e-08,3.18437500e-03,1.84156250e-02,1.01600000e-01
5.91787500e-08,3.14375000e-03,1.84093750e-02,1.01600000e-01
5.92187500e-08,3.10625000e-03,1.84062500e-02,1.01600000e-01
5.92587500e-08,3.07500000e-03,1.84046875e-02,1.01600000e-01
5.92987500e-08,3.05312500e-03,1.84031250e-02,1.01600000e-01
5.93387500e-08,3.04062500e-03,1.84046875e-02,1.01600000e-01
5.93787500e-08,3.04062500e-03,1.84078125e-02,1.01600000e-01
5.94187500e-08,3.05000000e-03,1.84109375e-02,1.01600000e-01
5.94587500e-08,3.07187500e-03,1.84140625e-02,1.01600000e-01
5.94987500e-08,3.10937500e-03,1.84156250e-02,1.01600000e-01
5.95387500e-08,3.15312500e-03,1.84187500e-02,1.01600000e-01
5.95787500e-08,3.20625000e-03,1.84203125e-02,1.01600000e-01
5.96187500e-08,3.26875000e-03,1.84203125e-02,1.01600000e-01
5.96587500e-08,3.33750000e-03,1.84187500e-02,1.01600000e-01
5.96987500e-08,3.40937500e-03,1.84156250e-02,1.01600000e-01
5.97387500e-08,3.48125000e-03,1.84109375e-02,1.01600000e-01
5.97787500e-08,3.55312500e-03,1.84046875e-02,1.01600000e-01
5.98187500e-08,3.62187500e-03,1.83984375e-02,1.01600000e-01
5.98587500e-08,3.68750000e-03,1.83906250e-02,1.01600000e-01
5.98987500e-08,3.74687500e-03,1.83828125e-02,1.01600000e-01
5.99387500e-08,3.80000000e-03,1.83765625e-02,1.01600000e-01
5.99787500e-08,3.84375000e-03,1.83687500e-02,1.01600000e-01
6.00187500e-08,3.88437500e-03,1.83625000e-02,1.01600000e-01
6.00587500e-08,3.91875000e-03,1.83578125e-02,1.01600000e-01
6.00987500e-08,3.94375000e-03,1.83531250e-02,1.01600000e-01
6.01387500e-08,3.96562500e-03,1.83515625e-02,1.01600000e-01
6.01787500e-08,3.98437500e-03,1.83500000e-02,1.01600000e-01
6.02187500e-08,4.00312500e-03,1.83515625e-02,1.01600000e-01
6.02587500e-08,4.01875000e-03,1.83531250e-02,1.01600000e-01
6.02987500e-08,4.03437500e-03,1.83562500e-02,1.01600000e-01
6.03387500e-08,4.05000000e-03,1.83593750e-02,1.01600000e-01
6.03787500e-08,4.06875000e-03,1.83640625e-02,1.01600000e-01
6.04187500e-08,4.09062500e-03,1.83671875e-02,1.01600000e-01
6.04587500e-08,4.11562500e-03,1.83687500e-02,1.01600000e-01
6.04987500e-08,4.14375000e-03,1.83703125e-02,1.01600000e-01
6.05387500e-08,4.17187500e-03,1.83687500e-02,1.01600000e-01
6.05787500e-08,4.20625000e-03,1.83656250e-02,1.01600000e-01
6.06187500e-08,4.23750000e-03,1.83593750e-02,1.01600000e-01
6.06587500e-08,4.26875000e-03,1.83515625e-02,1.01600000e-01
6.06987500e-08,4.30000000e-03,1.83406250e-02,1.01600000e-01
6.07387500e-08,4.32812500e-03,1.83265625e-02,1.01600000e-01
6.07787500e-08,4.35312500e-03,1.83109375e-02,1.01600000e-01
6.08187500e-08,4.37187500e-03,1.82937500e-02,1.01600000e-01
6.08587500e-08,4.38750000e-03,1.82750000e-02,1.01600000e-01
6.08987500e-08,4.39687500e-03,1.82546875e-02,1.01600000e-01
6.09387500e-08,4.40000000e-03,1.82359375e-02,1.01600000e-01
6.09787500e-08,4.39687500e-03,1.82156250e-02,1.01600000e-01
6.10187500e-08,4.39375000e-03,1.81984375e-02,1.01600000e-01
6.10587500e-08,4.38437500e-03,1.81812500e-02,1.01600000e-01
6.10987500e-08,4.37187500e-03,1.81671875e-02,1.01600000e-01
6.11387500e-08,4.36250000e-03,1.81578125e-02,1.01600000e-01
6.11787500e-08,4.35000000e-03,1.81500000e-02,1.01600000e-01
6.12187500e-08,4.34375000e-03,1.81453125e-02,1.01600000e-01
6.12587500e-08,4.33750000e-03,1.81453125e-02,1.01600000e-01
6.12987500e-08,4.33750000e-03,1.81484375e-02,1.01600000e-01
6.13387500e-08,4.34375000e-03,1.81546875e-02,1.01600000e-01
6.13787500e-08,4.35312500e-03,1.81640625e-02,1.01600000e-01
6.14187500e-08,4.37187500e-03,1.81750000e-02,1.01600000e-01
6.14587500e-08,4.39375000e-03,1.81875000e-02,1.01600000e-01
6.14987500e-08,4.41875000e-03,1.82015625e-02,1.01600000e-01
6.15387500e-08,4.45000000e-03,1.82140625e-02,1.01600000e-01
6.15787500e-08,4.48125000e-03,1.82265625e-02,1.01600000e-01
6.16187500e-08,4.51250000e-03,1.82375000e-02,1.01600000e-01
6.16587500e-08,4.54375000e-03,1.82453125e-02,1.01600000e-01
6.16987500e-08,4.57187500e-03,1.82484375e-02,1.01600000e-01
6.17387500e-08,4.59375000e-03,1.82500000e-02,1.01600000e-01
6.17787500e-08,4.60625000e-03,1.82453125e-02,1.01600000e-01
6.18187500e-08,4.61562500e-03,1.82375000e-02,1.01600000e-01
6.18587500e-08,4.61250000e-03,1.82250000e-02,1.01600000e-01
6.18987500e-08,4.60312500e-03,1.82062500e-02,1.01600000e-01
6.19387500e-08,4.58437500e-03,1.81843750e-02,1.01600000e-01
6.19787500e-08,4.55937500e-03,1.81593750e-02,1.01600000e-01
6.20187500e-08,4.52812500e-03,1.81296875e-02,1.01600000e-01
6.20587500e-08,4.49062500e-03,1.80968750e-02,1.01600000e-01
6.20987500e-08,4.45000000e-03,1.80640625e-02,1.01600000e-01
6.21387500e-08,4.40937500e-03,1.80281250e-02,1.01600000e-01
6.21787500e-08,4.36875000e-03,1.79921875e-02,1.01600000e-01
6.22187500e-08,4.33125000e-03,1.79562500e-02,1.01600000e-01
6.22587500e-08,4.30000000e-03,1.79218750e-02,1.01600000e-01
6.22987500e-08,4.27812500e-03,1.78890625e-02,1.01600000e-01
6.23387500e-08,4.25937500e-03,1.78578125e-02,1.01600000e-01
6.23787500e-08,4.25312500e-03,1.78296875e-02,1.01600000e-01
6.24187500e-08,4.25625000e-03,1.78031250e-02,1.01600000e-01
6.24587500e-08,4.26562500e-03,1.77812500e-02,1.01600000e-01
6.24987500e-08,4.28437500e-03,1.77640625e-02,1.01600000e-01
6.25387500e-08,4.30625000e-03,1.77484375e-02,1.01600000e-01
6.25787500e-08,4.33437500e-03,1.77359375e-02,1.01600000e-01
6.26187500e-08,4.36250000e-03,1.77281250e-02,1.01600000e-01
6.26587500e-08,4.39062500e-03,1.77234375e-02,1.01600000e-01
6.26987500e-08,4.41562500e-03,1.77218750e-02,1.01600000e-01
6.27387500e-08,4.43437500e-03,1.77218750e-02,1.01600000e-01
6.27787500e-08,4.44375000e-03,1.77250000e-02,1.01600000e-01
6.28187500e-08,4.44375000e-03,1.77296875e-02,1.01600000e-01
6.28587500e-08,4.43437500e-03,1.77375000e-02,1.01600000e-01
6.28987500e-08,4.41250000e-03,1.77468750e-02,1.01600000e-01
6.29387500e-08,4.37812500e-03,1.77562500e-02,1.01600000e-01
6.29787500e-08,4.33437500e-03,1.77687500e-02,1.01600000e-01
6.30187500e-08,4.28125000e-03,1.77812500e-02,1.01600000e-01
6.30587500e-08,4.21875000e-03,1.77968750e-02,1.01600000e-01
6.30987500e-08,4.15312500e-03,1.78109375e-02,1.01600000e-01
6.31387500e-08,4.08750000e-03,1.78265625e-02,1.01600000e-01
6.31787500e-08,4.02500000e-03,1.78421875e-02,1.01600000e-01
6.32187500e-08,3.96562500e-03,1.78593750e-02,1.01600000e-01
6.32587500e-08,3.91250000e-03,1.78750000e-02,1.01600000e-01
6.32987500e-08,3.87187500e-03,1.78906250e-02,1.01600000e-01
6.33387500e-08,3.84687500e-03,1.79046875e-02,1.01600000e-01
6.33787500e-08,3.83437500e-03,1.79171875e-02,1.01600000e-01
6.34187500e-08,3.83750000e-03,1.79281250e-02,1.01600000e-01
6.34587500e-08,3.85937500e-03,1.79359375e-02,1.01600000e-01
6.34987500e-08,3.89375000e-03,1.79421875e-02,1.01600000e-01
6.35387500e-08,3.94062500e-03,1.79453125e-02,1.01600000e-01
6.35787500e-08,4.00000000e-03,1.79437500e-02,1.01600000e-01
6.36187500e-08,4.06875000e-03,1.79390625e-02,1.01600000e-01
6.36587500e-08,4.14062500e-03,1.79312500e-02,1.01600000e-01
6.36987500e-08,4.21562500e-03,1.79187500e-02,1.01600000e-01
6.37387500e-08,4.29062500e-03,1.79015625e-02,1.01600000e-01
6.37787500e-08,4.35937500e-03,1.78828125e-02,1.01600000e-01
6.38187500e-08,4.41562500e-03,1.78593750e-02,1.01600000e-01
6.38587500e-08,4.46562500e-03,1.78328125e-02,1.01600000e-01
6.38987500e-08,4.50000000e-03,1.78062500e-02,1.01600000e-01
6.39387500e-08,4.51875000e-03,1.77765625e-02,1.01600000e-01
6.39787500e-08,4.52500000e-03,1.77468750e-02,1.01600000e-01
6.40187500e-08,4.51562500e-03,1.77187500e-02,1.01600000e-01
6.40587500e-08,4.49062500e-03,1.76906250e-02,1.01600000e-01
6.40987500e-08,4.45625000e-03,1.76656250e-02,1.01600000e-01
6.41387500e-08,4.41562500e-03,1.76437500e-02,1.01600000e-01
6.41787500e-08,4.36875000e-03,1.76265625e-02,1.01600000e-01
6.42187500e-08,4.31875000e-03,1.76125000e-02,1.01600000e-01
6.42587500e-08,4.27500000e-03,1.76046875e-02,1.01600000e-01
6.42987500e-08,4.23437500e-03,1.76015625e-02,1.01600000e-01
6.43387500e-08,4.20312500e-03,1.76031250e-02,1.01600000e-01
6.43787500e-08,4.18437500e-03,1.76093750e-02,1.01600000e-01
6.44187500e-08,4.18125000e-03,1.76218750e-02,1.01600000e-01
6.44587500e-08,4.19062500e-03,1.76375000e-02,1.01600000e-01
6.44987500e-08,4.21875000e-03,1.76562500e-02,1.01600000e-01
6.45387500e-08,4.26562500e-03,1.76796875e-02,1.01600000e-01
6.45787500e-08,4.32187500e-03,1.77031250e-02,1.01600000e-01
6.46187500e-08,4.39375000e-03,1.77281250e-02,1.01600000e-01
6.46587500e-08,4.47500000e-03,1.77531250e-02,1.01600000e-01
6.46987500e-08,4.56250000e-03,1.77765625e-02,1.01600000e-01
6.47387500e-08,4.65312500e-03,1.77984375e-02,1.01600000e-01
6.47787500e-08,4.74062500e-03,1.78171875e-02,1.01600000e-01
6.48187500e-08,4.82500000e-03,1.78343750e-02,1.01600000e-01
6.48587500e-08,4.90000000e-03,1.78453125e-02,1.01600000e-01
6.48987500e-08,4.96250000e-03,1.78531250e-02,1.01600000e-01
6.49387500e-08,5.00937500e-03,1.78578125e-02,1.01600000e-01
6.49787500e-08,5.04062500e-03,1.78578125e-02,1.01600000e-01
6.50187500e-08,5.05312500e-03,1.78531250e-02,1.01600000e-01
6.50587500e-08,5.05000000e-03,1.78453125e-02,1.01600000e-01
6.50987500e-08,5.03125000e-03,1.78359375e-02,1.01600000e-01
6.51387500e-08,4.99687500e-03,1.78234375e-02,1.01600000e-01
6.51787500e-08,4.95000000e-03,1.78093750e-02,1.01600000e-01
6.52187500e-08,4.89687500e-03,1.77953125e-02,1.01600000e-01
6.52587500e-08,4.83750000e-03,1.77796875e-02,1.01600000e-01
6.52987500e-08,4.77812500e-03,1.77656250e-02,1.01600000e-01
6.53387500e-08,4.72500000e-03,1.77531250e-02,1.01600000e-01
6.53787500e-08,4.67500000e-03,1.77406250e-02,1.01600000e-01
6.54187500e-08,4.64062500e-03,1.77312500e-02,1.01600000e-01
6.54587500e-08,4.61875000e-03,1.77234375e-02,1.01600000e-01
6.54987500e-08,4.61250000e-03,1.77171875e-02,1.01600000e-01
6.55387500e-08,4.62500000e-03,1.77125000e-02,1.01600000e-01
6.55787500e-08,4.65937500e-03,1.77093750e-02,1.01600000e-01
6.56187500e-08,4.70937500e-03,1.77078125e-02,1.01600000e-01
6.56587500e-08,4.77500000e-03,1.77062500e-02,1.01600000e-01
6.56987500e-08,4.85625000e-03,1.77046875e-02,1.01600000e-01
6.57387500e-08,4.95312500e-03,1.77031250e-02,1.01600000e-01
6.57787500e-08,5.05625000e-03,1.77000000e-02,1.01600000e-01
6.58187500e-08,5.16250000e-03,1.76968750e-02,1.01600000e-01
6.58587500e-08,5.27187500e-03,1.76921875e-02,1.01600000e-01
6.58987500e-08,5.37500000e-03,1.76859375e-02,1.01600000e-01
6.59387500e-08,5.47500000e-03,1.76781250e-02,1.01600000e-01
6.59787500e-08,5.56250000e-03,1.76687500e-02,1.01600000e-01
6.60187500e-08,5.64062500e-03,1.76593750e-02,1.01600000e-01
6.60587500e-08,5.70000000e-03,1.76484375e-02,1.01600000e-01
6.60987500e-08,5.74375000e-03,1.76375000e-02,1.01600000e-01
6.61387500e-08,5.77187500e-03,1.76281250e-02,1.01600000e-01
6.61787500e-08,5.78437500e-03,1.76203125e-02,1.01600000e-01
6.62187500e-08,5.78125000e-03,1.76140625e-02,1.01600000e-01
6.62587500e-08,5.76250000e-03,1.76093750e-02,1.01600000e-01
6.62987500e-08,5.73437500e-03,1.76093750e-02,1.01600000e-01
6.63387500e-08,5.70000000e-03,1.76109375e-02,1.01600000e-01
6.63787500e-08,5.65937500e-03,1.76171875e-02,1.01600000e-01
6.64187500e-08,5.61875000e-03,1.76281250e-02,1.01600000e-01
6.64587500e-08,5.58125000e-03,1.76421875e-02,1.01600000e-01
6.64987500e-08,5.54687500e-03,1.76593750e-02,1.01600000e-01
6.65387500e-08,5.51875000e-03,1.76781250e-02,1.01600000e-01
6.65787500e-08,5.50000000e-03,1.77000000e-02,1.01600000e-01
6.66187500e-08,5.49375000e-03,1.77234375e-02,1.01600000e-01
6.66587500e-08,5.50000000e-03,1.77484375e-02,1.01600000e-01
6.66987500e-08,5.51875000e-03,1.77718750e-02,1.01600000e-01
6.67387500e-08,5.54687500e-03,1.77937500e-02,1.01600000e-01
6.67787500e-08,5.58750000e-03,1.78140625e-02,1.01600000e-01
6.68187500e-08,5.63437500e-03,1.78328125e-02,1.01600000e-01
6.68587500e-08,5.69062500e-03,1.78468750e-02,1.01600000e-01
6.68987500e-08,5.74687500e-03,1.78562500e-02,1.01600000e-01
6.69387500e-08,5.80937500e-03,1.78625000e-02,1.01600000e-01
6.69787500e-08,5.86875000e-03,1.78656250e-02,1.01600000e-01
6.70187500e-08,5.92500000e-03,1.78640625e-02,1.01600000e-01
6.70587500e-08,5.97500000e-03,1.78593750e-02,1.01600000e-01
6.70987500e-08,6.01875000e-03,1.78515625e-02,1.01600000e-01
6.71387500e-08,6.05312500e-03,1.78421875e-02,1.01600000e-01
6.71787500e-08,6.07812500e-03,1.78328125e-02,1.01600000e-01
6.72187500e-08,6.09062500e-03,1.78218750e-02,1.01600000e-01
6.72587500e-08,6.09687500e-03,1.78109375e-02,1.01600000e-01
6.72987500e-08,6.09062500e-03,1.78031250e-02,1.01600000e-01
6.73387500e-08,6.07812500e-03,1.77968750e-02,1.01600000e-01
6.73787500e-08,6.05937500e-03,1.77921875e-02,1.01600000e-01
6.74187500e-08,6.03437500e-03,1.77921875e-02,1.01600000e-01
6.74587500e-08,6.00312500e-03,1.77953125e-02,1.01600000e-01
6.74987500e-08,5.97187500e-03,1.78000000e-02,1.01600000e-01
6.75387500e-08,5.94062500e-03,1.78078125e-02,1.01600000e-01
6.75787500e-08,5.90937500e-03,1.78171875e-02,1.01600000e-01
6.76187500e-08,5.88125000e-03,1.78281250e-02,1.01600000e-01
6.76587500e-08,5.85937500e-03,1.78390625e-02,1.01600000e-01
6.76987500e-08,5.84062500e-03,1.78484375e-02,1.01600000e-01
6.77387500e-08,5.83125000e-03,1.78562500e-02,1.01600000e-01
6.77787500e-08,5.82500000e-03,1.78609375e-02,1.01600000e-01
6.78187500e-08,5.82500000e-03,1.78609375e-02,1.01600000e-01
6.78587500e-08,5.83437500e-03,1.78546875e-02,1.01600000e-01
6.78987500e-08,5.84687500e-03,1.78437500e-02,1.01600000e-01
6.79387500e-08,5.86562500e-03,1.78265625e-02,1.01600000e-01
6.79787500e-08,5.89062500e-03,1.78031250e-02,1.01600000e-01
6.80187500e-08,5.91875000e-03,1.77734375e-02,1.01600000e-01
6.80587500e-08,5.95000000e-03,1.77375000e-02,1.01600000e-01
6.80987500e-08,5.98125000e-03,1.76984375e-02,1.01600000e-01
6.81387500e-08,6.01875000e-03,1.76546875e-02,1.01600000e-01
6.81787500e-08,6.05312500e-03,1.76093750e-02,1.01600000e-01
6.82187500e-08,6.09062500e-03,1.75625000e-02,1.01600000e-01
6.82587500e-08,6.12500000e-03,1.75171875e-02,1.01600000e-01
6.82987500e-08,6.15937500e-03,1.74750000e-02,1.01600000e-01
6.83387500e-08,6.19062500e-03,1.74359375e-02,1.01600000e-01
6.83787500e-08,6.21875000e-03,1.74015625e-02,1.01600000e-01
6.84187500e-08,6.24687500e-03,1.73750000e-02,1.01600000e-01
6.84587500e-08,6.26875000e-03,1.73562500e-02,1.01600000e-01
6.84987500e-08,6.28750000e-03,1.73453125e-02,1.01600000e-01
6.85387500e-08,6.30312500e-03,1.73437500e-02,1.01600000e-01
6.85787500e-08,6.31250000e-03,1.73484375e-02,1.01600000e-01
6.86187500e-08,6.31562500e-03,1.73625000e-02,1.01600000e-01
6.86587500e-08,6.31562500e-03,1.73828125e-02,1.01600000e-01
6.86987500e-08,6.30937500e-03,1.74093750e-02,1.01600000e-01
6.87387500e-08,6.29687500e-03,1.74406250e-02,1.01600000e-01
6.87787500e-08,6.28125000e-03,1.74734375e-02,1.01600000e-01
6.88187500e-08,6.25625000e-03,1.75093750e-02,1.01600000e-01
6.88587500e-08,6.23125000e-03,1.75437500e-02,1.01600000e-01
6.88987500e-08,6.20000000e-03,1.75781250e-02,1.01600000e-01
6.89387500e-08,6.16875000e-03,1.76078125e-02,1.01600000e-01
6.89787500e-08,6.13437500e-03,1.76343750e-02,1.01600000e-01
6.90187500e-08,6.10000000e-03,1.76546875e-02,1.01600000e-01
6.90587500e-08,6.06875000e-03,1.76703125e-02,1.01600000e-01
6.90987500e-08,6.04062500e-03,1.76796875e-02,1.01600000e-01
6.91387500e-08,6.01875000e-03,1.76828125e-02,1.01600000e-01
6.91787500e-08,6.00625000e-03,1.76796875e-02,1.01600000e-01
6.92187500e-08,6.00000000e-03,1.76718750e-02,1.01600000e-01
6.92587500e-08,6.00312500e-03,1.76593750e-02,1.01600000e-01
6.92987500e-08,6.02187500e-03,1.76437500e-02,1.01600000e-01
6.93387500e-08,6.05000000e-03,1.76265625e-02,1.01600000e-01
6.93787500e-08,6.09062500e-03,1.76078125e-02,1.01600000e-01
6.94187500e-08,6.14375000e-03,1.75890625e-02,1.01600000e-01
6.94587500e-08,6.20937500e-03,1.75718750e-02,1.01600000e-01
6.94987500e-08,6.28437500e-03,1.75562500e-02,1.01600000e-01
6.95387500e-08,6.36875000e-03,1.75437500e-02,1.01600000e-01
6.95787500e-08,6.46250000e-03,1.75359375e-02,1.01600000e-01
6.96187500e-08,6.55937500e-03,1.75312500e-02,1.01600000e-01
6.96587500e-08,6.65937500e-03,1.75296875e-02,1.01600000e-01
6.96987500e-08,6.75937500e-03,1.75312500e-02,1.01600000e-01
6.97387500e-08,6.85937500e-03,1.75359375e-02,1.01600000e-01
6.97787500e-08,6.95625000e-03,1.75421875e-02,1.01600000e-01
6.98187500e-08,7.04375000e-03,1.75500000e-02,1.01600000e-01
6.98587500e-08,7.12500000e-03,1.75578125e-02,1.01600000e-01
6.98987500e-08,7.19687500e-03,1.75640625e-02,1.01600000e-01
6.99387500e-08,7.26250000e-03,1.75687500e-02,1.01600000e-01
6.99787500e-08,7.31562500e-03,1.75703125e-02,1.01600000e-01
7.00187500e-08,7.35937500e-03,1.75671875e-02,1.01600000e-01
7.00587500e-08,7.39687500e-03,1.75609375e-02,1.01600000e-01
7.00987500e-08,7.42500000e-03,1.75484375e-02,1.01600000e-01
7.01387500e-08,7.45000000e-03,1.75312500e-02,1.01600000e-01
7.01787500e-08,7.47187500e-03,1.75078125e-02,1.01600000e-01
7.02187500e-08,7.49062500e-03,1.74796875e-02,1.01600000e-01
7.02587500e-08,7.51250000e-03,1.74484375e-02,1.01600000e-01
7.02987500e-08,7.53750000e-03,1.74125000e-02,1.01600000e-01
7.03387500e-08,7.56562500e-03,1.73734375e-02,1.01600000e-01
7.03787500e-08,7.59687500e-03,1.73343750e-02,1.01600000e-01
7.04187500e-08,7.63750000e-03,1.72937500e-02,1.01600000e-01
7.04587500e-08,7.68750000e-03,1.72562500e-02,1.01600000e-01
7.04987500e-08,7.74062500e-03,1.72187500e-02,1.01600000e-01
7.05387500e-08,7.80312500e-03,1.71859375e-02,1.01600000e-01
7.05787500e-08,7.86875000e-03,1.71578125e-02,1.01600000e-01
7.06187500e-08,7.93750000e-03,1.71343750e-02,1.01600000e-01
7.06587500e-08,8.00937500e-03,1.71171875e-02,1.01600000e-01
7.06987500e-08,8.08125000e-03,1.71078125e-02,1.01600000e-01
7.07387500e-08,8.14687500e-03,1.71046875e-02,1.01600000e-01
7.07787500e-08,8.20937500e-03,1.71078125e-02,1.01600000e-01
7.08187500e-08,8.26250000e-03,1.71171875e-02,1.01600000e-01
7.08587500e-08,8.30625000e-03,1.71343750e-02,1.01600000e-01
7.08987500e-08,8.33750000e-03,1.71546875e-02,1.01600000e-01
7.09387500e-08,8.35937500e-03,1.71812500e-02,1.01600000e-01
7.09787500e-08,8.36562500e-03,1.72109375e-02,1.01600000e-01
7.10187500e-08,8.36250000e-03,1.72437500e-02,1.01600000e-01
7.10587500e-08,8.34687500e-03,1.72781250e-02,1.01600000e-01
7.10987500e-08,8.32187500e-03,1.73109375e-02,1.01600000e-01
7.11387500e-08,8.29062500e-03,1.73453125e-02,1.01600000e-01
7.11787500e-08,8.25312500e-03,1.73765625e-02,1.01600000e-01
7.12187500e-08,8.21562500e-03,1.74046875e-02,1.01600000e-01
7.12587500e-08,8.17500000e-03,1.74296875e-02,1.01600000e-01
7.12987500e-08,8.14062500e-03,1.74500000e-02,1.01600000e-01
7.13387500e-08,8.11250000e-03,1.74656250e-02,1.01600000e-01
7.13787500e-08,8.09375000e-03,1.74765625e-02,1.01600000e-01
7.14187500e-08,8.08750000e-03,1.74812500e-02,1.01600000e-01
7.14587500e-08,8.09062500e-03,1.74828125e-02,1.01600000e-01
7.14987500e-08,8.10937500e-03,1.74781250e-02,1.01600000e-01
7.15387500e-08,8.14062500e-03,1.74703125e-02,1.01600000e-01
7.15787500e-08,8.18437500e-03,1.74578125e-02,1.01600000e-01
7.16187500e-08,8.24062500e-03,1.74421875e-02,1.01600000e-01
7.16587500e-08,8.30625000e-03,1.74234375e-02,1.01600000e-01
7.16987500e-08,8.38125000e-03,1.74031250e-02,1.01600000e-01
7.17387500e-08,8.45937500e-03,1.73828125e-02,1.01600000e-01
7.17787500e-08,8.53750000e-03,1.73609375e-02,1.01600000e-01
7.18187500e-08,8.61250000e-03,1.73390625e-02,1.01600000e-01
7.18587500e-08,8.68437500e-03,1.73187500e-02,1.01600000e-01
7.18987500e-08,8.75000000e-03,1.73000000e-02,1.01600000e-01
7.19387500e-08,8.80312500e-03,1.72828125e-02,1.01600000e-01
7.19787500e-08,8.84375000e-03,1.72687500e-02,1.01600000e-01
7.20187500e-08,8.86875000e-03,1.72562500e-02,1.01600000e-01
7.20587500e-08,8.88125000e-03,1.72468750e-02,1.01600000e-01
7.20987500e-08,8.87812500e-03,1.72390625e-02,1.01600000e-01
7.21387500e-08,8.86250000e-03,1.72328125e-02,1.01600000e-01
7.21787500e-08,8.83437500e-03,1.72296875e-02,1.01600000e-01
7.22187500e-08,8.79375000e-03,1.72281250e-02,1.01600000e-01
7.22587500e-08,8.74687500e-03,1.72265625e-02,1.01600000e-01
7.22987500e-08,8.69375000e-03,1.72250000e-02,1.01600000e-01
7.23387500e-08,8.63750000e-03,1.72250000e-02,1.01600000e-01
7.23787500e-08,8.58437500e-03,1.72234375e-02,1.01600000e-01
7.24187500e-08,8.53125000e-03,1.72203125e-02,1.01600000e-01
7.24587500e-08,8.49062500e-03,1.72171875e-02,1.01600000e-01
7.24987500e-08,8.45625000e-03,1.72125000e-02,1.01600000e-01
7.25387500e-08,8.43125000e-03,1.72062500e-02,1.01600000e-01
7.25787500e-08,8.42187500e-03,1.71968750e-02,1.01600000e-01
7.26187500e-08,8.42500000e-03,1.71875000e-02,1.01600000e-01
7.26587500e-08,8.44062500e-03,1.71765625e-02,1.01600000e-01
7.26987500e-08,8.46875000e-03,1.71640625e-02,1.01600000e-01
7.27387500e-08,8.51250000e-03,1.71515625e-02,1.01600000e-01
7.27787500e-08,8.56562500e-03,1.71390625e-02,1.01600000e-01
7.28187500e-08,8.62812500e-03,1.71265625e-02,1.01600000e-01
7.28587500e-08,8.69687500e-03,1.71156250e-02,1.01600000e-01
7.28987500e-08,8.76875000e-03,1.71062500e-02,1.01600000e-01
7.29387500e-08,8.84375000e-03,1.71000000e-02,1.01600000e-01
7.29787500e-08,8.91875000e-03,1.70953125e-02,1.01600000e-01
7.30187500e-08,8.99062500e-03,1.70937500e-02,1.01600000e-01
7.30587500e-08,9.05625000e-03,1.70968750e-02,1.01600000e-01
7.30987500e-08,9.11875000e-03,1.71015625e-02,1.01600000e-01
7.31387500e-08,9.17187500e-03,1.71109375e-02,1.01600000e-01
7.31787500e-08,9.21562500e-03,1.71218750e-02,1.01600000e-01
7.32187500e-08,9.25312500e-03,1.71359375e-02,1.01600000e-01
7.32587500e-08,9.27812500e-03,1.71500000e-02,1.01600000e-01
7.32987500e-08,9.29375000e-03,1.71671875e-02,1.01600000e-01
7.33387500e-08,9.30312500e-03,1.71828125e-02,1.01600000e-01
7.33787500e-08,9.30312500e-03,1.71984375e-02,1.01600000e-01
7.34187500e-08,9.29687500e-03,1.72125000e-02,1.01600000e-01
7.34587500e-08,9.28437500e-03,1.72234375e-02,1.01600000e-01
7.34987500e-08,9.26562500e-03,1.72296875e-02,1.01600000e-01
7.35387500e-08,9.24375000e-03,1.72343750e-02,1.01600000e-01
7.35787500e-08,9.21875000e-03,1.72328125e-02,1.01600000e-01
7.36187500e-08,9.19062500e-03,1.72265625e-02,1.01600000e-01
7.36587500e-08,9.15937500e-03,1.72156250e-02,1.01600000e-01
7.36987500e-08,9.12812500e-03,1.72000000e-02,1.01600000e-01
7.37387500e-08,9.09687500e-03,1.71796875e-02,1.01600000e-01
7.37787500e-08,9.06562500e-03,1.71562500e-02,1.01600000e-01
7.38187500e-08,9.03437500e-03,1.71281250e-02,1.01600000e-01
7.38587500e-08,9.00625000e-03,1.71000000e-02,1.01600000e-01
7.38987500e-08,8.97812500e-03,1.70687500e-02,1.01600000e-01
7.39387500e-08,8.95000000e-03,1.70390625e-02,1.01600000e-01
7.39787500e-08,8.92500000e-03,1.70093750e-02,1.01600000e-01
7.40187500e-08,8.90312500e-03,1.69828125e-02,1.01600000e-01
7.40587500e-08,8.88437500e-03,1.69593750e-02,1.01600000e-01
7.40987500e-08,8.86875000e-03,1.69390625e-02,1.01600000e-01
7.41387500e-08,8.85937500e-03,1.69250000e-02,1.01600000e-01
7.41787500e-08,8.85000000e-03,1.69156250e-02,1.01600000e-01
7.42187500e-08,8.85000000e-03,1.69109375e-02,1.01600000e-01
7.42587500e-08,8.85312500e-03,1.69125000e-02,1.01600000e-01
7.42987500e-08,8.86250000e-03,1.69203125e-02,1.01600000e-01
7.43387500e-08,8.87812500e-03,1.69312500e-02,1.01600000e-01
7.43787500e-08,8.90000000e-03,1.69468750e-02,1.01600000e-01
7.44187500e-08,8.92812500e-03,1.69656250e-02,1.01600000e-01
7.44587500e-08,8.96250000e-03,1.69859375e-02,1.01600000e-01
7.44987500e-08,9.00000000e-03,1.70078125e-02,1.01600000e-01
7.45387500e-08,9.04375000e-03,1.70296875e-02,1.01600000e-01
7.45787500e-08,9.09062500e-03,1.70484375e-02,1.01600000e-01
7.46187500e-08,9.14062500e-03,1.70656250e-02,1.01600000e-01
7.46587500e-08,9.19375000e-03,1.70796875e-02,1.01600000e-01
7.46987500e-08,9.24687500e-03,1.70875000e-02,1.01600000e-01
7.47387500e-08,9.30000000e-03,1.70921875e-02,1.01600000e-01
7.47787500e-08,9.35312500e-03,1.70906250e-02,1.01600000e-01
7.48187500e-08,9.40625000e-03,1.70828125e-02,1.01600000e-01
7.48587500e-08,9.45625000e-03,1.70703125e-02,1.01600000e-01
7.48987500e-08,9.50625000e-03,1.70515625e-02,1.01600000e-01
7.49387500e-08,9.55000000e-03,1.70281250e-02,1.01600000e-01
7.49787500e-08,9.59375000e-03,1.70015625e-02,1.01600000e-01
7.50187500e-08,9.63750000e-03,1.69703125e-02,1.01600000e-01
7.50587500e-08,9.67812500e-03,1.69375000e-02,1.01600000e-01
7.50987500e-08,9.71875000e-03,1.69015625e-02,1.01600000e-01
7.51387500e-08,9.75937500e-03,1.68671875e-02,1.01600000e-01
7.51787500e-08,9.80000000e-03,1.68328125e-02,1.01600000e-01
7.52187500e-08,9.84062500e-03,1.68000000e-02,1.01600000e-01
7.52587500e-08,9.88437500e-03,1.67687500e-02,1.01600000e-01
7.52987500e-08,9.93125000e-03,1.67406250e-02,1.01600000e-01
7.53387500e-08,9.98125000e-03,1.67171875e-02,1.01600000e-01
7.53787500e-08,1.00343750e-02,1.66984375e-02,1.01600000e-01
7.54187500e-08,1.00906250e-02,1.66828125e-02,1.01600000e-01
7.54587500e-08,1.01500000e-02,1.66718750e-02,1.01600000e-01
7.54987500e-08,1.02093750e-02,1.66671875e-02,1.01600000e-01
7.55387500e-08,1.02750000e-02,1.66656250e-02,1.01600000e-01
7.55787500e-08,1.03406250e-02,1.66687500e-02,1.01600000e-01
7.56187500e-08,1.04062500e-02,1.66765625e-02,1.01600000e-01
7.56587500e-08,1.04687500e-02,1.66875000e-02,1.01600000e-01
7.56987500e-08,1.05343750e-02,1.67031250e-02,1.01600000e-01
7.57387500e-08,1.05937500e-02,1.67203125e-02,1.01600000e-01
7.57787500e-08,1.06500000e-02,1.67406250e-02,1.01600000e-01
7.58187500e-08,1.07031250e-02,1.67640625e-02,1.01600000e-01
7.58587500e-08,1.07500000e-02,1.67875000e-02,1.01600000e-01
7.58987500e-08,1.07906250e-02,1.68125000e-02,1.01600000e-01
7.59387500e-08,1.08281250e-02,1.68390625e-02,1.01600000e-01
7.59787500e-08,1.08562500e-02,1.68640625e-02,1.01600000e-01
7.60187500e-08,1.08781250e-02,1.68906250e-02,1.01600000e-01
7.60587500e-08,1.08968750e-02,1.69156250e-02,1.01600000e-01
7.60987500e-08,1.09093750e-02,1.69406250e-02,1.01600000e-01
7.61387500e-08,1.09156250e-02,1.69640625e-02,1.01600000e-01
7.61787500e-08,1.09156250e-02,1.69843750e-02,1.01600000e-01
7.62187500e-08,1.09156250e-02,1.70046875e-02,1.01600000e-01
7.62587500e-08,1.09093750e-02,1.70218750e-02,1.01600000e-01
7.62987500e-08,1.09031250e-02,1.70359375e-02,1.01600000e-01
7.63387500e-08,1.08937500e-02,1.70468750e-02,1.01600000e-01
7.63787500e-08,1.08812500e-02,1.70546875e-02,1.01600000e-01
7.64187500e-08,1.08718750e-02,1.70578125e-02,1.01600000e-01
7.64587500e-08,1.08593750e-02,1.70593750e-02,1.01600000e-01
7.64987500e-08,1.08468750e-02,1.70562500e-02,1.01600000e-01
7.65387500e-08,1.08343750e-02,1.70484375e-02,1.01600000e-01
7.65787500e-08,1.08250000e-02,1.70390625e-02,1.01600000e-01
7.66187500e-08,1.08125000e-02,1.70250000e-02,1.01600000e-01
7.66587500e-08,1.08000000e-02,1.70093750e-02,1.01600000e-01
7.66987500e-08,1.07906250e-02,1.69906250e-02,1.01600000e-01
7.67387500e-08,1.07781250e-02,1.69687500e-02,1.01600000e-01
7.67787500e-08,1.07687500e-02,1.69468750e-02,1.01600000e-01
7.68187500e-08,1.07593750e-02,1.69234375e-02,1.01600000e-01
7.68587500e-08,1.07500000e-02,1.69000000e-02,1.01600000e-01
7.68987500e-08,1.07406250e-02,1.68765625e-02,1.01600000e-01
7.69387500e-08,1.07343750e-02,1.68531250e-02,1.01600000e-01
7.69787500e-08,1.07281250e-02,1.68328125e-02,1.01600000e-01
7.70187500e-08,1.07250000e-02,1.68125000e-02,1.01600000e-01
7.70587500e-08,1.07218750e-02,1.67937500e-02,1.01600000e-01
7.70987500e-08,1.07218750e-02,1.67781250e-02,1.01600000e-01
7.71387500e-08,1.07250000e-02,1.67625000e-02,1.01600000e-01
7.71787500e-08,1.07312500e-02,1.67500000e-02,1.01600000e-01
7.72187500e-08,1.07437500e-02,1.67390625e-02,1.01600000e-01
7.72587500e-08,1.07562500e-02,1.67296875e-02,1.01600000e-01
7.72987500e-08,1.07750000e-02,1.67203125e-02,1.01600000e-01
7.73387500e-08,1.07968750e-02,1.67125000e-02,1.01600000e-01
7.73787500e-08,1.08218750e-02,1.67046875e-02,1.01600000e-01
7.74187500e-08,1.08531250e-02,1.66968750e-02,1.01600000e-01
7.74587500e-08,1.08875000e-02,1.66875000e-02,1.01600000e-01
7.74987500e-08,1.09250000e-02,1.66765625e-02,1.01600000e-01
7.75387500e-08,1.09687500e-02,1.66656250e-02,1.01600000e-01
7.75787500e-08,1.10156250e-02,1.66531250e-02,1.01600000e-01
7.76187500e-08,1.10656250e-02,1.66390625e-02,1.01600000e-01
7.76587500e-08,1.11218750e-02,1.66234375e-02,1.01600000e-01
7.76987500e-08,1.11781250e-02,1.66078125e-02,1.01600000e-01
7.77387500e-08,1.12406250e-02,1.65906250e-02,1.01600000e-01
7.77787500e-08,1.13062500e-02,1.65734375e-02,1.01600000e-01
7.78187500e-08,1.13750000e-02,1.65562500e-02,1.01600000e-01
7.78587500e-08,1.14468750e-02,1.65406250e-02,1.01600000e-01
7.78987500e-08,1.15187500e-02,1.65250000e-02,1.01600000e-01
7.79387500e-08,1.15937500e-02,1.65109375e-02,1.01600000e-01
7.79787500e-08,1.16687500e-02,1.64984375e-02,1.01600000e-01
7.80187500e-08,1.17468750e-02,1.64890625e-02,1.01600000e-01
7.80587500e-08,1.18218750e-02,1.64812500e-02,1.01600000e-01
7.80987500e-08,1.18937500e-02,1.64765625e-02,1.01600000e-01
7.81387500e-08,1.19625000e-02,1.64718750e-02,1.01600000e-01
7.81787500e-08,1.20281250e-02,1.64703125e-02,1.01600000e-01
7.82187500e-08,1.20843750e-02,1.64703125e-02,1.01600000e-01
7.82587500e-08,1.21375000e-02,1.64703125e-02,1.01600000e-01
7.82987500e-08,1.21781250e-02,1.64703125e-02,1.01600000e-01
7.83387500e-08,1.22093750e-02,1.64687500e-02,1.01600000e-01
7.83787500e-08,1.22312500e-02,1.64671875e-02,1.01600000e-01
7.84187500e-08,1.22375000e-02,1.64640625e-02,1.01600000e-01
7.84587500e-08,1.22343750e-02,1.64578125e-02,1.01600000e-01
7.84987500e-08,1.22156250e-02,1.64500000e-02,1.01600000e-01
7.85387500e-08,1.21875000e-02,1.64375000e-02,1.01600000e-01
7.85787500e-08,1.21437500e-02,1.64234375e-02,1.01600000e-01
7.86187500e-08,1.20875000e-02,1.64062500e-02,1.01600000e-01
7.86587500e-08,1.20250000e-02,1.63875000e-02,1.01600000e-01
7.86987500e-08,1.19500000e-02,1.63656250e-02,1.01600000e-01
7.87387500e-08,1.18687500e-02,1.63421875e-02,1.01600000e-01
7.87787500e-08,1.17843750e-02,1.63187500e-02,1.01600000e-01
7.88187500e-08,1.16937500e-02,1.62968750e-02,1.01600000e-01
7.88587500e-08,1.16062500e-02,1.62750000e-02,1.01600000e-01
7.88987500e-08,1.15187500e-02,1.62562500e-02,1.01600000e-01
7.89387500e-08,1.14343750e-02,1.62406250e-02,1.01600000e-01
7.89787500e-08,1.13562500e-02,1.62296875e-02,1.01600000e-01
7.90187500e-08,1.12843750e-02,1.62234375e-02,1.01600000e-01
7.90587500e-08,1.12250000e-02,1.62218750e-02,1.01600000e-01
7.90987500e-08,1.11718750e-02,1.62265625e-02,1.01600000e-01
7.91387500e-08,1.11281250e-02,1.62359375e-02,1.01600000e-01
7.91787500e-08,1.10937500e-02,1.62500000e-02,1.01600000e-01
7.92187500e-08,1.10718750e-02,1.62703125e-02,1.01600000e-01
7.92587500e-08,1.10562500e-02,1.62937500e-02,1.01600000e-01
7.92987500e-08,1.10468750e-02,1.63203125e-02,1.01600000e-01
7.93387500e-08,1.10406250e-02,1.63484375e-02,1.01600000e-01
7.93787500e-08,1.10406250e-02,1.63765625e-02,1.01600000e-01
7.94187500e-08,1.10406250e-02,1.64062500e-02,1.01600000e-01
7.94587500e-08,1.10375000e-02,1.64328125e-02,1.01600000e-01
7.94987500e-08,1.10343750e-02,1.64562500e-02,1.01600000e-01
7.95387500e-08,1.10250000e-02,1.64765625e-02,1.01600000e-01
7.95787500e-08,1.10093750e-02,1.64906250e-02,1.01600000e-01
7.96187500e-08,1.09843750e-02,1.65015625e-02,1.01600000e-01
7.96587500e-08,1.09562500e-02,1.65046875e-02,1.01600000e-01
7.96987500e-08,1.09156250e-02,1.65046875e-02,1.01600000e-01
7.97387500e-08,1.08718750e-02,1.64968750e-02,1.01600000e-01
7.97787500e-08,1.08187500e-02,1.64843750e-02,1.01600000e-01
7.98187500e-08,1.07593750e-02,1.64687500e-02,1.01600000e-01
7.98587500e-08,1.06968750e-02,1.64484375e-02,1.01600000e-01
7.98987500e-08,1.06312500e-02,1.64250000e-02,1.01600000e-01
7.99387500e-08,1.05687500e-02,1.64015625e-02,1.01600000e-01
7.99787500e-08,1.05093750e-02,1.63781250e-02,1.01600000e-01
8.00187500e-08,1.04531250e-02,1.63546875e-02,1.01600000e-01
8.00587500e-08,1.04031250e-02,1.63328125e-02,1.01600000e-01
8.00987500e-08,1.03656250e-02,1.63140625e-02,1.01600000e-01
8.01387500e-08,1.03375000e-02,1.62984375e-02,1.01600000e-01
8.01787500e-08,1.03218750e-02,1.62859375e-02,1.01600000e-01
8.02187500e-08,1.03218750e-02,1.62781250e-02,1.01600000e-01
8.02587500e-08,1.03343750e-02,1.62750000e-02,1.01600000e-01
8.02987500e-08,1.03625000e-02,1.62750000e-02,1.01600000e-01
8.03387500e-08,1.04000000e-02,1.62796875e-02,1.01600000e-01
8.03787500e-08,1.04531250e-02,1.62859375e-02,1.01600000e-01
8.04187500e-08,1.05125000e-02,1.62953125e-02,1.01600000e-01
8.04587500e-08,1.05843750e-02,1.63062500e-02,1.01600000e-01
8.04987500e-08,1.06593750e-02,1.63156250e-02,1.01600000e-01
8.05387500e-08,1.07375000e-02,1.63265625e-02,1.01600000e-01
8.05787500e-08,1.08187500e-02,1.63343750e-02,1.01600000e-01
8.06187500e-08,1.08968750e-02,1.63406250e-02,1.01600000e-01
8.06587500e-08,1.09687500e-02,1.63453125e-02,1.01600000e-01
8.06987500e-08,1.10343750e-02,1.63453125e-02,1.01600000e-01
8.07387500e-08,1.10906250e-02,1.63437500e-02,1.01600000e-01
8.07787500e-08,1.11343750e-02,1.63375000e-02,1.01600000e-01
8.08187500e-08,1.11656250e-02,1.63296875e-02,1.01600000e-01
8.08587500e-08,1.11843750e-02,1.63187500e-02,1.01600000e-01
8.08987500e-08,1.11906250e-02,1.63062500e-02,1.01600000e-01
8.09387500e-08,1.11812500e-02,1.62937500e-02,1.01600000e-01
8.09787500e-08,1.11593750e-02,1.62796875e-02,1.01600000e-01
8.10187500e-08,1.11250000e-02,1.62656250e-02,1.01600000e-01
8.10587500e-08,1.10781250e-02,1.62546875e-02,1.01600000e-01
8.10987500e-08,1.10250000e-02,1.62437500e-02,1.01600000e-01
8.11387500e-08,1.09656250e-02,1.62375000e-02,1.01600000e-01
8.11787500e-08,1.09000000e-02,1.62328125e-02,1.01600000e-01
8.12187500e-08,1.08312500e-02,1.62312500e-02,1.01600000e-01
8.12587500e-08,1.07625000e-02,1.62343750e-02,1.01600000e-01
8.12987500e-08,1.06937500e-02,1.62406250e-02,1.01600000e-01
8.13387500e-08,1.06312500e-02,1.62484375e-02,1.01600000e-01
8.13787500e-08,1.05750000e-02,1.62593750e-02,1.01600000e-01
8.14187500e-08,1.05250000e-02,1.62718750e-02,1.01600000e-01
8.14587500e-08,1.04843750e-02,1.62859375e-02,1.01600000e-01
8.14987500e-08,1.04500000e-02,1.63000000e-02,1.01600000e-01
8.15387500e-08,1.04281250e-02,1.63140625e-02,1.01600000e-01
8.15787500e-08,1.04125000e-02,1.63250000e-02,1.01600000e-01
8.16187500e-08,1.04062500e-02,1.63343750e-02,1.01600000e-01
8.16587500e-08,1.04093750e-02,1.63421875e-02,1.01600000e-01
8.16987500e-08,1.04156250e-02,1.63453125e-02,1.01600000e-01
8.17387500e-08,1.04281250e-02,1.63453125e-02,1.01600000e-01
8.17787500e-08,1.04437500e-02,1.63421875e-02,1.01600000e-01
8.18187500e-08,1.04625000e-02,1.63359375e-02,1.01600000e-01
8.18587500e-08,1.04812500e-02,1.63265625e-02,1.01600000e-01
8.18987500e-08,1.04968750e-02,1.63140625e-02,1.01600000e-01
8.19387500e-08,1.05125000e-02,1.63000000e-02,1.01600000e-01
8.19787500e-08,1.05218750e-02,1.62843750e-02,1.01600000e-01
8.20187500e-08,1.05250000e-02,1.62687500e-02,1.01600000e-01
8.20587500e-08,1.05250000e-02,1.62546875e-02,1.01600000e-01
8.20987500e-08,1.05156250e-02,1.62421875e-02,1.01600000e-01
8.21387500e-08,1.05000000e-02,1.62296875e-02,1.01600000e-01
8.21787500e-08,1.04812500e-02,1.62203125e-02,1.01600000e-01
8.22187500e-08,1.04562500e-02,1.62156250e-02,1.01600000e-01
8.22587500e-08,1.04281250e-02,1.62109375e-02,1.01600000e-01
8.22987500e-08,1.03968750e-02,1.62109375e-02,1.01600000e-01
8.23387500e-08,1.03625000e-02,1.62140625e-02,1.01600000e-01
8.23787500e-08,1.03312500e-02,1.62171875e-02,1.01600000e-01
8.24187500e-08,1.03031250e-02,1.62234375e-02,1.01600000e-01
8.24587500e-08,1.02781250e-02,1.62296875e-02,1.01600000e-01
8.24987500e-08,1.02625000e-02,1.62343750e-02,1.01600000e-01
8.25387500e-08,1.02531250e-02,1.62390625e-02,1.01600000e-01
8.25787500e-08,1.02500000e-02,1.62406250e-02,1.01600000e-01
8.26187500e-08,1.02593750e-02,1.62406250e-02,1.01600000e-01
8.26587500e-08,1.02781250e-02,1.62343750e-02,1.01600000e-01
8.26987500e-08,1.03093750e-02,1.62250000e-02,1.01600000e-01
8.27387500e-08,1.03500000e-02,1.62093750e-02,1.01600000e-01
8.27787500e-08,1.04000000e-02,1.61890625e-02,1.01600000e-01
8.28187500e-08,1.04593750e-02,1.61640625e-02,1.01600000e-01
8.28587500e-08,1.05218750e-02,1.61328125e-02,1.01600000e-01
8.28987500e-08,1.05937500e-02,1.60984375e-02,1.01600000e-01
8.29387500e-08,1.06656250e-02,1.60593750e-02,1.01600000e-01
8.29787500e-08,1.07375000e-02,1.60187500e-02,1.01600000e-01
8.30187500e-08,1.08062500e-02,1.59765625e-02,1.01600000e-01
8.30587500e-08,1.08718750e-02,1.59328125e-02,1.01600000e-01
8.30987500e-08,1.09312500e-02,1.58906250e-02,1.01600000e-01
8.31387500e-08,1.09812500e-02,1.58515625e-02,1.01600000e-01
8.31787500e-08,1.10187500e-02,1.58140625e-02,1.01600000e-01
8.32187500e-08,1.10468750e-02,1.57828125e-02,1.01600000e-01
8.32587500e-08,1.10625000e-02,1.57562500e-02,1.01600000e-01
8.32987500e-08,1.10625000e-02,1.57343750e-02,1.01600000e-01
8.33387500e-08,1.10500000e-02,1.57203125e-02,1.01600000e-01
8.33787500e-08,1.10250000e-02,1.57109375e-02,1.01600000e-01
8.34187500e-08,1.09906250e-02,1.57093750e-02,1.01600000e-01
8.34587500e-08,1.09437500e-02,1.57125000e-02,1.01600000e-01
8.34987500e-08,1.08906250e-02,1.57218750e-02,1.01600000e-01
8.35387500e-08,1.08312500e-02,1.57343750e-02,1.01600000e-01
8.35787500e-08,1.07656250e-02,1.57515625e-02,1.01600000e-01
8.36187500e-08,1.07000000e-02,1.57703125e-02,1.01600000e-01
8.36587500e-08,1.06312500e-02,1.57921875e-02,1.01600000e-01
8.36987500e-08,1.05687500e-02,1.58125000e-02,1.01600000e-01
8.37387500e-08,1.05062500e-02,1.58328125e-02,1.01600000e-01
8.37787500e-08,1.04531250e-02,1.58515625e-02,1.01600000e-01
8.38187500e-08,1.04062500e-02,1.58671875e-02,1.01600000e-01
8.38587500e-08,1.03656250e-02,1.58796875e-02,1.01600000e-01
8.38987500e-08,1.03343750e-02,1.58890625e-02,1.01600000e-01
8.39387500e-08,1.03125000e-02,1.58937500e-02,1.01600000e-01
8.39787500e-08,1.03000000e-02,1.58953125e-02,1.01600000e-01
8.40187500e-08,1.02937500e-02,1.58921875e-02,1.01600000e-01
8.40587500e-08,1.02937500e-02,1.58859375e-02,1.01600000e-01
8.40987500e-08,1.03000000e-02,1.58781250e-02,1.01600000e-01
8.41387500e-08,1.03125000e-02,1.58656250e-02,1.01600000e-01
8.41787500e-08,1.03281250e-02,1.58531250e-02,1.01600000e-01
8.42187500e-08,1.03437500e-02,1.58390625e-02,1.01600000e-01
8.42587500e-08,1.03656250e-02,1.58250000e-02,1.01600000e-01
8.42987500e-08,1.03843750e-02,1.58125000e-02,1.01600000e-01
8.43387500e-08,1.04031250e-02,1.58000000e-02,1.01600000e-01
8.43787500e-08,1.04187500e-02,1.57890625e-02,1.01600000e-01
8.44187500e-08,1.04343750e-02,1.57796875e-02,1.01600000e-01
8.44587500e-08,1.04468750e-02,1.57734375e-02,1.01600000e-01
8.44987500e-08,1.04593750e-02,1.57703125e-02,1.01600000e-01
8.45387500e-08,1.04656250e-02,1.57703125e-02,1.01600000e-01
8.45787500e-08,1.04718750e-02,1.57718750e-02,1.01600000e-01
8.46187500e-08,1.04750000e-02,1.57750000e-02,1.01600000e-01
8.46587500e-08,1.04750000e-02,1.57812500e-02,1.01600000e-01
8.46987500e-08,1.04750000e-02,1.57875000e-02,1.01600000e-01
8.47387500e-08,1.04750000e-02,1.57968750e-02,1.01600000e-01
8.47787500e-08,1.04718750e-02,1.58046875e-02,1.01600000e-01
8.48187500e-08,1.04687500e-02,1.58140625e-02,1.01600000e-01
8.48587500e-08,1.04656250e-02,1.58218750e-02,1.01600000e-01
8.48987500e-08,1.04593750e-02,1.58281250e-02,1.01600000e-01
8.49387500e-08,1.04531250e-02,1.58328125e-02,1.01600000e-01
8.49787500e-08,1.04437500e-02,1.58375000e-02,1.01600000e-01
8.50187500e-08,1.04343750e-02,1.58375000e-02,1.01600000e-01
8.50587500e-08,1.04218750e-02,1.58375000e-02,1.01600000e-01
8.50987500e-08,1.04062500e-02,1.58328125e-02,1.01600000e-01
8.51387500e-08,1.03843750e-02,1.58281250e-02,1.01600000e-01
8.51787500e-08,1.03625000e-02,1.58187500e-02,1.01600000e-01
8.52187500e-08,1.03343750e-02,1.58093750e-02,1.01600000e-01
8.52587500e-08,1.03000000e-02,1.57968750e-02,1.01600000e-01
8.52987500e-08,1.02625000e-02,1.57843750e-02,1.01600000e-01
8.53387500e-08,1.02218750e-02,1.57703125e-02,1.01600000e-01
8.53787500e-08,1.01750000e-02,1.57578125e-02,1.01600000e-01
8.54187500e-08,1.01250000e-02,1.57437500e-02,1.01600000e-01
8.54587500e-08,1.00718750e-02,1.57312500e-02,1.01600000e-01
8.54987500e-08,1.00156250e-02,1.57203125e-02,1.01600000e-01
8.55387500e-08,9.95625000e-03,1.57125000e-02,1.01600000e-01
8.55787500e-08,9.89687500e-03,1.57062500e-02,1.01600000e-01
8.56187500e-08,9.83437500e-03,1.57015625e-02,1.01600000e-01
8.56587500e-08,9.77500000e-03,1.57015625e-02,1.01600000e-01
8.56987500e-08,9.71562500e-03,1.57046875e-02,1.01600000e-01
8.57387500e-08,9.65625000e-03,1.57109375e-02,1.01600000e-01
8.57787500e-08,9.60000000e-03,1.57203125e-02,1.01600000e-01
8.58187500e-08,9.54687500e-03,1.57343750e-02,1.01600000e-01
8.58587500e-08,9.49375000e-03,1.57484375e-02,1.01600000e-01
8.58987500e-08,9.44375000e-03,1.57671875e-02,1.01600000e-01
8.59387500e-08,9.39687500e-03,1.57859375e-02,1.01600000e-01
8.59787500e-08,9.35000000e-03,1.58062500e-02,1.01600000e-01
8.60187500e-08,9.30625000e-03,1.58265625e-02,1.01600000e-01
8.60587500e-08,9.25937500e-03,1.58453125e-02,1.01600000e-01
8.60987500e-08,9.21562500e-03,1.58640625e-02,1.01600000e-01
8.61387500e-08,9.16875000e-03,1.58796875e-02,1.01600000e-01
8.61787500e-08,9.12187500e-03,1.58921875e-02,1.01600000e-01
8.62187500e-08,9.07500000e-03,1.59000000e-02,1.01600000e-01
8.62587500e-08,9.02500000e-03,1.59046875e-02,1.01600000e-01
8.62987500e-08,8.96875000e-03,1.59031250e-02,1.01600000e-01
8.63387500e-08,8.91562500e-03,1.58984375e-02,1.01600000e-01
8.63787500e-08,8.85625000e-03,1.58875000e-02,1.01600000e-01
8.64187500e-08,8.79687500e-03,1.58703125e-02,1.01600000e-01
8.64587500e-08,8.73437500e-03,1.58500000e-02,1.01600000e-01
8.64987500e-08,8.67187500e-03,1.58250000e-02,1.01600000e-01
8.65387500e-08,8.60937500e-03,1.57968750e-02,1.01600000e-01
8.65787500e-08,8.54687500e-03,1.57656250e-02,1.01600000e-01
8.66187500e-08,8.49062500e-03,1.57328125e-02,1.01600000e-01
8.66587500e-08,8.43437500e-03,1.56984375e-02,1.01600000e-01
8.66987500e-08,8.38125000e-03,1.56656250e-02,1.01600000e-01
8.67387500e-08,8.33750000e-03,1.56343750e-02,1.01600000e-01
8.67787500e-08,8.29687500e-03,1.56062500e-02,1.01600000e-01
8.68187500e-08,8.26562500e-03,1.55812500e-02,1.01600000e-01
8.68587500e-08,8.24062500e-03,1.55609375e-02,1.01600000e-01
8.68987500e-08,8.22187500e-03,1.55453125e-02,1.01600000e-01
8.69387500e-08,8.21250000e-03,1.55343750e-02,1.01600000e-01
8.69787500e-08,8.20937500e-03,1.55296875e-02,1.01600000e-01
8.70187500e-08,8.21250000e-03,1.55312500e-02,1.01600000e-01
8.70587500e-08,8.22187500e-03,1.55359375e-02,1.01600000e-01
8.70987500e-08,8.23437500e-03,1.55468750e-02,1.01600000e-01
8.71387500e-08,8.25000000e-03,1.55609375e-02,1.01600000e-01
8.71787500e-08,8.26562500e-03,1.55781250e-02,1.01600000e-01
8.72187500e-08,8.28125000e-03,1.55953125e-02,1.01600000e-01
8.72587500e-08,8.29375000e-03,1.56156250e-02,1.01600000e-01
8.72987500e-08,8.30000000e-03,1.56328125e-02,1.01600000e-01
8.73387500e-08,8.30312500e-03,1.56500000e-02,1.01600000e-01
8.73787500e-08,8.30000000e-03,1.56640625e-02,1.01600000e-01
8.74187500e-08,8.28437500e-03,1.56750000e-02,1.01600000e-01
8.74587500e-08,8.26250000e-03,1.56812500e-02,1.01600000e-01
8.74987500e-08,8.23125000e-03,1.56828125e-02,1.01600000e-01
8.75387500e-08,8.18750000e-03,1.56796875e-02,1.01600000e-01
8.75787500e-08,8.13750000e-03,1.56718750e-02,1.01600000e-01
8.76187500e-08,8.07812500e-03,1.56593750e-02,1.01600000e-01
8.76587500e-08,8.00937500e-03,1.56421875e-02,1.01600000e-01
8.76987500e-08,7.93750000e-03,1.56218750e-02,1.01600000e-01
8.77387500e-08,7.85937500e-03,1.56000000e-02,1.01600000e-01
8.77787500e-08,7.77812500e-03,1.55750000e-02,1.01600000e-01
8.78187500e-08,7.70000000e-03,1.55500000e-02,1.01600000e-01
8.78587500e-08,7.62187500e-03,1.55265625e-02,1.01600000e-01
8.78987500e-08,7.55000000e-03,1.55046875e-02,1.01600000e-01
8.79387500e-08,7.48437500e-03,1.54859375e-02,1.01600000e-01
8.79787500e-08,7.42812500e-03,1.54703125e-02,1.01600000e-01
8.80187500e-08,7.38125000e-03,1.54593750e-02,1.01600000e-01
8.80587500e-08,7.34687500e-03,1.54531250e-02,1.01600000e-01
8.80987500e-08,7.32500000e-03,1.54515625e-02,1.01600000e-01
8.81387500e-08,7.31875000e-03,1.54562500e-02,1.01600000e-01
8.81787500e-08,7.32187500e-03,1.54656250e-02,1.01600000e-01
8.82187500e-08,7.34062500e-03,1.54781250e-02,1.01600000e-01
8.82587500e-08,7.36875000e-03,1.54953125e-02,1.01600000e-01
8.82987500e-08,7.40625000e-03,1.55140625e-02,1.01600000e-01
8.83387500e-08,7.45312500e-03,1.55359375e-02,1.01600000e-01
8.83787500e-08,7.50625000e-03,1.55578125e-02,1.01600000e-01
8.84187500e-08,7.55937500e-03,1.55796875e-02,1.01600000e-01
8.84587500e-08,7.61562500e-03,1.56000000e-02,1.01600000e-01
8.84987500e-08,7.67187500e-03,1.56171875e-02,1.01600000e-01
8.85387500e-08,7.72187500e-03,1.56328125e-02,1.01600000e-01
8.85787500e-08,7.76562500e-03,1.56421875e-02,1.01600000e-01
8.86187500e-08,7.80312500e-03,1.56484375e-02,1.01600000e-01
8.86587500e-08,7.83125000e-03,1.56484375e-02,1.01600000e-01
8.86987500e-08,7.84687500e-03,1.56453125e-02,1.01600000e-01
8.87387500e-08,7.85312500e-03,1.56359375e-02,1.01600000e-01
8.87787500e-08,7.84687500e-03,1.56218750e-02,1.01600000e-01
8.88187500e-08,7.82812500e-03,1.56031250e-02,1.01600000e-01
8.88587500e-08,7.80312500e-03,1.55828125e-02,1.01600000e-01
8.88987500e-08,7.76562500e-03,1.55578125e-02,1.01600000e-01
8.89387500e-08,7.72187500e-03,1.55328125e-02,1.01600000e-01
8.89787500e-08,7.67187500e-03,1.55046875e-02,1.01600000e-01
8.90187500e-08,7.61562500e-03,1.54781250e-02,1.01600000e-01
8.90587500e-08,7.55937500e-03,1.54515625e-02,1.01600000e-01
8.90987500e-08,7.50312500e-03,1.54281250e-02,1.01600000e-01
8.91387500e-08,7.44687500e-03,1.54062500e-02,1.01600000e-01
8.91787500e-08,7.39375000e-03,1.53875000e-02,1.01600000e-01
8.92187500e-08,7.34062500e-03,1.53718750e-02,1.01600000e-01
8.92587500e-08,7.29687500e-03,1.53593750e-02,1.01600000e-01
8.92987500e-08,7.25625000e-03,1.53515625e-02,1.01600000e-01
8.93387500e-08,7.21875000e-03,1.53484375e-02,1.01600000e-01
8.93787500e-08,7.18750000e-03,1.53468750e-02,1.01600000e-01
8.94187500e-08,7.15937500e-03,1.53484375e-02,1.01600000e-01
8.94587500e-08,7.13437500e-03,1.53531250e-02,1.01600000e-01
8.94987500e-08,7.11250000e-03,1.53609375e-02,1.01600000e-01
8.95387500e-08,7.09375000e-03,1.53687500e-02,1.01600000e-01
8.95787500e-08,7.07187500e-03,1.53781250e-02,1.01600000e-01
8.96187500e-08,7.05000000e-03,1.53890625e-02,1.01600000e-01
8.96587500e-08,7.02500000e-03,1.53984375e-02,1.01600000e-01
8.96987500e-08,6.99687500e-03,1.54062500e-02,1.01600000e-01
8.97387500e-08,6.96562500e-03,1.54140625e-02,1.01600000e-01
8.97787500e-08,6.92812500e-03,1.54218750e-02,1.01600000e-01
8.98187500e-08,6.88750000e-03,1.54265625e-02,1.01600000e-01
8.98587500e-08,6.84062500e-03,1.54296875e-02,1.01600000e-01
8.98987500e-08,6.79062500e-03,1.54296875e-02,1.01600000e-01
8.99387500e-08,6.73750000e-03,1.54296875e-02,1.01600000e-01
8.99787500e-08,6.67812500e-03,1.54281250e-02,1.01600000e-01
9.00187500e-08,6.62187500e-03,1.54234375e-02,1.01600000e-01
9.00587500e-08,6.56250000e-03,1.54187500e-02,1.01600000e-01
9.00987500e-08,6.50312500e-03,1.54140625e-02,1.01600000e-01
9.01387500e-08,6.44687500e-03,1.54078125e-02,1.01600000e-01
9.01787500e-08,6.39375000e-03,1.54000000e-02,1.01600000e-01
9.02187500e-08,6.34687500e-03,1.53937500e-02,1.01600000e-01
9.02587500e-08,6.30312500e-03,1.53859375e-02,1.01600000e-01
9.02987500e-08,6.26562500e-03,1.53796875e-02,1.01600000e-01
9.03387500e-08,6.23750000e-03,1.53734375e-02,1.01600000e-01
9.03787500e-08,6.21562500e-03,1.53671875e-02,1.01600000e-01
9.04187500e-08,6.20312500e-03,1.53609375e-02,1.01600000e-01
9.04587500e-08,6.19687500e-03,1.53546875e-02,1.01600000e-01
9.04987500e-08,6.20000000e-03,1.53500000e-02,1.01600000e-01
9.05387500e-08,6.20625000e-03,1.53453125e-02,1.01600000e-01
9.05787500e-08,6.22187500e-03,1.53406250e-02,1.01600000e-01
9.06187500e-08,6.24062500e-03,1.53359375e-02,1.01600000e-01
9.06587500e-08,6.26562500e-03,1.53312500e-02,1.01600000e-01
9.06987500e-08,6.29062500e-03,1.53265625e-02,1.01600000e-01
9.07387500e-08,6.31875000e-03,1.53234375e-02,1.01600000e-01
9.07787500e-08,6.34687500e-03,1.53187500e-02,1.01600000e-01
9.08187500e-08,6.37812500e-03,1.53140625e-02,1.01600000e-01
9.08587500e-08,6.40312500e-03,1.53093750e-02,1.01600000e-01
9.08987500e-08,6.42812500e-03,1.53062500e-02,1.01600000e-01
9.09387500e-08,6.45000000e-03,1.53015625e-02,1.01600000e-01
9.09787500e-08,6.46562500e-03,1.52984375e-02,1.01600000e-01
9.10187500e-08,6.47812500e-03,1.52953125e-02,1.01600000e-01
9.10587500e-08,6.48437500e-03,1.52921875e-02,1.01600000e-01
9.10987500e-08,6.48437500e-03,1.52906250e-02,1.01600000e-01
9.11387500e-08,6.47812500e-03,1.52906250e-02,1.01600000e-01
9.11787500e-08,6.46562500e-03,1.52890625e-02,1.01600000e-01
9.12187500e-08,6.45000000e-03,1.52890625e-02,1.01600000e-01
9.12587500e-08,6.42500000e-03,1.52906250e-02,1.01600000e-01
9.12987500e-08,6.39687500e-03,1.52906250e-02,1.01600000e-01
9.13387500e-08,6.36250000e-03,1.52921875e-02,1.01600000e-01
9.13787500e-08,6.32500000e-03,1.52937500e-02,1.01600000e-01
9.14187500e-08,6.28437500e-03,1.52937500e-02,1.01600000e-01
9.14587500e-08,6.23750000e-03,1.52937500e-02,1.01600000e-01
9.14987500e-08,6.19062500e-03,1.52937500e-02,1.01600000e-01
9.15387500e-08,6.14375000e-03,1.52921875e-02,1.01600000e-01
9.15787500e-08,6.09375000e-03,1.52890625e-02,1.01600000e-01
9.16187500e-08,6.04375000e-03,1.52859375e-02,1.01600000e-01
9.16587500e-08,5.99375000e-03,1.52796875e-02,1.01600000e-01
9.16987500e-08,5.94375000e-03,1.52734375e-02,1.01600000e-01
9.17387500e-08,5.89687500e-03,1.52656250e-02,1.01600000e-01
9.17787500e-08,5.85312500e-03,1.52578125e-02,1.01600000e-01
9.18187500e-08,5.80937500e-03,1.52484375e-02,1.01600000e-01
9.18587500e-08,5.76562500e-03,1.52390625e-02,1.01600000e-01
9.18987500e-08,5.72500000e-03,1.52296875e-02,1.01600000e-01
9.19387500e-08,5.68750000e-03,1.52203125e-02,1.01600000e-01
9.19787500e-08,5.65000000e-03,1.52109375e-02,1.01600000e-01
9.20187500e-08,5.61250000e-03,1.52031250e-02,1.01600000e-01
9.20587500e-08,5.57500000e-03,1.51968750e-02,1.01600000e-01
9.20987500e-08,5.53750000e-03,1.51906250e-02,1.01600000e-01
9.21387500e-08,5.50000000e-03,1.51875000e-02,1.01600000e-01
9.21787500e-08,5.45937500e-03,1.51859375e-02,1.01600000e-01
9.22187500e-08,5.41875000e-03,1.51859375e-02,1.01600000e-01
9.22587500e-08,5.37500000e-03,1.51875000e-02,1.01600000e-01
9.22987500e-08,5.32812500e-03,1.51906250e-02,1.01600000e-01
9.23387500e-08,5.27812500e-03,1.51953125e-02,1.01600000e-01
9.23787500e-08,5.22812500e-03,1.52000000e-02,1.01600000e-01
9.24187500e-08,5.17500000e-03,1.52062500e-02,1.01600000e-01
9.24587500e-08,5.11875000e-03,1.52109375e-02,1.01600000e-01
9.24987500e-08,5.06250000e-03,1.52156250e-02,1.01600000e-01
9.25387500e-08,5.00625000e-03,1.52171875e-02,1.01600000e-01
9.25787500e-08,4.95312500e-03,1.52187500e-02,1.01600000e-01
9.26187500e-08,4.90000000e-03,1.52171875e-02,1.01600000e-01
9.26587500e-08,4.85000000e-03,1.52140625e-02,1.01600000e-01
9.26987500e-08,4.80312500e-03,1.52078125e-02,1.01600000e-01
9.27387500e-08,4.75937500e-03,1.52000000e-02,1.01600000e-01
9.27787500e-08,4.72500000e-03,1.51890625e-02,1.01600000e-01
9.28187500e-08,4.69375000e-03,1.51750000e-02,1.01600000e-01
9.28587500e-08,4.66875000e-03,1.51593750e-02,1.01600000e-01
9.28987500e-08,4.65000000e-03,1.51421875e-02,1.01600000e-01
9.29387500e-08,4.63750000e-03,1.51234375e-02,1.01600000e-01
9.29787500e-08,4.63437500e-03,1.51046875e-02,1.01600000e-01
9.30187500e-08,4.63437500e-03,1.50859375e-02,1.01600000e-01
9.30587500e-08,4.63750000e-03,1.50671875e-02,1.01600000e-01
9.30987500e-08,4.65000000e-03,1.50500000e-02,1.01600000e-01
9.31387500e-08,4.66250000e-03,1.50343750e-02,1.01600000e-01
9.31787500e-08,4.67812500e-03,1.50203125e-02,1.01600000e-01
9.32187500e-08,4.69375000e-03,1.50093750e-02,1.01600000e-01
9.32587500e-08,4.71250000e-03,1.50000000e-02,1.01600000e-01
9.32987500e-08,4.73125000e-03,1.49937500e-02,1.01600000e-01
9.33387500e-08,4.74687500e-03,1.49890625e-02,1.01600000e-01
9.33787500e-08,4.76250000e-03,1.49859375e-02,1.01600000e-01
9.34187500e-08,4.77500000e-03,1.49859375e-02,1.01600000e-01
9.34587500e-08,4.78437500e-03,1.49859375e-02,1.01600000e-01
9.34987500e-08,4.79375000e-03,1.49875000e-02,1.01600000e-01
9.35387500e-08,4.80000000e-03,1.49890625e-02,1.01600000e-01
9.35787500e-08,4.80312500e-03,1.49906250e-02,1.01600000e-01
9.36187500e-08,4.80312500e-03,1.49921875e-02,1.01600000e-01
9.36587500e-08,4.80000000e-03,1.49921875e-02,1.01600000e-01
9.36987500e-08,4.79687500e-03,1.49906250e-02,1.01600000e-01
9.37387500e-08,4.79375000e-03,1.49890625e-02,1.01600000e-01
9.37787500e-08,4.78437500e-03,1.49843750e-02,1.01600000e-01
9.38187500e-08,4.77812500e-03,1.49796875e-02,1.01600000e-01
9.38587500e-08,4.76562500e-03,1.49734375e-02,1.01600000e-01
9.38987500e-08,4.75000000e-03,1.49687500e-02,1.01600000e-01
9.39387500e-08,4.73437500e-03,1.49625000e-02,1.01600000e-01
9.39787500e-08,4.71250000e-03,1.49562500e-02,1.01600000e-01
9.40187500e-08,4.68750000e-03,1.49515625e-02,1.01600000e-01
9.40587500e-08,4.65937500e-03,1.49484375e-02,1.01600000e-01
9.40987500e-08,4.62187500e-03,1.49468750e-02,1.01600000e-01
9.41387500e-08,4.58125000e-03,1.49484375e-02,1.01600000e-01
9.41787500e-08,4.53125000e-03,1.49515625e-02,1.01600000e-01
9.42187500e-08,4.47812500e-03,1.49578125e-02,1.01600000e-01
9.42587500e-08,4.41562500e-03,1.49671875e-02,1.01600000e-01
9.42987500e-08,4.34687500e-03,1.49781250e-02,1.01600000e-01
9.43387500e-08,4.27500000e-03,1.49906250e-02,1.01600000e-01
9.43787500e-08,4.20000000e-03,1.50046875e-02,1.01600000e-01
9.44187500e-08,4.11875000e-03,1.50187500e-02,1.01600000e-01
9.44587500e-08,4.04062500e-03,1.50328125e-02,1.01600000e-01
9.44987500e-08,3.96250000e-03,1.50453125e-02,1.01600000e-01
9.45387500e-08,3.89062500e-03,1.50562500e-02,1.01600000e-01
9.45787500e-08,3.82500000e-03,1.50640625e-02,1.01600000e-01
9.46187500e-08,3.76875000e-03,1.50687500e-02,1.01600000e-01
9.46587500e-08,3.72500000e-03,1.50703125e-02,1.01600000e-01
9.46987500e-08,3.69375000e-03,1.50656250e-02,1.01600000e-01
9.47387500e-08,3.67812500e-03,1.50593750e-02,1.01600000e-01
9.47787500e-08,3.68125000e-03,1.50468750e-02,1.01600000e-01
9.48187500e-08,3.70000000e-03,1.50312500e-02,1.01600000e-01
9.48587500e-08,3.73750000e-03,1.50125000e-02,1.01600000e-01
9.48987500e-08,3.79375000e-03,1.49921875e-02,1.01600000e-01
9.49387500e-08,3.86250000e-03,1.49687500e-02,1.01600000e-01
9.49787500e-08,3.94687500e-03,1.49468750e-02,1.01600000e-01
9.50187500e-08,4.04375000e-03,1.49250000e-02,1.01600000e-01
9.50587500e-08,4.14687500e-03,1.49062500e-02,1.01600000e-01
9.50987500e-08,4.25625000e-03,1.48890625e-02,1.01600000e-01
9.51387500e-08,4.36562500e-03,1.48765625e-02,1.01600000e-01
9.51787500e-08,4.47187500e-03,1.48703125e-02,1.01600000e-01
9.52187500e-08,4.57187500e-03,1.48671875e-02,1.01600000e-01
9.52587500e-08,4.65937500e-03,1.48718750e-02,1.01600000e-01
9.52987500e-08,4.73437500e-03,1.48812500e-02,1.01600000e-01
9.53387500e-08,4.79062500e-03,1.48953125e-02,1.01600000e-01
9.53787500e-08,4.82812500e-03,1.49140625e-02,1.01600000e-01
9.54187500e-08,4.84687500e-03,1.49359375e-02,1.01600000e-01
9.54587500e-08,4.84062500e-03,1.49609375e-02,1.01600000e-01
9.54987500e-08,4.81562500e-03,1.49875000e-02,1.01600000e-01
9.55387500e-08,4.77187500e-03,1.50125000e-02,1.01600000e-01
9.55787500e-08,4.70937500e-03,1.50359375e-02,1.01600000e-01
9.56187500e-08,4.63125000e-03,1.50562500e-02,1.01603125e-01
9.56587500e-08,4.54062500e-03,1.50718750e-02,1.01603125e-01
9.56987500e-08,4.44062500e-03,1.50812500e-02,1.01603125e-01
9.57387500e-08,4.33750000e-03,1.50843750e-02,1.01603125e-01
9.57787500e-08,4.23437500e-03,1.50796875e-02,1.01603125e-01
9.58187500e-08,4.13125000e-03,1.50687500e-02,1.01603125e-01
9.58587500e-08,4.03750000e-03,1.50484375e-02,1.01600000e-01
9.58987500e-08,3.95312500e-03,1.50218750e-02,1.01600000e-01
9.59387500e-08,3.88125000e-03,1.49875000e-02,1.01600000e-01
9.59787500e-08,3.82187500e-03,1.49484375e-02,1.01600000e-01
9.60187500e-08,3.77812500e-03,1.49046875e-02,1.01600000e-01
9.60587500e-08,3.74687500e-03,1.48593750e-02,1.01600000e-01
9.60987500e-08,3.73437500e-03,1.48109375e-02,1.01600000e-01
9.61387500e-08,3.73125000e-03,1.47656250e-02,1.01600000e-01
9.61787500e-08,3.74062500e-03,1.47203125e-02,1.01600000e-01
9.62187500e-08,3.75937500e-03,1.46796875e-02,1.01600000e-01
9.62587500e-08,3.78125000e-03,1.46437500e-02,1.01600000e-01
9.62987500e-08,3.80937500e-03,1.46140625e-02,1.01600000e-01
9.63387500e-08,3.83437500e-03,1.45906250e-02,1.01600000e-01
9.63787500e-08,3.85312500e-03,1.45750000e-02,1.01600000e-01
9.64187500e-08,3.86875000e-03,1.45656250e-02,1.01600000e-01
9.64587500e-08,3.87500000e-03,1.45640625e-02,1.01600000e-01
9.64987500e-08,3.87187500e-03,1.45703125e-02,1.01600000e-01
9.65387500e-08,3.85625000e-03,1.45796875e-02,1.01603125e-01
9.65787500e-08,3.82812500e-03,1.45953125e-02,1.01603125e-01
9.66187500e-08,3.78750000e-03,1.46140625e-02,1.01603125e-01
9.66587500e-08,3.73750000e-03,1.46343750e-02,1.01603125e-01
9.66987500e-08,3.67812500e-03,1.46546875e-02,1.01603125e-01
9.67387500e-08,3.60937500e-03,1.46750000e-02,1.01603125e-01
9.67787500e-08,3.54062500e-03,1.46937500e-02,1.01603125e-01
9.68187500e-08,3.46562500e-03,1.47093750e-02,1.01603125e-01
9.68587500e-08,3.39375000e-03,1.47218750e-02,1.01603125e-01
9.68987500e-08,3.32812500e-03,1.47296875e-02,1.01600000e-01
9.69387500e-08,3.26562500e-03,1.47328125e-02,1.01600000e-01
9.69787500e-08,3.21250000e-03,1.47312500e-02,1.01600000e-01
9.70187500e-08,3.16875000e-03,1.47265625e-02,1.01600000e-01
9.70587500e-08,3.13750000e-03,1.47156250e-02,1.01600000e-01
9.70987500e-08,3.11562500e-03,1.47031250e-02,1.01600000e-01
9.71387500e-08,3.10312500e-03,1.46875000e-02,1.01600000e-01
9.71787500e-08,3.10312500e-03,1.46703125e-02,1.01600000e-01
9.72187500e-08,3.10937500e-03,1.46515625e-02,1.01600000e-01
9.72587500e-08,3.12500000e-03,1.46328125e-02,1.01600000e-01
9.72987500e-08,3.14375000e-03,1.46140625e-02,1.01600000e-01
9.73387500e-08,3.16250000e-03,1.45984375e-02,1.01600000e-01
9.73787500e-08,3.18125000e-03,1.45843750e-02,1.01600000e-01
9.74187500e-08,3.19687500e-03,1.45718750e-02,1.01600000e-01
9.74587500e-08,3.20625000e-03,1.45609375e-02,1.01603125e-01
9.74987500e-08,3.20937500e-03,1.45531250e-02,1.01603125e-01
9.75387500e-08,3.20312500e-03,1.45484375e-02,1.01603125e-01
9.75787500e-08,3.18437500e-03,1.45437500e-02,1.01603125e-01
9.76187500e-08,3.15625000e-03,1.45406250e-02,1.01603125e-01
9.76587500e-08,3.11875000e-03,1.45390625e-02,1.01603125e-01
9.76987500e-08,3.07187500e-03,1.45375000e-02,1.01603125e-01
9.77387500e-08,3.01562500e-03,1.45343750e-02,1.01603125e-01
9.77787500e-08,2.95312500e-03,1.45312500e-02,1.01603125e-01
9.78187500e-08,2.88437500e-03,1.45250000e-02,1.01603125e-01
9.78587500e-08,2.81250000e-03,1.45187500e-02,1.01603125e-01
9.78987500e-08,2.74062500e-03,1.45093750e-02,1.01603125e-01
9.79387500e-08,2.67187500e-03,1.45000000e-02,1.01600000e-01
9.79787500e-08,2.60625000e-03,1.44875000e-02,1.01600000e-01
9.80187500e-08,2.54375000e-03,1.44734375e-02,1.01600000e-01
9.80587500e-08,2.48750000e-03,1.44593750e-02,1.01600000e-01
9.80987500e-08,2.44062500e-03,1.44437500e-02,1.01600000e-01
9.81387500e-08,2.39687500e-03,1.44296875e-02,1.01600000e-01
9.81787500e-08,2.36250000e-03,1.44171875e-02,1.01600000e-01
9.82187500e-08,2.33437500e-03,1.44062500e-02,1.01600000e-01
9.82587500e-08,2.31250000e-03,1.43968750e-02,1.01600000e-01
9.82987500e-08,2.29375000e-03,1.43906250e-02,1.01600000e-01
9.83387500e-08,2.27812500e-03,1.43890625e-02,1.01600000e-01
9.83787500e-08,2.26250000e-03,1.43890625e-02,1.01600000e-01
9.84187500e-08,2.24687500e-03,1.43937500e-02,1.01603125e-01
9.84587500e-08,2.22812500e-03,1.44015625e-02,1.01603125e-01
9.84987500e-08,2.20937500e-03,1.44125000e-02,1.01603125e-01
9.85387500e-08,2.18125000e-03,1.44250000e-02,1.01603125e-01
9.85787500e-08,2.15312500e-03,1.44406250e-02,1.01603125e-01
9.86187500e-08,2.11562500e-03,1.44578125e-02,1.01603125e-01
9.86587500e-08,2.07500000e-03,1.44750000e-02,1.01603125e-01
9.86987500e-08,2.03125000e-03,1.44906250e-02,1.01603125e-01
9.87387500e-08,1.98125000e-03,1.45062500e-02,1.01603125e-01
9.87787500e-08,1.93125000e-03,1.45203125e-02,1.01603125e-01
9.88187500e-08,1.87812500e-03,1.45328125e-02,1.01603125e-01
9.88587500e-08,1.82812500e-03,1.45421875e-02,1.01603125e-01
9.88987500e-08,1.78125000e-03,1.45484375e-02,1.01603125e-01
9.89387500e-08,1.73750000e-03,1.45515625e-02,1.01600000e-01
9.89787500e-08,1.69687500e-03,1.45515625e-02,1.01600000e-01
9.90187500e-08,1.66562500e-03,1.45484375e-02,1.01600000e-01
9.90587500e-08,1.64062500e-03,1.45437500e-02,1.01600000e-01
9.90987500e-08,1.62187500e-03,1.45359375e-02,1.01600000e-01
9.91387500e-08,1.60937500e-03,1.45281250e-02,1.01600000e-01
9.91787500e-08,1.60312500e-03,1.45187500e-02,1.01600000e-01
9.92187500e-08,1.60312500e-03,1.45078125e-02,1.01600000e-01
9.92587500e-08,1.60625000e-03,1.44984375e-02,1.01600000e-01
9.92987500e-08,1.61562500e-03,1.44906250e-02,1.01600000e-01
9.93387500e-08,1.62500000e-03,1.44828125e-02,1.01600000e-01
9.93787500e-08,1.63437500e-03,1.44765625e-02,1.01600000e-01
9.94187500e-08,1.64062500e-03,1.44718750e-02,1.01603125e-01
9.94587500e-08,1.64687500e-03,1.44671875e-02,1.01603125e-01
9.94987500e-08,1.64687500e-03,1.44656250e-02,1.01603125e-01
9.95387500e-08,1.64687500e-03,1.44640625e-02,1.01603125e-01
9.95787500e-08,1.63750000e-03,1.44640625e-02,1.01603125e-01
9.96187500e-08,1.62500000e-03,1.44640625e-02,1.01603125e-01
9.96587500e-08,1.60937500e-03,1.44656250e-02,1.01606250e-01
9.96987500e-08,1.59062500e-03,1.44640625e-02,1.01603125e-01
9.97387500e-08,1.56562500e-03,1.44640625e-02,1.01603125e-01
9.97787500e-08,1.54375000e-03,1.44609375e-02,1.01603125e-01
9.98187500e-08,1.51875000e-03,1.44578125e-02,1.01603125e-01
9.98587500e-08,1.49687500e-03,1.44531250e-02,1.01603125e-01
9.98987500e-08,1.47812500e-03,1.44468750e-02,1.01603125e-01
9.99387500e-08,1.46250000e-03,1.44390625e-02,1.01600000e-01
9.99787500e-08,1.45312500e-03,1.44312500e-02,1.01600000e-01
1.00018750e-07,1.44687500e-03,1.44234375e-02,1.01600000e-01
1.00058750e-07,1.44687500e-03,1.44140625e-02,1.01600000e-01
1.00098750e-07,1.45312500e-03,1.44062500e-02,1.01600000e-01
1.00138750e-07,1.46562500e-03,1.44000000e-02,1.01600000e-01
1.00178750e-07,1.48437500e-03,1.43937500e-02,1.01600000e-01
1.00218750e-07,1.50312500e-03,1.43906250e-02,1.01600000e-01
1.00258750e-07,1.52500000e-03,1.43890625e-02,1.01600000e-01
1.00298750e-07,1.55000000e-03,1.43906250e-02,1.01600000e-01
1.00338750e-07,1.57187500e-03,1.43953125e-02,1.01600000e-01
1.00378750e-07,1.59062500e-03,1.44000000e-02,1.01603125e-01
1.00418750e-07,1.60625000e-03,1.44078125e-02,1.01603125e-01
1.00458750e-07,1.61562500e-03,1.44171875e-02,1.01603125e-01
1.00498750e-07,1.62187500e-03,1.44281250e-02,1.01603125e-01
1.00538750e-07,1.61875000e-03,1.44390625e-02,1.01606250e-01
1.00578750e-07,1.61250000e-03,1.44484375e-02,1.01606250e-01
1.00618750e-07,1.60000000e-03,1.44562500e-02,1.01606250e-01
1.00658750e-07,1.58125000e-03,1.44609375e-02,1.01606250e-01
1.00698750e-07,1.55937500e-03,1.44640625e-02,1.01606250e-01
1.00738750e-07,1.53437500e-03,1.44625000e-02,1.01606250e-01
1.00778750e-07,1.51250000e-03,1.44578125e-02,1.01606250e-01
1.00818750e-07,1.48750000e-03,1.44484375e-02,1.01603125e-01
1.00858750e-07,1.46875000e-03,1.44343750e-02,1.01603125e-01
1.00898750e-07,1.45312500e-03,1.44156250e-02,1.01603125e-01
1.00938750e-07,1.44375000e-03,1.43937500e-02,1.01600000e-01
1.00978750e-07,1.44375000e-03,1.43671875e-02,1.01600000e-01
1.01018750e-07,1.45000000e-03,1.43406250e-02,1.01600000e-01
1.01058750e-07,1.46250000e-03,1.43109375e-02,1.01600000e-01
1.01098750e-07,1.48125000e-03,1.42828125e-02,1.01596875e-01
1.01138750e-07,1.50625000e-03,1.42546875e-02,1.01596875e-01
1.01178750e-07,1.53750000e-03,1.42296875e-02,1.01596875e-01
1.01218750e-07,1.57187500e-03,1.42078125e-02,1.01596875e-01
1.01258750e-07,1.60625000e-03,1.41906250e-02,1.01600000e-01
1.01298750e-07,1.64062500e-03,1.41781250e-02,1.01600000e-01
1.01338750e-07,1.67187500e-03,1.41703125e-02,1.01600000e-01
1.01378750e-07,1.69375000e-03,1.41687500e-02,1.01603125e-01
1.01418750e-07,1.70937500e-03,1.41734375e-02,1.01603125e-01
1.01458750e-07,1.71562500e-03,1.41828125e-02,1.01606250e-01
1.01498750e-07,1.70937500e-03,1.41968750e-02,1.01606250e-01
1.01538750e-07,1.69062500e-03,1.42156250e-02,1.01606250e-01
1.01578750e-07,1.65937500e-03,1.42359375e-02,1.01609375e-01
1.01618750e-07,1.61562500e-03,1.42593750e-02,1.01609375e-01
1.01658750e-07,1.56250000e-03,1.42812500e-02,1.01609375e-01
1.01698750e-07,1.50000000e-03,1.43015625e-02,1.01609375e-01
1.01738750e-07,1.42812500e-03,1.43203125e-02,1.01609375e-01
1.01778750e-07,1.35000000e-03,1.43343750e-02,1.01606250e-01
1.01818750e-07,1.27187500e-03,1.43437500e-02,1.01606250e-01
1.01858750e-07,1.19375000e-03,1.43468750e-02,1.01603125e-01
1.01898750e-07,1.11875000e-03,1.43453125e-02,1.01603125e-01
1.01938750e-07,1.04687500e-03,1.43343750e-02,1.01600000e-01
1.01978750e-07,9.84375000e-04,1.43187500e-02,1.01600000e-01
